timestamp,ue_id,x,y,area_id,rsrp,rsrq,sinr,cqi,serving_bs,distance
0,1,17.8049486117402,175.650793461212,7,-65.6156115262477,-5.60439347983471,2.37046162217002,4,1,131.821444504772
0,2,189.455812259633,8.17312183418674,1,-86.7198073540707,-6.40000000000033,-21.1695428927953,0,1,147.477663766727
0,3,159.547242802859,34.5565790850847,1,-79.2897479483354,-6.40000000000066,-19.8592908411307,0,1,113.098840203001
0,4,54.3922661429918,10.6161131156704,4,-83.1188617580982,-4.80000000000002,-13.973227937087,0,1,46.0720365079355
0,5,71.0087962538291,80.785667080865,4,-64.3062016643068,-4.80000000000617,2.32057039860629,4,1,44.0610578362431
0,6,117.138180858962,45.3815098605332,2,-72.9325313927392,-6.40000000000053,-13.5020742855345,0,1,71.2819456820523
0,7,56.4601643972696,91.5917148815842,6,-50.4984535331828,-6.43154590326703,13.7320035740218,10,1,48.2063737573232
0,8,153.925514744527,133.263385163767,6,-52.5122282433165,-6.40236568667514,11.7182288638882,9,2,29.1165578698086
0,9,198.558522690351,138.069115225581,8,-79.1263004436313,-6.4,-19.6958433364267,0,2,55.2496709254435
0,10,82.8759870448533,78.4934554018851,4,-68.0152286966835,-4.80000000000649,-1.38845663377045,3,1,49.4465117567719
0,11,155.41049161055,69.9317625991657,1,-82.5254716271214,-6.40000000000149,-21.1695428927953,0,2,83.6208470415373
0,12,139.165500334638,127.763479449518,6,-47.8223128538799,-6.44616283170893,13.8304571072047,10,2,34.1188984170172
0,13,96.4948870501561,30.5785168032867,2,-67.5564956719626,-6.40000000000175,-8.12603856475789,0,1,55.5987277855077
0,14,179.066327334611,107.609729258782,1,-79.9090368756565,-6.400000000002,-20.4785797684519,0,2,56.5158069767788
0,15,184.603226827451,193.956453434315,8,-78.8724139294809,-6.4,-19.4419568222762,0,2,60.6778633885132
0,16,92.9073668427632,134.008537149051,6,-51.0089693871057,-6.41203128010413,13.221487720099,10,2,63.7773129328925
0,17,158.029338406687,114.54496402095,6,-58.1313804971284,-6.41833179929664,6.09907661007627,7,2,43.2871788353648
0,18,55.2055118436906,18.1538128078427,4,-80.2234770832493,-4.80000000000003,-13.5967050203362,0,1,39.9190054013464
0,19,117.039582112804,50.9491982335685,2,-78.6562328099125,-6.40000000000106,-19.2257757027079,0,1,71.045454092053
0,20,54.9415453836249,197.543268838123,3,-67.0241455859242,-5.60636534619228,0.961927562493575,4,2,108.851836024329
0,21,105.451712896603,80.400146886245,6,-49.6525794291045,-6.41113397556754,13.8304571072047,10,1,67.4634078139591
0,22,145.093664188716,30.2908444238823,1,-74.5510515101728,-6.4000000000003,-15.1205944029682,0,1,99.9174948763224
0,23,129.691302967214,181.211188911373,8,-90.6677477556039,-6.40000000000001,-21.1695428927953,0,2,44.0321642487725
0,24,190.11977358531,57.904773900504,1,-88.1439923682135,-6.40000000000104,-21.1695428927953,0,2,103.16674320174
0,25,112.03699545009,95.3881519463836,6,-42.3972597346733,-6.41168050542046,13.8304571072047,10,2,70.5400146178592
0,26,133.396604664761,125.907546366175,6,-47.6779317685591,-6.43412117885565,13.8304571072047,10,2,37.5282434808272
0,27,72.7999472123524,158.092364531011,3,-48.7023596143192,-5.6102247458741,17.5860731484177,12,2,81.1023089321034
0,28,144.911271768318,60.3847176538263,1,-77.924069383475,-6.40000000000117,-18.4936122762704,0,2,92.7849340410411
0,29,139.435738883592,198.405897062671,8,-94.1054258041238,-6.40000000000002,-21.1695428927953,0,2,54.8359780014683
0,30,53.2965185171399,18.1327163989712,4,-77.7183324654711,-4.80000000000003,-11.0915604025581,0,1,39.7321129370468
0,31,141.617042834152,144.889762895684,8,-68.6527370618214,-6.40000000000546,-9.22227995461673,0,2,25.4683822436128
0,32,47.2152451092798,99.3278549061097,6,-55.026551118062,-6.42811963705516,9.20390598914262,8,1,54.7105303341103
0,33,183.49361734499,9.62438564873564,1,-91.2683606805476,-6.40000000000052,-21.1695428927953,0,1,141.431913322605
0,34,124.71419796336,24.6118467780257,2,-66.9752560578544,-6.40000000000073,-7.54479895064968,0,1,82.3348024915988
0,35,154.901875448373,65.8468583476935,1,-77.7654403743958,-6.40000000000179,-18.3349832671912,0,2,87.5101687397786
0,36,13.0372275231884,25.248970491481,4,-90.430745275338,-4.8,-13.973227937087,0,1,50.3101382516896
0,37,86.7158063157312,92.0395882110864,6,-46.5900458163191,-6.40691287778713,13.8304571072047,10,1,60.5609396424131
0,38,36.9258412549757,162.244024902139,7,-51.1439087205331,-5.61315893961215,16.8421644278846,12,1,115.420556025009
0,39,58.8344302940277,104.410101908257,6,-44.9851428464921,-6.420984876156,13.8304571072047,10,1,59.9229200580793
0,40,84.5112016459559,175.484477032514,3,-57.0742851399689,-5.61183707441388,10.9117880084489,9,2,74.0978493579766
0,41,181.237362652155,186.860735931166,8,-80.9239855013253,-6.4,-21.1695428927953,0,2,53.7283600982704
0,42,126.46809921723,21.2103917104938,2,-69.3774155145742,-6.4000000000006,-9.94695840736951,0,1,85.0203607576401
0,43,76.7862859124167,41.3964722168721,4,-77.3674078091061,-4.8000000000019,-10.740635746193,0,1,36.6575476988953
0,44,65.4392761092793,128.754876488935,6,-49.6481321808163,-6.40978126337296,13.8304571072047,10,1,83.6238710989036
0,45,50.5202957116367,189.468279070547,3,-62.4482593005505,-5.60283928641417,5.53781384786726,6,2,109.572837045003
0,46,91.9251540183793,121.807277896091,6,-42,-6.41081226239092,13.8304571072047,10,2,68.7005627008776
0,47,189.051336226285,71.9683390992305,1,-78.1616098320948,-6.4000000000003,-18.7311527248901,0,2,90.3670125875092
0,48,132.634769261839,66.4662814311707,1,-67.5940789014109,-6.40000000000125,-8.16362179420618,0,1,87.475102258459
0,49,65.3679524390814,174.111209781414,3,-63.5218085533983,-5.60870151611402,4.46426459501943,6,2,91.0833898769524
0,50,117.432632293034,12.9976021769294,5,-74.2806094658567,-6.40000000000043,-14.850152358652,0,1,80.4275285124706
0,51,134.211326191309,26.3913226588457,1,-80.2127393113105,-6.40000000000054,-20.7822822041058,0,1,90.5602954097308
0,52,176.593543144863,188.429227304226,8,-78.6017455872583,-6.40000000000001,-19.1712884800536,0,2,52.3093877635509
0,53,105.093386528249,146.719693844519,8,-79.7737060893614,-6.40000000000206,-20.3432489821568,0,2,50.7899039374456
0,54,109.209278454514,4.16260861720836,5,-84.9986230074944,-6.4000000000005,-21.1695428927953,0,1,78.4796477048884
0,55,199.768826821124,36.5032990777733,1,-88.3506687446252,-6.40000000000092,-21.1695428927953,0,2,126.137572687048
0,56,42.3877617414101,15.7817935136329,4,-81.7793691000151,-4.80000000000002,-13.973227937087,0,1,42.2028651450253
0,57,153.988578322584,122.973401848047,6,-50.213035505265,-6.41272518567676,13.8304571072047,10,2,36.0360342532658
0,58,32.4794223290095,98.3750007076388,6,-54.2952991555064,-6.42713140048444,9.93515795169831,8,1,56.5628971622677
0,59,53.1739301400298,25.9493561130384,4,-64.8946360490914,-4.8,1.73213601382167,4,1,33.7750988734486
0,60,30.4082978841446,170.444741554055,7,-58.6515229447898,-5.6046647114744,9.33455020362796,8,2,123.581603291831
0,61,17.2170054971881,167.610177841308,7,-63.7334479320033,-5.60420830378609,4.25262521641445,5,1,124.33474438159
0,62,176.346496652269,120.583974904153,6,-59.0163703475117,-6.40254616143836,5.21408675969293,6,2,45.9531328451883
0,63,114.54140434777,105.867362740922,6,-44.3016890419629,-6.41403356116822,13.8304571072047,10,2,61.2964246679179
0,64,135.310597583096,152.688108017155,8,-66.5138614616187,-6.40000000000168,-7.08340435441406,0,2,27.8433918206394
0,65,145.820120477253,169.599991450364,8,-75.5868947619523,-6.40000000000009,-16.1564376547476,0,2,30.8849649130286
0,66,107.775619335097,87.7396581361377,6,-53.7149541143431,-6.40922020117639,10.5155029928615,9,1,72.9009875501459
0,67,193.987106996336,88.054792858138,1,-63.1265888468098,-6.40000000000017,-3.69613173960508,2,2,79.5256202098124
0,68,44.15858824066,149.100226151292,3,-63.1563859793457,-5.61091120491827,4.82968716907206,6,1,102.015816982365
0,69,75.521579570552,67.434237797525,4,-67.1661472816803,-4.80000000001288,-0.539375218767251,3,1,38.827228478951
0,70,12.0147979666118,75.8498522584481,4,-71.0357700938813,-4.8,-4.40899803096822,2,1,51.6075618034888
0,71,116.72703055913,53.4005561269156,2,-78.8470792825844,-6.40000000000118,-19.4166221753797,0,1,70.8259160845191
0,72,153.185038483585,139.392738465499,8,-67.5824787832433,-6.40000000000022,-8.15202167603866,0,2,25.9790005081646
0,73,103.596107235127,161.531466879458,8,-71.6047654666835,-6.40000000000031,-12.1743083594789,0,2,53.2780066455747
0,74,109.275260043886,83.0013202761647,6,-53.6932250365718,-6.41013384112841,10.5372320706329,9,1,71.7975876561345
0,75,78.1863388070715,158.197077682968,3,-49.8087481700147,-5.61172732854321,17.5860731484177,12,2,76.0042368323854
0,76,161.790407555245,163.038870141239,8,-67.3592964167417,-6.40000000000001,-7.92883930953703,0,2,29.3475015099905
0,77,164.729530312418,78.572250256951,1,-85.2222383311201,-6.40000000000186,-21.1695428927953,0,2,76.6233156198561
0,78,28.6746142272018,110.526956890099,6,-57.8374243399256,-6.4192121272106,6.39303276727906,7,1,68.3413095333602
0,79,54.6240950383151,67.073461476534,4,-63.9625718111219,-4.80000000002996,2.6642002517911,5,1,29.4131831278776
0,80,104.062964763822,40.1896130590518,2,-76.6710082609902,-6.40000000000102,-17.2405511537856,0,1,59.7603367710175
0,81,136.365968470884,97.8032884399701,6,-55.3259001624666,-6.42244777477699,8.90455694473806,8,2,58.844145957078
0,82,198.746685033487,136.996643505328,8,-80.3880931207249,-6.4,-20.9576360135203,0,2,55.6558764361997
0,83,144.180899594046,146.026171691627,8,-70.3494728934684,-6.40000000000486,-10.9190157862637,0,2,24.5337164114816
0,84,41.7849752020378,134.170389484384,6,-56.5165326192945,-6.41760561955342,7.71392448791022,7,1,87.7746609129538
0,85,0.471919299341184,164.571265168647,7,-66.5031102386147,-5.61136481004961,1.48296290980309,4,1,127.011241944308
0,86,154.284183763933,79.3651640124541,1,-80.8387705321173,-6.40000000000134,-21.1695428927953,0,2,74.5646315991077
0,87,180.670103612472,86.1672350978418,1,-59.9644181958568,-6.40000000000033,-0.53396108865211,3,2,74.6158638002266
0,88,101.181409398835,93.8833442601811,6,-48.4173178454042,-6.40874567747555,13.8304571072047,10,1,71.3970207467284
0,89,24.0782720192362,126.868530773688,7,-57.4116881084614,-5.62194446710533,10.5743850399563,9,1,84.4568351574584
0,90,137.966369912266,49.2722453504273,1,-78.4375774489626,-6.40000000000054,-19.0071203417579,0,1,91.0541699340098
0,91,106.420125409673,164.512546436419,8,-76.8221030689703,-6.40000000000056,-17.3916459617656,0,2,51.5952466161161
0,92,110.22614160021,9.14261311703414,5,-86.7824161582421,-6.40000000000053,-21.1695428927953,0,1,76.4772135668717
0,93,97.2236758493296,169.004915579018,8,-77.1707469542132,-6.40000000000042,-17.7402898470085,0,2,60.817573176034
0,94,96.3373897884053,65.2657076041436,4,-69.6576114223506,-4.80000000000283,-3.03083935943755,2,1,54.1520592503906
0,95,194.067337164228,134.260756552247,8,-73.6373557345966,-6.4,-14.206898627392,0,2,52.3631930754165
0,96,56.5119017591404,182.324861354364,3,-62.1279683961355,-5.60842536186582,5.85810475228221,6,2,101.671879958381
0,97,94.9662273354351,95.0829802204548,6,-46.1754122487592,-6.40852528433599,13.8304571072047,10,1,67.8725769831966
0,98,170.08657886344,40.9151556767722,1,-71.3322464427039,-6.40000000000066,-11.9017893354992,0,2,113.380879831919
0,99,109.195790836528,151.91347268342,8,-72.3071203669894,-6.40000000000208,-12.8766632597847,0,2,47.1263712072825
0,100,36.5369155482093,21.4853540396865,4,-81.3256618823979,-4.8,-13.973227937087,0,1,39.3267043775355
0.5,1,17.931091720805,175.607554839012,7,-65.054251037403,-5.60865229369998,2.93182211101478,5,1,131.749469489842
0.5,2,189.291539085879,9.35909042585934,1,-83.3786777292164,-6.40000000000044,-21.1695428927953,0,1,146.990021402564
0.5,3,159.089056644912,34.2813695514976,1,-78.9006744177009,-6.40000000000031,-19.4702173104962,0,1,112.693156947765
0.5,4,54.4478057535834,10.1971877377449,4,-61.7952313571677,-4.8,4.83154070574538,6,1,46.4359434060075
0.5,5,69.7290528558802,81.547748883878,4,-61.8433619673167,-4.80000000000476,4.78341009559638,6,1,44.0084762998032
0.5,6,116.742600906646,44.2849193086617,2,-82.2700590769513,-6.40000000000094,-21.1695428927953,0,1,70.9893437291283
0.5,7,57.0336788169837,91.149270226037,6,-48.5362483689564,-6.42518321533,13.8304571072047,10,1,47.9060025240668
0.5,8,152.575236954968,133.570141720953,6,-52.0805732333365,-6.42697337203875,12.1498838738682,9,2,28.7892703701187
0.5,9,198.373159643039,139.241245802922,8,-79.7821752948263,-6.40000000000001,-20.3517181876216,0,2,54.8449028235451
0.5,10,82.7382009388106,79.3599745155928,4,-62.1892122405173,-4.80000000000401,4.43755982239574,6,1,49.8602838365989
0.5,11,155.290199775479,69.1486853628408,1,-80.4135028946726,-6.40000000000131,-20.9830457874679,0,2,84.3633290726569
0.5,12,140.093588901002,127.470495752828,6,-52.1347805400572,-6.44765541219897,12.0956765671474,9,2,34.0288927602075
0.5,13,96.0724790069855,29.8514038875206,2,-64.6779236755476,-6.40000000000087,-5.24746656834296,1,1,55.505758684599
0.5,14,178.978036289411,107.069768192301,1,-71.068482419247,-6.40000000000026,-11.6380253120423,0,2,56.8768968057611
0.5,15,184.496714880969,194.995878683937,8,-91.3887673307177,-6.4,-21.1695428927953,0,2,61.3750962208484
0.5,16,92.9976236817067,135.066680282784,6,-48.0777849898457,-6.40995300638246,13.8304571072047,10,2,63.4391436237039
0.5,17,157.044758949084,113.58116723766,6,-55.7879158448062,-6.44571885469074,8.44254126239847,8,2,43.9113881404581
0.5,18,56.2707172951176,18.6155457280556,4,-76.3296472953627,-4.80000000000001,-9.70287523244967,0,1,39.705866888195
0.5,19,117.300502551004,51.5461533650486,2,-83.9562227299641,-6.40000000000107,-21.1695428927953,0,1,71.3021614949083
0.5,20,54.5519956695109,197.748073690918,3,-61.1379279615709,-5.6024168346817,6.84814518684687,7,2,109.281517521795
0.5,21,104.535187035448,79.3984223939844,2,-53.1870037877079,-6.40000000000141,6.24345331949682,7,1,66.2616319165654
0.5,22,144.820826311472,30.7980091496313,1,-74.9143087968049,-6.40000000000076,-15.4838516896002,0,1,99.5588045077279
0.5,23,129.323981571519,181.304560187235,8,-78.1012639048572,-6.4,-18.6708067976525,0,2,44.2687612947452
0.5,24,189.385664695355,56.6904543128803,1,-73.8159833068437,-6.40000000000052,-14.3855261996391,0,2,103.971880332288
0.5,25,111.618429995956,95.134097584612,6,-45.9235627323719,-6.41135414717678,13.8304571072047,10,2,70.9623996481957
0.5,26,134.14063495692,125.232431200606,6,-53.3286745593736,-6.4321237105829,10.9017825478311,9,2,37.6457424392504
0.5,27,72.0451161851732,157.865884944956,3,-59.3644109183953,-5.60851270147284,8.62166223002242,8,2,81.7990590199572
0.5,28,145.263366779274,61.8422642210017,1,-83.4571556451142,-6.40000000000228,-21.1695428927953,0,2,91.3590284096069
0.5,29,140.035604933019,199.393197923109,8,-96.9073706417192,-6.40000000000001,-21.1695428927953,0,2,55.5988054738793
0.5,30,53.5269185307757,18.4568981614559,4,-77.2106115681409,-4.80000000000001,-10.5838395052278,0,1,39.4924857146203
0.5,31,141.711927993239,144.802961435333,8,-70.9471144241593,-6.40000000000581,-11.5166573169546,0,2,25.4548884780879
0.5,32,46.8341900943396,98.5571126563116,6,-54.7712770060991,-6.4124341342408,9.4591801011056,8,1,54.0376307944428
0.5,33,182.436086496122,9.3531074842287,1,-88.0238274769485,-6.40000000000035,-21.1695428927953,0,1,140.512408269152
0.5,34,124.982775669331,26.0416652673688,2,-78.7559365766223,-6.40000000000099,-19.3254794694176,0,1,82.150279672306
0.5,35,155.428782788828,66.0536120655351,1,-81.4022328562316,-6.40000000000086,-21.1695428927953,0,2,87.3425310476628
0.5,36,13.1255634762678,24.3796554758014,4,-110.003228114368,-4.80000000000001,-13.973227937087,0,1,50.6791487939703
0.5,37,85.9703795194321,91.8146722003453,6,-44.8700019433553,-6.41375303257712,13.8304571072047,10,1,59.9548581350528
0.5,38,37.1368295173399,161.698832015351,7,-56.4385048361594,-5.60999711827491,11.5475683122583,9,1,114.866619295858
0.5,39,59.6020392752329,105.376088710634,6,-52.4043766162781,-6.41642034106347,11.8260804909266,9,1,60.9176522785568
0.5,40,84.1034446108576,175.432448252359,3,-59.2363790532305,-5.61000763546571,8.74969409518724,8,2,74.4406840125963
0.5,41,182.260811268834,186.820022126348,8,-91.5312642204783,-6.4,-21.1695428927953,0,2,54.3021544057704
0.5,42,126.744409198017,22.2576780530607,2,-80.5301076326685,-6.40000000000226,-21.0996505254639,0,1,84.9210855451123
0.5,43,76.7868384185406,41.3924168928404,4,-71.4739038264881,-4.80000000000489,-4.84713176357502,1,1,36.658903412509
0.5,44,64.0834778642449,128.708564834485,6,-52.6401270613922,-6.41473769575523,11.5903300458124,9,1,83.3404615241416
0.5,45,50.4531701506525,189.299730965754,3,-56.540078705695,-5.60146637742765,11.4459944427227,9,2,109.573218384036
0.5,46,91.1682531385313,121.552646971178,6,-51.4354145676734,-6.40934475646566,12.7950425395312,10,2,69.4454918127761
0.5,47,188.325183781456,72.0493328039943,1,-75.3241700011456,-6.40000000000021,-15.8937128939409,0,2,89.9854223093099
0.5,48,132.349679118966,67.8935553966814,1,-72.8333098099268,-6.40000000000163,-13.4028527027221,0,2,87.2080963706998
0.5,49,65.785589751349,173.533176905694,3,-57.1600621236982,-5.60907950655971,10.8260110247195,9,2,90.5435105836016
0.5,50,117.772839845742,13.7422374435073,5,-85.2425308212843,-6.40000000000064,-21.1695428927953,0,1,80.3743315142316
0.5,51,135.488038922033,26.7163889022075,1,-79.1058730040544,-6.4000000000006,-19.6754158968497,0,1,91.6655952060986
0.5,52,176.838601863039,188.514852749935,8,-94.6520632508015,-6.40000000000001,-21.1695428927953,0,2,52.4971849941681
0.5,53,105.176699540761,147.318676945318,8,-67.926006556998,-6.40000000000266,-8.49554944979334,0,2,50.681039426819
0.5,54,108.863024328022,3.56855142971427,5,-84.1012955644534,-6.40000000000112,-21.1695428927953,0,1,78.5683463576544
0.5,55,198.965713760674,37.154198069747,1,-88.8698017842208,-6.40000000000124,-21.1695428927953,0,2,125.236041686785
0.5,56,42.0504329124646,15.3786425770984,4,-81.1840575497325,-4.80000000000002,-13.973227937087,0,1,42.5920650671405
0.5,57,153.764888740236,122.918077837515,6,-50.2895779818426,-6.46366058699179,13.8304571072047,10,2,36.0535004575319
0.5,58,31.7712689825533,97.1061193503415,6,-54.3750215048198,-6.41529306218284,9.85543560238485,8,1,55.7092731486872
0.5,59,53.8996103796186,26.4118548756863,4,-70.5908367268284,-4.8,-3.96406466391538,2,1,33.5239847201748
0.5,60,30.7883484208316,170.414858653762,7,-60.9425233210737,-5.60442368992838,7.04354982734408,7,2,123.208905222334
0.5,61,17.5694074441296,168.101337262538,7,-65.3288942158598,-5.60703223062759,2.65717893255797,5,1,124.707334173755
0.5,62,176.002439710581,121.898643392896,6,-65.4051268367734,-6.43484349998619,-1.17466972956876,3,2,44.9228573675141
0.5,63,114.052109111986,105.344917838483,6,-46.216953189657,-6.41351759315195,13.8304571072047,10,2,61.9562524863182
0.5,64,134.940791982957,153.815013868827,8,-66.5266120446786,-6.40000000000104,-7.09615493747397,0,2,28.1706243615567
0.5,65,147.073565878031,170.399206692236,8,-86.8674031471438,-6.40000000000002,-21.1695428927953,0,2,31.2560658167782
0.5,66,106.6889598126,87.7573432820787,6,-45.6259692613754,-6.40984949885084,13.8304571072047,10,1,72.0521001522881
0.5,67,194.039511192043,88.1050231351815,1,-74.551485218622,-6.40000000000101,-15.1210281114174,0,2,79.5155123679053
0.5,68,44.5029081591229,149.453817462689,3,-62.4994863025509,-5.61255581694528,5.48658684586684,6,1,102.340264933255
0.5,69,75.7829256720295,66.7949616977937,4,-68.2566658037838,-4.8000000000044,-1.6298937408708,3,1,38.7179544222026
0.5,70,12.5760172625579,75.3058179474958,4,-85.0255243436047,-4.8,-13.973227937087,0,1,50.9233630657301
0.5,71,117.834420700223,54.2595880401697,2,-79.9181027411025,-6.40000000000122,-20.4876456338979,0,1,71.9159420574246
0.5,72,152.992930748714,139.148828204332,8,-74.8336874838977,-6.4000000000002,-15.403230376693,0,2,26.0567757753274
0.5,73,102.496978992393,160.63040580208,8,-67.522087682823,-6.40000000000055,-8.09163057561829,0,2,54.0536079495723
0.5,74,109.012603776693,83.4727268427812,6,-48.1103037983974,-6.4096820182487,13.8304571072047,10,1,71.7994487917306
0.5,75,79.3880233570417,158.710324277073,3,-55.8221937952654,-5.61076845981348,12.1638793531523,9,2,74.9277718502123
0.5,76,161.974915043949,162.968567715855,8,-62.0733107657237,-6.4,-2.64285365851905,2,2,29.3910248019783
0.5,77,165.819098712602,78.7196926399184,1,-71.3726770044025,-6.40000000000114,-11.9422198971978,0,2,76.7031687834782
0.5,78,28.9142350638008,110.657344077972,6,-66.1896009117286,-6.41076738619622,-1.95914380452393,3,1,68.3825480187605
0.5,79,53.7025672557238,67.1131838475128,4,-72.7385551444673,-4.80000000000703,-6.1117830815543,1,1,29.3056319788864
0.5,80,104.179161870448,40.0343529874475,2,-70.9358746153478,-6.40000000000176,-11.5054175081432,0,1,59.8911153791861
0.5,81,135.357067900941,97.0546170720628,6,-51.1155131877857,-6.41791982812842,13.114943919419,10,2,59.7484646986311
0.5,82,198.808115602891,136.204232209668,8,-77.8045941214734,-6.40000000000001,-18.3741370142688,0,2,55.8999584761024
0.5,83,143.003257327617,146.503763736325,8,-71.0703744676758,-6.40000000000242,-11.6399173604712,0,2,24.7674802116602
0.5,84,41.7648454091052,133.510360774848,6,-54.3359826806196,-6.41798897488015,9.89447442658508,8,1,87.1438358570543
0.5,85,0.102990266728979,164.918615376826,7,-60.8048650568722,-5.61375855076329,7.18120809154559,7,1,127.46862257218
0.5,86,154.154177197642,78.9877101656941,1,-69.322711917711,-6.40000000000135,-9.89225481050633,0,2,74.9149684355595
0.5,87,179.627970818564,86.7876658090177,1,-76.7707549031967,-6.40000000000034,-17.340297795992,0,2,73.6604768427284
0.5,88,101.654119773914,92.795939612853,6,-48.8135581883975,-6.41020167049843,13.8304571072047,10,1,71.076652544734
0.5,89,23.5209661140935,126.677705111307,7,-55.8438664715755,-5.61202416038204,12.1422066768423,9,1,84.4562590733665
0.5,90,138.118482814136,49.7516845967783,1,-83.1409473686876,-6.40000000000091,-21.1695428927953,0,1,91.1985672804384
0.5,91,106.131650876414,163.836906263535,8,-65.5029233882311,-6.40000000000064,-6.0724662810264,1,2,51.6540611159923
0.5,92,109.708007018874,8.17854734837705,5,-80.0684027379371,-6.40000000000088,-20.6379456307324,0,1,76.5919708850599
0.5,93,96.2384369419933,169.747530269973,8,-61.7083087577516,-6.40000000000052,-2.27785165054693,3,2,61.9073550897106
0.5,94,95.7031167861277,65.3846207213986,4,-54.9686115640551,-4.80000000000213,11.658160498858,9,1,53.6443048114869
0.5,95,194.091962715227,135.212238154639,8,-82.6986932159887,-6.40000000000001,-21.1695428927953,0,2,52.1059408942599
0.5,96,57.6940315064469,182.681852181134,3,-59.2682497164942,-5.60864066010421,8.71782343192359,8,2,100.70126752689
0.5,97,94.3827239299945,96.2069690331086,6,-43.8455340128188,-6.41122570662876,13.8304571072047,10,1,68.2433892085729
0.5,98,170.939837913742,40.3831439660614,1,-73.0046441157463,-6.40000000000085,-13.5741870085416,0,2,114.046402567635
0.5,99,109.393812511033,152.596794805671,8,-71.8355188152429,-6.40000000000167,-12.4050617080383,0,2,46.9878261430759
0.5,100,37.4287798845902,22.1927183226333,4,-85.0287199043618,-4.80000000000003,-13.973227937087,0,1,38.5166261434526
1,1,18.0572348298699,175.564316216813,7,-59.1304147177809,-5.61151403151527,8.85565843063685,8,1,131.677590172777
1,2,189.127265912124,10.5450590175319,1,-93.6614886961054,-6.40000000000025,-21.1695428927953,0,1,146.51054053587
1,3,158.630870486965,34.0061600179106,1,-69.3639762598334,-6.40000000000043,-9.93351915262872,0,1,112.288552133014
1,4,54.5033453641749,9.77826235981942,4,-69.2875436552128,-4.8,-2.66077159229973,2,1,46.8008365124445
1,5,68.4493094579312,82.309830686891,6,-48.9902658261116,-6.42395293235839,13.8304571072047,10,1,44.0062743082174
1,6,116.34702095433,43.1883287567901,2,-76.0828349938317,-6.40000000000119,-16.6523778866271,0,1,70.7147513227605
1,7,57.6071932366979,90.7068255704898,6,-47.3890857319834,-6.43290952848595,13.8304571072047,10,1,47.6147565043311
1,8,151.224959165409,133.876898278139,6,-54.760388044868,-6.47263949095179,9.4700690623367,8,2,28.5255137392894
1,9,198.187796595727,140.413376380262,8,-80.4653008483041,-6.4,-21.0348437410994,0,2,54.4629882872553
1,10,82.600414832768,80.2264936293005,4,-66.2898850470121,-4.80000000000391,0.336887015900925,4,1,50.2859619018141
1,11,155.169907940408,68.3656081265158,1,-74.1663786461752,-6.4000000000017,-14.7359215389706,0,2,85.10670881115
1,12,141.021677467365,127.177512056138,6,-45.9372689830458,-6.4519965533824,13.8304571072047,10,2,33.966545768561
1,13,95.6500709638149,29.1242909717545,2,-72.187135462314,-6.40000000000229,-12.7566783551094,0,1,55.4253931554239
1,14,178.889745244211,106.52980712582,1,-67.6673701852267,-6.40000000000162,-8.23691307802202,0,2,57.2409385736628
1,15,184.390202934487,196.035303933559,8,-86.9323512913508,-6.4,-21.1695428927953,0,2,62.0820849048284
1,16,93.0878805206502,136.124823416516,6,-56.3295762097179,-6.41123950441718,7.9008808974868,7,2,63.1170331119472
1,17,156.060179491481,112.617370454371,6,-49.535995903075,-6.43194342075836,13.8304571072047,10,2,44.5694600283054
1,18,57.3359227465446,19.0772786482684,4,-63.439438203286,-4.8,3.18733385962707,5,1,39.5256936478046
1,19,117.561422989205,52.1431084965288,2,-79.589859921362,-6.40000000000101,-20.1594028141573,0,1,71.5638790896225
1,20,54.1624459553968,197.952878543713,3,-64.981262502519,-5.61043154239839,3.00481064589875,5,2,109.71128167094
1,21,103.618661174293,78.3966979017238,4,-67.0957814764691,-4.80000000000302,-0.469009413556069,3,1,65.0659917149147
1,22,144.547988434228,31.3051738753803,1,-73.7238578268807,-6.40000000000098,-14.293400719676,0,1,99.2021604643197
1,23,128.956660175823,181.397931463098,8,-69.7917834019985,-6.40000000000001,-10.3613262947938,0,2,44.5073280608617
1,24,188.6515558054,55.4761347252567,1,-83.9738290773762,-6.40000000000065,-21.1695428927953,0,2,104.790046629705
1,25,111.199864541821,94.8800432228403,6,-52.0131308631656,-6.40960461141908,12.217326244039,9,2,71.3856438416644
1,26,134.88466524908,124.557316035037,6,-47.080720215547,-6.43667868767307,13.8304571072047,10,2,37.7895952872397
1,27,71.2902851579939,157.639405358901,3,-54.6247949413451,-5.60718395660161,13.3612782070726,10,2,82.4974528379363
1,28,145.61546179023,63.2998107881772,1,-90.6170218395646,-6.4000000000019,-21.1695428927953,0,2,89.9355157025233
1,29,140.635470982447,199.802539827912,8,-90.5408353063386,-6.40000000000001,-21.1695428927953,0,2,55.8590849999478
1,30,53.7573185444115,18.7810799239407,4,-66.7805505710331,-4.8,-0.153778508120058,3,1,39.2554252729423
1,31,141.806813152326,144.716159974982,8,-68.2515847221677,-6.40000000000668,-8.82112761496306,0,2,25.4420375782066
1,32,46.4531350793994,97.7863704065135,6,-57.3496550095529,-6.43351345882872,6.88080209765179,7,1,53.370098813788
1,33,181.378555647253,9.08182931972176,1,-83.8932213281078,-6.40000000000019,-21.1695428927953,0,1,139.595385223792
1,34,125.251353375303,27.4714837567119,2,-73.3350789013604,-6.40000000000048,-13.9046217941557,0,1,81.9911594559975
1,35,155.955690129283,66.2603657833768,1,-75.1645409309193,-6.40000000000158,-15.7340838237146,0,2,87.1782460459598
1,36,13.2138994293472,23.5103404601218,4,-100.226958429268,-4.8,-13.973227937087,0,1,51.0604470968757
1,37,85.2249527231329,91.5897561896042,6,-45.1022876962167,-6.41460753101374,13.8304571072047,10,1,59.3528020758723
1,38,37.3478177797041,161.153639128562,7,-61.4500800721155,-5.60891567617388,6.53599307630224,7,1,114.312987916764
1,39,60.3696482564382,106.342075513011,6,-54.8967314831455,-6.42073691356975,9.33372562405918,8,1,61.9209906096158
1,40,83.6956875757592,175.380419472203,3,-63.0123695190344,-5.60728737850711,4.97370362938334,6,2,74.7842064786163
1,41,183.284259885514,186.77930832153,8,-94.6460691530664,-6.4,-21.1695428927953,0,2,54.8890651836649
1,42,127.020719178804,23.3049643956275,2,-75.1121970542796,-6.40000000000118,-15.6817399470749,0,1,84.8355238608151
1,43,76.7873909246645,41.3883615688086,4,-66.2893772937103,-4.80000000000109,0.337394769202729,4,1,36.6602595329107
1,44,62.7276796192105,128.662253180034,6,-58.0434200033753,-6.41489598950773,6.18703710382935,7,1,83.0782396530462
1,45,50.3860445896684,189.131182860961,3,-59.6120045142883,-5.6080792685374,8.37406863412948,8,2,109.573900106684
1,46,90.4113522586834,121.298016046266,6,-51.5186431598259,-6.40864545087213,12.7118139473788,10,2,70.1916007975252
1,47,187.599031336628,72.1303265087581,1,-75.3675429221992,-6.40000000000033,-15.9370858149946,0,2,89.6081648460972
1,48,132.064588976094,69.3208293621922,1,-79.8765137836413,-6.40000000000226,-20.4460566764367,0,2,85.9247202113627
1,49,66.2032270636166,172.955144029974,3,-57.5823922270197,-5.60501801814246,10.4036809213981,9,2,90.0060430859432
1,50,118.11304739845,14.4868727100852,5,-81.6542794065585,-6.40000000000039,-21.1695428927953,0,1,80.3294431439259
1,51,136.764751652758,27.0414551455693,1,-88.0696863238536,-6.40000000000111,-21.1695428927953,0,1,92.776435107185
1,52,177.083660581215,188.600478195645,8,-94.7612726824805,-6.4,-21.1695428927953,0,2,52.6855918388596
1,53,105.260012553273,147.917660046117,8,-73.5841166712316,-6.40000000000145,-14.153659564027,0,2,50.5791717648362
1,54,108.516770201529,2.97449424222018,5,-83.0674359763311,-6.40000000000075,-21.1695428927953,0,1,78.6629556182168
1,55,198.162600700224,37.8050970617206,1,-76.9638617358869,-6.4000000000003,-17.5334046286822,0,2,124.336568842554
1,56,41.7131040835192,14.9754916405639,4,-75.1943767254293,-4.80000000000003,-8.56760466251625,0,1,42.9841695249634
1,57,153.541199157887,122.862753826983,6,-54.2284949121655,-6.42407077740533,10.0019621950392,8,2,36.0724302110454
1,58,31.0631156360971,95.8372379930441,6,-62.3443248110446,-6.41057351295992,1.8861322961601,4,1,54.8808525466104
1,59,54.6252906192075,26.8743536383342,4,-62.8621674090554,-4.8,3.76460465385766,5,1,33.2932250308821
1,60,31.1683989575187,170.38497575347,7,-63.0734180073081,-5.60461688329204,4.91265514110967,6,2,122.836259478987
1,61,17.9218093910711,168.592496683768,7,-59.3478147080269,-5.610322843715,8.63825844039084,8,1,125.081735606891
1,62,175.658382768893,123.213311881639,6,-58.7554046581817,-6.40478539277011,5.47505244902299,6,2,43.9104687593441
1,63,113.562813876202,104.822472936044,6,-47.2554300172985,-6.41096491417965,13.8304571072047,10,2,62.6173097812001
1,64,134.570986382817,154.941919720499,8,-64.3799437554387,-6.40000000000157,-4.94948664823406,1,2,28.5434236160112
1,65,148.327011278809,171.198421934107,8,-63.1625967651143,-6.40000000000003,-3.73213965790962,2,2,31.6926171806255
1,66,105.602300290104,87.7750284280197,6,-47.4105103765282,-6.40940884092755,13.8304571072047,10,1,71.2096803130629
1,67,194.09191538775,88.1552534122249,1,-88.4713126928045,-6.40000000000115,-21.1695428927953,0,2,79.5054695166729
1,68,44.8472280775858,149.807408774086,3,-64.0272528022744,-5.61190627991951,3.95882034614339,5,1,102.666060140057
1,69,76.0442717735071,66.1556855980624,4,-70.8699560876239,-4.80000000000614,-4.24318402471087,2,1,38.6207233147664
1,70,13.137236558504,74.7617836365435,4,-64.1215384473788,-4.8,2.50523361553426,5,1,50.2420069006672
1,71,118.941810841317,55.1186199534239,2,-80.6381918937546,-6.400000000001,-21.1695428927953,0,1,73.0165977864453
1,72,152.800823013844,138.904917943166,8,-62.5861332381594,-6.40000000000031,-3.15567613095475,2,2,26.1380078698198
1,73,101.397850749659,159.729344724703,8,-73.1613258341505,-6.40000000000147,-13.7308687269458,0,2,54.8550732432699
1,74,108.749947509499,83.9441334093977,6,-44.6200506477619,-6.40940772516962,13.8304571072047,10,1,71.8053655744741
1,75,80.5897079070119,159.223570871179,3,-55.9940272560474,-5.61062984561117,11.9920458923704,9,2,73.858736166073
1,76,162.159422532653,162.89826529047,8,-82.6511663834927,-6.40000000000001,-21.1695428927953,0,2,29.4358081905512
1,77,166.908667112785,78.8671350228857,1,-87.4398590209749,-6.40000000000214,-21.1695428927953,0,2,76.7986816513366
1,78,29.1538559003999,110.787731265844,6,-57.9589741132913,-6.42381020890366,6.27148299391339,7,1,68.4248492601175
1,79,52.7810394731326,67.1529062184915,4,-60.385059835783,-4.80000000000394,6.24171222713006,7,1,29.2268091363304
1,80,104.295358977073,39.8790929158432,2,-61.1470256351088,-6.40000000000052,-1.71656852790416,3,1,60.0222356019449
1,81,134.348167330998,96.3059457041555,6,-45.0364479247321,-6.42069288040523,13.8304571072047,10,2,60.6653223235774
1,82,198.869546172296,135.411820914008,8,-82.4979073277003,-6.4,-21.1695428927953,0,2,56.1542296904792
1,83,141.825615061188,146.981355781024,8,-67.3598408639146,-6.40000000000217,-7.92938375670993,0,2,25.063574805854
1,84,41.7447156161725,132.850332065312,6,-50.5857766715623,-6.41863254508251,13.6446804356423,10,1,86.5134512292186
1,85,0.221357419567323,165.265965585004,7,-62.809284765844,-5.6133457498674,5.17678838257371,6,1,127.735688354484
1,86,154.024170631351,78.610256318934,1,-69.5875682797912,-6.4000000000019,-10.1571111725865,0,2,75.2657920447166
1,87,178.585838024657,87.4080965201936,1,-74.2000010916677,-6.4000000000026,-14.769543984463,0,2,72.7127672200509
1,88,102.126830148993,91.7085349655249,6,-48.8204358252271,-6.40971102331331,13.8304571072047,10,1,70.7747010615544
1,89,22.9636602089508,126.486879448927,7,-64.5325209554725,-5.61563947396661,3.4535521929452,5,1,84.4597916000967
1,90,138.270595716006,50.2311238431293,1,-79.4312330958009,-6.40000000000072,-20.0007759885963,0,1,91.3455061088912
1,91,105.843176343156,163.161266090652,8,-74.7071273726421,-6.40000000000202,-15.2766702654375,0,2,51.7232442966467
1,92,109.189872437538,7.21448157971996,5,-80.5880052617576,-6.40000000000051,-21.157548154553,0,1,76.7221714086884
1,93,95.2531980346571,170.490144960927,8,-77.5511875697475,-6.40000000000027,-18.1207304625429,0,2,63.0024473012936
1,94,95.06884378385,65.5035338386536,4,-63.7630328277084,-4.80000000000253,2.86373923520465,5,1,53.1395355785065
1,95,194.116588266227,136.163719757031,8,-88.1204247901224,-6.40000000000001,-21.1695428927953,0,2,51.8648822539276
1,96,58.8761612537534,183.038843007904,3,-61.2963552249557,-5.60893628109627,6.68971792346205,7,2,99.7364985105898
1,97,93.7992205245539,97.3309578457624,6,-44.8243135324805,-6.41093371990275,13.8304571072047,10,1,68.6355686882235
1,98,171.793096964044,39.8511322553506,1,-77.3865366080773,-6.40000000000095,-17.9560795008727,0,2,114.716878185873
1,99,109.591834185537,153.280116927922,8,-70.5218428858206,-6.40000000000182,-11.0913857786159,0,2,46.8596738310239
1,100,38.3206442209711,22.9000826055801,4,-84.0080168644536,-4.80000000000003,-13.973227937087,0,1,37.7235055926344
1.5,1,18.1833779389347,175.521077594613,7,-65.871717799978,-5.60818698308001,2.11435534843978,4,1,131.605806710379
1.5,2,188.96299273837,11.7310276092045,1,-74.8159296736649,-6.40000000000028,-15.3854725664602,0,2,145.563297328471
1.5,3,158.172684329018,33.7309504843235,1,-86.4456951804845,-6.40000000000017,-21.1695428927953,0,1,111.885037458496
1.5,4,54.5588849747665,9.35933698189393,4,-77.6879824481211,-4.8,-11.0612103852081,0,1,47.1666929386024
1.5,5,67.1695660599823,83.071912489904,6,-49.080067073642,-6.41850696265332,13.8304571072047,10,1,44.0544594159089
1.5,6,115.951441002014,42.0917382049185,2,-69.7999053622506,-6.40000000000114,-10.3694482550459,0,1,70.4583790252206
1.5,7,58.1807076564121,90.2643809149426,6,-52.1669691615997,-6.42667034900025,12.063487945605,9,1,47.3328041449402
1.5,8,149.87468137585,134.183654835325,6,-53.1565938839609,-6.47925435143857,11.0738632232437,9,2,28.3270626632145
1.5,9,198.002433548415,141.585506957602,8,-61.9795994889895,-6.4,-2.54914238178485,2,2,54.1044112779226
1.5,10,82.4626287267253,81.0930127430083,6,-46.8463578360837,-6.41733413152586,13.8304571072047,10,1,50.7232462021713
1.5,11,155.049616105336,67.5825308901908,1,-74.5717825969809,-6.4000000000015,-15.1413254897762,0,2,85.850962937393
1.5,12,141.949766033728,126.884528359448,6,-49.8584231984987,-6.45085810533114,13.8304571072047,10,2,33.9320099032886
1.5,13,95.2276629206443,28.3971780559884,2,-70.1978661573306,-6.40000000000153,-10.7674090501259,0,1,55.357686089721
1.5,14,178.801454199012,105.989846059339,1,-84.654073965729,-6.4000000000006,-21.1695428927953,0,2,57.6078763178997
1.5,15,184.283690988005,197.074729183181,8,-97.8658443263514,-6.4,-21.1695428927953,0,2,62.798499945706
1.5,16,93.1781373595937,137.182966550249,6,-49.0651842994969,-6.41271203105922,13.8304571072047,10,2,62.8112284577944
1.5,17,155.075600033877,111.653573671081,6,-51.4239299766589,-6.43044365185261,12.8065271305458,10,2,45.2599174535601
1.5,18,58.4011281979715,19.5390115684813,4,-75.3557690640667,-4.80000000000001,-8.7289970011537,0,1,39.3789381678057
1.5,19,117.822343427405,52.7400636280089,2,-70.3613148832321,-6.40000000000092,-10.9308577760274,0,1,71.8305521116911
1.5,20,53.7728962412827,198.157683396507,3,-59.0478341014006,-5.60247138588161,8.93823904701719,8,2,110.141127504258
1.5,21,102.702135313137,77.3949734094632,4,-64.1675990364243,-4.80000000000127,2.45917302648871,5,1,63.8768317519696
1.5,22,144.275150556984,31.8123386011293,1,-80.840565592538,-6.40000000000068,-21.1695428927953,0,1,98.8475848956458
1.5,23,128.589338780128,181.49130273896,8,-75.6939117523414,-6.4,-16.2634546451368,0,2,44.747833043277
1.5,24,187.917446915445,54.261815137633,1,-78.5123329222268,-6.40000000000023,-19.0818758150222,0,2,105.620939312839
1.5,25,110.781299087687,94.6259888610686,6,-51.7630731793942,-6.41114607792793,12.4673839278105,10,2,71.8097320066294
1.5,26,135.628695541239,123.882200869468,6,-44.7462940135503,-6.43563038682688,13.8304571072047,10,2,37.9595024107169
1.5,27,70.5354541308147,157.412925772847,3,-59.1202270005576,-5.60872525450485,8.86584614786011,8,2,83.1974489915983
1.5,28,145.967556801186,64.7573573553526,1,-69.4857655928325,-6.40000000000185,-10.0553084856278,0,2,88.5145113707053
1.5,29,141.235337031874,198.815238967474,8,-94.8820451933699,-6.40000000000002,-21.1695428927953,0,2,54.8816624419892
1.5,30,53.9877185580473,19.1052616864254,4,-61.0075401506073,-4.8,5.6192319123057,6,1,39.0209783931983
1.5,31,141.901698311413,144.629358514631,8,-61.3358978861636,-6.4000000000059,-1.90544077895888,3,2,25.4298305185806
1.5,32,46.0720800644591,97.0156281567154,6,-47.6481343538126,-6.43156299614822,13.8304571072047,10,1,52.7081383278764
1.5,33,180.321024798385,8.81055115521482,1,-72.7249147454683,-6.40000000000035,-13.2944576382636,0,1,138.680893423133
1.5,34,125.519931081274,28.901302246055,2,-76.7249143865425,-6.40000000000032,-17.2944572793379,0,1,81.8575899806045
1.5,35,156.482597469738,66.4671195012184,1,-77.3440281134339,-6.40000000000245,-17.9135710062292,0,2,87.0173327238797
1.5,36,13.3022353824266,22.6410254444422,4,-96.7745401247611,-4.8,-13.973227937087,0,1,51.4537599856267
1.5,37,84.4795259268338,91.3648401788631,6,-46.7054845714243,-6.41495664895388,13.8304571072047,10,1,58.7548952102044
1.5,38,37.5588060420683,160.608446241774,7,-55.9053575768727,-5.61302442184672,12.080715571545,9,1,113.759666345846
1.5,39,61.1372572376434,107.308062315389,6,-43.2246471572589,-6.42114421650609,13.8304571072047,10,1,62.9325234288432
1.5,40,83.2879305406608,175.328390692047,3,-58.1389903174017,-5.60902490297758,9.84708283101604,8,2,75.1284073210439
1.5,41,184.307708502194,186.738594516712,8,-89.5860010559881,-6.4,-21.1695428927953,0,2,55.4886762297937
1.5,42,127.297029159591,24.3522507381943,2,-82.4485046720152,-6.40000000000052,-21.1695428927953,0,1,84.7637172326414
1.5,43,76.7879434307885,41.3843062447769,4,-69.8715631440379,-4.80000000000182,-3.24479108112486,2,1,36.6616160600554
1.5,44,61.3718813741761,128.615941525583,6,-51.8220304152898,-6.41527526922141,12.4084266919149,10,1,82.8374066949357
1.5,45,50.3189190286842,188.962634756168,3,-63.5790410249479,-5.60530390270419,4.40703212346981,6,2,109.57488220734
1.5,46,89.6544513788354,121.043385121353,6,-48.9342209711642,-6.40724509446675,13.8304571072047,10,2,70.9388524267176
1.5,47,186.872878891799,72.2113202135219,1,-68.1720267452966,-6.40000000000034,-8.74156963809189,0,2,89.2352951510359
1.5,48,131.779498833222,70.7481033277029,1,-72.5231684808643,-6.40000000000182,-13.0927113736597,0,2,84.6469124594927
1.5,49,66.6208643758842,172.377111154254,3,-58.8979647996732,-5.60722714277204,9.08810834874454,8,2,89.4710308481721
1.5,50,118.453254951158,15.2315079766631,5,-78.7649516137318,-6.40000000000155,-19.3344945065272,0,1,80.2928773365679
1.5,51,138.041464383483,27.3665213889311,1,-66.6694539595353,-6.40000000000078,-7.23899685233065,0,1,93.8926184789082
1.5,52,177.328719299391,188.686103641355,8,-87.5085457135662,-6.40000000000001,-21.1695428927953,0,2,52.8746017809545
1.5,53,105.343325565785,148.516643146916,8,-66.4464663467416,-6.40000000000212,-7.0160092395369,0,2,50.4843433063858
1.5,54,108.170516075037,2.38043705472609,5,-87.0983615916191,-6.40000000000058,-21.1695428927953,0,1,78.7634541874275
1.5,55,197.359487639775,38.4559960536943,1,-75.2971380191692,-6.40000000000072,-15.8666809119645,0,2,123.439199146282
1.5,56,41.3757752545738,14.5723407040295,4,-95.7836142016764,-4.80000000000003,-13.973227937087,0,1,43.3790997561152
1.5,57,153.317509575539,122.807429816451,6,-53.9079566109297,-6.44817582288384,10.3225004962749,9,2,36.0928212110249
1.5,58,30.354962289641,94.5683566357468,6,-60.2066481780469,-6.42623324380003,4.02380892915775,5,1,54.0787936242344
1.5,59,55.3509708587963,27.3368524009821,4,-60.4925645854274,-4.8,6.13420747748563,7,1,33.083245732947
1.5,60,31.5484494942057,170.355092853177,7,-54.2482097554589,-5.60594220427163,13.7378633929588,10,2,122.463666539461
1.5,61,18.2742113380127,169.083656104998,7,-68.7470968463842,-5.61375786100892,-0.761023697966405,3,1,125.457932461676
1.5,62,175.314325827205,124.527980370383,6,-52.2011278315947,-6.40091141852858,12.02932927561,9,2,42.917232856948
1.5,63,113.073518640418,104.300028033605,6,-45.2454641478996,-6.41330270204283,13.8304571072047,10,2,63.2795580209663
1.5,64,134.201180782678,156.068825572172,8,-68.8441640209856,-6.40000000000121,-9.41370691378092,0,2,28.9600299117086
1.5,65,149.580456679587,171.997637175979,8,-70.6619238960703,-6.4,-11.2314667888657,0,2,32.1919564165294
1.5,66,104.515640767608,87.7927135739606,6,-52.1040751593407,-6.41007370520658,12.126381947864,9,1,70.3739602948869
1.5,67,194.144319583457,88.2054836892684,1,-88.9775329978944,-6.40000000000033,-21.1695428927953,0,2,79.4954916807465
1.5,68,45.1915479960487,150.161000085483,3,-51.9397747912828,-5.61466516570927,16.0462983571349,12,1,102.993189817572
1.5,69,76.3056178749847,65.5164094983311,4,-57.9510102856467,-4.80000000000293,8.67576177726631,8,1,38.5356263151984
1.5,70,13.6984558544501,74.2177493255912,4,-77.6212799480053,-4.8,-10.9945078850922,0,1,49.5636105398758
1.5,71,120.049200982411,55.9776518666781,2,-77.2292107013969,-6.40000000000154,-17.7987535941922,0,1,74.1274097760968
1.5,72,152.608715278973,138.661007681999,8,-79.4778178287538,-6.40000000000348,-20.0473607215491,0,2,26.2226646661706
1.5,73,100.298722506925,158.828283647325,8,-71.3929679287876,-6.40000000000106,-11.9625108215829,0,2,55.6812856945782
1.5,74,108.487291242305,84.4155399760141,6,-53.2966095321095,-6.4095561057246,10.9338475750951,9,1,71.8153370019446
1.5,75,81.7913924569821,159.736817465284,3,-57.6797666220775,-5.61293977000986,10.3063065263402,9,2,72.7974570799674
1.5,76,162.343930021357,162.827962865085,8,-86.6615098551354,-6.4,-21.1695428927953,0,2,29.48184593339
1.5,77,167.998235512968,79.0145774058531,1,-72.325959642479,-6.40000000000049,-12.8955025352743,0,2,76.9097958809533
1.5,78,29.393476736999,110.918118453717,6,-57.8559081797501,-6.4183335072191,6.37454892745454,7,1,68.4682112876458
1.5,79,51.8595116905413,67.1926285894703,4,-64.5211390302255,-4.80000000000574,2.10563303268755,4,1,29.1769474335944
1.5,80,104.411556083699,39.7238328442389,2,-69.2736329072322,-6.40000000000145,-9.84317580002751,0,1,60.1536952053873
1.5,81,133.339266761055,95.5572743362482,6,-56.8283313633537,-6.41550397843447,7.40212574385093,7,2,61.5941588931762
1.5,82,198.9309767417,134.619409618349,8,-79.4519596540972,-6.4,-20.0215025468926,0,2,56.4185523155719
1.5,83,140.647972794758,147.458947825723,8,-63.8461022071958,-6.40000000000528,-4.4156450999911,2,2,25.4198221669621
1.5,84,41.7245858232399,132.190303355776,6,-56.546893459034,-6.4109566034757,7.68356364817069,7,1,85.8835167276672
1.5,85,0.590286452179528,165.613315793182,7,-60.8865071598991,-5.60693718629116,7.09956598851867,7,1,127.906249188895
1.5,86,153.89416406506,78.2328024721739,1,-74.5209351383773,-6.40000000000187,-15.0904780311726,0,2,75.6170956514703
1.5,87,177.543705230749,88.0285272313694,1,-71.6793761296029,-6.40000000000055,-12.2489190223982,0,2,71.7730390533347
1.5,88,102.599540524072,90.6211303181968,6,-50.5740822125555,-6.41022189582589,13.6563748946491,10,1,70.4914029628537
1.5,89,22.4063543038082,126.296053786547,7,-54.9108480040087,-5.62012989870647,13.075225144409,10,1,84.4674322221682
1.5,90,138.422708617876,50.7105630894803,1,-87.8339033751952,-6.40000000000058,-21.1695428927953,0,1,91.4949741746836
1.5,91,105.554701809897,162.485625917768,8,-73.2505514413163,-6.40000000000096,-13.8200943341116,0,2,51.8027546156151
1.5,92,108.671737856202,6.25041581106287,5,-85.2616636918727,-6.40000000000104,-21.1695428927953,0,1,76.8677366635171
1.5,93,94.2679591273209,171.232759651882,8,-68.3039798258074,-6.40000000000058,-8.8735227186027,0,2,64.1025776569753
1.5,94,94.4345707815724,65.6224469559086,4,-67.6484489290663,-4.80000000000175,-1.02167686615323,3,1,52.6378374311934
1.5,95,194.141213817227,137.115201359423,8,-85.8969103430586,-6.40000000000001,-21.1695428927953,0,2,51.6402439311274
1.5,96,60.0582910010599,183.395833834674,3,-57.434058098959,-5.60949062524312,10.5520150494588,9,2,98.7777441287418
1.5,97,93.2157171191134,98.4549466584161,6,-44.4201159919751,-6.41108369958043,13.8304571072047,10,1,69.0487513412747
1.5,98,172.646356014346,39.3191205446398,1,-87.4247381011079,-6.40000000000108,-21.1695428927953,0,2,115.392220351896
1.5,99,109.789855860042,153.963439050173,8,-71.0546924394985,-6.40000000000144,-11.6242353322938,0,2,46.7419997524776
1.5,100,39.212508557352,23.6074468885269,4,-90.062951835093,-4.80000000000003,-13.973227937087,0,1,36.9484347620726
2,1,18.3095210479996,175.477838972414,7,-65.1973965395605,-5.61235138032445,2.7886766088572,5,1,131.534119259583
2,2,188.798719564615,12.9169962008771,1,-86.952825168253,-6.40000000000072,-21.1695428927953,0,2,144.393007346076
2,3,157.714498171071,33.4557409507364,1,-70.2305540752482,-6.40000000000037,-10.8000969680435,0,1,111.482624761596
2,4,54.6144245853581,8.94041160396844,4,-74.8626007641247,-4.80000000000002,-8.23582870121163,0,1,47.5334904410089
2,5,65.8898226620333,83.833994292917,6,-43.7983744346923,-6.42951192742697,13.8304571072047,10,1,44.1528666571493
2,6,115.555861049698,40.9951476530469,2,-73.4025700516755,-6.40000000000077,-13.9721129444709,0,1,70.2204263997143
2,7,58.7542220761262,89.8219362593954,6,-50.1025221949595,-6.43254141363807,13.8304571072047,10,1,47.0603124894585
2,8,148.524403586291,134.490411392512,6,-52.9388791502066,-6.50001796255198,11.2915779569981,9,2,28.1952961245256
2,9,197.817070501104,142.757637534943,8,-87.1693639075513,-6.40000000000001,-21.1695428927953,0,2,53.7696386949251
2,10,82.3248426206826,81.959531856716,6,-46.2319375609643,-6.41738564732409,13.8304571072047,10,1,51.1718391984531
2,11,154.929324270265,66.7994536538658,1,-74.0592994804147,-6.40000000000214,-14.6288423732101,0,2,86.5960689064847
2,12,142.877854600092,126.591544662758,6,-47.9346890558572,-6.45492637103392,13.8304571072047,10,2,33.9253700992794
2,13,94.8052548774737,27.6700651402223,2,-73.3723795941659,-6.4000000000005,-13.9419224869612,0,1,55.3026839807734
2,14,178.713163153812,105.449884992859,1,-68.4497006684563,-6.40000000000036,-9.01924356125163,0,2,57.9776550530199
2,15,184.177179041523,198.114154432803,8,-96.1178771927973,-6.40000000000001,-21.1695428927953,0,2,63.5240224168773
2,16,93.2683941985372,138.241109683982,6,-51.7772528679621,-6.41098982550834,12.4532042392426,10,2,62.5219689251444
2,17,154.091020576274,110.689776887792,6,-53.7824207828982,-6.43989569717163,10.4480363243064,9,2,45.9813015310253
2,18,59.4663336493985,20.0007444886942,4,-87.5727047143887,-4.80000000000003,-13.973227937087,0,1,39.2659751438105
2,19,118.083263865605,53.337018759489,2,-80.0717381514469,-6.40000000000178,-20.6412810442422,0,1,72.1021255775083
2,20,53.3833465271687,198.362488249302,3,-63.4966319791609,-5.60695355180965,4.48944116925685,6,2,110.571054069105
2,21,101.785609451982,76.3932489172027,4,-58.4328718556515,-4.80000000000153,8.19390020726159,8,1,62.694520771106
2,22,144.00231267974,32.3195033268783,1,-79.0892138812952,-6.40000000000045,-19.6587567740906,0,1,98.495100140808
2,23,128.222017384432,181.584674014823,8,-64.9842907316204,-6.4,-5.55383362441576,1,2,44.9902451585518
2,24,187.18333802549,53.0474955500094,1,-78.209374459617,-6.40000000000031,-18.7789173524124,0,2,106.464260415612
2,25,110.362733633553,94.371934499297,6,-49.4943324412819,-6.40670150421637,13.8304571072047,10,2,72.2346492782734
2,26,136.372725833398,123.207085703899,6,-46.7898718445383,-6.43610674112816,13.8304571072047,10,2,38.155115747301
2,27,69.7806231036354,157.186446186792,3,-54.2372607463462,-5.60848554177619,13.7488124020715,10,2,83.8990073745611
2,28,146.319651812142,66.2149039225281,1,-67.6546489186036,-6.40000000000156,-8.22419181139891,0,2,87.0961381893312
2,29,141.835203081301,197.827938107036,8,-97.6340973595595,-6.40000000000002,-21.1695428927953,0,2,53.9112750015622
2,30,54.2181185716831,19.4294434489101,4,-86.5137423704649,-4.80000000000004,-13.973227937087,0,1,38.789192465533
2,31,141.9965834705,144.54255705428,8,-75.2997309989647,-6.40000000000576,-15.8692738917601,0,2,25.4182682268178
2,32,45.6910250495189,96.2448859069173,6,-54.3346574030542,-6.43178279102341,9.89579970415046,8,1,52.0519619002749
2,33,179.263493949517,8.53927299070788,1,-84.3240924547173,-6.4000000000003,-21.1695428927953,0,1,137.768983273362
2,34,125.788508787246,30.331120735398,2,-70.2347763854736,-6.40000000000059,-10.804319278269,0,1,81.7496964870202
2,35,157.009504810194,66.6738732190601,1,-74.7401382404595,-6.40000000000215,-15.3096811332548,0,2,86.8598098201775
2,36,13.390571335506,21.7717104287626,4,-76.1128132437573,-4.8,-9.48604118084423,0,1,51.8588140942145
2,37,83.7340991305347,91.1399241681221,6,-44.6209354078313,-6.41446466161658,13.8304571072047,10,1,58.1612655012558
2,38,37.7697943044325,160.063253354985,7,-61.5316245400484,-5.6106145281255,6.45444860836932,7,1,113.206659125864
2,39,61.9048662188486,108.274049117766,6,-46.0995764402413,-6.41970649038544,13.8304571072047,10,1,63.951861898372
2,40,82.8801735055624,175.276361911892,3,-59.2048389202002,-5.60994384254633,8.78123422821753,8,2,75.4732772585392
2,41,185.331157118874,186.697880711893,8,-68.1483047537912,-6.4,-8.71784764658655,0,2,56.1005803187713
2,42,127.573339140379,25.3995370807612,2,-71.8952537095896,-6.40000000000033,-12.4647966023849,0,1,84.7057006418639
2,43,76.7884959369124,41.3802509207452,4,-59.1439153820302,-4.80000000000103,7.4828566808828,7,1,36.6629729938979
2,44,60.0160831291416,128.569629871132,6,-57.2167880738526,-6.41571218195694,7.01366903335203,7,1,82.6181496968828
2,45,50.2517934677,188.794086651374,3,-62.9473185205667,-5.60795965185507,5.03875462785101,6,2,109.576164677929
2,46,88.8975504989874,120.788754196441,6,-50.0566059656256,-6.40966045766334,13.8304571072047,10,2,71.6872109683433
2,47,186.14672644697,72.2923139182857,1,-83.131127980651,-6.40000000000069,-21.1695428927953,0,2,88.8668684550454
2,48,131.494408690349,72.1753772932137,1,-65.9675949484332,-6.40000000000174,-6.53713784122853,1,2,83.3749291404404
2,49,67.0385016881517,171.799078278535,3,-58.618536976412,-5.61048185400249,9.36753617200572,8,2,88.9385181793608
2,50,118.793462503867,15.976143243241,5,-77.3798415023955,-6.40000000000044,-17.9493843951908,0,1,80.2646454665774
2,51,139.318177114208,27.6915876322929,1,-72.8303144279958,-6.40000000000029,-13.3998573207911,0,1,95.0139570030248
2,52,177.573778017567,188.771729087064,8,-85.883335593634,-6.4,-21.1695428927953,0,2,53.0642083759171
2,53,105.426638578298,149.115626247715,8,-68.0177528015108,-6.40000000000209,-8.58729569430614,0,2,50.3965937873129
2,54,107.824261948544,1.78637986723201,5,-81.0151691421208,-6.40000000000068,-21.1695428927953,0,1,78.869819552226
2,55,196.556374579325,39.1068950456679,1,-82.3895180396643,-6.40000000000034,-21.1695428927953,0,2,122.543978801012
2,56,41.0384464256283,14.169189767495,4,-86.0815952466834,-4.80000000000002,-13.973227937087,0,1,43.7767792829043
2,57,153.093819993191,122.75210580592,6,-50.2227528757293,-6.46125902539069,13.8304571072047,10,2,36.1146709823317
2,58,29.6468089431848,93.2994752784494,6,-55.2675282027733,-6.43162183840761,8.96292890443139,8,1,53.3042863715881
2,59,56.0766510983851,27.79935116363,4,-57.6298885388879,-4.8,8.99688352402515,8,1,32.8944447791314
2,60,31.9285000308927,170.325209952885,7,-59.6619677387247,-5.60561949820729,8.32410540969301,8,2,122.091126887189
2,61,18.6266132849542,169.574815526228,7,-61.6066574783648,-5.61088720245797,6.37941567005294,7,1,125.835908635426
2,62,174.970268885517,125.842648859126,6,-63.7877616455669,-6.40523446209914,0.442695461637767,4,2,41.9445102767752
2,63,112.584223404634,103.777583131166,6,-47.5758867456993,-6.40876468854244,13.8304571072047,10,2,63.9429602022818
2,64,133.831375182539,157.195731423844,8,-55.7477360741476,-6.40000000000021,3.68272103305706,5,2,29.4185822094115
2,65,150.833902080365,172.796852417851,8,-69.8330420359793,-6.4,-10.4025849287746,0,2,32.7512117766797
2,66,103.428981245112,87.8103987199016,6,-49.2165231152767,-6.40897378016662,13.8304571072047,10,1,69.545181632148
2,67,194.196723779163,88.2557139663119,1,-73.3611455167543,-6.4000000000002,-13.9306884095496,0,2,79.4855788846101
2,68,45.5358679145116,150.51459139688,3,-53.7121893841421,-5.6146667568363,14.2738837642757,11,1,103.321641290479
2,69,76.5669639764623,64.8771333985999,4,-74.7642344701612,-4.80000000000888,-8.13746240724813,0,1,38.4627439620002
2,70,14.2596751503961,73.6737150146389,4,-75.8712326535305,-4.8,-9.24446059061745,0,1,48.8882971983025
2,71,121.156591123504,56.8366837799323,2,-84.5979809427157,-6.40000000000242,-21.1695428927953,0,1,75.2479282467256
2,72,152.416607544103,138.417097420832,8,-73.7816993516605,-6.40000000000115,-14.3512422444558,0,2,26.3107131066549
2,73,99.1995942641916,157.927222569948,8,-73.6447677820066,-6.40000000000155,-14.214310674802,0,2,56.5311602622504
2,74,108.224634975112,84.8869465426306,6,-53.6239846648344,-6.40862596411204,10.6064724423702,9,1,71.8293613855321
2,75,82.9930770069523,160.25006405939,3,-61.7251911753062,-5.60802976769482,6.26088197311157,7,2,71.7442788117478
2,76,162.528437510061,162.7576604397,8,-83.3976905221142,-6.4,-21.1695428927953,0,2,29.5291321636477
2,77,169.087803913152,79.1620197888204,1,-79.1889084512833,-6.40000000000128,-19.7584513440786,0,2,77.0364439640512
2,78,29.633097573598,111.04850564159,6,-61.1708064665785,-6.42037273637267,3.05965064062621,5,1,68.5126320872129
2,79,50.93798390795,67.2323509604491,4,-70.1937545484622,-4.80000000000209,-3.56698248554913,2,1,29.1561954554373
2,80,104.527753190324,39.5685727726346,2,-73.2061993795162,-6.40000000000137,-13.7757422723115,0,1,60.2854919693347
2,81,132.330366191112,94.8086029683409,6,-52.181619619805,-6.41943192438428,12.0488374873996,9,2,62.534440632714
2,82,198.992407311104,133.826998322689,8,-70.343804684254,-6.4,-10.9133475770494,0,2,56.6927857614304
2,83,139.470330528329,147.936539870421,8,-65.8018220707168,-6.40000000000173,-6.37136496351214,1,2,25.8337338936708
2,84,41.7044560303072,131.530274646241,6,-52.5026283674943,-6.41886230571351,11.7278287397103,9,1,85.2540423302294
2,85,0.959215484791733,165.960666001361,7,-59.1190451600147,-5.61256997391651,8.867027988403,8,1,128.078587614582
2,86,153.764157498769,77.8553486254138,1,-83.7335933009754,-6.400000000002,-21.1695428927953,0,2,75.968872596848
2,87,176.501572436841,88.6489579425453,1,-77.7063311175482,-6.4000000000007,-18.2758740103435,0,2,70.8416099701349
2,88,103.072250899151,89.5337256708686,6,-48.0102170385146,-6.40900971722225,13.8304571072047,10,1,70.2269839942022
2,89,21.8490483986655,126.105228124166,7,-57.6793890861698,-5.60942384493664,10.3066840622479,9,1,84.4791798249253
2,90,138.574821519747,51.1900023358313,1,-80.8654198198785,-6.40000000000049,-21.1695428927953,0,1,91.6469591029308
2,91,105.266227276638,161.809985744884,8,-73.3245072730038,-6.40000000000194,-13.8940501657992,0,2,51.8925446028596
2,92,108.153603274866,5.28635004240578,5,-87.2159422471998,-6.40000000000125,-21.1695428927953,0,1,77.0285795427957
2,93,93.2827202199846,171.975374342836,3,-54.5453850526912,-5.61179953387708,13.4406880957266,10,2,65.2074911582429
2,94,93.8002977792947,65.7413600731636,4,-65.5788340092841,-4.80000000000257,1.04793805362895,4,1,52.1392990220225
2,95,194.165839368226,138.066682961814,8,-82.9457951211218,-6.40000000000001,-21.1695428927953,0,2,51.4322410811916
2,96,61.2404207483664,183.752824661444,3,-62.9652493620447,-5.60996287715925,5.02082378637309,6,2,97.8251812242288
2,97,92.6322137136728,99.5789354710699,6,-54.8505995869896,-6.41027543111852,9.3798575202151,8,1,69.4825624784577
2,98,173.499615064647,38.787108833929,1,-74.9199301520334,-6.40000000000042,-15.4894730448288,0,2,116.072344120824
2,99,109.987877534547,154.646761172423,8,-74.6347853894863,-6.40000000000271,-15.2043282822816,0,2,46.6348832268716
2,100,40.1043728937329,24.3148111714737,4,-96.1486982985576,-4.80000000000003,-13.973227937087,0,1,36.1925732849067
2.5,1,18.4356641570645,175.434600350214,7,-60.8295972329212,-5.60862526266601,7.15647591549656,7,1,131.462527977457
2.5,2,188.634446390861,14.1029647925497,1,-77.7847120040493,-6.40000000000071,-18.3542548968446,0,2,143.223163720479
2.5,3,157.256312013124,33.1805314171494,1,-76.6472377732027,-6.40000000000047,-17.216780665998,0,1,111.081326018671
2.5,4,54.6699641959496,8.52148622604295,4,-88.1766001482198,-4.8,-13.973227937087,0,1,47.901207401148
2.5,5,64.6100792640843,84.59607609593,6,-45.7700279698509,-6.42893260058942,13.8304571072047,10,1,44.3011613542829
2.5,6,115.160281097381,39.8985571011753,2,-78.1798636990277,-6.40000000000135,-18.749406591823,0,1,70.0010812868486
2.5,7,59.3277364958404,89.3794916038482,6,-44.8556478394351,-6.43136171498974,13.8304571072047,10,1,46.7974468012239
2.5,8,147.174125796731,134.797167949698,6,-47.4999936235563,-6.47656658465639,13.8304571072047,10,2,28.1311511915599
2.5,9,197.631707453792,143.929768112283,8,-88.2390934624462,-6.40000000000001,-21.1695428927953,0,2,53.4591177455657
2.5,10,82.1870565146399,82.8260509704237,6,-45.1361299755291,-6.41620506048693,13.8304571072047,10,1,51.6314461291709
2.5,11,154.809032435194,66.0163764175408,1,-86.6322997719101,-6.40000000000165,-21.1695428927953,0,2,87.3420049174677
2.5,12,143.805943166455,126.298560966068,6,-53.4798307280914,-6.44989316783288,10.7506263791133,9,2,33.9466427255534
2.5,13,94.3828468343031,26.9429522244562,2,-74.5380731593157,-6.40000000000127,-15.107616052111,0,1,55.2604247652958
2.5,14,178.624872108613,104.909923926378,1,-71.8577573339399,-6.4000000000002,-12.4273002267352,0,2,58.3502207670157
2.5,15,184.070667095041,199.153579682425,8,-99.1184801021097,-6.40000000000001,-21.1695428927953,0,2,64.2583438309581
2.5,16,93.3586510374807,139.299252817714,6,-44.1246301867407,-6.41325717962032,13.8304571072047,10,2,62.24948515894
2.5,17,153.106441118671,109.725980104503,6,-54.923214344581,-6.42143908100952,9.30724276262367,8,2,46.7321800793275
2.5,18,60.5315391008255,20.462477408907,4,-89.0082252870644,-4.80000000000002,-13.973227937087,0,1,39.1870968132566
2.5,19,118.344184303805,53.9339738909692,2,-79.5051274557418,-6.40000000000113,-20.0746703485372,0,1,72.3785443258381
2.5,20,52.9937968130546,198.567293102096,3,-67.544910007679,-5.60962044404406,0.441163140738726,4,2,111.001060427421
2.5,21,100.869083590827,75.3915244249421,4,-66.5138300764405,-4.80000000000265,0.112941986472589,3,1,61.519453654864
2.5,22,143.729474802495,32.8266680526273,1,-77.1444405104878,-6.40000000000046,-17.7139834032831,0,1,98.1447287271521
2.5,23,127.854695988737,181.678045290685,8,-78.022046885844,-6.4,-18.5915897786393,0,2,45.2345337456902
2.5,24,186.449229135536,51.8331759623857,1,-74.1021140245426,-6.40000000000105,-14.671656917338,0,2,107.3197169499
2.5,25,109.944168179419,94.1178801375253,6,-49.2773290204831,-6.40994481459714,13.8304571072047,10,2,72.6603811107722
2.5,26,137.116756125558,122.53197053833,6,-45.6628474480823,-6.43627169705325,13.8304571072047,10,2,38.3760422039
2.5,27,69.0257920764562,156.959966600738,3,-59.1340824579328,-5.60718386323126,8.85199069048499,8,2,84.6020891227202
2.5,28,146.671746823098,67.6724504897035,1,-79.7852673106043,-6.40000000000132,-20.3548102033997,0,2,85.6805268283283
2.5,29,142.435069130729,196.840637246598,8,-86.0748865932545,-6.40000000000002,-21.1695428927953,0,2,52.9483094793802
2.5,30,54.4485185853189,19.7536252113948,4,-80.5431879731449,-4.80000000000001,-13.9164159102318,0,1,38.5601154751474
2.5,31,142.091468629587,144.455755593929,8,-75.4889234066118,-6.40000000000763,-16.0584662994072,0,2,25.4073515831747
2.5,32,45.3099700345787,95.4741436571192,6,-44.7374432003805,-6.43591050663885,13.8304571072047,10,1,51.4017910429672
2.5,33,178.205963100648,8.26799482620094,1,-79.5106132703395,-6.40000000000015,-20.0801561631349,0,1,136.859706379894
2.5,34,126.057086493217,31.7609392247411,2,-59.6131169386802,-6.40000000000105,-0.182659831475579,3,1,81.6675807392403
2.5,35,157.536412150649,66.8806269369017,1,-85.1803316587445,-6.40000000000153,-21.1695428927953,0,2,86.7056958135217
2.5,36,13.4789072885854,20.902395413083,4,-79.4254645286777,-4.8,-12.7986924657647,0,1,52.2753364937263
2.5,37,82.9886723342355,90.915008157381,6,-42,-6.4148577148976,13.8304571072047,10,1,57.5720452554372
2.5,38,37.9807825667966,159.518060468196,7,-62.279003419563,-5.61237932481284,5.70706972885475,6,1,112.65397088617
2.5,39,62.6724752000538,109.240035920143,6,-48.1367679112315,-6.41629294674002,13.8304571072047,10,1,64.9786386708416
2.5,40,82.4724164704641,175.224333131736,3,-59.3381354719548,-5.61428470060409,8.64793767646298,8,2,75.8188071607516
2.5,41,186.354605735554,186.657166907075,8,-101.021327471687,-6.4,-21.1695428927953,0,2,56.7243796249965
2.5,42,127.849649121166,26.446823423328,2,-62.1427871174481,-6.40000000000082,-2.71233001024347,2,1,84.6615024384788
2.5,43,76.7890484430363,41.3761955967134,4,-76.9941884200171,-4.80000000000265,-10.3674163571041,0,1,36.664330334393
2.5,44,58.6602848841072,128.523318216681,6,-56.9371011887145,-6.41372399485259,7.29335591849016,7,1,82.4206408494379
2.5,45,50.1846679067158,188.625538546581,3,-63.4936203386638,-5.60905707288638,4.49245280975393,6,2,109.577747507904
2.5,46,88.1406496191395,120.534123271528,6,-48.6684534841093,-6.40877608660533,13.8304571072047,10,2,72.4366421151587
2.5,47,185.420574002141,72.3733076230495,1,-68.7152271982449,-6.40000000000037,-9.28477009104028,0,2,88.5029402450951
2.5,48,131.209318547477,73.6026512587244,1,-82.0344021779407,-6.4000000000016,-21.1695428927953,0,2,82.1090409403634
2.5,49,67.4561390004193,171.221045402815,3,-61.4847058657938,-5.60741485514406,6.50136728262392,7,2,88.4085502466047
2.5,50,119.133670056575,16.7207785098189,5,-82.3206336939177,-6.40000000000138,-21.1695428927953,0,1,80.2447563301422
2.5,51,140.594889844933,28.0166538756547,1,-90.7595109673555,-6.40000000000103,-21.1695428927953,0,1,96.1402702973017
2.5,52,177.818836735743,188.857354532774,8,-93.4301930589815,-6.40000000000001,-21.1695428927953,0,2,53.254405250792
2.5,53,105.50995159081,149.714609348514,8,-57.8123485402481,-6.40000000000135,1.61810856695659,4,2,50.3159602440024
2.5,54,107.478007822052,1.19232267973792,5,-75.0669782484654,-6.40000000000017,-15.6365211412607,0,1,78.9820280101154
2.5,55,195.753261518876,39.7577940376415,1,-78.8905682556542,-6.40000000000038,-19.4601111484495,0,2,121.650955257498
2.5,56,40.7011175966829,13.7660388309605,4,-79.0637061806361,-4.80000000000002,-12.4369341177231,0,1,44.1771338584814
2.5,57,152.870130410843,122.696781795388,6,-58.9488859504689,-6.45153278534245,5.28157115673574,6,2,36.1379768789554
2.5,58,28.9386555967286,92.030593921152,6,-57.1058933941387,-6.43908517239333,7.12456371306595,7,1,52.5585488140416
2.5,59,56.802331337974,28.2618499262778,4,-88.8142359808359,-4.80000000000007,-13.973227937087,0,1,32.7271887008226
2.5,60,32.3085505675797,170.295327052592,7,-59.2400763005938,-5.60582976735122,8.74599684782394,8,2,121.718641011456
2.5,61,18.9790152318958,170.065974947458,7,-61.3276727498371,-5.61159727208269,6.65840039858066,7,1,126.21564814264
2.5,62,174.626211943829,127.157317347869,6,-63.0080305612425,-6.40247794474505,1.22242654596218,4,2,40.9937612991091
2.5,63,112.09492816885,103.255138228727,6,-50.6408230841025,-6.41215406743917,13.5896340231022,10,2,64.6074807784674
2.5,64,133.4615695824,158.322637275516,8,-52.559303110346,-6.40000000000061,6.87115399685866,7,2,29.9171518012261
2.5,65,152.087347481143,173.596067659723,8,-63.3433456314066,-6.4,-3.91288852420195,2,2,33.3673707161541
2.5,66,102.342321722616,87.8280838658426,6,-55.7340663057109,-6.41018024460311,8.49639080149381,8,1,68.7235954550912
2.5,67,194.24912797487,88.3059442433553,1,-83.347269659021,-6.40000000000156,-21.1695428927953,0,2,79.4757311526005
2.5,68,45.8801878329745,150.868182708277,3,-56.411969656556,-5.61122145800101,11.5741034918617,9,1,103.651401993229
2.5,69,76.8283100779398,64.2378572988686,4,-49.8724216607019,-4.80000000000382,16.7543504022111,12,1,38.4021458007366
2.5,70,14.8208944463422,73.1296807036866,4,-71.0724980968523,-4.8,-4.44572603393923,2,1,48.2161964179039
2.5,71,122.263981264598,57.6957156931865,2,-81.7813303314817,-6.40000000000107,-21.1695428927953,0,1,76.3777259954793
2.5,72,152.224499809232,138.173187159666,8,-50.3078967616612,-6.40000000000019,9.12256034554345,8,2,26.4021192589075
2.5,73,98.1004660214579,157.02616149257,8,-75.4812252345901,-6.40000000000091,-16.0507681273854,0,2,57.4036459862047
2.5,74,107.961978707918,85.3583531092471,6,-57.9164034930978,-6.40993993997407,6.31405361410691,7,1,71.8474363518655
2.5,75,84.1947615569225,160.763310653495,3,-52.7118087738923,-5.61038976807711,15.2742643745254,11,2,70.699563384606
2.5,76,162.712944998764,162.687358014315,8,-83.9719323562138,-6.4,-21.1695428927953,0,2,29.5776608934007
2.5,77,170.177372313335,79.3094621717878,1,-76.5511630750209,-6.40000000000142,-17.1207059678162,0,2,77.1785494286647
2.5,78,29.8727184101971,111.178892829462,6,-58.7097249337257,-6.42039140995221,5.52073217347893,6,1,68.558109600791
2.5,79,50.0164561253588,67.2720733314278,4,-72.5044224919715,-4.80000000000403,-5.87765042905845,1,1,29.1646153406878
2.5,80,104.64395029695,39.4133127010303,2,-84.5032218692003,-6.40000000000047,-21.1695428927953,0,1,60.4176236873121
2.5,81,131.321465621169,94.0599316004337,6,-51.7871824654883,-6.41742874584582,12.4432746417163,10,2,63.4856590033478
2.5,82,199.053837880509,133.03458702703,8,-73.1945611560584,-6.4,-13.7641040488537,0,2,56.976786923717
2.5,83,138.2926882619,148.41413191512,8,-62.3281785704564,-6.40000000000319,-2.8977214632517,2,2,26.3025878140477
2.5,84,41.6843262373746,130.870245936705,6,-61.2793336202552,-6.41096933565366,2.95112348694945,5,1,84.6250383042131
2.5,85,1.32814451740394,166.308016209539,7,-62.9076800275749,-5.61256220168036,5.07839312084288,6,1,128.252696465677
2.5,86,153.634150932478,77.4778947786538,1,-79.0993932377589,-6.4000000000016,-19.6689361305542,0,2,76.3211163357563
2.5,87,175.459439642933,89.2693886537211,1,-73.510307994782,-6.40000000000089,-14.0798508875773,0,2,69.9188116419676
2.5,88,103.54496127423,88.4463210235405,6,-56.8359250988297,-6.41012341962937,7.39453200837492,7,1,69.9816581548616
2.5,89,21.2917424935228,125.914402461786,7,-58.2699960955367,-5.61140500613757,9.71607705288105,8,1,84.4950326953496
2.5,90,138.726934421617,51.6694415821823,1,-70.2230624815519,-6.40000000000044,-10.7926053743472,0,1,91.8014483930087
2.5,91,104.977752743379,161.134345572001,8,-72.2231233582911,-6.40000000000055,-12.7926662510864,0,2,51.9925610001375
2.5,92,107.63546869353,4.32228427374869,5,-83.6473742169421,-6.40000000000045,-21.1695428927953,0,1,77.2046045614583
2.5,93,92.2974813126484,172.717989033791,3,-54.4671634252663,-5.61377560424556,13.5189097231515,10,2,66.316948728086
2.5,94,93.1660247770171,65.8602731904186,4,-64.9852898175317,-4.80000000000168,1.64148224538131,4,1,51.6440118573757
2.5,95,194.190464919226,139.018164564206,8,-98.6543327943216,-6.40000000000001,-21.1695428927953,0,2,51.2410762895959
2.5,96,62.4225504956729,184.109815488214,3,-62.0997618414665,-5.60817835827439,5.88631130695127,6,2,96.8789924303663
2.5,97,92.0487103082322,100.702924283724,6,-42,-6.41041251808977,13.8304571072047,10,1,69.9366182304138
2.5,98,174.352874114949,38.2550971232182,1,-76.2692011039131,-6.40000000000166,-16.8387439967084,0,2,116.757165932545
2.5,99,110.185899209052,155.330083294674,8,-60.1491211144041,-6.40000000000075,-0.718664007199411,3,2,46.5383971546072
2.5,100,40.9962372301138,25.0221754544205,4,-85.3718873762318,-4.80000000000003,-13.973227937087,0,1,35.4571496745881
3,1,18.5618072661293,175.391361728015,7,-58.2769709630126,-5.60894194111158,9.70910218540519,8,1,131.391033021199
3,2,188.470173217106,15.2889333842223,1,-76.1473981020536,-6.40000000000055,-16.716940994849,0,2,142.053777479216
3,3,156.798125855177,32.9053218835623,1,-83.2857215540102,-6.40000000000025,-21.1695428927953,0,1,110.681153346371
3,4,54.7255038065412,8.10256084811746,4,-91.8537631374388,-4.80000000000001,-13.973227937087,0,1,48.2698228058829
3,5,63.3303358661354,85.358157898943,6,-48.2700972634209,-6.43043394165485,13.8304571072047,10,1,44.4988447525389
3,6,114.764701145065,38.8019665493037,2,-70.3900115252708,-6.40000000000096,-10.9595544180662,0,1,69.8005191067555
3,7,59.9012509155546,88.937046948301,6,-47.6083782475763,-6.43048149204846,13.8304571072047,10,1,46.5443701724168
3,8,145.823848007172,135.103924506884,6,-47.2510793368244,-6.47660850696387,13.8304571072047,10,2,28.1350903777439
3,9,197.44634440648,145.101898689623,8,-85.7864685126671,-6.40000000000001,-21.1695428927953,0,2,53.1732733051579
3,10,82.0492704085972,83.6925700841314,6,-47.5502551363731,-6.41753452850263,13.8304571072047,10,1,52.1017755225049
3,11,154.688740600123,65.2332991812158,1,-77.9649239582636,-6.40000000000175,-18.5344668510589,0,2,88.0887498839466
3,12,144.734031732819,126.005577269378,6,-48.3367774307393,-6.4556700800462,13.8304571072047,10,2,33.9957753841082
3,13,93.9604387911325,26.2158393086901,2,-72.6416878413192,-6.4000000000013,-13.2112307341146,0,1,55.2309376934609
3,14,178.536581063413,104.369962859897,1,-67.2978038682285,-6.40000000000117,-7.86734676102379,0,2,58.725520416561
3,15,183.964155148559,200,8,-80.7958716211485,-6.4,-21.1695428927953,0,2,64.852246182807
3,16,93.4489078764242,140.357395951447,6,-54.2897620954341,-6.41029350017965,9.94069501177054,8,2,61.9939983644089
3,17,152.121861661067,108.762183321213,6,-61.4304427911725,-6.43977002572823,2.80001431603213,5,2,47.5111547043633
3,18,61.5967445522524,20.9242103291199,4,-69.2245778598941,-4.8,-2.59780579698101,2,1,39.1425092347879
3,19,118.605104742005,54.5309290224493,2,-90.4504691152023,-6.40000000000082,-21.1695428927953,0,1,72.6597530581271
3,20,52.6042470989405,198.772097954891,3,-67.4656762328056,-5.60881590926112,0.520396915612115,4,2,111.431145655448
3,21,99.9525577296717,74.3897999326815,4,-72.046169657009,-4.8000000000016,-5.419397594096,1,1,60.3520535234089
3,22,143.456636925251,33.3338327783763,1,-76.3023318287281,-6.40000000000022,-16.8718747215235,0,1,97.7964933688185
3,23,127.487374593041,181.771416566548,8,-75.2225508233253,-6.4,-15.7920937161206,0,2,45.4806685676361
3,24,185.715120245581,50.6188563747621,1,-90.4346479266327,-6.40000000000118,-21.1695428927953,0,2,108.187021044192
3,25,109.525602725285,93.8638257757536,6,-47.6094959402732,-6.41039053436755,13.8304571072047,10,2,73.0869132696574
3,26,137.860786417717,121.856855372761,6,-47.7691209770501,-6.43621454869702,13.8304571072047,10,2,38.6218473911588
3,27,68.2709610492769,156.733487014683,3,-59.9105180425904,-5.60806448448722,8.07555510582739,7,2,85.3066565701981
3,28,147.023841834054,69.1299970568789,1,-83.9717819649431,-6.40000000000435,-21.1695428927953,0,2,84.2678164749101
3,29,143.034935180156,195.85333638616,8,-93.7068444679775,-6.40000000000002,-21.1695428927953,0,2,51.9931782610656
3,30,54.6789185989547,20.0778069738795,4,-74.081115436579,-4.80000000000002,-7.45434337366599,0,1,38.3337959866755
3,31,142.186353788675,144.368954133578,8,-67.9422934485253,-6.40000000000682,-8.51183634132065,0,2,25.3970814202244
3,32,44.9289150196384,94.7034014073211,6,-51.6349192877043,-6.41596793217392,12.5955378195004,10,1,50.7578565373098
3,33,177.14843225178,7.996716661694,1,-73.6604880699744,-6.40000000000024,-14.2300309627697,0,1,135.9531155777
3,34,126.325664199189,33.1907577140842,2,-60.537481256355,-6.40000000000051,-1.10702414915034,3,1,81.6113205485241
3,35,158.063319491104,67.0873806547434,1,-77.6481918479852,-6.40000000000191,-18.2177347407805,0,2,86.5550089128702
3,36,13.5672432416648,20.0330803974034,4,-80.4580362384902,-4.8,-13.8312641755772,0,1,52.7030552765255
3,37,82.2432455379364,90.6900921466399,6,-48.5220920720041,-6.41535183867834,13.8304571072047,10,1,56.987371247687
3,38,38.1917708291608,158.972867581408,7,-62.3142569701139,-5.61236466930815,5.67181617830382,6,1,112.101606344718
3,39,63.440084181259,110.20602272252,6,-44.7390902964633,-6.41975809128441,13.8304571072047,10,1,66.0125066549053
3,40,82.0646594353657,175.17230435158,3,-60.0240125870018,-5.60476934678048,7.96206056141597,7,2,76.1649880456988
3,41,187.378054352234,186.616453102257,8,-94.9931940696648,-6.4,-21.1695428927953,0,2,57.3596860604057
3,42,128.125959101953,27.4941097658949,2,-60.9002218897971,-6.40000000000054,-1.46976478259241,3,1,84.6311442722457
3,43,76.7896009491602,41.3721402726817,4,-67.3630643667279,-4.80000000000042,-0.736292303814809,3,1,36.6656880814956
3,44,57.3044866390728,128.47700656223,6,-54.2471814132175,-6.41686533637746,9.98327569398717,8,1,82.2450368352321
3,45,50.1175423457317,188.456990441788,3,-57.1584780793358,-5.60963146139759,10.827595069082,9,2,109.579630684249
3,46,87.3837487392915,120.279492346615,6,-51.8342154335138,-6.40621218338634,12.3962416736909,10,2,73.1871129169547
3,47,184.694421557313,72.4543013278133,1,-80.9065850335256,-6.40000000000065,-21.1695428927953,0,2,88.1435662414115
3,48,130.924228404605,75.0299252242351,1,-70.5781386949216,-6.40000000000188,-11.147681587717,0,2,80.8495341597184
3,49,67.8737763126869,170.643012527095,3,-58.7638646849153,-5.60666032567432,9.22220846350243,8,2,87.8811730880534
3,50,119.473877609283,17.4654137763968,5,-79.5022049065691,-6.40000000000024,-20.0717477993645,0,1,80.233216131542
3,51,141.871602575657,28.3417201190164,1,-81.1698997734403,-6.40000000000061,-21.1695428927953,0,1,97.2713855520859
3,52,178.063895453919,188.942979978483,8,-91.8253324218075,-6.40000000000001,-21.1695428927953,0,2,53.445186103643
3,53,105.593264603322,150.313592449313,8,-73.0002070755691,-6.40000000000165,-13.5697499683644,0,2,50.242476937496
3,54,107.131753695559,0.598265492243831,5,-71.9877413270156,-6.40000000000007,-12.557284219811,0,1,79.1000546947021
3,55,194.950148458426,40.4086930296152,1,-72.2636341294149,-6.40000000000014,-12.8331770222103,0,2,120.760177251906
3,56,40.3637887677375,13.362887894426,4,-78.7392334094396,-4.8,-12.1124613465266,0,1,44.5800914125261
3,57,152.646440828494,122.641457784856,6,-55.604647400696,-6.45317813426987,8.6258097065087,8,2,36.162736085597
3,58,28.2305022502724,90.7617125638547,6,-60.3883808081475,-6.43632448600551,3.84207629905717,5,1,51.8428224869528
3,59,57.5280115775628,28.7243486889257,4,-63.7383168767273,-4.80000000000004,2.88845518618572,5,1,32.5818092963288
3,60,32.6886011042667,170.2654441523,7,-61.95386905638,-5.60537859860392,6.03220409203779,7,2,121.346209407479
3,61,19.3314171788373,170.557134368688,7,-60.0422012776036,-5.61068936908924,7.94387187081412,7,1,126.597135115485
3,62,174.282155002141,128.471985836613,6,-60.6005065703024,-6.40007890811972,3.6299505369023,5,2,40.0665502054644
3,63,111.605632933066,102.732693326288,6,-44.8951777639779,-6.41250248013908,13.8304571072047,10,2,65.2730855916676
3,64,133.091763982261,159.449543127188,8,-66.2387176263141,-6.40000000000046,-6.80826051910943,0,2,30.4537733383592
3,65,153.340792881921,174.395282901595,8,-75.5163290576215,-6.40000000000003,-16.0858719504168,0,2,34.0373430944417
3,66,101.25566220012,87.8457690117835,6,-45.324189561106,-6.41037176339116,13.8304571072047,10,1,67.9094628138527
3,67,194.301532170577,88.3561745203988,1,-92.9041961868962,-6.40000000000082,-21.1695428927953,0,2,79.4659485089067
3,68,46.2245077514374,151.221774019674,3,-59.6050617249313,-5.61336708376257,8.38101142348646,8,1,103.982459469898
3,69,77.0896561794174,63.5985811991373,4,-79.1259972739522,-4.80000000000538,-12.4992252110391,0,1,38.3538900575754
3,70,15.3821137422883,72.5856463927343,4,-76.7247198748143,-4.8,-10.0979478119013,0,1,47.54744443111
3,71,123.371371405692,58.5547476064406,2,-86.8200023167248,-6.40000000000081,-21.1695428927953,0,1,77.5163972883276
3,72,152.032392074361,137.929276898499,8,-65.9372966115936,-6.40000000000055,-6.50683950438888,1,2,26.4968483736659
3,73,97.0013377787242,156.125100415192,8,-73.1959215004131,-6.40000000000105,-13.7654643932084,0,2,58.2977276773381
3,74,107.699322440725,85.8297596758635,6,-52.5756643361961,-6.40985587142176,11.6547927710085,9,1,71.8695588448186
3,75,85.3964461068928,161.2765572476,3,-54.1793378998488,-5.60569520910752,13.806735248569,10,2,69.6636915399839
3,76,162.897452487468,162.61705558893,8,-82.1751570605096,-6.4,-21.1695428927953,0,2,29.6274260171323
3,77,171.266940713518,79.4569045547552,1,-77.4882379739772,-6.40000000000193,-18.0577808667725,0,2,77.3360270657165
3,78,30.1123392467962,111.309280017335,6,-57.9573424325023,-6.41806515209917,6.27311467470232,7,1,68.6046417269163
3,79,49.0949283427675,67.3117957024066,4,-60.274335127327,-4.80000000000256,6.35243693558605,7,1,29.2021818559263
3,80,104.760147403575,39.2580526294259,2,-72.6526237229134,-6.40000000000048,-13.2221666157087,0,1,60.5500881665208
3,81,130.312565051226,93.3112602325264,6,-47.0359781408676,-6.41771761763103,13.8304571072047,10,2,64.4473297452003
3,82,199.115268449913,132.24217573137,8,-78.4997304292226,-6.4,-19.0692733220179,0,2,57.2704104897333
3,83,137.115045995471,148.891723959819,8,-62.2982083290888,-6.40000000000257,-2.86775122188411,2,2,26.8235030426689
3,84,41.6641964444419,130.210217227169,6,-55.3867695180009,-6.41532489762832,8.84368758920378,8,1,83.9965152166832
3,85,1.69707355001614,166.655366417717,7,-64.7621098242612,-5.61393915213726,3.2239633241565,5,1,128.428568541756
3,86,153.504144366187,77.1004409318937,1,-80.1779305663706,-6.40000000000182,-20.7474734591659,0,2,76.6738204347703
3,87,174.417306849026,89.889819364897,1,-77.0586981172576,-6.40000000000207,-17.6282410100529,0,2,69.0049903249336
3,88,104.017671649309,87.3589163762124,6,-48.3523861732516,-6.40991080733986,13.8304571072047,10,1,69.7556268928706
3,89,20.7344365883801,125.723576799405,7,-63.8663685804462,-5.6201579796735,4.11970456797151,5,1,84.5149885233087
3,90,138.879047323487,52.1488808285333,1,-68.5814859266012,-6.40000000000038,-9.15102881939652,0,1,91.9584294230057
3,91,104.689278210121,160.458705399117,8,-65.6267387763381,-6.40000000000079,-6.19628166913346,1,2,52.1027449156508
3,92,107.117334112194,3.3582185050916,5,-71.6948626585468,-6.4000000000001,-12.2644055513421,0,1,77.3957081310251
3,93,91.3122424053121,173.460603724745,3,-56.7233494044468,-5.61512120174974,11.262723743971,9,2,67.4307260721873
3,94,92.5317517747394,65.9791863076736,4,-79.2378451041724,-4.80000000000332,-12.6110730412593,0,1,51.1520703792465
3,95,194.215090470226,139.969646166598,8,-84.3080214104266,-6.40000000000002,-21.1695428927953,0,2,51.0669386522579
3,96,63.6046802429794,184.466806314984,3,-60.7049160021731,-5.6097679878194,7.28115714624468,7,2,95.9393663387061
3,97,91.4652069027916,101.826913096377,6,-54.1362734687592,-6.41102482543024,10.0941836384455,8,1,70.4105269444192
3,98,175.206133165251,37.7230854125074,1,-76.3796051304301,-6.40000000000147,-16.9491480232255,0,2,117.446603605347
3,99,110.383920883557,156.013405416925,8,-68.5443410421134,-6.40000000000133,-9.11388393490872,0,2,46.4526077768365
3,100,41.8881015664947,25.7295397373673,4,-80.0543091372651,-4.80000000000004,-13.4275370743521,0,1,34.7434617957903
3.5,1,18.6879503751942,175.348123105815,7,-62.5073960683332,-5.60640865190937,5.47867708008451,6,1,131.319634548139
3.5,2,188.305900043352,16.4749019758949,1,-81.9646140112208,-6.40000000000123,-21.1695428927953,0,2,140.884860011565
3.5,3,156.33993969723,32.6301123499752,1,-75.2207914491256,-6.40000000000029,-15.7903343419209,0,1,110.282119002969
3.5,4,54.7810434171328,7.68363547019197,4,-65.8899749820092,-4.8,0.736797080903824,4,1,48.6393162285008
3.5,5,62.0505924681865,86.120239701956,6,-50.6892502980753,-6.41936381211949,13.5412068091294,10,1,44.7452622627365
3.5,6,114.369121192749,37.7053759974321,2,-74.1459365170954,-6.4000000000011,-14.7154794098908,0,1,69.6189021925178
3.5,7,60.4747653352687,88.4946022927538,6,-50.2358951210817,-6.41390899431666,13.8304571072047,10,1,46.3012431205279
3.5,8,144.473570217613,135.41068106407,6,-50.6694095109325,-6.48242650854676,13.5610475962722,10,2,28.2070851587672
3.5,9,197.260981359168,146.274029266964,8,-90.3291051028291,-6.40000000000001,-21.1695428927953,0,2,52.9125052982286
3.5,10,81.9114843025545,84.5590891978392,6,-50.3372410384302,-6.41748970921528,13.8304571072047,10,1,52.5825396550641
3.5,11,154.568448765052,64.4502219448908,1,-87.4721237789664,-6.40000000000131,-21.1695428927953,0,2,88.8362834060349
3.5,12,145.662120299182,125.712593572688,6,-48.5028363332547,-6.45906814543686,13.8304571072047,10,2,34.0726475529007
3.5,13,93.5380307479619,25.488726392924,2,-71.4450278055192,-6.4000000000009,-12.0145706983145,0,1,55.2142432280966
3.5,14,178.448290018213,103.830001793416,1,-86.284587892808,-6.40000000000097,-21.1695428927953,0,2,59.1035019212595
3.5,15,183.857643202077,198.960574750378,8,-80.1742912718453,-6.4,-20.7438341646406,0,2,63.9978740513036
3.5,16,93.5391647153677,141.415539085179,6,-55.6417476202936,-6.41083621377678,8.58870948691102,8,2,61.7557194941203
3.5,17,151.137282203464,107.798386537924,6,-45.1188843573232,-6.43660192957701,13.8304571072047,10,2,48.3168665127699
3.5,18,62.6619500036794,21.3859432493328,4,-76.0612711970197,-4.80000000000001,-9.43449913410671,0,1,39.1323296217601
3.5,19,118.866025180206,55.1278841539295,2,-76.2909767437944,-6.40000000000085,-16.8605196365897,0,1,72.9456963776262
3.5,20,52.2146973848265,198.976902807686,3,-63.8252467884051,-5.60418401347517,4.16082636001265,5,2,111.861308843472
3.5,21,99.0360318685164,73.3880754404209,4,-77.9523320810579,-4.80000000000168,-11.3255600181449,0,1,59.1927740033949
3.5,22,143.183799048007,33.8409975041253,1,-74.3042308425808,-6.40000000000054,-14.8737737353761,0,1,97.4504169651472
3.5,23,127.120053197346,181.86478784241,8,-71.8254443743497,-6.4,-12.394987267145,0,2,45.7286198122589
3.5,24,184.981011355626,49.4045367871384,1,-75.2301209224299,-6.40000000000027,-15.7996638152252,0,2,109.065890059508
3.5,25,109.107037271151,93.609771413982,6,-59.9679332979553,-6.410853551487,4.26252380924938,5,2,73.5142318243647
3.5,26,138.604816709876,121.181740207192,6,-45.7510734199748,-6.43920917492835,13.8304571072047,10,2,38.89205959706
3.5,27,67.5161300220977,156.507007428628,3,-53.2480683264621,-5.60774901224886,14.7380048219556,11,2,86.0126732069625
3.5,28,147.37593684501,70.5875436240543,1,-71.8468473866465,-6.40000000000131,-12.4163902794418,0,2,82.8581555135211
3.5,29,143.634801229583,194.866035525722,8,-67.2202370263025,-6.4,-7.7897799190978,0,2,51.046321113105
3.5,30,54.9093186125905,20.4019887363642,4,-70.1802336687164,-4.80000000000003,-3.55346160580334,2,1,38.1102831267656
3.5,31,142.281238947762,144.282152673227,8,-72.7758523505603,-6.40000000001225,-13.3453952433556,0,2,25.3874585225429
3.5,32,44.5478600046982,93.932659157523,6,-52.5715339238085,-6.42434685877432,11.6589231833961,9,1,50.1203987531969
3.5,33,176.090901402911,7.72543849718706,1,-93.2190050950229,-6.40000000000039,-21.1695428927953,0,1,135.049264962286
3.5,34,126.59424190516,34.6205762034273,2,-72.8346753163357,-6.40000000000052,-13.404218209131,0,1,81.5809694067237
3.5,35,158.590226831559,67.294134372585,1,-83.6637594185903,-6.40000000000114,-21.1695428927953,0,2,86.4077670478624
3.5,36,13.6555791947442,19.1637653817238,4,-111.160170927112,-4.8,-13.973227937087,0,1,53.1417000960911
3.5,37,81.4978187416372,90.4651761358988,6,-51.764281280068,-6.41622093034006,12.4661758271366,10,1,56.4073848462269
3.5,38,38.402759091525,158.427674694619,7,-57.4823907077297,-5.61125768391092,10.503682440688,9,1,111.549570310115
3.5,39,64.2076931624643,111.172009524897,6,-52.3351821975726,-6.4184223856827,11.8952749096321,9,1,67.0531378409156
3.5,40,81.6569024002673,175.120275571425,3,-56.5933012842664,-5.61548024587837,11.3927718641513,9,2,76.5118110771853
3.5,41,188.401502968914,186.575739297438,8,-85.8540109983378,-6.4,-21.1695428927953,0,2,58.0061215340731
3.5,42,128.402269082741,28.5413961084617,2,-70.4719218942511,-6.40000000000029,-11.0414647870464,0,1,84.614641039813
3.5,43,76.7901534552841,41.3680849486499,4,-83.5083341909559,-4.80000000000435,-13.973227937087,0,1,36.6670462351605
3.5,44,55.9486883940384,128.430694907779,6,-48.4218967105334,-6.41346479457268,13.8304571072047,10,1,82.0914782259797
3.5,45,50.0504167847475,188.288442336994,3,-63.6754111077004,-5.60339031152299,4.31066204071736,6,2,109.58181419148
3.5,46,86.6268478594435,120.024861421703,6,-48.3270017595621,-6.40722015056797,13.8304571072047,10,2,73.9385917164929
3.5,47,183.968269112484,72.5352950325771,1,-71.9404753024958,-6.40000000000043,-12.5100181952911,0,2,87.7888023735829
3.5,48,130.639138261732,76.4571991897459,1,-75.2866739386396,-6.40000000000158,-15.8562168314349,0,2,79.5967117302281
3.5,49,68.2914136249545,170.064979651376,3,-59.1690888327595,-5.60983168358479,8.81698431565829,8,2,87.3564336257976
3.5,50,119.814085161991,18.2100490429747,5,-83.382455200415,-6.40000000000036,-21.1695428927953,0,1,80.2300284734828
3.5,51,143.148315306382,28.6667863623782,1,-73.8900300036547,-6.40000000000068,-14.45957289645,0,1,98.4071371828568
3.5,52,178.308954172095,189.028605424193,8,-87.2798300598101,-6.40000000000001,-21.1695428927953,0,2,53.6365447029831
3.5,53,105.676577615834,150.912575550112,8,-74.980797985994,-6.40000000000152,-15.5503408787894,0,2,50.1761752824964
3.5,54,106.785499569067,0.0042083047497441,5,-75.0446922871854,-6.40000000000004,-15.6142351799807,0,1,79.2238736022376
3.5,55,194.147035397976,41.0595920215888,1,-77.5992737364666,-6.40000000000056,-18.1688166292619,0,2,119.871694844666
3.5,56,40.026459938792,12.9597369578915,4,-83.0721808308346,-4.80000000000001,-13.973227937087,0,1,44.9855819966921
3.5,57,152.422751246146,122.586133774324,6,-49.6616686275191,-6.45833491979606,13.8304571072047,10,2,36.1889456193456
3.5,58,27.5223489038163,89.4928312065573,6,-64.5332801518093,-6.43008871609035,-0.302823044604625,3,1,51.158367013729
3.5,59,58.2536918171516,29.1868474515736,4,-75.4560321684705,-4.80000000000005,-8.82926010555741,0,1,32.458600518454
3.5,60,33.0686516409537,170.235561252007,7,-55.7849191141948,-5.60394076410562,12.201154034223,9,2,120.973832576505
3.5,61,19.6838191257788,171.048293789918,7,-61.917357359809,-5.60858663666843,6.06871578860876,7,1,126.980353804236
3.5,62,173.938098060453,129.786654325356,6,-58.753149760541,-6.4000132916648,5.47730734666368,6,2,39.1645487924284
3.5,63,111.116337697282,102.210248423849,6,-53.0408582226482,-6.41141058094467,11.1895988845565,9,2,65.9397418085785
3.5,64,132.721958382122,160.57644897886,8,-67.7606891850959,-6.40000000000013,-8.3302320778912,0,2,31.0264724896591
3.5,65,154.5942382827,175.194498143467,8,-88.145576114434,-6.40000000000004,-21.1695428927953,0,2,34.7580172348678
3.5,66,100.169002677623,87.8634541577245,6,-43.7550314307235,-6.41103391413875,13.8304571072047,10,1,67.1030550006592
3.5,67,194.353936366284,88.4064047974423,1,-68.3699119257276,-6.40000000000005,-8.93945481852294,0,2,79.4562309775697
3.5,68,46.5688276699003,151.575365331072,3,-57.7884793301877,-5.61448920801626,10.1975938182301,8,1,104.314801374012
3.5,69,77.351002280895,62.959305099406,4,-68.8266011669554,-4.80000000000342,-2.19982910404235,3,1,38.3180233627599
3.5,70,15.9433330382344,72.0416120817819,4,-71.1861144471291,-4.8,-4.55934238421607,2,1,46.8821845449673
3.5,71,124.478761546785,59.4137795196948,2,-85.5894621467511,-6.40000000000092,-21.1695428927953,0,1,78.6635567870429
3.5,72,151.840284339491,137.685366637332,8,-58.4998638267512,-6.40000000000078,0.930593280453519,4,2,26.5948649424491
3.5,73,95.9022095359905,155.224039337815,8,-77.0623540479301,-6.40000000000091,-17.6318969407255,0,2,59.2124270748204
3.5,74,107.436666173531,86.30116624248,6,-42,-6.40997399985492,13.8304571072047,10,1,71.8957251280896
3.5,75,86.598130656863,161.789803841706,3,-52.4570584805507,-5.6046219035026,15.529014667867,11,2,68.6370636815862
3.5,76,163.081959976172,162.546753163545,8,-72.3432447759702,-6.4,-12.9127876687655,0,2,29.6784213152434
3.5,77,172.356509113702,79.6043469377225,1,-76.0388885732563,-6.40000000000168,-16.6084314660516,0,2,77.5087831785248
3.5,78,30.3519600833952,111.439667205208,6,-62.2323350917278,-6.41392283736581,1.99812201547682,4,1,68.6522263211558
3.5,79,48.1734005601762,67.3515180733854,4,-69.7041168881496,-4.80000000000161,-3.07734482523651,2,1,29.2687827721718
3.5,80,104.8763445102,39.1027925578216,2,-64.4507092519334,-6.40000000000168,-5.02025214472875,1,1,60.6828832278104
3.5,81,129.303664481282,92.5625888646191,6,-43.9936642054817,-6.41700617397072,13.8304571072047,10,2,65.4189919047834
3.5,82,199.176699019317,131.44976443571,8,-84.6125838241508,-6.40000000000001,-21.1695428927953,0,2,57.5735092375577
3.5,83,135.937403729042,149.369316004518,8,-68.9926870100625,-6.40000000000104,-9.56222990285785,0,2,27.3935097455972
3.5,84,41.6440666515092,129.550188517633,6,-59.3088405557048,-6.41536735151898,4.92161655149989,6,1,83.368483945166
3.5,85,2.06600258262835,167.002716625896,7,-58.7887891398447,-5.61307075807366,9.19728400857301,8,1,128.60619660906
3.5,86,153.374137799896,76.7229870851336,1,-72.9968060807337,-6.40000000000225,-13.566348973529,0,2,77.0269785699672
3.5,87,173.375174055118,90.5102500760728,1,-75.4236438924598,-6.40000000000134,-15.9931867852551,0,2,68.1005073998604
3.5,88,104.490382024388,86.2715117288843,6,-42,-6.41043477282348,13.8304571072047,10,1,69.5490783279139
3.5,89,20.1771306832374,125.532751137025,7,-64.8446485416965,-5.62146826506834,3.14142460672123,5,1,84.5390444032368
3.5,90,139.031160225357,52.6283200748843,1,-80.3486806048321,-6.40000000000068,-20.9182234976274,0,1,92.1178894541626
3.5,91,104.400803676862,159.783065226234,8,-77.5123198515958,-6.40000000000174,-18.0818627443911,0,2,52.2230319929515
3.5,92,106.599199530858,2.39415273643451,5,-74.4212537461623,-6.40000000000003,-14.9907966389576,0,1,77.6017788534249
3.5,93,90.3270034979759,174.2032184157,3,-58.6380616501708,-5.61591648594403,9.34801149824691,8,2,68.5486126278908
3.5,94,91.8974787724618,66.0980994249285,4,-73.0872106660581,-4.80000000000472,-6.46043860314507,1,1,50.6635720472192
3.5,95,194.239716021225,140.92112776899,8,-88.5213265827118,-6.4,-21.1695428927953,0,2,50.9100028935931
3.5,96,64.7868099902859,184.823797141754,3,-61.9304888976873,-5.60365803053803,6.05558425073045,7,2,95.0064976672737
3.5,97,90.881703497351,102.950901909031,6,-51.8731019296274,-6.41012249764079,12.3573551775772,10,1,70.9038905408241
3.5,98,176.059392215553,37.1910737017966,1,-71.322005658352,-6.40000000000103,-11.8915485511474,0,2,118.140576328362
3.5,99,110.581942558061,156.696727539176,8,-76.7651938278864,-6.40000000000172,-17.3347367206818,0,2,46.3775744539312
3.5,100,42.7799659028756,26.4369040203141,4,-60.6047357879716,-4.80000000000004,6.02203627494147,7,1,34.0528763030604
4,1,18.814093484259,175.304884483616,7,-60.3983290957555,-5.61228233535559,7.5877440526622,7,1,131.248332715737
4,2,188.141626869597,17.6608705675675,1,-88.4000125935779,-6.40000000000027,-21.1695428927953,0,2,139.716423083307
4,3,155.881753539283,32.3549028163882,1,-79.0576106069726,-6.40000000000051,-19.6271534997679,0,1,109.884235389671
4,4,54.8365830277243,7.26471009226648,4,-81.6715137458151,-4.80000000000001,-13.973227937087,0,1,49.0096678103627
4,5,60.7708490702375,86.882321504969,6,-47.7093734629956,-6.43187559037892,13.8304571072047,10,1,45.0396140002302
4,6,113.973541240433,36.6087854455606,2,-73.5327722136392,-6.40000000000088,-14.1023151064345,0,1,69.4563791604805
4,7,61.0482797549829,88.0521576372066,6,-47.7890797755673,-6.43137633949628,13.8304571072047,10,1,46.0682231738016
4,8,143.123292428054,135.717437621256,6,-48.9031950790932,-6.47532627670683,13.8304571072047,10,2,28.3466169962621
4,9,197.075618311856,147.446159844304,8,-91.2876238922607,-6.4,-21.1695428927953,0,2,52.6771861338893
4,10,81.7736981965118,85.4256083115469,6,-46.664700824105,-6.41515967178652,13.8304571072047,10,1,53.0734549593877
4,11,154.448156929981,63.6671447085659,1,-77.7210795054258,-6.40000000000151,-18.2906223982211,0,2,89.5845857435611
4,12,146.590208865545,125.419609875998,6,-54.1653283574392,-6.4471847751309,10.0651287497655,8,2,34.1770720546498
4,13,93.1156227047912,24.7616134771579,2,-83.8127451667284,-6.40000000000217,-21.1695428927953,0,1,55.2103529738607
4,14,178.359998973014,103.290040726935,1,-76.0742033513306,-6.4000000000012,-16.643746244126,0,2,59.4841141569805
4,15,183.751131255595,197.921149500756,8,-100.327745948171,-6.4,-21.1695428927953,0,2,63.149231432427
4,16,93.6294215543112,142.473682218912,6,-45.9546228047803,-6.41395519412697,13.8304571072047,10,2,61.5348484490169
4,17,150.152702745861,106.834589754634,6,-51.9567261167048,-6.42724765791766,12.2737309904999,9,2,49.1480005674628
4,18,63.7271554551064,21.8476761695457,4,-71.7378967486992,-4.8,-5.11112468578611,1,1,39.1565848094982
4,19,119.126945618406,55.7248392854096,2,-72.834811347812,-6.40000000000097,-13.4043542406074,0,1,73.2363188272991
4,20,51.8251476707124,199.18170766048,3,-66.7749519633757,-5.60211934774345,1.21112118504209,4,2,112.29154909555
4,21,98.1195060073612,72.3863509481603,4,-64.1130259117319,-4.8000000000014,2.51374615118115,5,1,58.042101677719
4,22,142.910961170763,34.3481622298743,1,-81.6026605232276,-6.40000000000082,-21.1695428927953,0,1,97.1065225989344
4,23,126.75273180165,181.958159118273,8,-71.9331001388894,-6.4,-12.5026430316847,0,2,45.9783580928556
4,24,184.246902465671,48.1902171995148,1,-80.5251859935236,-6.40000000000146,-21.0947288863189,0,2,109.956046684005
4,25,108.688471817016,93.3557170522103,6,-53.3690358940352,-6.40863200211848,10.8614212131694,9,2,73.9423231409637
4,26,139.348847002035,120.506625041623,6,-52.6191553809117,-6.43720979986547,11.6113017262929,9,2,39.1861739216964
4,27,66.7612989949184,156.280527842574,3,-54.7918642472095,-5.60899481931354,13.1942089012082,10,2,86.7201036380534
4,28,147.728031855967,72.0450901912298,1,-70.5943218455845,-6.40000000000129,-11.1638647383798,0,2,81.4517022691423
4,29,144.234667279011,193.878734665283,8,-83.4778921507464,-6.40000000000002,-21.1695428927953,0,2,50.1082070843695
4,30,55.1397186262263,20.726170498849,4,-61.8745707542066,-4.8,4.75220130870644,6,1,37.88962656479
4,31,142.376124106849,144.195351212876,8,-75.9881651526112,-6.40000000000538,-16.5577080454065,0,2,25.3784836264114
4,32,44.166804989758,93.1619169077249,6,-55.9600707554982,-6.43736262917216,8.27038635170647,8,1,49.4896679638979
4,33,175.033370554043,7.45416033268012,1,-85.2422199427867,-6.40000000000054,-21.1695428927953,0,1,134.148209921347
4,34,126.862819611132,36.0503946927704,2,-75.4031432230643,-6.40000000000108,-15.9726861158596,0,1,81.5765562327858
4,35,159.117134172014,67.5008880904267,1,-75.4105157886197,-6.40000000000079,-15.980058681415,0,2,86.2639878592383
4,36,13.7439151478236,18.2944503660442,4,-82.07463416101,-4.8,-13.973227937087,0,1,53.5910026627553
4,37,80.7523919453381,90.2402601251577,6,-44.0172058971316,-6.41603315562947,13.8304571072047,10,1,55.8322321361062
4,38,38.6137473538892,157.88248180783,7,-58.5591609584245,-5.61017793902428,9.42691218999322,8,1,110.997867683744
4,39,64.9753021436694,112.137996327274,6,-57.0772805168203,-6.41857638553389,7.15317659038436,7,1,68.1002221865871
4,40,81.249145365169,175.068246791269,3,-57.4940488034186,-5.61203870901557,10.4920243449992,9,2,76.8592675622637
4,41,189.424951585594,186.53502549262,8,-80.8454920478103,-6.4,-21.1695428927953,0,2,58.6633181406642
4,42,128.678579063528,29.5886824510286,2,-75.9134615205206,-6.40000000000117,-16.4830044133159,0,1,84.6120008482294
4,43,76.790705961408,41.3640296246182,4,-78.3517506546137,-4.80000000000034,-11.7249785917007,0,1,36.6684047953425
4,44,54.592890149004,128.384383253328,6,-60.3506633901048,-6.41736993953935,3.87979371709984,5,1,81.9600889331232
4,45,49.9832912237633,188.119894232201,3,-63.7047219527382,-5.60601466421501,4.28135119567951,5,2,109.584298011644
4,46,85.8699469795956,119.77023049679,6,-42,-6.40959229882953,13.8304571072047,10,2,74.6910480888913
4,47,183.242116667655,72.6162887373409,1,-82.3735987518512,-6.40000000000033,-21.1695428927953,0,2,87.438704755552
4,48,130.35404811886,77.8844731552566,1,-66.1318355642908,-6.40000000000155,-6.70137845708614,0,2,78.3508942987314
4,49,68.7090509372221,169.486946775656,3,-57.5489569506485,-5.60964521750279,10.4371161977692,9,2,86.8343796785835
4,50,120.1542927147,18.9546843095527,2,-75.3961235475683,-6.40000000000054,-15.9656664403636,0,1,80.235194351477
4,51,144.425028037107,28.99185260574,1,-85.3784863521852,-6.40000000000082,-21.1695428927953,0,1,99.5473664983026
4,52,178.554012890271,189.114230869903,8,-91.2339902463525,-6.4,-21.1695428927953,0,2,53.8284748871988
4,53,105.759890628347,151.511558650911,8,-61.2092581860259,-6.40000000000133,-1.77880107882119,3,2,50.1170837815907
4,54,106.439245442574,0.47524574999527,5,-82.442251192569,-6.40000000000119,-21.1695428927953,0,1,78.6787119216532
4,55,193.343922337527,41.7104910135625,1,-72.9152757559017,-6.4000000000015,-13.484818648697,0,2,118.985559460488
4,56,39.6891311098466,12.556586021357,4,-77.7779573372705,-4.80000000000002,-11.1511852743575,0,1,45.3935377300114
4,57,152.199061663798,122.530809763792,6,-52.4610627735816,-6.4375990903206,11.769394333623,9,2,36.2166023314467
4,58,26.8141955573601,88.22394984926,6,-56.9768165080023,-6.43883171596046,7.25364059920235,7,1,50.5064537433691
4,59,58.9793720567405,29.6493462142215,4,-78.7079695047763,-4.80000000000001,-12.0811974418633,0,1,32.3578156253167
4,60,33.4487021776408,170.205678351715,7,-55.0869663843913,-5.60523018091509,12.8991067640265,10,2,120.601511025896
4,61,20.0362210727204,171.539453211148,7,-61.1276974787494,-5.61140146497565,6.85837566966835,7,1,127.365288577649
4,62,173.594041118765,131.101322814099,8,-87.0297056458317,-6.40000000000003,-21.1695428927953,0,2,38.2895387239237
4,63,110.627042461498,101.68780352141,6,-51.9997196940686,-6.4083783673882,12.2307374131361,9,2,66.6074178595335
4,64,132.352152781982,161.703354830532,8,-66.5340396121696,-6.40000000000027,-7.10358250496497,0,2,31.6332898339682
4,65,155.847683683478,175.993713385338,8,-85.4946680172443,-6.40000000000004,-21.1695428927953,0,2,35.5263077172556
4,66,99.0823431551273,87.8811393036655,6,-42,-6.41070725235111,13.8304571072047,10,1,66.3046538678951
4,67,194.406340561991,88.4566350744857,1,-93.314185007429,-6.40000000000142,-21.1695428927953,0,2,79.4465785824823
4,68,46.9131475883632,151.928956642469,3,-55.8937186869014,-5.61426771091182,12.0923544615163,9,1,104.648415468336
4,69,77.6123483823725,62.3200289996747,4,-68.6924330558424,-4.80000000000353,-2.06566099292937,3,1,38.294580527045
4,70,16.5045523341804,71.4975777708296,4,-88.2100470076613,-4.80000000000002,-13.973227937087,0,1,46.2205675467808
4,71,125.586151687879,60.272811432949,2,-83.3444462961201,-6.4000000000013,-21.1695428927953,0,1,79.8188385139746
4,72,151.64817660462,137.441456376165,8,-54.7029372743287,-6.40000000000099,4.72751983287601,6,2,26.6961327549849
4,73,94.8030812932567,154.322978260437,8,-58.6225918257027,-6.4000000000011,0.807865281501972,4,2,60.1468035373372
4,74,107.174009906337,86.7725728090965,6,-49.5115298229926,-6.40815107329074,13.8304571072047,10,1,71.9259307883483
4,75,87.7998152068332,162.303050435811,3,-55.0724450766737,-5.61489638086486,12.913628071744,10,2,67.6201008453124
4,76,163.266467464876,162.47645073816,8,-77.663585325625,-6.4,-18.2331282184204,0,2,29.7306404575876
4,77,173.446077513885,79.7517893206899,1,-78.5606319423019,-6.40000000000061,-19.1301748350972,0,2,77.6967158535794
4,78,30.5915809199943,111.570054393081,6,-53.6040785371802,-6.4104521807389,10.6263785700245,9,1,68.7008611965821
4,79,47.2518727775849,67.3912404443641,4,-54.5576137631708,-4.80000000000089,12.0691582997423,9,1,29.3642205315289
4,80,104.992541616826,38.9475324862173,2,-69.8050810006996,-6.40000000000075,-10.3746238934949,0,1,60.816006705649
4,81,128.294763911339,91.8139174967118,6,-48.412667825388,-6.41679760102557,13.8304571072047,10,2,66.4002068576895
4,82,199.238129588722,130.657353140051,8,-90.1944027305034,-6.40000000000001,-21.1695428927953,0,2,57.8859343272995
4,83,134.759761462613,149.846908049216,8,-75.9598111399007,-6.40000000000287,-16.529354032696,0,2,28.0096109901916
4,84,41.6239368585766,128.890159808097,6,-58.5950585559531,-6.41406743143565,5.63539855125158,6,1,82.7409556888017
4,85,2.43493161524055,167.350066834074,7,-60.5917717533596,-5.60688469228316,7.39430139505814,7,1,128.785573401715
4,86,153.244131233605,76.3455332383735,1,-68.3402953222153,-6.40000000000095,-8.90983821501063,0,2,77.3805845248044
4,87,172.33304126121,91.1306807872487,1,-69.2007623545286,-6.40000000000055,-9.77030524732392,0,2,67.2057399077469
4,88,104.963092399467,85.1841070815562,6,-47.3610334352495,-6.40940483700795,13.8304571072047,10,1,69.3621865084912
4,89,19.6198247780947,125.341925474645,7,-64.6659384648832,-5.61911281193468,3.32013468353458,5,1,84.5671968362471
4,90,139.183273127228,53.1077593212353,1,-74.0999436709578,-6.40000000000057,-14.6694865637532,0,1,92.2798156352971
4,91,104.112329143603,159.10742505335,8,-61.8483589558528,-6.40000000000073,-2.41790184864816,2,2,52.353352593004
4,92,106.081064949523,1.43008696777742,5,-80.7277306808878,-6.4000000000011,-21.1695428927953,0,1,77.822697831868
4,93,89.3417645906397,174.945833106654,3,-61.1973554949118,-5.61229740119362,6.78871765350599,7,2,69.6704105941856
4,94,91.2632057701841,66.2170125421835,4,-71.1717534901019,-4.80000000000177,-4.54498142718889,2,1,50.1786174204301
4,95,194.264341572225,141.872609371382,8,-59.8225239363408,-6.4,-0.392066829136146,3,2,50.7704285313089
4,96,65.9689397375924,185.180787968524,3,-59.6931072941672,-5.60977547762129,8.29296585425051,8,2,94.080587428601
4,97,90.2982000919104,104.074890721685,6,-52.0202253757052,-6.41119688170875,12.2102317314995,9,1,71.4163058216387
4,98,176.912651265854,36.6590619910858,1,-76.0969340761545,-6.40000000000074,-16.6664769689499,0,2,118.839004652925
4,99,110.779964232566,157.380049661427,8,-70.1165450049471,-6.40000000000131,-10.6860878977425,0,2,46.3133494643167
4,100,43.6718302392565,27.1442683032609,4,-76.7407540121019,-4.80000000000004,-10.1139819491888,0,1,33.3868268021103
4.5,1,18.9402365933239,175.261645861416,7,-62.1845021103039,-5.60933151990768,5.80157103811384,6,1,131.17712768158
4.5,2,187.977353695843,18.8468391592402,1,-77.1032334905804,-6.40000000000022,-17.6727763833758,0,2,138.54847885221
4.5,3,155.423567381336,32.0796932828011,1,-87.8555584251797,-6.40000000000041,-21.1695428927953,0,1,109.487515051926
4.5,4,54.8921226383159,6.84578471434099,4,-76.9580632698882,-4.8,-10.3312912069751,0,1,49.3808582431424
4.5,5,59.4911056722886,87.644403307982,6,-44.6308839376254,-6.42586609976645,13.8304571072047,10,1,45.3809672362385
4.5,6,113.577961288117,35.512194893689,2,-63.3392632622668,-6.40000000000112,-3.90880615506214,2,1,69.3130843228879
4.5,7,61.6217941746971,87.6097129816594,6,-44.9755170170179,-6.42478851265001,13.8304571072047,10,1,45.8454644474437
4.5,8,141.773014638495,136.024194178442,6,-47.0945983643476,-6.46251750724093,13.8304571072047,10,2,28.5526957834162
4.5,9,196.890255264544,148.618290421644,8,-91.9292613219534,-6.4,-21.1695428927953,0,2,52.4676582299329
4.5,10,81.6359120904691,86.2921274252546,6,-49.6413911495164,-6.41675773064284,13.8304571072047,10,1,53.5742423823875
4.5,11,154.32786509491,62.8840674722409,1,-74.7891434350713,-6.40000000000214,-15.3586863278666,0,2,90.3336377904755
4.5,12,147.518297431909,125.126626179308,6,-51.2987122357361,-6.45986737265231,12.9317448714686,10,2,34.3087973100244
4.5,13,92.6932146616206,24.0345005613918,2,-81.1042060593594,-6.40000000000246,-21.1695428927953,0,1,55.2192696369626
4.5,14,178.271707927814,102.750079660455,1,-83.7040215968802,-6.4000000000012,-21.1695428927953,0,2,59.8673069483588
4.5,15,183.644619309113,196.881724251134,8,-89.5307373865767,-6.4,-21.1695428927953,0,2,62.3065524420548
4.5,16,93.7196783932547,143.531825352644,6,-53.483949386361,-6.41345681636069,10.7465077208437,9,2,61.3315732997889
4.5,17,149.168123288257,105.870792971345,6,-52.242299086976,-6.43352961591098,11.9881580202287,9,2,50.0032892102255
4.5,18,64.7923609065334,22.3094090897585,4,-75.8853255827073,-4.8,-9.25855351979424,0,1,39.2152109027541
4.5,19,119.387866056606,56.3217944168898,2,-69.5584273843961,-6.40000000000063,-10.1279702771914,0,1,73.5315649264921
4.5,20,51.4355979565983,199.386512513275,3,-67.1047602344593,-5.60972867381365,0.881312913958399,4,2,112.721865529263
4.5,21,97.202980146206,71.3846264558998,4,-81.457145606357,-4.80000000000165,-13.973227937087,0,1,56.9005587260924
4.5,22,142.638123293519,34.8553269556234,1,-69.9682417933969,-6.40000000000028,-10.5377846861922,0,1,96.764833534535
4.5,23,126.385410405954,182.051530394135,8,-78.922218971287,-6.4,-19.4917618640823,0,2,46.229854448196
4.5,24,183.512793575716,46.9758976118911,1,-75.1850796892278,-6.40000000000104,-15.7546225820232,0,2,110.857219007713
4.5,25,108.269906362882,93.1016626904386,6,-48.5669150758452,-6.40934175251471,13.8304571072047,10,2,74.3711738750656
4.5,26,140.092877294195,119.831509876055,6,-47.6977511978217,-6.4402086105039,13.8304571072047,10,2,39.5036564974241
4.5,27,66.0064679677392,156.054048256519,3,-58.3749690810208,-5.60808717681908,9.61110406739694,8,2,87.4289135443572
4.5,28,148.080126866923,73.5026367584052,1,-76.5894697025055,-6.40000000000268,-17.1590125953008,0,2,80.0486258205824
4.5,29,144.834533328438,192.891433804845,8,-65.4647252315692,-6.4,-6.03426812436455,1,2,49.1793365121007
4.5,30,55.3701186398621,21.0503522613337,4,-80.5894638681719,-4.80000000000001,-13.9626918052588,0,1,37.6718764916093
4.5,31,142.471009265936,144.108549752525,8,-66.5378781132809,-6.40000000000682,-7.10742100607623,0,2,25.3701574195372
4.5,32,43.7857499748177,92.3911746579268,6,-63.3115749474613,-6.43290852127797,0.918882159743387,4,1,48.8659246536309
4.5,33,173.975839705175,7.18288216817318,1,-80.3910662691005,-6.40000000000061,-20.9606091618958,0,1,133.250007167083
4.5,34,127.131397317103,37.4802131821135,2,-79.809850321026,-6.40000000000104,-20.3793932138213,0,1,81.5980852352196
4.5,35,159.644041512469,67.7076418082683,1,-73.7736988440225,-6.40000000000231,-14.3432417368178,0,2,86.1236886892944
4.5,36,13.832251100903,17.4251353503646,4,-82.560299663184,-4.8,-13.973227937087,0,1,54.0506971959678
4.5,37,80.0069651490389,90.0153441144166,6,-48.4313119808918,-6.41436316269938,13.8304571072047,10,1,55.2620640408121
4.5,38,38.8247356162534,157.337288921042,3,-62.2174344186743,-5.61084662712327,5.76863872974346,6,1,110.446503461929
4.5,39,65.7429111248746,113.103983129651,6,-48.5788416066132,-6.41735173648236,13.8304571072047,10,1,69.1534665617929
4.5,40,80.8413883300706,175.016218011113,3,-52.4549081142713,-5.61043323107742,15.5311650341464,11,2,77.2073489487344
4.5,41,190.448400202273,186.494311687802,8,-97.6850978921279,-6.4,-21.1695428927953,0,2,59.3309182845646
4.5,42,128.954889044315,30.6359687935954,2,-81.5928502798075,-6.40000000000094,-21.1695428927953,0,1,84.6232249950494
4.5,43,76.7912584675319,41.3599743005864,4,-60.2563313501376,-4.80000000000052,6.37044071277543,7,1,36.6697637619964
4.5,44,53.2370919039696,128.338071598877,6,-58.3221279823752,-6.41730571078796,5.90832912482944,7,1,81.850975717004
4.5,45,49.9161656627791,187.951346127408,3,-63.5892526129282,-5.60480689405099,4.39682053548951,6,2,109.587082124321
4.5,46,85.1130460997476,119.515599571878,6,-45.5090272418228,-6.40811081309868,13.8304571072047,10,2,75.4444527842544
4.5,47,182.515964222826,72.6972824421047,1,-88.756448917655,-6.40000000000207,-21.1695428927953,0,2,87.0933296594857
4.5,48,130.068957975987,79.3117471207673,1,-73.7525875791495,-6.40000000000193,-14.3221304719449,0,2,77.1124213812619
4.5,49,69.1266882494897,168.908913899936,3,-56.6752009843938,-5.61015005385032,11.3108721640239,9,2,86.3150599743198
4.5,50,120.494500267408,19.6993195761306,2,-92.0370810974315,-6.40000000000072,-21.1695428927953,0,1,80.2487121522896
4.5,51,145.701740767832,29.3169188491018,1,-76.407288607696,-6.40000000000019,-16.9768315004914,0,1,100.691921383435
4.5,52,178.799071608447,189.199856315612,8,-81.1192643092667,-6.4,-21.1695428927953,0,2,54.0209705639679
4.5,53,105.843203640859,152.110541751709,8,-61.0191839305676,-6.40000000000136,-1.58872682336294,3,2,50.0652279650094
4.5,54,106.092991316082,1.06930293748936,5,-74.9412178775667,-6.40000000000021,-15.5107607703621,0,1,78.0569458139966
4.5,55,192.540809277077,42.3613900055361,1,-77.9480842115514,-6.40000000000101,-18.5176271043467,0,2,118.101823929561
4.5,56,39.3518022809011,12.1534350848225,4,-94.3801588046831,-4.80000000000003,-13.973227937087,0,1,45.8038927444357
4.5,57,151.97537208145,122.475485753261,6,-54.725974716509,-6.44505186664738,9.50448239069564,8,2,36.2457029091606
4.5,58,26.1060422109039,86.9550684919626,6,-63.2223521069991,-6.42548856121442,1.00810500020554,4,1,49.8883584223088
4.5,59,59.7050522963293,30.1118449768694,4,-69.5331117629948,-4.8,-2.90633970008179,2,1,32.2796646559186
4.5,60,33.8287527143278,170.175795451422,7,-65.1199653602003,-5.60216382874731,2.86610778821749,5,2,120.229245269221
4.5,61,20.3886230196619,172.030612632379,7,-62.013181163454,-5.61032537641953,5.97289198496373,7,1,127.751923923303
4.5,62,173.249984177077,132.415991302843,8,-72.8310295553105,-6.40000000000001,-13.4005724481058,0,2,37.4434123190719
4.5,63,110.137747225715,101.165358618971,6,-52.0172868588732,-6.40802062063357,12.2131702483314,9,2,67.2760833807581
4.5,64,131.982347181843,162.830260682204,8,-68.8335802446999,-6.40000000000327,-9.40312313749522,0,2,32.272300851488
4.5,65,157.101129084256,176.79292862721,8,-89.7459113232737,-6.40000000000004,-21.1695428927953,0,2,36.3391945245632
4.5,66,97.9956836326311,87.8988244496065,6,-43.6420442715602,-6.4115564524202,13.8304571072047,10,1,65.5145521393965
4.5,67,194.458744757698,88.5068653515292,1,-87.0834568107918,-6.40000000000172,-21.1695428927953,0,2,79.4369913473884
4.5,68,47.2574675068261,152.282547953866,3,-55.3253971300026,-5.61061682296752,12.6606760184152,10,1,104.98328962464
4.5,69,77.8736944838501,61.6807528999434,4,-68.9392215904338,-4.80000000000301,-2.31244952752074,2,1,38.2835843735739
4.5,70,17.0657716301265,70.9535434598773,4,-74.1085908293618,-4.80000000000001,-7.4818187664488,0,1,45.5627521320206
4.5,71,126.693541828972,61.1318433462032,2,-83.4648913370455,-6.40000000000085,-21.1695428927953,0,1,80.9818948565465
4.5,72,151.45606886975,137.197546114999,8,-56.3993895180405,-6.40000000000256,3.03106758916421,5,2,26.8006149562103
4.5,73,93.703953050523,153.42191718306,8,-64.1836249403346,-6.40000000000106,-4.75316783312997,1,2,61.0999543317787
4.5,74,106.911353639144,87.2439793757129,6,-48.387091243535,-6.40997216925092,13.8304571072047,10,1,71.9601707389458
4.5,75,89.0014997568034,162.816297029917,8,-73.5488024242186,-6.40000000000111,-14.118345317014,0,2,66.6132456909157
4.5,76,163.450974953579,162.406148312775,8,-76.8865452583996,-6.4,-17.4560881511949,0,2,29.784077007025
4.5,77,174.535645914069,79.8992317036572,1,-87.4188694887296,-6.40000000000097,-21.1695428927953,0,2,77.8997152508152
4.5,78,30.8312017565934,111.700441580953,6,-57.3094937748385,-6.42577511257384,6.92096333236621,7,1,68.7505441242545
4.5,79,46.3303449949937,67.4309628153429,4,-59.6134418423379,-4.80000000000358,7.01333022057515,7,1,29.4882151464892
4.5,80,105.108738723451,38.792272414613,2,-62.6956521842599,-6.40000000000112,-3.26519507705523,2,1,60.949456448092
4.5,81,127.285863341396,91.0652461288045,6,-48.1438592695863,-6.41116378319849,13.8304571072047,10,2,67.3905573356098
4.5,82,199.299560158126,129.864941844391,8,-81.8506949319161,-6.4,-21.1695428927953,0,2,58.2075355835858
4.5,83,133.582119196183,150.324500093915,8,-66.5486194623285,-6.40000000000162,-7.11816235512379,0,2,28.668835176883
4.5,84,41.6038070656439,128.230131098562,6,-60.3014434106717,-6.41109926412209,3.92901369653299,5,1,82.113941979965
4.5,85,2.80386064785276,167.697417042252,7,-63.4480240701795,-5.61326289627909,4.53804907823829,6,1,128.966691622935
4.5,86,153.114124667315,75.9680793916135,1,-76.3284349525853,-6.40000000000103,-16.8979778453807,0,2,77.734632188041
4.5,87,171.290908467302,91.7511114984245,1,-72.6883190683605,-6.40000000000137,-13.2578619611559,0,2,66.3210810755676
4.5,88,105.435802774545,84.0967024342281,6,-49.3939476007115,-6.41056852966743,13.8304571072047,10,1,69.195110709837
4.5,89,19.062518872952,125.151099812264,7,-62.0136088726176,-5.62061071578695,5.97246427580014,7,1,84.5994417326695
4.5,90,139.335386029098,53.5871985675863,1,-70.9446358848928,-6.4000000000005,-11.5141787776882,0,1,92.444195007211
4.5,91,103.823854610344,158.431784880466,8,-70.6701998624997,-6.4000000000018,-11.2397427552951,0,2,52.4936319882429
4.5,92,105.562930368187,0.466021199120331,5,-74.1504417189837,-6.40000000000021,-14.719984611779,0,1,78.0583389968423
4.5,93,88.3565256833034,175.688447797608,3,-57.8861189986986,-5.60734660608994,10.0999541497191,8,2,70.7959340363815
4.5,94,90.6289327679064,66.3359256594385,4,-66.3662997753638,-4.80000000000197,0.260472287549273,4,1,49.6973102391846
4.5,95,194.288967123225,142.824090973774,8,-84.2655693843327,-6.4,-21.1695428927953,0,2,50.6483590967639
4.5,96,67.1510694848988,185.537778795294,3,-66.5069397343784,-5.60988062281723,1.4791334140393,4,2,93.1618430968351
4.5,97,89.7146966864698,105.198879534339,6,-42,-6.41084262719534,13.8304571072047,10,1,71.947365724846
4.5,98,177.765910316156,36.127050280375,1,-64.1854278153516,-6.40000000000047,-4.75497070814696,1,2,119.541810482915
4.5,99,110.977985907071,158.063371783678,8,-66.4890417127382,-6.40000000000141,-7.05858460553351,0,2,46.2599778252278
4.5,100,44.5636945756374,27.8516325862077,4,-83.205569122808,-4.80000000000006,-13.973227937087,0,1,32.7468104670255
5,1,19.0663797023887,175.218407239217,7,-63.7829856759309,-5.60950867020029,4.20308747248685,5,1,131.106019603385
5,2,187.813080522089,20.0328077509128,1,-70.7380028442668,-6.40000000000067,-11.3075457370622,0,2,137.381039884262
5,3,154.965381223389,31.804483749214,1,-86.5794889251397,-6.4000000000005,-21.1695428927953,0,1,109.091970680725
5,4,54.9476622489075,6.4268593364155,4,-82.5235079772595,-4.80000000000001,-13.973227937087,0,1,49.7528687516387
5,5,58.2113622743397,88.406485110995,6,-49.9757052749638,-6.4310412228736,13.8304571072047,10,1,45.7682703297987
5,6,113.182381335801,34.4156043418174,2,-77.1696998637729,-6.40000000000025,-17.7392427565682,0,1,69.1891371480621
5,7,62.1953085944112,87.1672683261122,6,-50.281880259733,-6.42770526835891,13.8304571072047,10,1,45.6331172125918
5,8,140.422736848936,136.330950735628,6,-53.1000678834154,-6.42712673141431,11.1303892237893,9,2,28.823894207004
5,9,196.704892217232,149.790420998985,8,-82.3333031461652,-6.40000000000001,-21.1695428927953,0,2,52.2842316609986
5,10,81.4981259844264,87.1586465389623,6,-47.7263350862364,-6.4167376619501,13.8304571072047,10,1,54.0846276971408
5,11,154.207573259839,62.1009902359159,1,-79.4674129817329,-6.40000000000103,-20.0369558745282,0,2,91.0834210503946
5,12,148.446385998272,124.833642482619,6,-51.1876725862763,-6.43713998930846,13.0427845209283,10,2,34.4675103127428
5,13,92.27080661845,23.3073876456257,2,-77.9473326706224,-6.40000000000075,-18.5168755634178,0,1,55.2409870157594
5,14,178.183416882614,102.210118593974,1,-68.9123459333994,-6.40000000000021,-9.48188882619468,0,2,60.2530310605308
5,15,183.538107362632,195.842299001512,8,-90.5916489336905,-6.4,-21.1695428927953,0,2,61.4700823426438
5,16,93.8099352321982,144.589968486377,6,-45.6657002934049,-6.41410514322706,13.8304571072047,10,2,61.1460695350744
5,17,148.183543830654,104.906996188055,6,-50.5645757709112,-6.4310257315919,13.6658813362935,10,2,50.8815143819365
5,18,65.8575663579604,22.7711420099714,4,-81.5475062408295,-4.80000000000001,-13.973227937087,0,1,39.3080541141159
5,19,119.648786494806,56.9187495483699,2,-71.0291936034369,-6.40000000000129,-11.5987364962322,0,1,73.8313792063522
5,20,51.0460482424843,199.59131736607,7,-57.0860199319777,-5.60855661886157,10.9000532164401,9,2,113.152257275456
5,21,96.2864542850508,70.3829019636392,4,-61.8499855235535,-4.80000000000266,4.77678653935952,6,1,55.7687057653432
5,22,142.365285416275,35.3624916813724,1,-85.0098054353085,-6.40000000000085,-21.1695428927953,0,1,96.4253732158076
5,23,126.018089010259,182.144901669998,8,-79.4508403677381,-6.4,-20.0203832605334,0,2,46.4830803421384
5,24,182.778684685761,45.7615780242675,1,-83.6983710929633,-6.40000000000173,-21.1695428927953,0,2,111.769140578782
5,25,107.851340908748,92.847608328667,6,-46.8298398825616,-6.4095355528323,13.8304571072047,10,2,74.800770964904
5,26,140.836907586354,119.156394710486,6,-51.8008486490287,-6.44110465848369,12.429608458176,10,2,39.8439487229412
5,27,65.2516369405599,155.827568670465,3,-51.4975568329523,-5.60561976177585,16.4885163154654,12,2,88.1390696448723
5,28,148.432221877879,74.9601833255806,1,-65.426885330649,-6.40000000000149,-5.9964282234443,1,2,78.649106891119
5,29,145.434399377866,191.904132944407,8,-85.3498251788786,-6.4,-21.1695428927953,0,2,48.2602431289295
5,30,55.6005186534979,21.3745340238184,4,-88.4562346570835,-4.80000000000005,-13.973227937087,0,1,37.45708359632
5,31,142.565894425023,144.021748292174,8,-77.8195036607334,-6.40000000000984,-18.3890465535287,0,2,25.3624805407915
5,32,43.4046949598775,91.6204324081287,6,-50.2172021923831,-6.43842213560439,13.8304571072047,10,1,48.2494398144877
5,33,172.918308856306,6.91160400366623,1,-89.5548895715814,-6.40000000000075,-21.1695428927953,0,1,132.354714769181
5,34,127.399975023075,38.9100316714565,2,-73.3439703315535,-6.40000000000088,-13.9135132243488,0,1,81.645535892054
5,35,160.170948852924,67.91439552611,1,-87.2445132998939,-6.40000000000147,-21.1695428927953,0,2,85.986886572388
5,36,13.9205870539824,16.555820334685,4,-109.271544904732,-4.8,-13.973227937087,0,1,54.5205208340413
5,37,79.2615383527398,89.7904281036756,6,-47.9166450243541,-6.41755309242588,13.8304571072047,10,1,54.6970364411331
5,38,39.0357238786176,156.792096034253,3,-63.4935941159787,-5.60560652962627,4.49247903243908,6,1,109.895482738168
5,39,66.5105201060798,114.069969932028,6,-56.4759253404897,-6.41554933206353,7.75453176671496,7,1,70.2125937511518
5,40,80.4336312949722,174.964189230958,3,-57.7499445996909,-5.61200216983204,10.2361285487269,8,2,77.5560468226877
5,41,191.471848818953,186.453597882983,8,-71.6749688727901,-6.4,-12.2445117655854,0,2,60.0085747462507
5,42,129.231199025103,31.6832551361622,2,-71.3290837365516,-6.40000000000066,-11.8986266293469,0,1,84.6483079651469
5,43,76.7918109736558,41.3559189765547,4,-78.0373500590802,-4.80000000000183,-11.4105779961672,0,1,36.6711231350772
5,44,51.8812936589352,128.291759944426,6,-50.0852519235652,-6.41633732913653,13.8304571072047,10,1,81.7642277590074
5,45,49.849040101795,187.782798022614,3,-61.0742005003756,-5.60860881191907,6.91187264804214,7,2,109.590166506624
5,46,84.3561452198997,119.260968646965,6,-47.7802897224474,-6.4088991966149,13.8304571072047,10,2,76.1987776733575
5,47,181.789811777998,72.7782761468685,1,-78.990753592138,-6.40000000000042,-19.5602964849334,0,2,86.7527334885179
5,48,129.783867833115,80.7390210862781,1,-64.1270164908854,-6.40000000000401,-4.6965593836807,2,2,75.8816525905702
5,49,69.5443255617573,168.330881024216,3,-55.9822025515424,-5.61079539077222,12.0038705968753,9,2,85.7985241623449
5,50,120.834707820116,20.4439548427085,2,-77.3583319271369,-6.40000000000021,-17.9278748199322,0,1,80.2705776564556
5,51,146.978453498557,29.6419850924636,1,-86.6902614337943,-6.40000000000067,-21.1695428927953,0,1,101.840655997235
5,52,179.044130326623,189.285481761322,8,-89.6001186010682,-6.40000000000001,-21.1695428927953,0,2,54.2140257096722
5,53,105.926516653371,152.709524852508,8,-63.9765770215251,-6.40000000000163,-4.54611991432046,2,2,50.0206303362115
5,54,105.746737189589,1.66336012498344,5,-79.6663459050129,-6.40000000000068,-20.2358887978082,0,1,77.4362929232293
5,55,191.737696216627,43.0122889975097,1,-85.3533671514236,-6.40000000000203,-21.1695428927953,0,2,117.220542529984
5,56,39.0144734519557,11.750284148288,4,-82.5867616632764,-4.80000000000002,-13.973227937087,0,1,46.2165831306739
5,57,151.751682499102,122.420161742729,6,-53.3141342760114,-6.4252410865913,10.9163228311933,9,2,36.2762438777074
5,58,25.3978888644477,85.6861871346652,6,-61.7298346026609,-6.42690296043451,2.50062250454372,5,1,49.3053528994207
5,59,60.4307325359181,30.5743437395173,4,-81.4256928144171,-4.80000000000002,-13.973227937087,0,1,32.2243122872513
5,60,34.2088032510148,170.14591255113,7,-57.1367364303042,-5.60575973813186,10.8493367181135,9,2,119.857035826354
5,61,20.7410249666035,172.521772053609,7,-63.3152051805527,-5.61122984322445,4.67086796786501,6,1,128.140244447876
5,62,172.905927235389,133.730659791586,8,-67.1466792991779,-6.4,-7.71622219197326,0,2,36.6281713074792
5,63,109.648451989931,100.642913716532,6,-44.1647334306966,-6.41112803420839,13.8304571072047,10,2,67.9457091596122
5,64,131.612541581704,163.957166533877,8,-66.4602511616815,-6.40000000000054,-7.02979405447687,0,2,32.9416320897876
5,65,158.354574485034,177.592143869082,8,-68.1406304197493,-6.4,-8.71017331254464,0,2,37.1937537513775
5,66,96.9090241101349,87.9165095955474,6,-43.6337428029777,-6.41156716814225,13.8304571072047,10,1,64.733053711952
5,67,194.511148953404,88.5570956285727,1,-88.3855689434304,-6.40000000000177,-21.1695428927953,0,2,79.4274692958835
5,68,47.601787425289,152.636139265263,3,-61.3234844651342,-5.60523414793903,6.66258868328356,7,2,105.093259387658
5,69,78.1350405853277,61.041476800212,4,-61.3060521975766,-4.80000000000337,5.32071986533647,6,1,38.2850456270808
5,70,17.6269909260726,70.409509148925,4,-80.259012400789,-4.8,-13.6322403378759,0,1,44.9089053551814
5,71,127.800931970066,61.9908752594573,2,-80.2781705082136,-6.40000000000087,-20.8477134010089,0,1,82.1523956126583
5,72,151.263961134879,136.953635853832,8,-70.7566913711503,-6.40000000000213,-11.3262342639456,0,2,26.9082741026791
5,73,92.6048248077893,152.520856105682,8,-69.7113361234394,-6.40000000000166,-10.2808790162347,0,2,62.0710145788686
5,74,106.64869737195,87.7153859423294,6,-48.8498151430232,-6.40898548901991,13.8304571072047,10,1,71.9984392241781
5,75,90.2031843067736,163.329543624022,8,-64.3163101692863,-6.40000000000076,-4.88585306208167,1,2,65.6169635100131
5,76,163.635482442283,162.33584588739,8,-78.7719766656907,-6.40000000000001,-19.3415195584861,0,2,29.838724422992
5,77,175.625214314252,80.0466740866246,1,-84.3581643240792,-6.40000000000061,-21.1695428927953,0,2,78.1176639115268
5,78,31.0708225931924,111.830828768826,6,-59.6284698677804,-6.42040743603283,4.60198723942431,6,1,68.8012728337077
5,79,45.4088172124024,67.4706851863217,4,-65.6600890883337,-4.80000000000066,0.966682974579324,4,1,29.64040823384
5,80,105.224935830077,38.6370123430087,2,-60.293558969563,-6.40000000000058,-0.863101862358297,3,1,61.0832303167492
5,81,126.276962771453,90.3165747608972,6,-50.7772233578317,-6.41553264687245,13.4532337493729,10,2,68.3896464650797
5,82,199.36099072753,129.072530548732,8,-74.4197943765777,-6.4,-14.989337269373,0,2,58.5381617685171
5,83,132.404476929754,150.802092138614,8,-67.6051724544149,-6.400000000005,-8.17471534721023,0,2,29.3682785316807
5,84,41.5836772727113,127.570102389026,6,-51.0520675124372,-6.41903250187995,13.1783895947675,10,1,81.4874546963753
5,85,3.17278968046496,168.044767250431,7,-63.1999779567706,-5.61250986910452,4.78609519164714,6,1,129.149543946227
5,86,152.984118101024,75.5906255448534,1,-74.7071558934229,-6.4000000000011,-15.2766987862182,0,2,78.0891155517021
5,87,170.248775673394,92.3715422096004,1,-82.7342100052634,-6.40000000000113,-21.1695428927953,0,2,65.4469408266828
5,88,105.908513149624,83.0092977869,6,-48.0977068292428,-6.41028690775981,13.8304571072047,10,1,69.0479947788925
5,89,18.5052129678093,124.960274149884,7,-58.1778408944668,-5.61523484073434,9.80823225395092,8,1,84.6357744150119
5,90,139.487498930968,54.0666378139373,1,-53.8769049528339,-6.40000000000069,5.55355215437079,6,1,92.6110145070757
5,91,103.535380077086,157.756144707583,8,-64.7365537227077,-6.40000000000127,-5.30609661550301,1,2,52.643790567415
5,92,105.044795786851,0.385626307462836,5,-80.8224696820184,-6.40000000000057,-21.1695428927953,0,1,77.7416594890977
5,93,87.3712867759672,176.431062488563,3,-60.7385126102257,-5.60529075524539,7.24756053819204,7,2,71.9250080595926
5,94,89.9946597656288,66.4548387766935,4,-56.4760120250831,-4.80000000000197,10.15076003783,8,1,49.2197575058572
5,95,194.313592674224,143.775572576166,8,-85.4258383288996,-6.40000000000001,-21.1695428927953,0,2,50.5439214194115
5,96,68.3331992322053,185.894769622064,3,-63.9551994278983,-5.61003640642741,4.0308737205194,5,2,92.2504787731084
5,97,89.1311932810292,106.322868346993,6,-56.1433373011855,-6.40924302610849,8.08711980601917,7,1,72.4966605191572
5,98,178.619169366458,35.5950385696642,1,-78.3451448096052,-6.40000000000103,-18.9146877024005,0,2,120.248917064157
5,99,111.176007581576,158.746693905929,8,-62.1520983829111,-6.4000000000019,-2.72164127570644,2,2,46.2174971367974
5,100,45.4555589120183,28.5589968691545,4,-75.1101983109616,-4.80000000000009,-8.48342624804858,0,1,32.1343828330196
5.5,1,19.1925228114536,175.175168617017,7,-67.718566952626,-5.61176274524982,0.267506195791698,4,1,131.035008638995
5.5,2,187.648807348334,21.2187763425854,1,-78.0326481405513,-6.40000000000045,-18.6021910333466,0,2,136.214119170712
5.5,3,154.507195065442,31.529274215627,1,-84.3139034571442,-6.40000000000052,-21.1695428927953,0,1,108.697615113892
5.5,4,55.003201859499,6.00793395849001,4,-100.60200662204,-4.80000000000002,-13.973227937087,0,1,50.1256810771432
5.5,5,56.9316188763908,89.168566914008,6,-54.0337741827904,-6.43398519765053,10.1966829244143,8,1,46.2003676862496
5.5,6,112.786801383485,33.3190137899458,2,-71.7348503516269,-6.40000000000154,-12.3043932444222,0,1,69.0846417730395
5.5,7,62.7688230141254,86.724823670565,6,-50.9554139524815,-6.42839349465441,13.2750431547232,10,1,45.4313274602466
5.5,8,139.072459059376,136.637707292814,6,-47.232285954921,-6.45048615831127,13.8304571072047,10,2,29.1583953159551
5.5,9,196.519529169921,150.962551576325,8,-82.5209095523291,-6.40000000000001,-21.1695428927953,0,2,52.1271819661123
5.5,10,81.3603398783837,88.0251656526701,6,-42,-6.41508967571527,13.8304571072047,10,1,54.6043417706023
5.5,11,154.087281424768,61.3179129995909,1,-74.791760133511,-6.40000000000176,-15.3613030263064,0,2,91.8339176132293
5.5,12,149.374474564635,124.540658785929,6,-54.2464635764944,-6.44802253638058,9.9839935307103,8,2,34.6528402461444
5.5,13,91.8483985752794,22.5802747298596,2,-82.9998026392258,-6.40000000000104,-21.1695428927953,0,1,55.2754900223004
5.5,14,178.095125837415,101.670157527493,1,-74.1458590601509,-6.40000000000256,-14.7154019529462,0,2,60.6412381901748
5.5,15,183.43159541615,194.80287375189,8,-84.4099743709598,-6.4,-21.1695428927953,0,2,60.6400780713291
5.5,16,93.9001920711417,145.64811162011,6,-54.5491135481199,-6.41437424409481,9.68134355908472,8,2,60.9784993430128
5.5,17,147.198964373051,103.943199404766,6,-43.5572383859899,-6.43267111987757,13.8304571072047,10,2,51.7815090708314
5.5,18,66.9227718093874,23.2328749301843,4,-85.2637124992896,-4.8,-13.973227937087,0,1,39.4348727678403
5.5,19,119.909706933006,57.51570467985,2,-71.9880480604618,-6.40000000000123,-12.5575909532572,0,1,74.1357062439792
5.5,20,50.6564985283702,199.796122218864,7,-70.2637925119016,-5.60861340555352,-2.27771936348381,3,2,113.582723478
5.5,21,95.3699284238956,69.3811774713786,4,-75.6349313369952,-4.80000000001756,-9.00815927408212,0,1,54.6471448967508
5.5,22,142.092447539031,35.8696564071214,1,-68.6926779775058,-6.4000000000003,-9.26222087030117,0,1,96.0881652638966
5.5,23,125.650767614563,182.23827294586,8,-80.4221438085222,-6.4,-20.9916867013175,0,2,46.7380076628411
5.5,24,182.044575795807,44.5472584366438,1,-81.5600706890694,-6.40000000000165,-21.1695428927953,0,2,112.691550442618
5.5,25,107.432775454614,92.5935539668953,6,-49.5003893021244,-6.41000803542756,13.8304571072047,10,2,75.2311016245879
5.5,26,141.580937878513,118.481279544917,6,-47.0554710691715,-6.44165232827144,13.8304571072047,10,2,40.2064714459144
5.5,27,64.4968059133807,155.60108908441,3,-60.8574373119737,-5.60452531880491,7.12863583644407,7,2,88.8505396604072
5.5,28,148.784316888835,76.4177298927561,1,-67.2227353727254,-6.40000000000157,-7.7922782655207,0,2,77.2533388246889
5.5,29,146.034265427293,190.916832083969,8,-89.9578835559605,-6.40000000000002,-21.1695428927953,0,2,47.3514962645203
5.5,30,55.8309186671337,21.6987157863031,4,-72.5442888879593,-4.80000000000001,-5.91751682504629,1,1,37.2452990409149
5.5,31,142.66077958411,143.934946831823,8,-61.5851738030501,-6.40000000000832,-2.15471669584545,3,2,25.3554535799664
5.5,32,43.0236399449373,90.8496901583306,6,-58.6261679290063,-6.41618129726688,5.60428917819837,6,1,47.6404952288438
5.5,33,171.860778007438,6.64032583915929,1,-81.904068788547,-6.40000000000041,-21.1695428927953,0,1,131.462392188459
5.5,34,127.668552729046,40.3398501607996,2,-75.1792383047317,-6.40000000000041,-15.748781197527,0,1,81.7188630485056
5.5,35,160.697856193379,68.1211492439516,1,-81.0823959685185,-6.40000000000145,-21.1695428927953,0,2,85.8535982254994
5.5,36,14.0089230070618,15.6865053190054,4,-88.3500371628219,-4.8,-13.973227937087,0,1,55.0002140026223
5.5,37,78.5161115564407,89.5655120929345,6,-42,-6.41614464510422,13.8304571072047,10,1,54.1373102903673
5.5,38,39.2467121409817,156.246903147465,3,-59.1685602552234,-5.61145682936712,8.81751289319435,8,1,109.344810705427
5.5,39,67.278129087285,115.035956734405,6,-51.1398065222412,-6.41632039176377,13.0906505849634,10,1,71.2773415126879
5.5,40,80.0258742598738,174.912160450802,3,-61.3325279506934,-5.60896493937399,6.65354519772437,7,2,77.905352906084
5.5,41,192.495297435633,186.412884078165,8,-95.3162083967959,-6.4,-21.1695428927953,0,2,60.695950697166
5.5,42,129.50750900589,32.7305414787291,2,-73.6103597781137,-6.40000000000084,-14.1799026709091,0,1,84.6872374442547
5.5,43,76.7923634797797,41.3518636525229,4,-66.824968448638,-4.80000000000211,-0.198196385724916,3,1,36.6724829145395
5.5,44,50.5254954139007,128.245448289976,6,-60.6604586948995,-6.41013859811758,3.56999841230514,5,1,81.6999163006258
5.5,45,49.7819145408108,187.614249917821,3,-57.5821417787534,-5.60877206488206,10.4039313696643,9,2,109.593551133202
5.5,46,83.5992443400517,119.006337722052,6,-47.6445789958043,-6.40836692068186,13.8304571072047,10,2,76.9539956962056
5.5,47,181.063659333169,72.8592698516323,1,-80.6099741912186,-6.40000000000087,-21.1695428927953,0,2,86.416972748358
5.5,48,129.498777690243,82.1662950517888,6,-53.3432685439276,-6.40719180232191,10.8871885632771,9,2,74.6589689400749
5.5,49,69.9619628740248,167.752848148497,3,-59.6504823817756,-5.60585920317268,8.3355907666421,8,2,85.2848228254158
5.5,50,121.174915372824,21.1885901092864,2,-88.0237147804091,-6.40000000000072,-21.1695428927953,0,1,80.3007840448611
5.5,51,148.255166229281,29.9670513358254,1,-81.3006512475777,-6.40000000000029,-21.1695428927953,0,1,102.993430484304
5.5,52,179.289189044798,189.371107207032,8,-68.799087590881,-6.4,-9.36863048367629,0,2,54.4076343688045
5.5,53,106.009829665883,153.308507953307,8,-77.6683768526964,-6.40000000000106,-18.2379197454917,0,2,49.9833103235638
5.5,54,105.400483063097,2.25741731247753,5,-100.751040705291,-6.40000000000079,-21.1695428927953,0,1,76.8167802325728
5.5,55,190.934583156178,43.6631879894834,1,-81.3534245301939,-6.40000000000111,-21.1695428927953,0,2,116.341771031431
5.5,56,38.6771446230103,11.3471332117535,4,-81.781142788034,-4.80000000000001,-13.973227937087,0,1,46.631546884466
5.5,57,151.527992916753,122.364837732197,6,-56.6810640400952,-6.44687419127035,7.54939306710947,7,2,36.3082216022963
5.5,58,24.6897355179916,84.4173057773679,4,-71.6627456960055,-4.80000000000274,-5.03597363309246,1,1,48.7586958923437
5.5,59,61.156412775507,31.0368425021651,4,-73.8322286483021,-4.80000000000001,-7.20545658538906,0,1,32.191876122792
5.5,60,34.5888537877018,170.116029650837,7,-65.8700891148901,-5.60519319468228,2.11598403352768,4,2,119.484883223569
5.5,61,21.093426913545,173.012931474839,7,-63.9709365194747,-5.61157800824081,4.015136628943,5,1,128.530234877386
5.5,62,172.561870293701,135.04532828033,8,-77.312157468372,-6.4,-17.8817003611674,0,2,35.8459230233077
5.5,63,109.159156754147,100.120468814093,6,-51.7335986750542,-6.41110272625284,12.4968584321504,10,2,68.6162670826546
5.5,64,131.242735981565,165.084072385549,8,-75.8034632742869,-6.4000000000005,-16.3730061670822,0,2,33.639473735327
5.5,65,159.608019885812,178.391359110954,8,-88.3431997337027,-6.40000000000003,-21.1695428927953,0,2,38.0871804980797
5.5,66,95.8223645876388,87.9341947414884,6,-45.6699727783535,-6.41185532925154,13.8304571072047,10,1,63.9604739435822
5.5,67,194.563553149111,88.6073259056161,1,-90.9334546404836,-6.4000000000006,-21.1695428927953,0,2,79.4180124514137
5.5,68,47.9461073437519,152.98973057666,3,-50.734696200151,-5.6061604846523,17.2513769482668,12,2,104.767292105953
5.5,69,78.3963866868053,60.4022007004807,4,-70.5401689015298,-4.80000000000574,-3.91339683861675,2,1,38.298962861671
5.5,70,18.1882102220186,69.8654748379727,4,-85.2518888729859,-4.80000000000003,-13.973227937087,0,1,44.2592031041749
5.5,71,128.90832211116,62.8499071727115,2,-66.6784553533439,-6.40000000000086,-7.24799824613924,0,1,83.3300270775538
5.5,72,151.071853400008,136.709725592665,8,-61.0917607268345,-6.40000000000398,-1.66130361962987,3,2,27.0190722182197
5.5,73,91.5056965650556,151.619795028305,8,-64.4606512276636,-6.40000000000107,-5.03019412045895,1,2,63.0591569105794
5.5,74,106.386041104757,88.1867925089459,6,-44.1331482305224,-6.4098692004585,13.8304571072047,10,1,72.0407298240974
5.5,75,91.4048688567438,163.842790218127,8,-69.6418200103931,-6.40000000000081,-10.2113629031884,0,2,64.6317432436916
5.5,76,163.819989930987,162.265543462005,8,-71.7838465282323,-6.4,-12.3533894210276,0,2,29.8945760650812
5.5,77,176.714782714435,80.1941164695919,1,-82.4151967426901,-6.40000000000126,-21.1695428927953,0,2,78.3504370819996
5.5,78,31.3104434297915,111.961215956699,6,-56.8964211637747,-6.42358380447631,7.33403594342998,7,1,68.8530450134464
5.5,79,44.4872894298111,67.5104075573004,4,-67.3453659563708,-4.80000000000384,-0.71859389345774,3,1,29.8203680502679
5.5,80,105.341132936702,38.4817522714043,2,-68.6961553348978,-6.40000000000073,-9.26569822769315,0,1,61.2173261867507
5.5,81,125.26806220151,89.5679033929899,6,-46.5085414533386,-6.4123068101265,13.8304571072047,10,2,69.3970968239116
5.5,82,199.422421296934,128.280119253072,8,-98.92892868259,-6.40000000000001,-21.1695428927953,0,2,58.8776608444361
5.5,83,131.226834663325,151.279684183312,8,-57.9499435931732,-6.40000000000178,1.48051351403145,4,2,30.105137906463
5.5,84,41.5635474797786,126.91007367949,6,-54.8116920014809,-6.41537237533261,9.41876510572372,8,1,80.8615060737216
5.5,85,3.54171871307717,168.392117458609,7,-59.202342557267,-5.61073437623704,8.7837305911507,8,1,129.33412301658
5.5,86,152.854111534733,75.2131716980933,1,-67.7274674454264,-6.40000000000165,-8.29701033822169,0,2,78.4440287090838
5.5,87,169.206642879487,92.9919729207763,1,-78.7345389993408,-6.40000000000288,-19.3040818921362,0,2,64.5837462692096
5.5,88,106.381223524703,81.9218931395718,6,-47.0653270110307,-6.41051226691643,13.8304571072047,10,1,68.9209665323753
5.5,89,17.9479070626666,124.769448487503,7,-59.050261929469,-5.61835578451408,8.93581121894876,8,1,84.6761896213385
5.5,90,139.639611832838,54.5460770602883,1,-77.8368087344879,-6.4000000000004,-18.4063516272833,0,1,92.7802609727955
5.5,91,103.246905543827,157.080504534699,8,-84.2663700280351,-6.40000000000625,-21.1695428927953,0,2,52.8037440499605
5.5,92,104.526661205515,1.34969207611992,5,-99.8900164881497,-6.400000000001,-21.1695428927953,0,1,76.7610529064664
5.5,93,86.386047868631,177.173677179517,3,-61.2248129030397,-5.61464212974426,6.76126024537801,7,2,73.0574680455649
5.5,94,89.3603867633511,66.5737518939485,4,-60.9824215289616,-4.80000000000297,5.64435053395149,6,1,48.7460695646608
5.5,95,194.338218225224,144.727054178558,8,-83.1615824315939,-6.40000000000001,-21.1695428927953,0,2,50.4572249833802
5.5,96,69.5153289795118,186.251760448834,3,-61.9264620211006,-5.60912763970712,6.05961112731713,7,2,91.3467153482591
5.5,97,88.5476898755886,107.446857159646,6,-50.5605372828691,-6.41072817097496,13.6699198243356,10,1,73.0637789350193
5.5,98,179.472428416759,35.0630268589534,1,-101.716067039303,-6.40000000000209,-21.1695428927953,0,2,120.960248972986
5.5,99,111.37402925608,159.43001602818,8,-71.2186707142179,-6.40000000000058,-11.7882136070132,0,2,46.1859374507203
5.5,100,46.3474232483992,29.2663611521013,4,-90.129066412701,-4.80000000000007,-13.973227937087,0,1,31.5511504830082
5.99999999999999,1,19.3186659205184,175.131929994818,7,-61.647132184426,-5.60903614941059,6.33894096399172,7,1,130.964094946381
5.99999999999999,2,187.48453417458,22.404744934258,1,-62.7343931477411,-6.40000000000061,-3.30393604053645,2,2,135.047730145964
5.99999999999999,3,154.049008907495,31.2540646820399,1,-82.7202407451124,-6.40000000000062,-21.1695428927953,0,1,108.304461337367
5.99999999999999,4,55.0587414700906,5.58900858056452,4,-85.4071616286948,-4.80000000000002,-13.973227937087,0,1,50.4992774613497
5.99999999999999,5,55.6518754784418,89.930648717021,6,-52.7360204686851,-6.43184462105145,11.4944366385196,9,1,46.6760152903603
5.99999999999999,6,112.391221431169,32.2224232380742,2,-81.6636602967828,-6.40000000000106,-21.1695428927953,0,1,68.999686573196
5.99999999999999,7,63.3423374338395,86.2823790150179,6,-48.1119254298877,-6.43069194727936,13.8304571072047,10,1,45.2402364625545
5.99999999999999,8,137.722181269817,136.94446385,6,-45.8689381007627,-6.44738344636529,13.8304571072047,10,2,29.5540497552395
5.99999999999999,9,196.334166122609,152.134682153665,8,-66.8335059382712,-6.4,-7.4030488310665,0,2,51.9967481500015
5.99999999999999,10,81.222553772341,88.8916847663778,6,-50.1176087615673,-6.41677695875475,13.8304571072047,10,1,55.1331207899029
5.99999999999999,11,153.966989589697,60.5348357632659,1,-80.3140242355098,-6.40000000000169,-20.8835671283051,0,2,92.5851101328424
5.99999999999999,12,150.302563130999,124.247675089239,6,-51.3396078351272,-6.4562370883561,12.8908492720774,10,2,34.8643626466577
5.99999999999999,13,91.4259905321088,21.8531618140935,2,-78.7335141518059,-6.40000000000083,-19.3030570446012,0,1,55.3227547346476
5.99999999999999,14,178.006834792215,101.130196461012,1,-80.7994134388518,-6.40000000000224,-21.1695428927953,0,2,61.0318809559209
5.99999999999999,15,183.325083469668,193.763448502268,8,-85.3052289096965,-6.4,-21.1695428927953,0,2,59.8168087837437
5.99999999999999,16,93.9904489100852,146.706254753842,6,-53.1710306143277,-6.40999835925367,11.059426492877,9,2,60.8290109326164
5.99999999999999,17,146.214384915448,102.979402621476,6,-49.0870078252977,-6.42636396725994,13.8304571072047,10,2,52.7021580146545
5.99999999999999,18,67.9879772608144,23.6946078503971,4,-81.0963109726479,-4.80000000000001,-13.973227937087,0,1,39.5953404086891
5.99999999999999,19,120.170627371207,58.1126598113302,2,-64.252954075122,-6.40000000000113,-4.82249696791732,1,1,74.4444906953034
5.99999999999999,20,50.2669488142561,200,7,-63.2899053230358,-5.60307873185805,4.69616782538199,6,2,114.012856725977
5.99999999999999,21,94.4534025627403,68.379452979118,4,-64.1200600383816,-4.8000000000031,2.50671202453142,5,1,53.536522965324
5.99999999999999,22,141.819609661786,36.3768211328704,1,-75.0232285981274,-6.40000000000033,-15.5927714909227,0,1,95.7532334748473
5.99999999999999,23,125.283446218868,182.331644221723,8,-81.3936488336342,-6.40000000000001,-21.1695428927953,0,2,46.9946087215935
5.99999999999999,24,181.310466905852,43.3329388490202,1,-79.5134909728892,-6.40000000000068,-20.0830338656845,0,2,113.624193165229
5.99999999999999,25,107.01421000048,92.3394996051236,6,-47.3258361723352,-6.40926141312376,13.8304571072047,10,1,74.8030973208401
5.99999999999999,26,142.324968170673,117.806164379348,6,-51.3621830526649,-6.44126747482843,12.8682740545398,10,2,40.5906290361551
5.99999999999999,27,63.7419748862014,155.374609498355,3,-54.3465330743722,-5.60765389452173,13.6395400740455,10,2,89.5632922786591
5.99999999999999,28,149.136411899791,77.8752764599315,1,-75.1027499939799,-6.4000000000019,-15.6722928867752,0,2,75.861528656745
5.99999999999999,29,146.63413147672,189.929531223531,8,-77.8507775377496,-6.40000000000001,-18.420320430545,0,2,46.4537031316872
5.99999999999999,30,56.0613186807694,22.0228975487878,4,-74.9806001755608,-4.8,-8.35382811264774,0,1,37.0365744327883
5.99999999999999,31,142.755664743197,143.848145371472,8,-68.7641170215553,-6.40000000000711,-9.33365991435061,0,2,25.3490770775485
5.99999999999999,32,42.642584929997,90.0789479085325,6,-55.0573041231452,-6.41940898497776,9.17315298405944,8,1,47.0393837328591
5.99999999999999,33,170.803247158569,6.36904767465235,1,-74.5474871345588,-6.40000000000012,-15.1170300273541,0,1,130.573100311171
5.99999999999999,34,127.937130435018,41.7696686501427,2,-75.2332079066697,-6.40000000000063,-15.8027507994651,0,1,81.8179971312754
5.99999999999999,35,161.224763533835,68.3279029617933,1,-84.0402224166482,-6.40000000000134,-21.1695428927953,0,2,85.7238400388641
5.99999999999999,36,14.0972589601412,14.8171903033258,4,-96.1540317279178,-4.8,-13.973227937087,0,1,55.489520743358
5.99999999999999,37,77.7706847601415,89.3405960821934,6,-46.9269200218073,-6.41809443430556,13.8304571072047,10,1,53.583051724864
5.99999999999999,38,39.4577004033459,155.701710260676,3,-59.744138965903,-5.60674730864173,8.24193418251476,8,1,108.794492658487
5.99999999999999,39,68.0457380684902,116.001943536783,6,-44.0881170578842,-6.41570736599441,13.8304571072047,10,1,72.3474616905748
5.99999999999999,40,79.6181172247755,174.860131670646,3,-62.1102220080607,-5.61292335212861,5.87585114035702,6,2,78.2552590543749
5.99999999999999,41,193.518746052313,186.372170273347,8,-77.4884854091747,-6.4,-18.05802830197,0,2,61.3927196690213
5.99999999999999,42,129.783818986677,33.7778278212959,2,-81.7551403839999,-6.40000000000073,-21.1695428927953,0,1,84.7399943491526
5.99999999999999,43,76.7929159859036,41.3478083284912,4,-59.2421215473241,-4.80000000000168,7.38465051558899,7,1,36.6738431003381
5.99999999999999,44,49.1696971688663,128.199136635525,6,-56.4222891806849,-6.40780654869772,7.80816792651977,7,1,81.6580943528125
5.99999999999999,45,49.7147889798266,187.445701813028,3,-66.1466785671887,-5.60667430330916,1.83939458122902,4,2,109.597235976237
5.99999999999999,46,82.8423434602037,118.75170679714,6,-48.1626547249916,-6.40883450687353,13.8304571072047,10,2,77.710080813297
5.99999999999999,47,180.33750688834,72.9402635563961,1,-74.3444486509993,-6.40000000000149,-14.9139915437946,0,2,86.0861040177669
5.99999999999999,48,129.21368754737,83.5935690172995,6,-55.8121664681603,-6.41394106655635,8.41829063904441,8,2,73.4447742268877
5.99999999999999,49,70.3796001862924,167.174815272777,3,-53.2946319098427,-5.60771669137992,14.6914412385751,11,2,84.7740074913806
5.99999999999999,50,121.515122925533,21.9332253758643,2,-77.4928052514933,-6.40000000000024,-18.0623481442886,0,1,80.3393219093618
5.99999999999999,51,149.531878960006,30.2921175791872,1,-74.9485434477112,-6.40000000000031,-15.5180863405065,0,1,104.150110699998
5.99999999999999,52,179.534247762974,189.456732652741,8,-68.1901873521529,-6.4,-8.75973024494825,0,2,54.601790653372
5.99999999999999,53,106.093142678396,153.907491054106,8,-71.6542917908339,-6.40000000000142,-12.2238346836292,0,2,49.9532842383525
5.99999999999999,54,105.054228936604,2.85147449997162,5,-78.967326488979,-6.40000000000084,-19.5368693817743,0,1,76.1984355523843
5.99999999999999,55,190.131470095728,44.314086981457,1,-91.2819834501765,-6.40000000000091,-21.1695428927953,0,2,115.465566740078
5.99999999999999,56,38.3398157940648,10.943982275219,4,-75.2123931041903,-4.8,-8.58562104127722,0,1,47.0487238534133
5.99999999999999,57,151.304303334405,122.309513721665,6,-51.5521258785465,-6.4503525676373,12.6783312286582,10,2,36.3416322902369
5.99999999999999,58,23.9815821715354,83.1484244200705,4,-67.8659825931038,-4.80000000000025,-1.23921053019071,3,1,48.2496228775904
5.99999999999999,59,61.8820930150958,31.499341264813,4,-65.2332933065943,-4.8,1.39347875631874,4,1,32.1824254532693
5.99999999999999,60,34.9689043243888,170.086146750545,7,-59.1317126035846,-5.60194102726675,8.85436054483316,8,2,119.112787993632
5.99999999999999,61,21.4458288604865,173.504090896069,7,-62.3346662967663,-5.60871322415338,5.65140685165142,6,1,128.921880057378
5.99999999999999,62,172.217813352013,136.359996769073,8,-91.902940126118,-6.40000000000008,-21.1695428927953,0,2,35.0988734617593
5.99999999999999,63,108.669861518363,99.5980239116545,6,-42,-6.41075935390405,13.8304571072047,10,2,69.2877300863686
5.99999999999999,64,130.872930381426,166.210978237221,8,-77.5069959271314,-6.40000000000251,-18.0765388199267,0,2,34.3640889243616
5.99999999999999,65,160.86146528659,179.190574352826,8,-87.5164309349028,-6.40000000000002,-21.1695428927953,0,2,39.0168048309911
5.99999999999999,66,94.7357050651426,87.9518798874294,6,-48.5040298806026,-6.41176455954946,13.8304571072047,10,1,63.1971399247252
5.99999999999999,67,194.615957344818,88.6575561826596,1,-85.2759127252881,-6.40000000000051,-21.1695428927953,0,2,79.4086208372755
5.99999999999999,68,48.2904272622148,153.343321888057,3,-56.3563902621414,-5.60541235417284,11.6296828862763,9,2,104.442639701177
5.99999999999999,69,78.6577327882828,59.7629246007494,4,-63.7710071654163,-4.80000000000325,2.85576489749672,5,1,38.3253225077694
5.99999999999999,70,18.7494295179647,69.3214405270204,4,-62.3988857239218,-4.8,4.22788633899124,5,1,43.613830598697
5.99999999999999,71,130.015712252254,63.7089390859657,2,-75.0201334307945,-6.40000000000094,-15.5896763235899,0,1,84.5144911722135
5.99999999999999,72,150.879745665138,136.465815331498,8,-80.2312643561074,-6.40000000000615,-20.8008072489027,0,2,27.1329708487006
5.99999999999999,73,90.4065683223218,150.718733950927,8,-67.6095836691689,-6.40000000000148,-8.17912656196421,0,2,64.0635908891651
5.99999999999999,74,106.123384837563,88.6581990755623,6,-50.5149360049092,-6.4096663891689,13.7155211022955,10,1,72.0870354598594
5.99999999999999,75,92.606553406714,164.356036812233,8,-71.4024146265832,-6.4000000000012,-11.9719575193786,0,2,63.6580985013733
5.99999999999999,76,164.004497419691,162.195241036621,8,-94.5878771062616,-6.40000000000001,-21.1695428927953,0,2,29.95162519663
5.99999999999999,77,177.804351114619,80.3415588525593,1,-79.837485966559,-6.40000000000197,-20.4070288593543,0,2,78.5979030508859
5.99999999999999,78,31.5500642663906,112.091603144571,6,-54.0740692012103,-6.42432546480169,10.1563879059944,8,1,68.9058583114475
5.99999999999999,79,43.5657616472199,67.5501299282792,4,-81.2670707204754,-4.8000000000018,-13.973227937087,0,1,30.0275953695907
5.99999999999999,80,105.457330043328,38.3264921998,2,-58.3133694218838,-6.40000000000051,1.11708768532087,4,1,61.3517419467116
5.99999999999999,81,124.259161631567,88.8192320250826,6,-57.9705688929827,-6.41245908720771,6.25988821422194,7,2,70.4125495200284
5.99999999999999,82,199.483851866339,127.487707957413,8,-79.7646878358411,-6.40000000000001,-20.3342307286365,0,2,59.2258802259662
5.99999999999999,83,130.049192396896,151.757276228011,8,-62.1745264347046,-6.40000000000168,-2.7440693274999,2,2,30.8767346679926
5.99999999999999,84,41.543417686846,126.250044969954,6,-59.0918967976311,-6.4175051329223,5.13856030957356,6,1,80.2361087188254
5.99999999999999,85,3.91064774568937,168.739467666787,7,-64.0890011840364,-5.61336551148363,3.89707196438136,5,1,129.520421451654
5.99999999999999,86,152.724104968442,74.8357178513332,1,-76.2177575616788,-6.40000000000103,-16.7873004544741,0,2,78.7993658528003
5.99999999999999,87,168.164510085579,93.6124036319521,1,-75.421538613024,-6.40000000000444,-15.9910815058194,0,2,63.7319421547389
5.99999999999999,88,106.853933899782,80.8344884922437,6,-48.6046292425024,-6.41009917039191,13.8304571072047,10,1,68.8141372136505
5.99999999999999,89,17.3906011575239,124.578622825123,7,-60.9558197706265,-5.61425646960487,7.0302533777912,7,1,84.7206815090603
5.99999999999999,90,139.791724734709,55.0255163066392,1,-75.3563621023336,-6.40000000000056,-15.925904995129,0,1,92.9519211473437
5.99999999999999,91,102.958431010568,156.404864361815,8,-71.5899767465508,-6.40000000000162,-12.1595196393461,0,2,52.9734037086605
5.99999999999999,92,104.008526624179,2.31375784477701,5,-77.4496500172853,-6.40000000000071,-18.0191929100806,0,1,75.7835644384796
5.99999999999999,93,85.4008089612947,177.916291870472,3,-62.0926600995145,-5.61495012081907,5.89341304890326,6,2,74.1931589477933
5.99999999999999,94,88.7261137610735,66.6926650112035,4,-66.8155140180022,-4.80000000000301,-0.188741955089131,3,1,48.2763601798216
5.99999999999999,95,194.362843776224,145.67853578095,8,-86.5114204369916,-6.40000000000001,-21.1695428927953,0,2,50.3883613636141
5.99999999999999,96,70.6974587268182,186.608751275604,3,-62.1243812677859,-5.61122105825105,5.8616918806319,6,2,90.4507806618812
5.99999999999999,97,87.964186470148,108.5708459723,6,-43.9827483478152,-6.41118247037769,13.8304571072047,10,1,73.648309228733
5.99999999999999,98,180.325687467061,34.5310151482425,1,-87.3818056506072,-6.40000000000103,-21.1695428927953,0,2,121.675732104004
5.99999999999999,99,111.572050930585,160.11333815043,8,-74.2676019666434,-6.40000000000048,-14.8371448594388,0,2,46.1653211645547
5.99999999999999,100,47.2392875847801,29.9737254350481,4,-67.5680047302925,-4.8,-0.941232667379455,3,1,30.9987613621962
6.49999999999999,1,19.4448090295833,175.088691372618,7,-61.202289260961,-5.61201378342722,6.78378388745678,7,1,130.893278683639
6.49999999999999,2,187.320261000825,23.5907135259306,1,-90.4040671750777,-6.40000000000101,-21.1695428927953,0,2,133.881886706354
6.49999999999999,3,153.590822749548,30.9788551484528,1,-75.4850827200499,-6.40000000000056,-16.0546256128453,0,1,107.912522486465
6.49999999999999,4,55.1142810806822,5.17008320263903,4,-89.4246427526431,-4.80000000000002,-13.973227937087,0,1,50.8736406307877
6.49999999999999,5,54.3721320804929,90.692730520034,6,-50.4948688554781,-6.43107809518761,13.7355882517265,10,1,47.1938963861365
6.49999999999999,6,111.995641478853,31.1258326862026,2,-78.4159053984786,-6.40000000000093,-18.985448291274,0,1,68.9343437929429
6.49999999999999,7,63.9158518535537,85.8399343594707,6,-47.9068617084295,-6.43091216552527,13.8304571072047,10,1,45.0599803340084
6.49999999999999,8,136.371903480258,137.251220407186,6,-48.7518269628098,-6.42025601045836,13.8304571072047,10,2,30.0084387440856
6.49999999999999,9,196.148803075297,153.306812731006,8,-73.560101096909,-6.4,-14.1296439897044,0,2,51.8931309107523
6.49999999999999,10,81.0847676662983,89.7582038800855,6,-42.7631759530536,-6.41670576890887,13.8304571072047,10,1,55.6707064499651
6.49999999999999,11,153.846697754625,59.7517585269409,1,-73.8028208366308,-6.40000000000104,-14.3723637294262,0,2,93.3369818056863
6.49999999999999,12,151.230651697362,123.954691392549,6,-47.6277619349991,-6.45734496965931,13.8304571072047,10,2,35.1016040097542
6.49999999999999,13,91.0035824889382,21.1260488983274,2,-76.7822826004944,-6.4000000000005,-17.3518254932897,0,1,55.3827484795486
6.49999999999999,14,177.918543747016,100.590235394531,1,-73.0957312371573,-6.40000000000134,-13.6652741299526,0,2,61.4249128881909
6.49999999999999,15,183.218571523186,192.724023252646,8,-95.6441124515043,-6.4,-21.1695428927953,0,2,59.0005564120679
6.49999999999999,16,94.0807057490287,147.764397887575,6,-57.5178156542024,-6.41433565522606,6.71264145300228,7,2,60.6977379012743
6.49999999999999,17,145.229805457844,102.015605838187,6,-55.6698970411754,-6.42822609732375,8.56056006602927,8,2,53.6423977749527
6.49999999999999,18,69.0531827122414,24.15634077061,4,-87.3977385466548,-4.8,-13.973227937087,0,1,39.7890499237025
6.49999999999999,19,120.431547809407,58.7096149428103,2,-68.6495797571548,-6.40000000000152,-9.2191226499501,0,1,74.7576773266853
6.49999999999999,20,49.8773991001421,199.795195147205,7,-65.1539690149194,-5.60779725928651,2.83210413349835,5,2,114.264371834358
6.49999999999999,21,93.5368767015851,67.3777284868574,4,-70.7428431126586,-4.80000000000205,-4.11607104974556,2,1,52.4375350325696
6.49999999999999,22,141.546771784542,36.8839858586194,1,-81.0836530521719,-6.40000000000108,-21.1695428927953,0,1,95.4206018170497
6.49999999999999,23,124.916124823172,182.425015497585,8,-76.4468961135655,-6.4,-17.0164390063609,0,2,47.2528562512927
6.49999999999999,24,180.576358015897,42.1186192613965,1,-80.5127543490509,-6.40000000000057,-21.0822972418463,0,2,114.566818842036
6.49999999999999,25,106.595644546346,92.085445243352,6,-42,-6.40939720008334,13.8304571072047,10,1,74.3404444629401
6.49999999999999,26,143.068998462832,117.131049213779,6,-49.615869559601,-6.434544628392,13.8304571072047,10,2,40.995813299595
6.49999999999999,27,62.9871438590222,155.148129912301,3,-58.3257669884276,-5.60327570783861,9.66030615999015,8,2,90.2772971206185
6.49999999999999,28,149.488506910747,79.3328230271069,1,-74.5446497765276,-6.40000000000305,-15.1141926693229,0,2,74.473898289928
6.49999999999999,29,147.233997526148,188.942230363093,8,-71.9418335150073,-6.4,-12.5113764078026,0,2,45.5675111821738
6.49999999999999,30,56.2917186944052,22.3470793112725,4,-79.1646405426172,-4.8,-12.5378684797041,0,1,36.8309617950248
6.49999999999999,31,142.850549902285,143.761343911121,8,-58.064522561817,-6.40000000000717,1.36593454538764,4,2,25.343351524513
6.49999999999999,32,42.2615299150568,89.3082056587344,6,-56.8875741122463,-6.42771462698663,7.34288299495833,7,1,46.4464094561132
6.49999999999999,33,169.745716309701,6.0977695101454,1,-83.1133847354426,-6.4000000000006,-21.1695428927953,0,1,129.68690148395
6.49999999999999,34,128.205708140989,43.1994871394858,2,-76.9001620925373,-6.40000000000093,-17.4697049853327,0,1,81.9428444771084
6.49999999999999,35,161.75167087429,68.5346566796349,1,-73.5969316260699,-6.40000000000118,-14.1664745188653,0,2,85.5976280666852
6.49999999999999,36,14.1855949132206,13.9478752876462,4,-75.8471164329525,-4.8,-9.22034437003945,0,1,55.9881890044235
6.49999999999999,37,77.0252579638424,89.1156800714523,6,-43.928051985438,-6.41912229957918,13.8304571072047,10,1,53.0344321687754
6.49999999999999,38,39.6686886657101,155.156517373887,3,-53.1278337399794,-5.61456384428095,14.8582394084383,11,1,108.244533996367
6.49999999999999,39,68.8133470496954,116.96793033916,6,-51.234066802868,-6.41551287741983,12.9963903043367,10,1,73.4227193797862
6.49999999999999,40,79.2103601896771,174.808102890491,3,-62.0082292589182,-5.60968447400704,5.97784388949953,7,2,78.6057572541632
6.49999999999999,41,194.542194668993,186.331456468528,8,-99.1931397440177,-6.4,-21.1695428927953,0,2,62.0985654830691
6.49999999999999,42,130.060128967465,34.8251141638628,2,-78.9572829224417,-6.40000000000046,-19.526825815237,0,1,84.8065528743321
6.49999999999999,43,76.7934684920276,41.3437530044594,4,-79.7586402928205,-4.80000000000181,-13.1318682299075,0,1,36.6752036924279
6.49999999999999,44,47.8138989238319,128.152824981074,6,-59.7514011899029,-6.41405104865614,4.47905591730182,6,1,81.6387964783752
6.49999999999999,45,49.6476634188424,187.277153708234,3,-56.4238220019577,-5.60702672147532,11.5622511464601,9,2,109.601221005449
6.49999999999999,46,82.0854425803558,118.497075872227,6,-52.9133449839638,-6.40785242309982,11.3171121232409,9,2,78.467007959437
6.49999999999999,47,179.611354443511,73.0212572611599,1,-67.3003777312223,-6.4000000000005,-7.86992062401764,0,2,85.7601839178986
6.49999999999999,48,128.928597404498,85.0208429828103,6,-47.0480922956059,-6.41423046368172,13.8304571072047,10,2,72.2394964960743
6.49999999999999,49,70.79723749856,166.596782397057,3,-53.3708609340429,-5.61006595437098,14.6152122143749,11,2,84.2661306444931
6.49999999999999,50,121.855330478241,22.6778606424422,2,-80.7467325243232,-6.40000000000063,-21.1695428927953,0,1,80.3861792674028
6.49999999999999,51,150.808591690731,30.617183822549,1,-75.6327351065099,-6.40000000000052,-16.2022779993053,0,1,105.310567948508
6.49999999999999,52,179.77930648115,189.542358098451,8,-104.468003169678,-6.4,-21.1695428927953,0,2,54.7964887422945
6.49999999999999,53,106.176455690908,154.506474154905,8,-68.1744315100885,-6.40000000000209,-8.74397440288384,0,2,49.9305652393379
6.49999999999999,54,104.707974810112,3.44553168746571,5,-59.8543080925707,-6.40000000000008,-0.423850985366049,3,1,75.5812875498068
6.49999999999999,55,189.328357035279,44.9649859734307,1,-89.9849801558336,-6.40000000000116,-21.1695428927953,0,2,114.591988544819
6.49999999999999,56,38.0024869651194,10.5408313386845,4,-81.5410880485596,-4.80000000000002,-13.973227937087,0,1,47.4680556844734
6.49999999999999,57,151.080613752057,122.254189711133,6,-49.2887997062924,-6.44941936683431,13.8304571072047,10,2,36.3764719931292
6.49999999999999,58,23.2734288250792,81.8795430627732,4,-68.3375408992369,-4.80000000000072,-1.71076883632385,3,1,47.7793352052884
6.49999999999999,59,62.6077732546846,31.9618400274609,4,-74.6314237499239,-4.80000000000001,-8.00465168701082,0,1,32.1959805198794
6.49999999999999,60,35.3489548610758,170.056263850252,7,-63.7682563818254,-5.60409807636748,4.21781676659234,5,2,118.74075067591
6.49999999999999,61,21.7982308074281,173.995250317299,7,-62.1106245091195,-5.61048946087537,5.87544863929827,6,1,129.315164953074
6.49999999999999,62,171.873756410325,137.674665257816,8,-67.4235234611667,-6.40000000000001,-7.99306635396203,0,2,34.3893165969479
6.49999999999999,63,108.180566282579,99.0755790092156,6,-43.3861650290691,-6.41117412621424,13.8304571072047,10,2,69.9600721104005
6.49999999999999,64,130.503124781287,167.337884088893,8,-61.1943299227694,-6.40000000000004,-1.76387281556469,3,2,35.1138201848499
6.49999999999999,65,162.114910687368,179.989789594698,8,-95.709664625692,-6.40000000000002,-21.1695428927953,0,2,39.9801018119907
6.49999999999999,66,93.6490455426464,87.9695650333704,6,-48.5444938862531,-6.41147602781751,13.8304571072047,10,1,62.4433907279815
6.49999999999999,67,194.668361540525,88.7077864597031,1,-80.564074363819,-6.40000000000129,-21.1336172566143,0,2,79.3992944766161
6.49999999999999,68,48.6347471806777,153.696913199454,3,-60.8437199280428,-5.60513212275666,7.14235322037496,7,2,104.119314473009
6.49999999999999,69,78.9190788897604,59.1236485010181,4,-66.4721366453778,-4.80000000000336,0.154635417535285,3,1,38.3640989181593
6.49999999999999,70,19.3106488139108,68.7774062160681,4,-63.9900009887738,-4.8,2.63677107413926,5,1,42.9729829128296
6.49999999999999,71,131.123102393347,64.5679709992199,1,-81.6850056250184,-6.40000000000133,-21.1695428927953,0,1,85.7055046129221
6.49999999999999,72,150.687637930267,136.221905070332,8,-60.1890276418123,-6.40000000000224,-0.758570534607589,3,2,27.2499311157679
6.49999999999999,73,89.3074400795881,149.81767287355,6,-54.5083741214025,-6.41350290286963,9.72208298580213,8,2,65.0835622325163
6.49999999999999,74,105.86072857037,89.1296056421788,6,-42.1842920899612,-6.4098432017642,13.8304571072047,10,1,72.1373483995977
6.49999999999999,75,93.8082379566842,164.869283406338,8,-71.5599152807099,-6.40000000000157,-12.1294581735052,0,2,62.6965685707808
6.49999999999999,76,164.189004908395,162.124938611236,8,-99.8250327221675,-6.40000000000001,-21.1695428927953,0,2,30.0098649883114
6.49999999999999,77,178.893919514802,80.4890012355266,1,-72.7019455082074,-6.40000000000182,-13.2714884010027,0,2,78.8599234983301
6.49999999999999,78,31.7896851029896,112.221990332444,6,-62.4013514945418,-6.41258251559741,1.82910561266288,4,1,68.9597103356667
6.49999999999999,79,42.6442338646286,67.589852299258,4,-55.1764178092839,-4.80000000000028,11.4503542536292,9,1,30.2615300232488
6.49999999999999,80,105.573527149953,38.1712321281957,2,-66.2598865110316,-6.40000000000125,-6.82942940382692,0,1,61.4864754986948
6.49999999999999,81,123.250261061624,88.0705606571753,6,-51.0880914275376,-6.41196397812727,13.142365679667,10,2,71.4356632963386
6.49999999999999,82,199.545282435743,126.695296661753,8,-87.8572912268698,-6.40000000000001,-21.1695428927953,0,2,59.5826670208815
6.49999999999999,83,128.871550130467,152.23486827271,8,-66.7715158913823,-6.40000000000681,-7.34105878417764,0,2,31.6805307734222
6.49999999999999,84,41.5232878939133,125.590016260418,6,-66.424410591797,-6.40914440115196,-2.1939534845923,3,1,79.6112756233674
6.49999999999999,85,4.27957677830157,169.086817874966,7,-60.4534357154136,-5.61130373003397,7.53263743300419,7,1,129.708431842947
6.49999999999999,86,152.594098402151,74.4582640045732,1,-80.8135740019548,-6.40000000000151,-21.1695428927953,0,2,79.1551212728703
6.49999999999999,87,167.122377291671,94.232834343128,1,-81.3331581244112,-6.40000000000087,-21.1695428927953,0,2,62.8919912987285
6.49999999999999,88,107.326644274861,79.7470838449156,6,-44.967840894598,-6.41079641496848,13.8304571072047,10,1,68.7276010136605
6.49999999999999,89,16.8332952523812,124.387797162743,7,-64.0417732881691,-5.6108512278194,3.94429986024862,5,1,84.7692436591306
6.49999999999999,90,139.943837636579,55.5049555529902,1,-84.3550703138604,-6.40000000000094,-21.1695428927953,0,1,93.125981683071
6.49999999999999,91,102.669956477309,155.729224188932,8,-69.2967444608873,-6.40000000000201,-9.86628735368265,0,2,53.1526765992722
6.49999999999999,92,103.490392042843,3.2778236134341,5,-59.4193926873974,-6.40000000000009,0.0110644198072527,3,1,74.809316312839
6.49999999999999,93,84.4155700539585,178.658906561426,3,-59.8969750896822,-5.61115662031212,8.08909805873555,7,2,75.331934640256
6.49999999999999,94,88.0918407587958,66.8115781284585,4,-70.7465181909395,-4.80000000000228,-4.11974612802647,2,1,47.8107466116429
6.49999999999999,95,194.387469327223,146.630017383342,8,-78.7837437369361,-6.4,-19.3532866297314,0,2,50.3374037482245
6.49999999999999,96,71.8795884741247,186.965742102374,3,-62.1399523680273,-5.61223875254091,5.84612078039041,6,2,89.5629096565724
6.49999999999999,97,87.3806830647074,109.694834784954,6,-51.8063303732385,-6.41083235481727,12.4241267339661,10,1,74.2498401775185
6.49999999999999,98,181.178946517363,33.9990034375317,1,-80.2675721848462,-6.4000000000007,-20.8371150776415,0,2,122.395293657143
6.49999999999999,99,111.77007260509,160.796660272681,8,-60.1611706406023,-6.4000000000011,-0.730713533397653,3,2,46.1556629425229
6.49999999999999,100,48.131151921161,30.6810897179949,4,-65.7995055249278,-4.80000000000001,0.827266537985235,4,1,30.478892493428
6.99999999999999,1,19.5709521386482,175.045452750419,7,-59.6571999537557,-5.61093226406112,8.32887319466202,8,1,130.82256000899
6.99999999999999,2,187.155987827071,24.7766821176032,1,-83.4280859495916,-6.40000000000033,-21.1695428927953,0,2,132.716603229894
6.99999999999999,3,153.132636591601,30.7036456148658,1,-83.093665770291,-6.40000000000061,-21.1695428927953,0,1,107.521811847141
6.99999999999999,4,55.1698206912737,4.75115782471354,4,-83.6957790283325,-4.80000000000002,-13.973227937087,0,1,51.2487537817643
6.99999999999999,5,53.092388682544,91.454812323047,6,-42.3241793223044,-6.42871319132542,13.8304571072047,10,1,47.7526369167502
6.99999999999999,6,111.600061526536,30.0292421343311,2,-73.4733958182001,-6.40000000000033,-14.0429387109954,0,1,68.8886692410462
6.99999999999999,7,64.4893662732679,85.3974897039235,6,-47.9974153288931,-6.42291922903629,13.8304571072047,10,1,44.8906895952856
6.99999999999999,8,135.021625690699,137.557976964373,6,-42,-6.4388257227917,13.8304571072047,10,2,30.5189389423783
6.99999999999999,9,195.963440027985,154.478943308346,8,-82.6565339195805,-6.40000000000001,-21.1695428927953,0,2,51.8164911236332
6.99999999999999,10,80.9469815602556,90.6247229937932,6,-44.8552514056348,-6.41643618247081,13.8304571072047,10,1,56.2168461051777
6.99999999999999,11,153.726405919554,58.9686812906159,1,-87.4168928615838,-6.40000000000149,-21.1695428927953,0,2,94.0895163503711
6.99999999999999,12,152.158740263726,123.661707695859,6,-54.6036018344775,-6.43841819504845,9.62685527272715,8,2,35.3640467286284
6.99999999999999,13,90.5811744457676,20.3989359825613,2,-65.8814463012262,-6.40000000000119,-6.45098919402153,1,1,55.4554299447974
6.99999999999999,14,177.830252701816,100.050274328051,1,-65.6622487510826,-6.40000000000018,-6.23179164387793,1,2,61.8202884185276
6.99999999999999,15,183.112059576704,191.684598003023,8,-89.5442242616996,-6.4,-21.1695428927953,0,2,58.1916162353724
6.99999999999999,16,94.1709625879722,148.822541021307,6,-52.6145567072719,-6.4135728337583,11.6159003999327,9,2,60.5847986544488
6.99999999999999,17,144.245226000241,101.051809054898,6,-54.5726768152327,-6.42716621974254,9.657780291972,8,2,54.60121629219
6.99999999999999,18,70.1183881636684,24.6180736908229,4,-88.8744487963809,-4.80000000000001,-13.973227937087,0,1,40.0155185580361
6.99999999999999,19,120.692468247607,59.3065700742905,2,-83.4313426454365,-6.40000000000126,-21.1695428927953,0,1,75.0752110452353
6.99999999999999,20,49.487849386028,199.590390294411,7,-58.5484241537304,-5.60763117456155,9.43764899468733,8,2,114.517025941987
6.99999999999999,21,92.6203508404299,66.3760039945969,4,-70.1266219053676,-4.80000000000321,-3.49984984245454,2,1,51.350928059699
6.99999999999999,22,141.273933907298,37.3911505843684,1,-85.1293437416906,-6.4000000000009,-21.1695428927953,0,1,95.0902944285057
6.99999999999999,23,124.548803427477,182.518386773448,8,-85.0926712519697,-6.40000000000001,-21.1695428927953,0,2,47.5127234045869
6.99999999999999,24,179.842249125942,40.9042996737729,1,-92.5811975529355,-6.400000000002,-21.1695428927953,0,2,115.519183093393
6.99999999999999,25,106.177079092211,91.8313908815803,6,-49.1763868071743,-6.40926560723054,13.8304571072047,10,1,73.8781393811467
6.99999999999999,26,143.813028754991,116.45593404821,6,-50.5907912309772,-6.4337211361986,13.6396658762274,10,2,41.4214071919895
6.99999999999999,27,62.2323128318429,154.921650326246,3,-54.422500403813,-5.60660927360359,13.5635727446048,10,2,90.9925247082491
6.99999999999999,28,149.840601921703,80.7903695942823,1,-64.8668976584511,-6.4000000000023,-5.43644055124645,1,2,73.0906857858332
6.99999999999999,29,147.833863575575,187.954929502655,8,-76.4630327528314,-6.4,-17.0325756456267,0,2,44.6936105115787
6.99999999999999,30,56.522118708041,22.6712610737573,4,-81.9125231563956,-4.80000000000001,-13.973227937087,0,1,36.6285135344108
6.99999999999999,31,142.945435061372,143.67454245077,8,-70.6754225042503,-6.40000000001036,-11.2449653970456,0,2,25.3382773621341
6.99999999999999,32,41.8804749001166,88.5374634089363,6,-51.1509059703721,-6.43747242543042,13.0795511368326,10,1,45.861888031815
6.99999999999999,33,168.688185460832,5.82649134563846,1,-87.5327640681392,-6.4000000000002,-21.1695428927953,0,1,128.803859549401
6.99999999999999,34,128.47428584696,44.6293056288289,2,-78.2484509533504,-6.4000000000007,-18.8179938461457,0,1,82.0932877720158
6.99999999999999,35,162.278578214745,68.7414103974766,1,-72.4305886158098,-6.40000000000081,-13.0001315086051,0,2,85.4749780179377
6.99999999999999,36,14.2739308663,13.0785602719666,4,-69.2831606409085,-4.8,-2.65638857799549,2,1,56.4959708947171
6.99999999999999,37,76.2798311675432,88.8907640607112,6,-49.7043264190632,-6.41850240978985,13.8304571072047,10,1,52.4916284317841
6.99999999999999,38,39.8796769280743,154.611324487099,3,-57.3542724819057,-5.61435516473598,10.6318006665121,9,1,107.694940224809
6.99999999999999,39,69.5809560309006,117.933917141537,6,-52.8943024856758,-6.4128871264806,11.3361546215289,9,1,74.5028921403542
6.99999999999999,40,78.8026031545787,174.756074110335,3,-57.6087486857193,-5.61203235556009,10.3773244626985,9,2,78.9568396209017
6.99999999999999,41,195.565643285673,186.29074266371,8,-91.6457831377063,-6.4,-21.1695428927953,0,2,62.8131821445212
6.99999999999999,42,130.336438948252,35.8724005064296,2,-69.2095725215455,-6.40000000000032,-9.77911541434087,0,1,84.8868805548712
6.99999999999999,43,76.7940209981515,41.3396976804277,4,-72.9191654714876,-4.80000000000367,-6.29239340857457,1,1,36.6765646907637
6.99999999999999,44,46.4581006787975,128.106513326623,6,-57.8688638189361,-6.41558216900178,6.36159328826852,7,1,81.6420386494816
6.99999999999999,45,49.5805378578583,187.108605603441,3,-59.5016145141473,-5.60510860228029,8.48445863427049,8,2,109.605506188096
6.99999999999999,46,81.3285417005078,118.242444947315,6,-51.9789634942732,-6.41113041540611,12.2514936129315,9,1,78.6813752896309
6.99999999999999,47,178.885201998683,73.1022509659237,1,-75.6908138972416,-6.40000000000102,-16.2603567900369,0,2,85.439269080514
6.99999999999999,48,128.643507261626,86.448116948321,6,-49.9753491395197,-6.41551079309567,13.8304571072047,10,2,71.0435895876505
6.99999999999999,49,71.2148748108276,166.018749521338,3,-60.3922497852988,-5.60886399282977,7.59382336311893,7,2,83.7612457363244
6.99999999999999,50,122.195538030949,23.4224959090201,2,-79.8302074608526,-6.40000000000042,-20.3997503536479,0,1,80.4413415805844
6.99999999999999,51,152.085304421456,30.9422500659108,1,-85.1965113740083,-6.40000000000064,-21.1695428927953,0,1,106.474678733357
6.99999999999999,52,180.024365199326,189.627983544161,8,-91.0356525147565,-6.4,-21.1695428927953,0,2,54.9917228808007
6.99999999999999,53,106.25976870342,155.105457255704,8,-66.6667009727813,-6.40000000000124,-7.2362438655766,0,2,49.9151633040313
6.99999999999999,54,104.361720683619,4.0395888749598,5,-92.7576815202841,-6.4000000000004,-21.1695428927953,0,1,74.9653657795822
6.99999999999999,55,188.525243974829,45.6158849654043,1,-81.7710104494136,-6.40000000000025,-21.1695428927953,0,2,113.721096964793
6.99999999999999,56,37.665158136174,10.13768040215,4,-78.1560643107949,-4.8,-11.5292922478819,0,1,47.8894857722103
6.99999999999999,57,150.856924169709,122.198865700602,6,-52.4465604729938,-6.4447632023567,11.7838966342108,9,2,36.4127366091293
6.99999999999999,58,22.565275478623,80.6106617054758,4,-77.4605205108805,-4.80000000000152,-10.8337484479675,0,1,47.3489885806542
6.99999999999999,59,63.3334534942735,32.4243387901088,4,-84.489965495183,-4.80000000000002,-13.973227937087,0,1,32.2325122981257
6.99999999999999,60,35.7290053977628,170.02638094996,7,-55.298711452422,-5.60558867034135,12.6873616959958,10,2,118.368771816461
6.99999999999999,61,22.1506327543696,174.486409738529,7,-58.562367489475,-5.61148167539955,9.4237056589428,8,1,129.710074649469
6.99999999999999,62,171.529699468637,138.98933374656,8,-75.9590773828857,-6.40000000000012,-16.5286202756811,0,2,33.7196193714354
6.99999999999999,63,107.691271046795,98.5531341067766,6,-50.9406517343026,-6.40905085363728,13.2898053729021,10,2,70.6332680531709
6.99999999999999,64,130.133319181147,168.464789940565,8,-79.2446151643837,-6.40000000000085,-19.8141580571791,0,2,35.8870934223902
6.99999999999999,65,163.368356088146,180.78900483657,8,-93.7431305617856,-6.40000000000002,-21.1695428927953,0,2,40.9746966227423
6.99999999999999,66,92.5623860201503,87.9872501793113,6,-51.2238684284294,-6.41286018112866,13.0065886787753,10,1,61.6995776315679
6.99999999999999,67,194.720765736232,88.7580167367465,1,-70.0696887864158,-6.40000000000012,-10.6392316792111,0,2,79.3900333924324
6.99999999999999,68,48.9790670991406,154.050504510852,3,-61.033863380349,-5.60535788116428,6.95220976806876,7,2,103.797328823782
6.99999999999999,69,79.180424991238,58.4843724012868,4,-59.59831632775,-4.80000000000404,7.02845573516304,7,1,38.4152544923626
6.99999999999999,70,19.8718681098568,68.2333719051158,4,-70.1794184070272,-4.8,-3.5526463441142,2,1,42.336865521908
6.99999999999999,71,132.230492534441,65.4270029124741,1,-57.2603713206675,-6.40000000000059,2.17008578653718,4,1,86.9027981213391
6.99999999999999,72,150.495530195397,135.977994809165,8,-63.5463288142039,-6.40000000000167,-4.11587170699919,2,2,27.3699137694359
6.99999999999999,73,88.2083118368544,148.916611796172,6,-51.6703599840235,-6.41309365606081,12.5600971231811,10,2,66.118351885476
6.99999999999999,74,105.598072303176,89.6010122087953,6,-48.3553667892506,-6.40966706952424,13.8304571072047,10,1,72.1916602648141
6.99999999999999,75,95.0099225066544,165.382530000443,8,-88.2499132784732,-6.40000000000107,-21.1695428927953,0,2,61.7477194067821
6.99999999999999,76,164.373512397098,162.054636185851,8,-71.2890178520769,-6.4,-11.8585607448722,0,2,30.0692885217253
6.99999999999999,77,179.983487914985,80.636443618494,1,-74.5295309171559,-6.40000000000031,-15.0990738099512,0,2,79.1363538548399
6.99999999999999,78,32.0293059395887,112.352377520317,6,-59.2195467890255,-6.42068064042746,5.01091031817921,6,1,69.0145986545529
6.99999999999999,79,41.7227060820373,67.6295746702367,4,-63.1410869678715,-4.80000000000065,3.48568509504154,5,1,30.5215579166234
6.99999999999999,80,105.689724256578,38.0159720565914,2,-67.5264260093168,-6.4000000000008,-8.09596890211209,0,1,61.6215247581731
6.99999999999999,81,122.241360491681,87.321889289268,6,-47.964600945143,-6.41241996298712,13.8304571072047,10,2,72.466113664385
6.99999999999999,82,199.606713005147,125.902885366094,8,-98.818481723271,-6.4,-21.1695428927953,0,2,59.9478682594692
6.99999999999999,83,127.693907864037,152.712460317408,8,-52.6822338346384,-6.40000000000262,6.74822327256628,7,2,32.5141382686297
6.99999999999999,84,41.5031581009806,124.929987550882,6,-55.6808119581598,-6.41841638024113,8.5496451490449,8,1,78.987020178206
6.99999999999999,85,4.64850581091378,169.434168083144,7,-63.1590152958517,-5.60583203208991,4.82705785256605,6,1,129.898146756971
6.99999999999999,86,152.46409183586,74.0808101578131,1,-69.3664245518486,-6.40000000000245,-9.93596744464394,0,2,79.511289354843
6.99999999999999,87,166.080244497763,94.8532650543038,1,-71.5667405423169,-6.4000000000011,-12.1362834351123,0,2,62.0643749527756
6.99999999999999,88,107.79935464994,78.6596791975875,2,-64.3158460892418,-6.40000000000259,-4.88538898203713,1,1,68.6614346606461
6.99999999999999,89,16.2759893472385,124.196971500362,7,-65.3141529153843,-5.61737763294396,2.67192023303341,5,1,84.8218690806393
6.99999999999999,90,140.095950538449,55.9843947993412,1,-76.4510475071915,-6.40000000000076,-17.0205903999868,0,1,93.3024291459824
6.99999999999999,91,102.381481944051,155.053584016048,8,-67.9566217769622,-6.40000000000146,-8.52616466975751,0,2,53.3414657958705
6.99999999999999,92,102.972257461507,4.24188938209119,5,-95.0412234846954,-6.40000000000049,-21.1695428927953,0,1,73.8384367920188
6.99999999999999,93,83.4303311466222,179.401521252381,3,-62.3644390942695,-5.61279144962026,5.62163405414828,6,2,76.4736573154611
6.99999999999999,94,87.4575677565182,66.9304912457135,4,-71.9779958599493,-4.80000000000316,-5.35122379703623,1,1,47.3493496898884
6.99999999999999,95,194.412094878223,147.581498985734,8,-83.3080867074251,-6.40000000000001,-21.1695428927953,0,2,50.3044065527891
6.99999999999999,96,73.0617182214311,187.322732929144,3,-59.9770328332241,-5.61161134602937,8.00904031519366,7,2,88.683344526121
6.99999999999999,97,86.7971796592668,110.818823597608,6,-46.6928238462275,-6.41106065815202,13.8304571072047,10,1,74.8679620042731
6.99999999999999,98,182.032205567665,33.4669917268209,1,-90.4907633865624,-6.40000000000127,-21.1695428927953,0,2,123.118862124071
6.99999999999999,99,111.968094279595,161.479982394932,8,-61.6204605144827,-6.40000000000031,-2.19000340727802,3,2,46.1569696634619
6.99999999999999,100,49.0230162575419,31.3884540009417,4,-60.7620505049271,-4.8,5.86472155798597,6,1,29.9932349323659
7.49999999999999,1,19.697095247713,175.002214128219,7,-66.9599250673386,-5.60834744640014,1.0261480810791,4,1,130.751939080778
7.49999999999999,2,186.991714653316,25.9626507092758,1,-80.4957469155972,-6.40000000000035,-21.0652898083925,0,2,131.551894597005
7.49999999999999,3,152.674450433654,30.4284360812787,1,-77.57085550441,-6.4000000000003,-18.1403983972054,0,1,107.132342857223
7.49999999999999,4,55.2253603018653,4.33223244678805,4,-90.1304989588666,-4.80000000000002,-13.973227937087,0,1,51.6246005658011
7.49999999999999,5,51.812645284595,92.21689412606,6,-49.5554495370407,-6.43091988750089,13.8304571072047,10,1,48.3508203919926
7.49999999999999,6,111.20448157422,28.9326515824595,2,-92.1642808355842,-6.40000000000163,-21.1695428927953,0,1,68.8627020535437
7.49999999999999,7,65.0628806929821,84.9550450483763,6,-52.0907465417631,-6.42322605186603,12.1397105654415,9,1,44.7324887425798
7.49999999999999,8,133.67134790114,137.864733521559,6,-44.1827192702562,-6.44021617092676,13.8304571072047,10,2,31.0827857803703
7.49999999999999,9,195.778076980673,155.651073885686,8,-98.1382690954692,-6.40000000000001,-21.1695428927953,0,2,51.7669486072912
7.49999999999999,10,80.8091954542129,91.491242107501,6,-44.7441491956363,-6.41466104096548,13.8304571072047,10,1,56.7712928878597
7.49999999999999,11,153.606114084483,58.185604054291,1,-85.2943567969394,-6.40000000000175,-21.1695428927953,0,2,94.84269798812
7.49999999999999,12,153.086828830089,123.368723999169,6,-53.3524026300797,-6.44029529575929,10.878054477125,9,2,35.6511342548693
7.49999999999999,13,90.158766402597,19.6718230667952,2,-63.0652589817605,-6.40000000000021,-3.63480187455587,2,1,55.5407493203875
7.49999999999999,14,177.741961656616,99.5103132615699,1,-69.4744054389151,-6.40000000000247,-10.0439483317104,0,2,62.2179628684673
7.49999999999999,15,183.005547630222,190.645172753401,8,-85.8262168423463,-6.4,-21.1695428927953,0,2,57.3902974598033
7.49999999999999,16,94.2612194269157,149.88068415504,8,-77.9619205790651,-6.40000000000077,-18.5314634718605,0,2,60.4902958832679
7.49999999999999,17,143.260646542638,100.088012271608,6,-54.7693661104726,-6.42299824713941,9.46109099673209,8,2,55.5776520196959
7.49999999999999,18,71.1835936150954,25.0798066110357,4,-80.8835809557324,-4.80000000000001,-13.973227937087,0,1,40.2741936851986
7.49999999999999,19,120.953388685807,59.9035252057706,2,-64.1984815939568,-6.40000000000104,-4.76802448675212,1,1,75.3970369278567
7.49999999999999,20,49.0982996719139,199.385585441616,7,-57.2578014172641,-5.60709872490302,10.7282717311537,9,2,114.770811526756
7.49999999999999,21,91.7038249792747,65.3742795023363,4,-73.3856955644023,-4.80000000000672,-6.75892350148922,0,1,50.277504792083
7.49999999999999,22,141.001096030054,37.8983153101174,1,-75.5745657881652,-6.40000000000047,-16.1441086809605,0,1,94.7623356139159
7.49999999999999,23,124.181482031781,182.61175804931,8,-67.6464810454694,-6.4,-8.21602393826473,0,2,47.7741837517085
7.49999999999999,24,179.108140235987,39.6899800861492,1,-100.472119618582,-6.40000000000202,-21.1695428927953,0,2,116.481047047973
7.49999999999999,25,105.758513638077,91.5773365198087,6,-42,-6.40915414972243,13.8304571072047,10,1,73.4161886453462
7.49999999999999,26,144.557059047151,115.780818882641,6,-54.6959190417676,-6.43114884463425,9.53453806543703,8,2,41.8667883000215
7.49999999999999,27,61.4774818046637,154.695170740192,3,-48.6202591480202,-5.60607644465958,17.5860731484177,12,2,91.7089464333944
7.49999999999999,28,150.192696932659,82.2479161614578,1,-65.5617181974589,-6.40000000000137,-6.1312610902542,1,2,71.7121467854136
7.49999999999999,29,148.433729625002,186.967628642216,8,-91.7490804255249,-6.40000000000002,-21.1695428927953,0,2,43.8327362859816
7.49999999999999,30,56.7525187216768,22.995442836242,4,-72.193661092976,-4.8,-5.56688903006291,1,1,36.4292824071141
7.49999999999999,31,143.040320220459,143.587740990419,8,-63.6811211263171,-6.40000000000933,-4.2506640191124,2,2,25.3338549818166
7.49999999999999,32,41.4994198851764,87.7667211591382,6,-52.8150273433948,-6.4417038398818,11.4154297638099,9,1,45.2861467713983
7.49999999999999,33,167.630654611964,5.55521318113152,1,-71.1131776397564,-6.40000000000053,-11.6827205325518,0,1,127.924039882322
7.49999999999999,34,128.742863552932,46.059124118172,2,-75.5304669428484,-6.40000000000341,-16.1000098356438,0,1,82.26918659639
7.49999999999999,35,162.8054855552,68.9481641153182,1,-67.3740432675364,-6.40000000000039,-7.94358616033174,0,2,85.3559052472752
7.49999999999999,36,14.3622668193794,12.209245256287,4,-107.352619976748,-4.8,-13.973227937087,0,1,57.0126229036393
7.49999999999999,37,75.5344043712441,88.6658480499702,6,-43.0969474721954,-6.4172297911549,13.8304571072047,10,1,51.9548227984428
7.49999999999999,38,40.0906651904385,154.06613160031,3,-62.1004250710185,-5.61362254389871,5.88564807739929,6,1,107.145716958827
7.49999999999999,39,70.3485650121057,118.899903943914,6,-55.8979532993306,-6.41520882299979,8.33250380787407,8,1,75.5877692588719
7.49999999999999,40,78.3948461194804,174.704045330179,3,-59.2268830571744,-5.61365569335069,8.75919009124332,8,2,79.3084983966312
7.49999999999999,41,196.589091902353,186.250028858892,8,-89.7708259621389,-6.4,-21.1695428927953,0,2,63.536273706886
7.49999999999999,42,130.612748929039,36.9196868489965,2,-74.6173181020286,-6.4000000000004,-15.1868609948239,0,1,84.9809383451646
7.49999999999999,43,76.7945735042754,41.3356423563959,4,-64.8532485621479,-4.80000000000072,1.77352350076519,4,1,36.6779260953001
7.49999999999999,44,45.1023024337631,128.060201672172,6,-54.5997787739127,-6.41693207378753,9.63067833329201,8,1,81.6678181816465
7.49999999999999,45,49.5134122968741,186.940057498648,3,-64.5632661179719,-5.6085531257297,3.42280703044581,5,2,109.610091488975
7.49999999999999,46,80.5716408206599,117.987814022402,6,-54.606894529144,-6.41196656679957,9.62356257806066,8,1,78.1614871788669
7.49999999999999,47,178.159049553854,73.1832446706875,1,-73.3553196203329,-6.40000000000026,-13.9248625131283,0,2,85.1234161150729
7.49999999999999,48,128.358417118753,87.8753909138318,6,-47.7645037019795,-6.41533255822472,13.8304571072047,10,2,69.8575347669462
7.49999999999999,49,71.6325121230952,165.440716645618,3,-57.8110727460707,-5.60966866899344,10.175000402347,8,2,83.2594071962267
7.49999999999999,50,122.535745583657,24.167131175598,2,-78.9730322206001,-6.40000000000039,-19.5425751133955,0,1,80.5047917771099
7.49999999999999,51,153.36201715218,31.2673163092725,1,-76.6981248579785,-6.40000000000029,-17.2676677507738,0,1,107.642324519793
7.49999999999999,52,180.269423917502,189.71360898987,8,-81.1484846568276,-6.4,-21.1695428927953,0,2,55.1874873798197
7.49999999999999,53,106.343081715932,155.704440356503,8,-69.0112270125956,-6.40000000000133,-9.58076990539091,0,2,49.9070852068386
7.49999999999999,54,104.015466557127,4.63364606245388,5,-86.8843516162107,-6.40000000000146,-21.1695428927953,0,1,74.3507007160712
7.49999999999999,55,187.722130914379,46.2667839573779,1,-90.0441208914442,-6.40000000000092,-21.1695428927953,0,2,112.852954198226
7.49999999999999,56,37.3278293072285,9.73452946561556,4,-92.3352542396166,-4.80000000000002,-13.973227937087,0,1,48.3129592078784
7.49999999999999,57,150.633234587361,122.14354169007,6,-53.5651522473296,-6.44291041367717,10.6653048598751,9,2,36.4504218852884
7.49999999999999,58,21.8571221321669,79.3417803481784,4,-70.8930846732534,-4.8000000000006,-4.2663126103404,2,1,46.9596810964951
7.49999999999999,59,64.0591337338623,32.8868375527567,4,-54.6910197717613,-4.8,11.9357522911517,9,1,32.2919428076473
7.49999999999999,60,36.1090559344499,169.996498049667,7,-56.141541180692,-5.60592538175854,11.8445319677258,9,2,117.996851968146
7.49999999999999,61,22.5030347013112,174.977569159759,7,-66.1125724957609,-5.60720332310374,1.87350065265685,4,1,130.1065943514
7.49999999999999,62,171.185642526949,140.304002235303,8,-70.4965488660822,-6.40000000000008,-11.0660917588775,0,2,33.0922018296257
7.49999999999999,63,107.201975811011,98.0306892043377,6,-44.4007213590292,-6.41084660703132,13.8304571072047,10,2,71.3072937297261
7.49999999999999,64,129.763513581008,169.591695792237,8,-81.4786538827913,-6.40000000000035,-21.1695428927953,0,2,36.6824198574958
7.49999999999999,65,164.621801488924,181.588220078441,8,-82.6941785056446,-6.40000000000002,-21.1695428927953,0,2,41.9983657599382
7.49999999999999,66,91.4757264976541,88.0049353252523,6,-47.6710415088101,-6.41178820126329,13.8304571072047,10,1,60.966064311097
7.49999999999999,67,194.773169931939,88.80824701379,1,-78.9180520867424,-6.40000000000196,-19.4875949795378,0,2,79.3808376075712
7.49999999999999,68,49.3233870176035,154.404095822249,3,-59.3511955758469,-5.60225858282929,8.63487757257083,8,2,103.476695258492
7.49999999999999,69,79.4417710927155,57.8450963015555,4,-77.4273287427829,-4.80000000001004,-10.8005566798699,0,1,38.4787398579597
7.49999999999999,70,20.4330874058029,67.6893375941634,4,-79.8089731712076,-4.80000000000004,-13.1822011082945,0,1,41.7056948734004
7.49999999999999,71,133.337882675535,66.2860348257283,1,-85.024160126034,-6.40000000000183,-21.1695428927953,0,1,88.1061156741461
7.49999999999999,72,150.303422460526,135.734084547998,8,-57.4537941484945,-6.40000000000635,1.97666295871022,4,2,27.492879239418
7.49999999999999,73,87.1091835941207,148.015550718795,6,-50.8969469243214,-6.41141921334601,13.3335101828833,10,2,67.1672749718767
7.49999999999999,74,105.335416035982,90.0724187754117,6,-42,-6.40938277423225,13.8304571072047,10,1,72.2499620372719
7.49999999999999,75,96.2116070566246,165.895776594549,8,-77.3736842266673,-6.40000000000077,-17.9432271194626,0,2,60.8121445845709
7.49999999999999,76,164.558019885802,161.984333760466,8,-71.6063267028486,-6.40000000000001,-12.1758695956439,0,2,30.1298887929851
7.49999999999999,77,181.073056315169,80.7838860014614,1,-76.8806267142799,-6.40000000000175,-17.4501696070752,0,2,79.4270436679117
7.49999999999999,78,32.2689267761878,112.48276470819,6,-56.7151552669969,-6.42009994828531,7.51530184020775,7,1,69.0705207975673
7.49999999999999,79,40.8011782994461,67.6692970412155,4,-59.3883710461358,-4.80000000000019,7.23840101677723,7,1,30.8070183336409
7.49999999999999,80,105.805921363204,37.8607119849871,2,-80.0207222165501,-6.40000000000159,-20.5902651093454,0,1,61.7568876539899
7.49999999999999,81,121.232459921738,86.5732179213607,6,-50.5267266381447,-6.41344155605904,13.70373046906,10,2,73.5035920687254
7.49999999999999,82,199.668143574552,125.110474070434,1,-70.712798243076,-6.4,-11.2823411358713,0,2,60.3213311121431
7.49999999999999,83,126.516265597608,153.190052362107,8,-85.8690331237473,-6.40000000000344,-21.1695428927953,0,2,33.3753234524411
7.49999999999999,84,41.483028308048,124.269958841347,6,-57.8195167681015,-6.4181425089615,6.4109403391032,7,1,78.3633561883157
7.49999999999999,85,5.01743484352598,169.781518291322,7,-59.0619243063509,-5.61238286194805,8.92414884206687,8,1,130.089558736398
7.49999999999999,86,152.334085269569,73.703356311053,1,-68.1033020635373,-6.40000000000153,-8.67284495633266,0,2,79.8678645779625
7.49999999999999,87,165.038111703856,95.4736957654797,1,-64.5292562390096,-6.40000000000114,-5.09879913180488,1,2,61.249593117776
7.49999999999999,88,108.272065025019,77.5722745502594,2,-68.3209108138219,-6.40000000000116,-8.8904537066172,0,1,68.6156970827734
7.49999999999999,89,15.7186834420959,124.006145837982,7,-53.4797959181425,-5.62224654900854,14.5062772302752,11,1,84.8785502157987
7.49999999999999,90,140.248063440319,56.4638340456922,1,-84.9093875150711,-6.40000000000066,-21.1695428927953,0,1,93.4812500199809
7.49999999999999,91,102.093007410792,154.377943843165,8,-71.979061380745,-6.4000000000009,-12.5486042735403,0,2,53.5396706306299
7.49999999999999,92,102.454122880171,5.20595515074828,5,-86.9545918820336,-6.40000000000169,-21.1695428927953,0,1,72.8710605184585
7.49999999999999,93,82.445092239286,180.144135943335,3,-60.3110360788282,-5.61213408482107,7.67503706958957,7,2,77.6181969278394
7.49999999999999,94,86.8232947542405,67.0494043629685,4,-68.0321788741178,-4.80000000000585,-1.40540681120477,3,1,46.8922938838535
7.49999999999999,95,194.436720429223,148.532980588125,8,-96.4947394099102,-6.40000000000001,-21.1695428927953,0,2,50.2894051312969
7.49999999999999,96,74.2438479687376,187.679723755914,3,-61.3160390901765,-5.60358469207794,6.67003405824127,7,2,87.8123348562475
7.49999999999999,97,86.2136762538262,111.942812410261,6,-56.8737333914049,-6.41119001193487,7.35672371579976,7,1,75.5022672315857
7.49999999999999,98,182.885464617966,32.9349800161101,1,-89.7375663987323,-6.40000000000102,-21.1695428927953,0,2,123.846367274006
7.49999999999999,99,112.1661159541,162.163304517183,8,-62.2773130865944,-6.40000000000047,-2.84685597938973,2,2,46.1692403963544
7.49999999999999,100,49.9148805939228,32.0958182838885,4,-76.5653556003591,-4.80000000000003,-9.93858353744605,0,1,29.5434758997115
7.99999999999999,1,19.8232383567779,174.95897550602,7,-61.7598739602386,-5.61037388900776,6.22619918817914,7,1,130.681416057471
7.99999999999999,2,186.827441479562,27.1486193009484,1,-63.7549241232725,-6.40000000000118,-4.32446701606779,2,2,130.387776212319
7.99999999999999,3,152.216264275707,30.1532265476916,1,-82.4748866109566,-6.40000000000079,-21.1695428927953,0,1,106.74412910764
7.99999999999999,4,55.2808999124569,3.91330706886256,4,-91.7641646091809,-4.80000000000001,-13.973227937087,0,1,52.0011650755475
7.99999999999999,5,50.5329018866461,92.978975929073,6,-54.8777981398644,-6.42553131964783,9.35265896734024,8,1,48.9870019120647
7.99999999999999,6,110.808901621904,27.8360610305879,2,-89.0142549656806,-6.40000000000111,-21.1695428927953,0,1,68.8564645265951
7.99999999999999,7,65.6363951126963,84.5126003928291,6,-49.4934720270736,-6.42214817054619,13.8304571072047,10,1,44.5854958253854
7.99999999999999,8,132.321070111581,138.171490078745,6,-50.27912837927,-6.42149719601028,13.8304571072047,10,2,31.6971325036963
7.99999999999999,9,195.592713933361,156.823204463027,8,-82.9523843918722,-6.40000000000001,-21.1695428927953,0,2,51.7445811941076
7.99999999999999,10,80.6714093481702,92.3577612212087,6,-50.3508123706169,-6.41527485468548,13.8304571072047,10,1,57.3338057961963
7.99999999999999,11,153.485822249412,57.402526817966,1,-85.178735889307,-6.40000000000171,-21.1695428927953,0,2,95.5965114240682
7.99999999999999,12,154.014917396452,123.075740302479,6,-56.8497936221712,-6.44478162229929,7.38066348503349,7,2,35.9622763734429
7.99999999999999,13,89.7363583594264,18.9447101510291,2,-59.4160589028471,-6.40000000000015,0.0143982043576157,3,1,55.638648467341
7.99999999999999,14,177.653670611417,98.9703521950891,1,-68.9957649536209,-6.40000000000023,-9.56530784641625,0,2,62.6178924380084
7.99999999999999,15,182.89903568374,189.605747503779,8,-62.6484333604352,-6.4,-3.21797625323058,2,2,56.5969238055668
7.99999999999999,16,94.3514762658592,150.938827288773,8,-67.6019735295072,-6.40000000000108,-8.17151642230256,0,2,60.4143161052691
7.99999999999999,17,142.276067085034,99.1242154883187,6,-47.8902762730032,-6.42659474588908,13.8304571072047,10,2,56.5707927234003
7.99999999999999,18,72.2487990665224,25.5415395312486,4,-85.9882268114863,-4.80000000000001,-13.973227937087,0,1,40.5644591780041
7.99999999999999,19,121.214309124008,60.5004803372508,2,-68.6996375671601,-6.40000000000106,-9.26918045995546,0,1,75.7231002490171
7.99999999999999,20,48.7087499577999,199.180780588821,7,-67.0312597651694,-5.61031673428645,0.954813383248324,4,2,115.025721099402
7.99999999999999,21,90.7872991181194,64.3725550100757,4,-64.3560345002719,-4.80000000000234,2.27073756264113,4,1,49.2181278277486
7.99999999999999,22,140.72825815281,38.4054800358665,1,-80.2928281831581,-6.40000000000042,-20.8623710759534,0,1,94.4367498415823
7.99999999999999,23,123.814160636085,182.705129325173,8,-104.737112266443,-6.40000000000001,-21.1695428927953,0,2,48.0372112780188
7.99999999999999,24,178.374031346033,38.4756604985256,1,-82.0852056803962,-6.40000000000128,-21.1695428927953,0,2,117.452177315134
7.99999999999999,25,105.339948183943,91.323282158037,6,-42,-6.40966767640424,13.8304571072047,10,1,72.9545989867277
7.99999999999999,26,145.30108933931,115.105703717072,6,-49.5789710028101,-6.43496232086507,13.8304571072047,10,2,42.331332065952
7.99999999999999,27,60.7226507774844,154.468691154137,3,-59.0573423928709,-5.60702516160654,8.92873075554683,8,2,92.426534527862
7.99999999999999,28,150.544791943615,83.7054627286332,1,-73.7049008333493,-6.40000000000223,-14.2744437261446,0,2,70.3385560719473
7.99999999999999,29,149.03359567443,185.980327781778,8,-96.8887477802083,-6.40000000000004,-21.1695428927953,0,2,42.9856711545217
7.99999999999999,30,56.9829187353126,23.3196245987267,4,-62.1596125448729,-4.8,4.46715951804016,6,1,36.2333214819846
7.99999999999999,31,143.135205379546,143.500939530068,8,-64.1900646751643,-6.400000000012,-4.75960756795964,1,2,25.3300847249442
7.99999999999999,32,41.1183648702361,86.9959789093401,6,-53.1507203538419,-6.43904416588231,11.0797367533628,9,1,44.7195247966544
7.99999999999999,33,166.573123763096,5.28393501662458,1,-84.6181657608921,-6.40000000000059,-21.1695428927953,0,1,127.047509426527
7.99999999999999,34,129.011441258903,47.488942607515,2,-81.744908709788,-6.40000000000081,-21.1695428927953,0,1,82.4703780701744
7.99999999999999,35,163.332392895655,69.1549178331599,1,-77.5858975667774,-6.40000000000104,-18.1554404595727,0,2,85.2404247460513
7.99999999999999,36,14.4506027724588,11.3399302406074,4,-80.4532714907344,-4.8,-13.8264994278213,0,1,57.5379060884442
7.99999999999999,37,74.788977574945,88.4409320392291,6,-46.2915732756645,-6.41977117815303,13.8304571072047,10,1,51.4242031076394
7.99999999999999,38,40.3016534528026,153.520938713522,3,-54.1698662131378,-5.6143354432371,13.81620693528,10,1,106.596869925332
7.99999999999999,39,71.1161739933109,119.865890746291,6,-55.1028064269208,-6.41063833290808,9.12765068028386,8,1,76.6771510548512
7.99999999999999,40,77.987089084382,174.652016550024,3,-58.9607180597648,-5.60628082114267,9.02535508865296,8,2,79.6607259477553
7.99999999999999,41,197.612540519033,186.209315054073,8,-72.90793144256,-6.4,-13.4774743353554,0,2,64.2675541106214
7.99999999999999,42,130.889058909827,37.9669731915633,2,-77.7142757262919,-6.40000000000033,-18.2838186190872,0,1,85.0886807130654
7.99999999999999,43,76.7951260103993,41.3315870323642,4,-79.8478646894498,-4.80000000000115,-13.2210926265368,0,1,36.679287905992
7.99999999999999,44,43.7465041887287,128.013890017721,6,-55.4547880161269,-6.41178439866785,8.77566909107773,8,1,81.716113744834
7.99999999999999,45,49.4462867358899,186.771509393855,3,-61.2014703544906,-5.60910798988019,6.78460279392715,7,2,109.614976870422
7.99999999999999,46,79.8147399408119,117.73318309749,6,-52.5145682701946,-6.41126614094057,11.7158888370101,9,1,77.6463315956156
7.99999999999999,47,177.432897109025,73.2642383754513,1,-67.9208474017302,-6.40000000000026,-8.49039029452556,0,2,84.8126815747145
7.99999999999999,48,128.073326975881,89.3026648793425,6,-48.0580507417059,-6.41589589388833,13.8304571072047,10,2,68.6818424378383
7.99999999999999,49,72.0501494353628,164.862683769898,3,-55.3632128390472,-5.61000103402421,12.6228603093706,10,2,82.7606704412988
7.99999999999999,50,122.875953136366,24.9117664421759,2,-89.8849251172548,-6.40000000000083,-21.1695428927953,0,1,80.5765102780312
7.99999999999999,51,154.638729882905,31.5923825526343,1,-82.5582528705239,-6.40000000000042,-21.1695428927953,0,1,108.813391508565
7.99999999999999,52,180.514482635678,189.79923443558,8,-67.2706421246014,-6.4,-7.84018501739675,0,2,55.3837766153713
7.99999999999999,53,106.426394728445,156.303423457302,8,-65.3204717352776,-6.4000000000023,-5.89001462807289,1,2,49.9063345041826
7.99999999999999,54,103.669212430634,5.22770324994797,5,-80.3143131678688,-6.40000000000202,-20.8838560606642,0,1,73.737323786528
7.99999999999999,55,186.91901785393,46.9176829493516,1,-99.1638849666227,-6.40000000000156,-21.1695428927953,0,2,111.987624172625
7.99999999999999,56,36.9905004782831,9.33137852908107,4,-73.6020904426677,-4.8,-6.97531837975461,0,1,48.7384227294077
7.99999999999999,57,150.409545005012,122.088217679538,6,-54.9913363296891,-6.45461778140869,9.23912077751556,8,2,36.4895234199625
7.99999999999999,58,21.1489687857107,78.0728989908811,4,-76.0619072366393,-4.80000000000105,-9.43513517372627,0,1,46.6124410418518
7.99999999999999,59,64.7848139734512,33.3493363154045,4,-74.7874393594992,-4.80000000000001,-8.16066729658617,0,1,32.3741459403497
7.99999999999999,60,36.4891064711369,169.966615149375,7,-56.6177618406069,-5.60625341052398,11.3683113078108,9,2,117.624991690729
7.99999999999999,61,22.8554366482527,175.468728580989,7,-59.1867723872695,-5.61007056464,8.79930076114828,8,1,130.504709383558
7.99999999999999,62,170.841585585261,141.618670724047,8,-74.7474635318253,-6.40000000000001,-15.3170064246207,0,2,32.509511994795
7.99999999999999,63,106.712680575227,97.5082443018988,6,-51.1511483585756,-6.41053499824115,13.0793087486291,10,2,71.9821258317055
7.99999999999999,64,129.393707980869,170.718601643909,8,-75.6012494779316,-6.4,-16.1707923707269,0,2,37.4983962971312
7.99999999999999,65,165.875246889702,182.387435320313,8,-92.5653588068159,-6.40000000000002,-21.1695428927953,0,2,43.0490351858955
7.99999999999999,66,90.389066975158,88.0226204711933,6,-49.6209044777476,-6.41190133828589,13.8304571072047,10,1,60.2432269937476
7.99999999999999,67,194.825574127645,88.8584772908335,1,-97.4306572781258,-6.40000000000232,-21.1695428927953,0,2,79.3717071447286
7.99999999999999,68,49.6677069360664,154.757687133646,3,-58.6101128251818,-5.60622123466105,9.37596032323595,8,2,103.157426384767
7.99999999999999,69,79.7031171941931,57.2058202018242,4,-68.3352596576752,-4.80000000000337,-1.70848759476219,3,1,38.5544941068222
7.99999999999999,70,20.994306701749,67.1453032832111,4,-61.7267782377226,-4.8,4.89999382519049,6,1,41.0796989811938
7.99999999999999,71,134.445272816628,67.1450667389825,1,-89.1975775130233,-6.40000000000141,-21.1695428927953,0,2,87.5165098906302
7.99999999999999,72,150.111314725655,135.490174286831,6,-56.0849341739116,-6.48233484617646,8.14552293329308,8,2,27.6187876851009
7.99999999999999,73,86.0100553513869,147.114489641417,6,-46.8970231683896,-6.41011972769336,13.8304571072047,10,2,68.2296796574779
7.99999999999999,74,105.072759768789,90.5438253420282,6,-42,-6.40984155169519,13.8304571072047,10,1,72.3122440663793
7.99999999999999,75,97.4132916065949,166.409023188654,8,-66.6819888686624,-6.40000000000162,-7.25153176145775,0,2,59.8904662000457
7.99999999999999,76,164.742527374506,161.914031335081,8,-73.8050862986086,-6.40000000000001,-14.3746291914039,0,2,30.1916587162969
7.99999999999999,77,182.162624715352,80.9313283844287,1,-72.7513588249381,-6.40000000000075,-13.3209017177335,0,2,79.7318369744496
7.99999999999999,78,32.5085476127868,112.613151896062,6,-59.4292756161914,-6.41842427748585,4.80118149101329,6,1,69.1274742557076
7.99999999999999,79,39.8796505168548,67.7090194121943,4,-68.2942178023221,-4.8000000000003,-1.66744573940909,3,1,31.1172113500306
7.99999999999999,80,105.922118469829,37.7054519133828,2,-71.7745070744662,-6.40000000000137,-12.3440499672615,0,1,61.8925621283185
7.99999999999999,81,120.223559351795,85.8245465534534,6,-49.6088002753765,-6.41219882684464,13.8304571072047,10,2,74.5478050833552
7.99999999999999,82,199.729574143956,124.318062774775,1,-76.122631632906,-6.4,-16.6921745257013,0,2,60.7029030951538
7.99999999999999,83,125.338623331179,153.667644406806,8,-65.4528300382742,-6.40000000000174,-6.02237293106952,1,2,34.2620068690706
7.99999999999999,84,41.4628985151153,123.609930131811,6,-56.8409098830265,-6.41792444532614,7.38954722417822,7,1,77.740297888375
7.99999999999999,85,5.38636387613819,170.128868499501,7,-63.141027016002,-5.60976707831937,4.84504613241576,6,1,130.282660301219
7.99999999999999,86,152.204078703278,73.3259024642929,1,-76.1756702784721,-6.40000000000153,-16.7452131712674,0,2,80.2248415133702
7.99999999999999,87,163.995978909948,96.0941264766555,1,-60.9509034116125,-6.40000000000101,-1.5204463044078,3,2,60.4481647857279
7.99999999999999,88,108.744775400098,76.4848699029313,2,-52.3298390184614,-6.40000000000116,7.1006180887433,7,1,68.5904291470985
7.99999999999999,89,15.1613775369532,123.815320175601,7,-61.2900246646332,-5.60876359999187,6.69604848378455,7,1,84.9392789453104
7.99999999999999,90,140.40017634219,56.9432732920432,1,-71.9286332077194,-6.40000000000074,-12.4981761005147,0,1,93.6624307110754
7.99999999999999,91,101.804532877533,153.702303670281,8,-65.1243783893134,-6.40000000000146,-5.69392128210878,1,2,53.747186936804
7.99999999999999,92,101.935988298835,6.17002091940537,5,-78.5192755898243,-6.40000000000182,-19.0888184826197,0,1,71.9073288808734
7.99999999999999,93,81.4598533319498,180.88675063429,3,-67.0040521407033,-5.6120819745883,0.982021007714425,4,2,78.7654306788368
7.99999999999999,94,86.1890217519629,67.1683174802235,4,-59.6400574931789,-4.80000000000237,6.9867145697341,7,1,46.4397073684341
7.99999999999999,95,194.461345980222,149.484462190517,8,-87.4819204983803,-6.40000000000001,-21.1695428927953,0,2,50.2924155873034
7.99999999999999,96,75.4259777160441,188.036714582684,3,-57.6809383244789,-5.61471092707709,10.3051348239388,9,2,86.9501377563746
7.99999999999999,97,85.6301728483856,113.066801222915,6,-51.4336450830966,-6.40979816486858,12.7968120241081,10,1,76.1523514653129
7.99999999999999,98,183.738723668268,32.4029683053993,1,-67.538717176851,-6.40000000000117,-8.10826006964634,0,2,124.577740139018
7.99999999999999,99,112.364137628604,162.846626639434,8,-71.3418809539028,-6.4000000000006,-11.9114238466982,0,2,46.1924664036425
7.99999999999999,100,50.8067449303038,32.8031825668353,4,-62.3887890847514,-4.8,4.23798297816162,5,1,29.1312781596031
8.49999999999999,1,19.9493814658427,174.91573688382,7,-60.380010849015,-5.60476441648689,7.60606229940274,7,1,130.610991097661
8.49999999999999,2,186.663168305807,28.334587892621,1,-84.5901042156992,-6.40000000000044,-21.1695428927953,0,2,129.224264027613
8.49999999999999,3,151.75807811776,29.8780170141046,1,-84.4204021375519,-6.40000000000021,-21.1695428927953,0,1,106.35718434363
8.49999999999999,4,55.3364395230484,3.49438169093707,4,-83.9863235795974,-4.8,-13.973227937087,0,1,52.3784318311593
8.49999999999999,5,49.2531584886972,93.741057732086,6,-50.8504122843639,-6.42437753427656,13.3800448228407,10,1,49.6597211406255
8.49999999999999,6,110.413321669588,26.7394704787164,2,-67.7755562474214,-6.40000000000037,-8.34509914021671,0,1,68.8699620209249
8.49999999999999,7,66.2099095324105,84.0701557372819,6,-49.7750659131302,-6.42435620573793,13.8304571072047,10,1,44.4498220357695
8.49999999999999,8,130.970792322022,138.478246635931,6,-48.422117729681,-6.43038024253976,13.8304571072047,10,2,32.3591029763508
8.49999999999999,9,195.40735088605,157.995335040367,8,-86.0389404923953,-6.4,-21.1695428927953,0,2,51.7494241214001
8.49999999999999,10,80.5336232421275,93.2242803349164,6,-45.6167321632104,-6.41568591880345,13.8304571072047,10,1,57.9041497542588
8.49999999999999,11,153.365530414341,56.619449581641,1,-74.8551809380942,-6.40000000000094,-15.4247238308895,0,2,96.3509418293643
8.49999999999999,12,154.943005962816,122.782756605789,6,-55.4239661853376,-6.45864613632034,8.80649092186706,8,2,36.2968544908254
8.49999999999999,13,89.3139503162558,18.217597235263,2,-65.1860585600584,-6.40000000000157,-5.75560145285374,1,1,55.7490611128922
8.49999999999999,14,177.565379566217,98.4303911286083,1,-78.0357145250296,-6.40000000000088,-18.6052574178249,0,2,63.0200341937224
8.49999999999999,15,182.792523737258,188.566322254157,8,-70.0866822807097,-6.4,-10.6562251735051,0,2,55.8118340969919
8.49999999999999,16,94.4417331048027,151.996970422505,8,-78.9041032801138,-6.40000000000156,-19.4736461729091,0,2,60.3569292730034
8.49999999999999,17,141.291487627431,98.1604187050292,6,-51.3487191869505,-6.41444428490751,12.8817379202542,10,2,57.5797740233588
8.49999999999999,18,73.3140045179494,26.0032724514615,4,-60.8794797672366,-4.80000000000004,5.74729229567644,6,1,40.8856422195097
8.49999999999999,19,121.475229562208,61.0974354687309,2,-84.7759992394888,-6.40000000000108,-21.1695428927953,0,1,76.0533465072573
8.49999999999999,20,48.3192002436858,198.975975736027,7,-64.0780660957814,-5.60537691958612,3.90800705263638,5,2,115.281747203881
8.49999999999999,21,89.8707732569642,63.3708305178151,4,-56.1225929205579,-4.80000000000206,10.5041791423552,9,1,48.1737238424059
8.49999999999999,22,140.455420275566,38.9126447616155,1,-62.7743016423536,-6.40000000000049,-3.34384453514894,2,1,94.1135617401198
8.49999999999999,23,123.44683924039,182.798500601035,8,-91.7158489718188,-6.4,-21.1695428927953,0,2,48.3017803812843
8.49999999999999,24,177.639922456078,37.2613409109019,1,-80.8138462784476,-6.40000000000071,-21.1695428927953,0,2,118.432345947321
8.49999999999999,25,104.921382729809,91.0692277962653,6,-42,-6.40960035874136,13.8304571072047,10,1,72.4933773025901
8.49999999999999,26,146.045119631469,114.430588551503,6,-51.1215464281632,-6.43402907638531,13.1089106790415,10,2,42.8144147399195
8.49999999999999,27,59.9678197503052,154.242211568082,3,-61.3260383749916,-5.60768837807263,6.66003477342615,7,2,93.1452620346409
8.49999999999999,28,150.896886954571,85.1630092958086,1,-74.2361588881056,-6.40000000000145,-14.8057017809009,0,2,68.9702092920174
8.49999999999999,29,149.633461723857,184.99302692134,8,-84.9029133445071,-6.40000000000003,-21.1695428927953,0,2,42.1532476023557
8.49999999999999,30,57.2133187489484,23.6438063612114,4,-62.4612073360157,-4.8,4.16556472689738,5,1,36.0406841014325
8.49999999999999,31,143.230090538633,143.414138069717,8,-75.1133716153215,-6.40000000001448,-15.6829145081168,0,2,25.3269668827489
8.49999999999999,32,40.7373098552959,86.225236659542,6,-51.2134662775207,-6.42793571060501,13.016990829684,10,1,44.1623731218853
8.49999999999999,33,165.515592914227,5.01265685211763,1,-82.4597242261512,-6.40000000000012,-21.1695428927953,0,1,126.17433673228
8.49999999999999,34,129.280018964875,48.9187610968581,2,-79.124867977366,-6.40000000000076,-19.6944108701614,0,1,82.6966775912829
8.49999999999999,35,163.85930023611,69.3616715510015,1,-77.0936844474264,-6.4000000000014,-17.6632273402218,0,2,85.1285511334664
8.49999999999999,36,14.5389387255382,10.4706152249278,4,-93.7308219286764,-4.8,-13.973227937087,0,1,58.0715862311927
8.49999999999999,37,74.0435507786458,88.216016028488,6,-48.0501759146734,-6.42108367020067,13.8304571072047,10,1,50.8999628205657
8.49999999999999,38,40.5126417151668,152.975745826733,3,-62.4303402528631,-5.60873884736314,5.55573289555461,6,1,106.04840496583
8.49999999999999,39,71.8837829745161,120.831877548668,6,-54.3966939060912,-6.41263472773057,9.8337632011135,8,1,77.7708482295599
8.49999999999999,40,77.5793320492836,174.599987769868,3,-54.3484719095236,-5.61267110134249,13.6376012388942,10,2,80.0135147628547
8.49999999999999,41,198.635989135712,186.168601249255,8,-97.1468487958689,-6.4,-21.1695428927953,0,2,65.0067470001133
8.49999999999999,42,131.165368890614,39.0142595341301,1,-56.8223255544768,-6.40000000000041,2.60813155272791,5,1,85.2100557489133
8.49999999999999,43,76.7956785165232,41.3275317083325,4,-54.1083257406875,-4.80000000000063,12.5184463222255,10,1,36.6806501227942
8.49999999999999,44,42.3907059436943,127.96757836327,6,-57.9205932300504,-6.41608832364047,6.3098638771543,7,1,81.7868854515685
8.49999999999999,45,49.3791611749058,186.602961289061,3,-59.3200926495376,-5.60252697732308,8.66598049888015,8,2,109.620162292318
8.49999999999999,46,79.0578390609639,117.478552172577,6,-49.2964560286229,-6.41230506718897,13.8304571072047,10,1,77.1360033590027
8.49999999999999,47,176.706744664196,73.3452320802151,1,-70.8913204706982,-6.40000000000129,-11.4608633634936,0,2,84.5071219211414
8.49999999999999,48,127.788236833008,90.7299388448532,6,-49.3881629291223,-6.41596471881455,13.8304571072047,10,2,67.5170539369229
8.49999999999999,49,72.4677867476304,164.284650894178,3,-54.8612371819669,-5.60996618080033,13.1248359664509,10,2,82.2650918858022
8.49999999999999,50,123.216160689074,25.6564017087538,2,-80.9646774589561,-6.40000000000041,-21.1695428927953,0,1,80.6564750272031
8.49999999999999,51,155.91544261363,31.9174487959961,1,-84.9237118673079,-6.40000000000032,-21.1695428927953,0,1,109.987770420564
8.49999999999999,52,180.759541353854,189.884859881289,8,-70.6731129219811,-6.4,-11.2426558147764,0,2,55.5805850279534
8.49999999999999,53,106.509707740957,156.9024065581,8,-68.2064667734192,-6.40000000000151,-8.77600966621457,0,2,49.912911526681
8.49999999999999,54,103.322958304142,5.82176043744206,5,-74.118460308115,-6.40000000000056,-14.6880032009103,0,1,73.1252674056786
8.49999999999999,55,186.11590479348,47.5685819413252,1,-86.2783085520378,-6.40000000000073,-21.1695428927953,0,2,111.125172596324
8.49999999999999,56,36.6531716493376,8.92822759254658,4,-77.5460550915267,-4.8,-10.9192830286137,0,1,49.1658246723443
8.49999999999999,57,150.185855422664,122.032893669006,6,-51.2572464437739,-6.45532693625148,12.9732106634308,10,2,36.5300366652875
8.49999999999999,58,20.4408154392545,76.8040176335837,4,-90.5836331809427,-4.80000000000033,-13.973227937087,0,1,46.3082147485485
8.49999999999999,59,65.51049421304,33.8118350780524,4,-69.0969849869873,-4.80000000000005,-2.47021292407421,2,1,32.4789487864512
8.49999999999999,60,36.8691570078239,169.936732249082,7,-59.9064764047954,-5.6036669821923,8.07959674362238,7,2,117.253191550985
8.49999999999999,61,23.2078385951942,175.959888002219,7,-62.6543026811146,-5.60395692057082,5.33177046730318,6,1,130.904405190478
8.49999999999999,62,170.497528643573,142.93333921279,8,-78.9001363100197,-6.4,-19.469679202815,0,2,31.9739952957962
8.49999999999999,63,106.223385339443,96.9857993994598,6,-49.745952406623,-6.40960277641125,13.8304571072047,10,2,72.6577418893074
8.49999999999999,64,129.02390238073,171.845507495582,8,-82.5045890691683,-6.40000000000004,-21.1695428927953,0,2,38.3337040875606
8.49999999999999,65,167.12869229048,183.186650562185,8,-88.1409863972792,-6.40000000000001,-21.1695428927953,0,2,44.1247762047416
8.49999999999999,66,89.3024074526618,88.0403056171343,6,-42.4367631968287,-6.41291226310497,13.8304571072047,10,1,59.5314545683206
8.49999999999999,67,194.877978323352,88.9087075678769,1,-93.3909240934657,-6.40000000000123,-21.1695428927953,0,2,79.36264202645
8.49999999999999,68,50.0120268545293,155.111278445043,3,-58.9668461084686,-5.60568947718608,9.01922703994916,8,2,102.839534912805
8.49999999999999,69,79.9644632956707,56.5665441020929,4,-54.0628173794793,-4.80000000000187,12.5639546834338,10,1,38.6424450836425
8.49999999999999,70,21.555525997695,66.6012689722588,4,-77.3158640267669,-4.8,-10.6890919638538,0,1,40.4591180422545
8.49999999999999,71,135.552662957722,68.0040986522367,1,-73.5302884209049,-6.40000000000135,-14.0998313137002,0,2,86.5118684658082
8.49999999999999,72,149.919206990785,135.246264025665,6,-54.0339977765566,-6.50693754624384,10.1964593306481,8,2,27.7475990440748
8.49999999999999,73,84.9109271086532,146.21342856404,6,-59.3078024573253,-6.4078812787242,4.9226546498794,6,2,69.3049459497278
8.49999999999999,74,104.810103501595,91.0152319086447,6,-42,-6.40963779145783,13.8304571072047,10,1,72.3784960770496
8.49999999999999,75,98.6149761565651,166.92226978276,8,-70.2802192435564,-6.40000000000276,-10.8497621363517,0,2,58.983335697389
8.49999999999999,76,164.92703486321,161.843728909696,8,-69.579148289046,-6.40000000000001,-10.1486911818413,0,2,30.2545911275272
8.49999999999999,77,183.252193115535,81.0787707673961,1,-73.5825629669571,-6.40000000000023,-14.1521058597524,0,2,80.0505726770646
8.49999999999999,78,32.7481684493859,112.743539083935,6,-63.6891433941311,-6.4267449678379,0.541313713073604,4,1,69.1854564820385
8.49999999999999,79,38.9581227342635,67.748741783173,4,-68.9843562536271,-4.80000000000008,-2.35758419071408,2,1,31.4514051901873
8.49999999999999,80,106.038315576455,37.5501918417784,2,-65.1023968531322,-6.4000000000007,-5.67193974592749,1,1,62.0285461366205
8.49999999999999,81,119.214658781852,85.0758751855462,6,-42,-6.41240735742961,13.8304571072047,10,2,75.5984736409444
8.49999999999999,82,199.79100471336,123.525651479115,1,-73.5508373756048,-6.4,-14.1203802684002,0,2,61.0924322643251
8.49999999999999,83,124.16098106475,154.145236451504,8,-55.5674874283122,-6.40000000000368,3.86296967889245,5,2,35.1722601601759
8.49999999999999,84,41.4427687221827,122.949901422275,6,-58.6915294845145,-6.40684490262097,5.53892762269018,6,1,77.1178599590373
8.49999999999999,85,5.75529290875039,170.476218707679,7,-60.3415480026085,-5.61369492809585,7.64452514580924,7,1,130.477443949868
8.49999999999999,86,152.074072136987,72.9484486175328,1,-76.9192910835162,-6.40000000000156,-17.4888339763116,0,2,80.582214822344
8.49999999999999,87,162.95384611604,96.7145571878314,1,-66.5426235200852,-6.40000000000254,-7.11216641288053,0,2,59.6606280966513
8.49999999999999,88,109.217485775177,75.3974652556032,2,-68.1925647276099,-6.40000000000142,-8.76210762040521,0,1,68.5856534775519
8.49999999999999,89,14.6040716318105,123.624494513221,7,-61.4900667899915,-5.61727511672256,6.49600635842625,7,1,85.0040465941081
8.49999999999999,90,140.55228924406,57.4227125383942,1,-82.7906702059423,-6.40000000000055,-21.1695428927953,0,1,93.8459575515512
8.49999999999999,91,101.516058344274,153.026663497397,8,-70.7763966398491,-6.40000000000142,-11.3459395326444,0,2,53.9639072936928
8.49999999999999,92,101.417853717499,7.13408668806246,5,-69.0956257580317,-6.40000000000035,-9.66516865082703,0,1,70.9473904028941
8.49999999999999,93,80.4746144246135,181.629365325244,3,-65.0394162959111,-5.610181881123,2.94665685250667,5,2,79.915242540356
8.49999999999999,94,85.5547487496852,67.2872305974785,4,-64.4401669778125,-4.80000000000237,2.18660508510054,4,1,45.9917220854323
8.49999999999999,95,194.485971531222,150.435943792909,8,-97.1487370385661,-6.40000000000001,-21.1695428927953,0,2,50.3134346876385
8.49999999999999,96,76.6081074633505,188.393705409454,3,-59.8805349813895,-5.60914607114827,8.10553816702827,8,2,86.0970179807584
8.49999999999999,97,85.046669442945,114.190790035569,6,-53.5308029319827,-6.41108249022221,10.6996541752219,9,1,76.817814108666
8.49999999999999,98,184.59198271857,31.8709565946885,1,-83.7710665913153,-6.40000000000039,-21.1695428927953,0,2,125.312912998844
8.49999999999999,99,112.562159303109,163.529948761685,8,-60.5481861017471,-6.40000000000258,-1.11772899454247,3,2,46.2266311722971
8.49999999999999,100,51.6986092666847,33.5105468497821,4,-81.9602354534821,-4.80000000000006,-13.973227937087,0,1,28.7582568775317
8.99999999999998,1,20.0755245749076,174.872498261621,7,-62.5638119134705,-5.60597827186291,5.42226123494729,6,1,130.540664360059
8.99999999999998,2,186.498895132053,29.5205564842936,1,-94.7105284269254,-6.40000000000137,-21.1695428927953,0,2,128.061374565928
8.99999999999998,3,151.299891959813,29.6028074805175,1,-77.7389716719127,-6.40000000000028,-18.308514564708,0,1,105.971522465928
8.99999999999998,4,55.39197913364,3.07545631301158,4,-72.8959270860416,-4.8,-6.26915502312851,1,1,52.7563857671248
8.99999999999998,5,47.9734150907483,94.503139535099,6,-56.7106713179225,-6.42926855569424,7.51978578928212,7,1,50.3675140827389
8.99999999999998,6,110.017741717272,25.6428799268448,2,-86.8657030578898,-6.40000000000026,-21.1695428927953,0,1,68.9031829388112
8.99999999999998,7,66.7834239521247,83.6277110817347,6,-47.5437774172264,-6.42903008705389,13.8304571072047,10,1,44.3255713122051
8.99999999999998,8,129.620514532462,138.785003193117,6,-45.4286339572666,-6.43633398972388,13.8304571072047,10,2,33.0658370724223
8.99999999999998,9,195.221987838738,159.167465617707,8,-71.3598391827349,-6.4,-11.9293820755303,0,2,51.781469754525
8.99999999999998,10,80.3958371360848,94.0907994486241,6,-47.2189225869861,-6.41457795239017,13.8304571072047,10,1,58.4820956466352
8.99999999999998,11,153.24523857927,55.836372345316,1,-66.316035334494,-6.40000000000143,-6.88557822728931,0,2,97.1059748240362
8.99999999999998,12,155.871094529179,122.489772909099,6,-53.8599235180473,-6.44269404948022,10.3705335891574,9,2,36.6542268444377
8.99999999999998,13,88.8915422730852,17.4904843194969,2,-81.2791033317785,-6.40000000000031,-21.1695428927953,0,1,55.8719130705227
8.99999999999998,14,177.477088521018,97.8904300621275,1,-68.2980136176283,-6.40000000000276,-8.86755651042363,0,2,63.4243460565567
8.99999999999998,15,182.686011790776,187.526897004535,8,-90.699971141298,-6.4,-21.1695428927953,0,2,55.0353828511782
8.99999999999998,16,94.5319899437462,153.055113556238,8,-65.6452660039171,-6.40000000000597,-6.2148088967124,1,2,60.3181884545796
8.99999999999998,17,140.306908169828,97.1966219217398,6,-55.1472069073841,-6.41430894236368,9.08325019982052,8,2,58.6037777425981
8.99999999999998,18,74.3792099693764,26.4650053716743,4,-66.826306169708,-4.80000000000028,-0.199534106794916,3,1,41.237020392922
8.99999999999998,19,121.736150000408,61.6943906002111,2,-78.5813580450652,-6.40000000000137,-19.1509009378605,0,1,76.3877214504487
8.99999999999998,20,47.9296505295717,198.771170883232,7,-71.9586626381461,-5.6089670174437,-3.97258948972836,2,2,115.538882417725
8.99999999999998,21,88.954247395809,62.3691060255546,4,-79.2470075028563,-4.80000000000289,-12.6202354399433,0,1,47.1452879304528
8.99999999999998,22,140.182582398322,39.4198094873645,1,-75.6769030252272,-6.40000000000081,-16.2464459180225,0,1,93.7927960949758
8.99999999999998,23,123.079517844694,182.891871876898,8,-87.2246332390301,-6.4000000000001,-21.1695428927953,0,2,48.5678658687037
8.99999999999998,24,176.905813566123,36.0470213232783,1,-85.1607850455544,-6.4000000000011,-21.1695428927953,0,2,119.421330393495
8.99999999999998,25,104.502817275675,90.8151734344937,6,-47.6013827501937,-6.40956315670003,13.8304571072047,10,1,72.0325306613157
8.99999999999998,26,146.789149923628,113.755473385934,6,-54.4291353952363,-6.43435541842533,9.80132171196834,8,2,43.3154160512241
8.99999999999998,27,59.2129887231259,154.015731982028,3,-58.9068199603505,-5.60474064689786,9.07925318806722,8,2,93.8651027802066
8.99999999999998,28,151.248981965527,86.620555862984,1,-77.8375591163129,-6.40000000000199,-18.4071020091082,0,2,67.6074248516192
8.99999999999998,29,150.233327773284,184.005726060902,8,-92.0238208309287,-6.40000000000004,-21.1695428927953,0,2,41.3363501869588
8.99999999999998,30,57.4437187625842,23.9679881236961,4,-76.3965768758903,-4.80000000000005,-9.76980481297722,0,1,35.8514238398487
8.99999999999998,31,143.32497569772,143.327336609366,8,-65.6512223858871,-6.40000000001339,-6.22076527868241,1,2,25.3245016961981
8.99999999999998,32,40.3562548403557,85.4544944097439,6,-52.2930838828751,-6.44009142744029,11.9373732243296,9,1,43.615054677883
8.99999999999998,33,164.458062065359,4.74137868761069,1,-88.4084997752462,-6.40000000000036,-21.1695428927953,0,1,125.304591994291
8.99999999999998,34,129.548596670846,50.3485795862012,2,-64.843508128162,-6.4000000000009,-5.41305102095729,1,1,82.9478796596327
8.99999999999998,35,164.386207576565,69.5684252688432,1,-72.4693006178656,-6.40000000000072,-13.038843510661,0,2,85.0202986478505
8.99999999999998,36,14.6272746786176,9.60130020924815,4,-98.0896543880316,-4.8,-13.973227937087,0,1,58.6134339673531
8.99999999999998,37,73.2981239823467,87.9911000177469,6,-42,-6.42161453521132,13.8304571072047,10,1,50.3823010754297
8.99999999999998,38,40.723629977531,152.430552939944,3,-64.7612007924418,-5.60457643757545,3.22487235597598,5,1,105.500328039189
8.99999999999998,39,72.6513919557213,121.797864351045,6,-62.6490821792057,-6.40973721416047,1.58137492799899,4,1,78.8686812550002
8.99999999999998,40,77.1715750141853,174.547958989712,3,-63.0571360738938,-5.60708684014447,4.9289370745239,6,2,80.3668574505377
8.99999999999998,41,199.659437752392,186.127887444437,8,-102.692138184715,-6.4,-21.1695428927953,0,2,65.7535855226284
8.99999999999998,42,131.441678871401,40.061545876697,1,-70.6744516680566,-6.40000000000038,-11.2439945608519,0,1,85.3450052888479
8.99999999999998,43,76.7962310226471,41.3234763843007,4,-70.9834502442797,-4.80000000000275,-4.35667818136669,2,1,36.6820127456614
8.99999999999998,44,41.0349076986598,127.921266708819,6,-56.4186338858582,-6.41728580771383,7.81182322134644,7,1,81.880075021207
8.99999999999998,45,49.3120356139216,186.434413184268,3,-60.8952963014927,-5.60714489366688,7.09077684692504,7,2,109.625647712085
8.99999999999998,46,78.300938181116,117.223921247664,6,-52.5173728809666,-6.40940994587099,11.713084226238,9,1,76.630598913512
8.99999999999998,47,175.980592219368,73.4262257849789,1,-71.5396398483667,-6.40000000000192,-12.109182741162,0,2,84.2067934884241
8.99999999999998,48,127.503146690136,92.157212810364,6,-55.2876251493394,-6.4160154526383,8.94283195786531,8,2,66.3637434048974
8.99999999999998,49,72.885424059898,163.706618018459,3,-58.5620780613472,-5.60581740901208,9.42399508707055,8,2,81.7727289499727
8.99999999999998,50,123.556368241782,26.4010369753317,2,-74.4389330303796,-6.40000000000035,-15.0084759231749,0,1,80.7446615248358
8.99999999999998,51,157.192155344355,32.2425150393579,1,-76.0803143888031,-6.40000000000031,-16.6498572815984,0,1,111.165356291858
8.99999999999998,52,181.00460007203,189.970485326999,8,-93.6600835216199,-6.40000000000001,-21.1695428927953,0,2,55.7779071219276
8.99999999999998,53,106.593020753469,157.501389658899,8,-79.7127406910017,-6.40000000000146,-20.2822835837971,0,2,49.9268133784181
8.99999999999998,54,102.976704177649,6.41581762493615,5,-85.3218191533435,-6.40000000000005,-21.1695428927953,0,1,72.5145650116512
8.99999999999998,55,185.31279173303,48.2194809332989,1,-86.9234956804394,-6.40000000000139,-21.1695428927953,0,2,110.265667011393
8.99999999999998,56,36.3158428203922,8.52507665601209,4,-51.6538568704933,-4.8,14.9729151924198,11,1,49.5951149217933
8.99999999999998,57,149.962165840316,121.977569658474,6,-51.0397682858783,-6.44740034939717,13.1906888213264,10,2,36.5719569297201
8.99999999999998,58,19.7326620927983,75.5351362762864,4,-80.4595215335942,-4.80000000000005,-13.8327494706811,0,1,46.0478547669405
8.99999999999998,59,66.2361744526289,34.2743338407003,4,-73.4735216299934,-4.80000000000004,-6.84674956708037,0,1,32.6061334262427
8.99999999999998,60,37.2492075445109,169.90684934879,7,-62.0017079042869,-5.60370772497874,5.98436524413089,7,2,116.881452122808
8.99999999999998,61,23.5602405421358,176.451047423449,7,-62.005283889622,-5.60382517505392,5.98078925879571,7,2,131.297070346448
8.99999999999998,62,170.153471701885,144.248007701533,8,-52.1280641565494,-6.4,7.3023929506553,7,2,31.4880586419727
8.99999999999998,63,105.734090103659,96.4633544970209,6,-42,-6.4097494035956,13.8304571072047,10,2,73.3341202351445
8.99999999999998,64,128.654096780591,172.972413347254,8,-80.102050905699,-6.40000000000001,-20.6715937984943,0,2,39.1871070538444
8.99999999999998,65,168.382137691258,183.985865804057,8,-89.5511025906145,-6.40000000000001,-21.1695428927953,0,2,45.2237997137761
8.99999999999998,66,88.2157479301656,88.0579907630752,6,-45.6287424318139,-6.41401136775274,13.8304571072047,10,1,58.8311486441008
8.99999999999998,67,194.930382519059,88.9589378449204,1,-83.1068520599647,-6.4000000000011,-21.1695428927953,0,2,79.3536422751297
8.99999999999998,68,50.3563467729922,155.46486975644,3,-54.7642077777739,-5.60665274894249,13.2218653706438,10,2,102.523033655267
8.99999999999998,69,80.2258093971483,55.9272680023615,4,-90.2949951182768,-4.80000000000338,-13.973227937087,0,1,38.742509723617
8.99999999999998,70,22.1167452936411,66.0572346613065,4,-88.782437502575,-4.80000000000003,-13.973227937087,0,1,39.8442050741127
8.99999999999998,71,136.660053098816,68.863130565491,1,-79.2680301860042,-6.40000000000184,-19.8375730787996,0,2,85.5183943076516
8.99999999999998,72,149.727099255914,135.002353764498,6,-49.5548912533779,-6.51550492872121,13.8304571072047,10,2,27.8792730791424
8.99999999999998,73,83.8117988659195,145.312367486662,6,-53.3418435672026,-6.4100491767306,10.8886135400021,9,2,70.3924844564077
8.99999999999998,74,104.547447234402,91.4866384752611,6,-47.0523956176518,-6.40943067206436,13.8304571072047,10,1,72.4487071780225
8.99999999999998,75,99.8166607065353,167.435516376865,8,-58.0074950109182,-6.40000000000082,1.42296209628645,4,2,58.0914346007304
8.99999999999998,76,165.111542351914,161.773426484311,8,-86.6365003904744,-6.4,-21.1695428927953,0,2,30.3186787877565
8.99999999999998,77,184.341761515719,81.2262131503634,1,-76.6530767092863,-6.4000000000007,-17.2226196020817,0,2,80.3830849223999
8.99999999999998,78,32.987789285985,112.873926271808,6,-55.2338751709909,-6.42379580633667,8.99658193621373,8,1,69.2444648922263
8.99999999999998,79,38.0365949516723,67.7884641541518,4,-58.4523795606214,-4.80000000000013,8.17439250229162,8,1,31.8088433822089
8.99999999999998,80,106.15451268308,37.3949317701741,2,-55.684141508972,-6.40000000000065,3.74631559823269,5,1,62.1648376476025
8.99999999999998,81,118.205758211909,84.3272038176389,6,-52.9092301663488,-6.41048487125202,11.3212269408558,9,2,76.655332295213
8.99999999999998,82,199.852435282765,122.733240183456,1,-101.142631626599,-6.40000000000001,-21.1695428927953,0,2,61.4897673968226
8.99999999999998,83,122.983338798321,154.622828496203,8,-62.776832580596,-6.40000000000051,-3.34637547339128,2,2,36.1043006550693
8.99999999999998,84,41.42263892925,122.289872712739,6,-56.1916583402833,-6.42110303560381,8.03879876692142,7,1,76.4960575439156
8.99999999999998,85,6.12422194136259,170.823568915857,7,-64.1562697584779,-5.60651916202569,3.82980338993984,5,1,130.673902160362
8.99999999999998,86,151.944065570697,72.5709947707728,1,-75.9722562215959,-6.40000000000488,-16.5417991143912,0,2,80.939979254574
8.99999999999998,87,161.911713322132,97.3349878990073,1,-65.9377330402411,-6.40000000000271,-6.50727593303639,1,2,58.8875403957949
8.99999999999998,88,109.690196150256,74.3100606082751,2,-67.442436789422,-6.40000000000125,-8.01197968221733,0,1,68.6013743538276
8.99999999999998,89,14.0467657266678,123.433668850841,7,-58.2004801807514,-5.61846092326807,9.78559296766634,8,1,85.0728439374635
8.99999999999998,90,140.70440214593,57.9021517847452,1,-67.8360513310902,-6.40000000000047,-8.40559422388553,0,1,94.0318168040998
8.99999999999998,91,101.227583811016,152.351023324514,8,-76.0056695777624,-6.40000000000131,-16.5752124705578,0,2,54.1897212724323
8.99999999999998,92,100.899719136163,8.09815245671955,5,-86.5362393394881,-6.40000000000006,-21.1695428927953,0,1,69.9914011552891
8.99999999999998,93,79.4893755172773,182.371980016199,3,-58.1088284354995,-5.61065858898403,9.8772447129182,8,2,81.0675228134714
8.99999999999998,94,84.9204757474076,67.4061437147334,4,-82.0123310318226,-4.80000000000714,-13.973227937087,0,1,45.5484737992749
8.99999999999998,95,194.510597082222,151.387425395301,8,-82.6627536195813,-6.4,-21.1695428927953,0,2,50.3524398797457
8.99999999999998,96,77.790237210657,188.750696236224,3,-60.0250584556725,-5.61367822072182,7.96101469274526,7,2,85.2532480371586
8.99999999999998,97,84.4631660375044,115.314778848223,6,-46.7601407715873,-6.40885435941803,13.8304571072047,10,1,77.4982590083213
8.99999999999998,98,185.445241768872,31.3389448839777,1,-95.9271861714022,-6.40000000000137,-21.1695428927953,0,2,126.051819365297
8.99999999999998,99,112.760180977614,164.213270883936,8,-70.1313015793916,-6.40000000000144,-10.7008444721869,0,2,46.2717104723847
8.99999999999998,100,52.5904736030656,34.2179111327289,4,-64.0356755852376,-4.80000000000015,2.59109647767545,5,1,28.4259543815616
9.49999999999998,1,20.2016676839724,174.829259639421,7,-68.3657425938457,-5.60716190434139,-0.379669445427947,3,1,130.470436003497
9.49999999999998,2,186.334621958298,30.7065250759662,1,-80.0522079572966,-6.40000000000035,-20.621750850092,0,2,126.899124946958
9.49999999999998,3,150.841705801866,29.3275979469304,1,-85.7816774039394,-6.40000000000054,-21.1695428927953,0,1,105.587157531936
9.49999999999998,4,55.4475187442316,2.65653093508609,4,-71.5634135866015,-4.8,-4.93664152368847,1,1,53.1350122195263
9.49999999999998,5,46.6936716927993,95.265221338112,6,-49.9559334695109,-6.41526856759518,13.8304571072047,10,1,51.1089235815358
9.49999999999998,6,109.622161764956,24.5462893749732,2,-80.3818324458103,-6.40000000000133,-20.9513753386057,0,1,68.9560987738516
9.49999999999998,7,67.3569383718389,83.1852664261875,6,-49.8969730429159,-6.42387075515563,13.8304571072047,10,1,44.2128399610437
9.49999999999998,8,128.270236742903,139.091759750303,6,-43.0486208836725,-6.43531161391789,13.8304571072047,10,2,33.8145281876678
9.49999999999998,9,195.036624791426,160.339596195048,8,-56.0250762426675,-6.4,3.40538086453718,5,2,51.8406676469383
9.49999999999998,10,80.2580510300421,94.9573185623319,6,-52.6798422296235,-6.41123028291206,11.5506148775811,9,1,59.0674203300908
9.49999999999998,11,153.124946744199,55.053295108991,1,-67.1675598691781,-6.40000000000081,-7.73710276197344,0,2,97.8615964605852
9.49999999999998,12,156.799183095543,122.196789212409,6,-49.7462510599338,-6.45392209908152,13.8304571072047,10,2,37.0337335528828
9.49999999999998,13,88.4691342299146,16.7633714037308,2,-66.8596832269358,-6.40000000000038,-7.42922611973109,0,1,56.0071224831764
9.49999999999998,14,177.388797475818,97.3504689956467,1,-74.0097532543685,-6.4000000000006,-14.5792961471638,0,2,63.8307867893678
9.49999999999998,15,182.579499844294,186.487471754913,8,-77.1722285183673,-6.4,-17.7417714111627,0,2,54.2679408598665
9.49999999999998,16,94.6222467826897,154.11325668997,8,-55.2509425669734,-6.4000000000008,4.17951454023131,5,2,60.298129589523
9.49999999999998,17,139.322328712224,96.2328251384504,6,-57.1402939945328,-6.42268766614539,7.09016311267187,7,2,59.6420301190548
9.49999999999998,18,75.4444154208034,26.9267382918872,4,-59.1235975735106,-4.80000000000004,7.50317448940244,7,1,41.6178288952882
9.49999999999998,19,121.997070438608,62.2913457316912,2,-76.3774493533231,-6.40000000000091,-16.9469922461185,0,1,76.7261710998136
9.49999999999998,20,47.5401008154577,198.566366030438,7,-67.6140826639283,-5.60388226337947,0.371990484489418,4,2,115.797119352379
9.49999999999998,21,88.0377215346538,61.367381533294,4,-65.6702354920672,-4.80000000000229,0.956536570845838,4,1,46.1338880051458
9.49999999999998,22,139.909744521077,39.9269742131135,1,-70.3986914127508,-6.40000000000072,-10.9682343055461,0,1,93.4744778447501
9.49999999999998,23,122.712196448999,182.98524315276,8,-94.3481149903501,-6.40000000000012,-21.1695428927953,0,2,48.8354429537069
9.49999999999998,24,176.171704676168,34.8327017356546,1,-74.3819457024638,-6.40000000000041,-14.9514885952591,0,2,120.418913444547
9.49999999999998,25,104.084251821541,90.561119072722,6,-46.3317614106217,-6.40966789981931,13.8304571072047,10,1,71.5720663075152
9.49999999999998,26,147.533180215788,113.080358220365,6,-51.2436469602754,-6.43077858794503,12.9868101469292,10,2,43.8337215963271
9.49999999999998,27,58.4581576959467,153.789252395973,3,-54.8218576109134,-5.60620725156359,13.1642155375043,10,2,94.5860313478716
9.49999999999998,28,151.601076976483,88.0781024301595,1,-78.7756070898204,-6.40000000000287,-19.3451499826157,0,2,66.2505460063119
9.49999999999998,29,150.833193822712,183.018425200464,8,-86.8709176917613,-6.40000000000001,-21.1695428927953,0,2,40.5359175875522
9.49999999999998,30,57.67411877622,24.2921698861808,4,-74.8396726278404,-4.80000000000001,-8.21290056492735,0,1,35.6655944595421
9.49999999999998,31,143.419860856807,143.240535149015,8,-76.1480959491342,-6.40000000001649,-16.7176388419295,0,2,25.3226893559014
9.49999999999998,32,39.9751998254154,84.6837521599458,6,-56.7225978779897,-6.42757618143913,7.50785922921498,7,1,43.0779442688819
9.49999999999998,33,163.40053121649,4.47010052310375,1,-82.5912580375398,-6.40000000000015,-21.1695428927953,0,1,124.43834709027
9.49999999999998,34,129.817174376818,51.7783980755443,2,-62.7676772229662,-6.40000000000058,-3.33722011576157,2,1,83.2237587784549
9.49999999999998,35,164.91311491702,69.7751789866848,1,-80.5488909258654,-6.40000000000142,-21.1184338186607,0,2,84.9156811380955
9.49999999999998,36,14.715610631697,8.73198519356855,4,-79.1813324400248,-4.8,-12.5545603771117,0,1,59.1632248880828
9.49999999999998,37,72.5526971860475,87.7661840070058,6,-46.8985353888222,-6.42085929634543,13.8304571072047,10,1,49.8714227270145
9.49999999999998,38,40.9346182398952,151.885360053156,3,-62.9865679715561,-5.61020625337964,4.99950517686169,6,1,104.95264522449
9.49999999999998,39,73.4190009369265,122.763851153422,6,-46.2559559523027,-6.41215805663597,13.8304571072047,10,1,79.9704798007438
9.49999999999998,40,76.7638179790869,174.495930209557,3,-59.8633174622936,-5.61277637940054,8.12275568612418,8,2,80.7207467373276
9.49999999999998,41,199.385930829992,186.087173639618,8,-82.7798880886223,-6.4,-21.1695428927953,0,2,65.5248370104095
9.49999999999998,42,131.717988852189,41.1088322192638,1,-56.6278351855338,-6.40000000000043,2.80262192167086,5,1,85.4934650517316
9.49999999999998,43,76.796783528771,41.319421060269,4,-51.2323525747803,-4.80000000000031,15.3944194881327,11,1,36.6833757745483
9.49999999999998,44,39.6791094536254,127.874955054368,6,-55.3151064154812,-6.41642684419722,8.91535069172343,8,1,81.9956060187991
9.49999999999998,45,49.2449100529374,186.265865079475,3,-66.5667081709606,-5.60736045676697,1.41936497745712,4,2,109.631433084692
9.49999999999998,46,77.544037301268,116.969290322752,6,-48.5639648708146,-6.41295721185981,13.8304571072047,10,1,76.1302163216858
9.49999999999998,47,175.254439774539,73.5072194897427,1,-86.6847826269004,-6.40000000000059,-21.1695428927953,0,2,83.9117524457463
9.49999999999998,48,127.218056547264,93.5844867758747,6,-47.3162591326969,-6.41531778939358,13.8304571072047,10,2,65.2225197291942
9.49999999999998,49,73.3030613721655,163.128585142739,3,-54.4565882797223,-5.6065778239901,13.5294848686954,10,2,81.2836400681709
9.49999999999998,50,123.89657579449,27.1456722419097,2,-79.3094262834735,-6.40000000000053,-19.8789691762688,0,1,80.8410428645317
9.49999999999998,51,158.46886807508,32.5675812827197,1,-89.4607503273307,-6.40000000000043,-21.1695428927953,0,1,112.346048278627
9.49999999999998,52,181.249658790206,190.056110772709,8,-77.5182488295961,-6.4,-18.0877917223914,0,2,55.9757374649037
9.49999999999998,53,106.676333765981,158.100372759698,8,-56.8539260585844,-6.4000000000007,2.57653104862028,5,2,49.9480339433165
9.49999999999998,54,102.630450051157,7.00987481243024,5,-73.6778262635388,-6.40000000000029,-14.2473691563341,0,1,71.9052511033112
9.49999999999998,55,184.509678672581,48.8703799252725,1,-68.9127105624613,-6.40000000000055,-9.48225345525663,0,2,109.409176847939
9.49999999999998,56,35.9785139914468,8.12192571947759,4,-97.1036513931898,-4.80000000000002,-13.973227937087,0,1,50.0262448654005
9.49999999999998,57,149.738476257968,121.922245647942,6,-44.1529235537714,-6.42609344134203,13.8304571072047,10,2,36.6152793806374
9.49999999999998,58,19.0245087463422,74.266254918989,4,-81.2250404628828,-4.80000000000001,-13.973227937087,0,1,45.8321086815651
9.49999999999998,59,66.9618546922178,34.7368326033482,4,-74.00158381168,-4.80000000000001,-7.37481174876693,0,1,32.7554391449439
9.49999999999998,60,37.6292580811979,169.876966448497,7,-54.6632013827378,-5.6056656650756,13.32287176568,10,2,116.509773987321
9.49999999999998,61,23.9126424890773,176.942206844679,7,-60.5958903536777,-5.60396459607016,7.39018279474007,7,2,131.05782782325
9.49999999999998,62,169.809414760197,145.562676190277,8,-68.7526085419793,-6.40000000000001,-9.32215143477463,0,2,31.0540296215138
9.49999999999998,63,105.244794867875,95.940909594582,6,-55.124457443037,-6.40996229587332,9.10599966416764,8,2,74.0112399698839
9.49999999999998,64,128.284291180452,174.099319198926,8,-70.6353708285296,-6.4,-11.2049137213249,0,2,40.0574486879423
9.49999999999998,65,169.635583092036,184.785081045929,8,-93.9813390493029,-6.4,-21.1695428927953,0,2,46.3444493627456
9.49999999999998,66,87.1290884076695,88.0756759090162,6,-47.8095308109734,-6.41343990570683,13.8304571072047,10,1,58.1427235508707
9.49999999999998,67,194.982786714766,89.0091681219639,1,-81.0886321435583,-6.40000000000174,-21.1695428927953,0,2,79.3447079130107
9.49999999999998,68,50.7006666914551,155.818461067837,3,-57.9068388205348,-5.60554112595706,10.079234327883,8,2,102.207935527137
9.49999999999998,69,80.4871554986258,55.2879919026302,4,-63.8795772398154,-4.80000000000204,2.74719482309763,5,1,38.8545944356607
9.49999999999998,70,22.6779645895872,65.5132003503542,4,-69.5562031873669,-4.8,-2.92943112445382,2,1,39.2352265710048
9.49999999999998,71,137.767443239909,69.7221624787452,1,-74.2277556537559,-6.40000000000132,-14.7972985465513,0,2,84.5364811307984
9.49999999999998,72,149.534991521044,134.758443503331,6,-52.5184255286088,-6.44535294701859,11.7120315785959,9,2,28.0137694237433
9.49999999999998,73,82.7126706231857,144.411306409284,6,-52.5713822182339,-6.4063794403297,11.6590748889708,9,2,71.4917351217243
9.49999999999998,74,104.284790967208,91.9580450418776,6,-47.3502947579308,-6.40941469232098,13.8304571072047,10,1,72.5228658706322
9.49999999999998,75,101.018345256505,167.94876297097,8,-75.4364973341539,-6.40000000000103,-16.0060402269493,0,2,57.2154751234225
9.49999999999998,76,165.296049840617,161.703124058926,8,-74.8356866983226,-6.40000000000001,-15.405229591118,0,2,30.3839143868144
9.49999999999998,77,185.431329915902,81.3736555333308,1,-78.9341335787875,-6.40000000000047,-19.5036764715828,0,2,80.729203479704
9.49999999999998,78,33.227410122584,113.00431345968,6,-55.6954115080585,-6.42555155312701,8.53504559914617,8,1,69.3044968650784
9.49999999999998,79,37.115067169081,67.8281865251305,4,-73.6959574420516,-4.80000000000054,-7.06918537913859,0,1,32.1887515885929
9.49999999999998,80,106.270709789706,37.2396716985698,2,-74.9150570402987,-6.40000000000104,-15.484599933094,0,1,62.301434643173
9.49999999999998,81,117.196857641966,83.5785324497316,6,-52.1730117524781,-6.4117977742048,12.0574453547266,9,2,77.7181285164072
9.49999999999998,82,199.913865852169,121.940828887796,1,-62.9684638621786,-6.4,-3.5380067549739,2,2,61.8947581610289
9.49999999999998,83,121.805696531891,155.100420540902,8,-73.3203957652986,-6.40000000000145,-13.8899386580939,0,2,37.0564844223767
9.49999999999998,84,41.4025091363174,121.629844003203,6,-58.0470243550127,-6.4185724621978,6.18343275219193,7,1,75.8749062673184
9.49999999999998,85,6.4931509739748,171.170919124036,7,-59.8425352443503,-5.61152017011213,8.14353790406745,8,1,130.872027391406
9.49999999999998,86,151.814059004406,72.1935409240127,1,-75.9341354406007,-6.4000000000017,-16.5036783333961,0,2,81.2981296464731
9.49999999999998,87,160.869580528225,97.9554186101831,1,-80.1081117012899,-6.40000000000386,-20.6776545940852,0,2,58.1294781750261
9.49999999999998,88,110.162906525335,73.2226559609469,2,-78.6211522807633,-6.40000000000116,-19.1906951735586,0,1,68.6375776922281
9.49999999999998,89,13.4894598215251,123.24284318846,7,-56.7663305026704,-5.61000086130134,11.2197426457473,9,1,85.1456612074472
9.49999999999998,90,140.856515047801,58.3815910310962,1,-83.6982833270435,-6.40000000000069,-21.1695428927953,0,1,94.2199946659081
9.49999999999998,91,100.939109277757,151.67538315163,8,-51.5038615314619,-6.40000000000095,7.92659557574281,7,2,54.4245156814889
9.49999999999998,92,100.381584554827,9.06221822537664,5,-68.1966519152258,-6.4000000000003,-8.76619480802113,0,1,69.0395251930507
9.49999999999998,93,78.504136609941,183.114594707153,3,-62.5674487773822,-5.6104559267037,5.41862437103558,6,2,82.2221677195937
9.49999999999998,94,84.2862027451299,67.5250568319884,4,-66.9636468897296,-4.80000000000402,-0.336874826816571,3,1,45.1101021462441
9.49999999999998,95,194.535222633221,152.338906997693,8,-82.2453335897285,-6.4,-21.1695428927953,0,2,50.4093894124343
9.49999999999998,96,78.9723669579634,189.107687062994,3,-64.8389730690639,-5.60891556816046,3.14710007935381,5,2,84.4191082810715
9.49999999999998,97,83.8796626320638,116.438767660877,6,-51.0868188330087,-6.40776119835892,13.143638274196,10,2,77.7849942454862
9.49999999999998,98,186.298500819173,30.806933173267,1,-79.8673879714276,-6.40000000000035,-20.4369308642229,0,2,126.794393966301
9.49999999999998,99,112.958202652119,164.896593006187,8,-64.2697576972639,-6.40000000000037,-4.8393005900592,1,2,46.3276724426499
9.49999999999998,100,53.4823379394465,34.9252754156757,4,-79.9389168296647,-4.80000000000001,-13.3121447667517,0,1,28.1358134557674
9.99999999999998,1,20.3278107930373,174.786021017222,7,-58.207418892071,-5.60850213821655,9.77865425634673,8,1,130.400306186927
9.99999999999998,2,186.170348784544,31.8924936676388,1,-82.7238911506145,-6.4000000000011,-21.1695428927953,0,2,125.737532913782
9.99999999999998,3,150.383519643919,29.0523884133434,1,-78.9896524490734,-6.40000000000059,-19.5591953418687,0,1,105.204103756871
9.99999999999998,4,55.5030583548231,2.2376055571606,4,-80.0311832191474,-4.80000000000002,-13.4044111562343,0,1,53.5142969137217
9.99999999999998,5,45.4139282948504,96.027303141125,6,-50.8614582035164,-6.43573702076906,13.3689989036883,10,1,51.8825084988168
9.99999999999998,6,109.22658181264,23.4496988231017,2,-73.8110713144397,-6.40000000000095,-14.380614207235,0,1,69.0286642330078
9.99999999999998,7,67.9304527915531,82.7428217706403,6,-46.2633276057669,-6.41848241195946,13.8304571072047,10,1,44.1117162986664
9.99999999999998,8,126.919958953344,139.398516307489,6,-46.5861498270081,-6.43473484722255,13.8304571072047,10,2,34.6024529650413
9.99999999999998,9,194.851261744114,161.511726772388,8,-91.3475044944833,-6.4,-21.1695428927953,0,2,51.9269249361171
9.99999999999998,10,80.1202649239994,95.8238376760396,6,-48.1693070759453,-6.41591715341317,13.8304571072047,10,1,59.659906624566
9.99999999999998,11,153.004654909128,54.270217872666,1,-68.8056306084697,-6.40000000000081,-9.37517350126499,0,2,98.6177932082734
9.99999999999998,12,157.727271661906,121.903805515719,6,-60.6243114192414,-6.43765973776106,3.60614568796326,5,2,37.4347014391116
9.99999999999998,13,88.046726186744,16.0362584879647,2,-77.9656157955993,-6.40000000000051,-18.5351586883946,0,1,56.1546000878416
9.99999999999998,14,177.300506430618,96.810507929166,1,-76.8072373666643,-6.40000000000099,-17.3767802594596,0,2,64.2393159842285
9.99999999999998,15,182.472987897813,185.448046505291,8,-96.4282975008046,-6.4,-21.1695428927953,0,2,53.5098957581937
9.99999999999998,16,94.7125036216332,155.171399823703,8,-82.9756460782634,-6.40000000000166,-21.1695428927953,0,2,60.2967713225552
9.99999999999998,17,138.337749254621,95.2690283551609,6,-48.7539228941479,-6.42049771728694,13.8304571072047,10,2,60.6937999274742
9.99999999999998,18,76.5096208722304,27.3884712121001,4,-68.6513269871982,-4.80000000000084,-2.02455492428519,3,1,42.0272677307891
9.99999999999998,19,122.257990876808,62.8883008631713,2,-61.0080334020157,-6.40000000000094,-1.57757629481107,3,1,77.0686417727246
9.99999999999998,20,47.1505511013436,198.361561177643,7,-63.2139390044333,-5.60513527294505,4.77213414398441,6,2,116.056450653534
9.99999999999998,21,87.1211956734986,60.3656570410334,4,-70.6016236531714,-4.80000000000255,-3.9748515902584,2,1,45.1406691811552
9.99999999999998,22,139.636906643833,40.4341389388625,1,-83.2109299920474,-6.40000000000054,-21.1695428927953,0,1,93.1586320773135
9.99999999999998,23,122.344875053303,183.078614428623,8,-75.0813343011162,-6.40000000000015,-15.6508771939115,0,2,49.1044872525405
9.99999999999998,24,175.437595786213,33.618382148031,1,-74.1558565288947,-6.4000000000008,-14.72539942169,0,2,121.42488317155
9.99999999999998,25,103.665686367406,90.3070647109503,6,-42,-6.40932830254763,13.8304571072047,10,1,71.1119916673522
9.99999999999998,26,148.277210507947,112.405243054797,6,-52.6182828434866,-6.43432722221562,11.6121742637181,9,2,44.3687249467781
9.99999999999998,27,57.7033266687674,153.562772809919,3,-57.0153007325068,-5.60710563298144,10.970772415911,9,2,95.3080230521406
9.99999999999998,28,151.953171987439,89.5356489973349,1,-82.8285744210864,-6.4000000000033,-21.1695428927953,0,2,64.8999431662772
9.99999999999998,29,151.433059872139,182.031124340026,8,-67.4650814943869,-6.40000000000002,-8.03462438718218,0,2,39.7529443825651
9.99999999999998,30,57.9045187898558,24.6163516486656,4,-84.992193146813,-4.80000000000003,-13.973227937087,0,1,35.4832498641738
9.99999999999998,31,143.514746015895,143.153733688663,8,-50.9157005127219,-6.40000000001014,8.51475659448276,8,2,25.3215300020377
9.99999999999998,32,39.5941448104752,83.9130099101477,4,-83.7458737039306,-4.80000000000187,-13.973227937087,0,1,42.5514284530042
9.99999999999998,33,162.343000367622,4.1988223585968,1,-76.4662026905907,-6.40000000000016,-17.035745583386,0,1,123.575675619998
9.99999999999998,34,130.085752082789,53.2082165648874,2,-64.7940039466906,-6.40000000000101,-5.36354683948588,1,1,83.5240704239994
9.99999999999998,35,165.440022257476,69.9819327045265,1,-64.1240163413187,-6.40000000000116,-4.69355923411398,2,2,84.8147120552459
9.99999999999998,36,14.8039465847764,7.86267017788894,4,-76.6363121558745,-4.8,-10.0095400929614,0,1,59.7207396181983
9.99999999999998,37,71.8072703897484,87.5412679962647,6,-46.0462897677427,-6.42041477303711,13.8304571072047,10,1,49.3675383690434
9.99999999999998,38,41.1456065022594,151.340167166367,3,-52.4219683970023,-5.61396244428915,15.5641047514154,11,1,104.405362723952
9.99999999999998,39,74.1866099181317,123.7298379558,6,-56.9498322190435,-6.41230425054318,7.28062488816117,7,1,81.076082196418
9.99999999999998,40,76.3560609439885,174.443901429401,3,-58.2197654257841,-5.60672606943059,9.76630772263364,8,2,81.0751754655875
9.99999999999998,41,198.362482213312,186.0464598348,8,-83.2836329984764,-6.4,-21.1695428927953,0,2,64.7342795777847
9.99999999999998,42,131.994298832976,42.1561185618307,1,-80.3647743081072,-6.40000000000068,-20.9343172009025,0,1,85.6553647889462
9.99999999999998,43,76.7973360348949,41.3153657362372,4,-60.8777732337043,-4.80000000000088,5.7489988292087,6,1,36.6847392094097
9.99999999999998,44,38.323311208591,127.828643399917,6,-62.0569118673319,-6.42065740635383,2.17354523987279,4,1,82.1333841662629
9.99999999999998,45,49.1777844919532,186.097316974681,3,-60.7692557298183,-5.60898772609802,7.21681741859941,7,2,109.637518362656
9.99999999999998,46,76.78713642142,116.714659397839,6,-58.8638833208262,-6.41319908896692,5.36657378637844,6,1,75.6349552537018
9.99999999999998,47,174.52828732971,73.5882131945065,1,-73.1035625192791,-6.400000000001,-13.6731054120744,0,2,83.6220547591185
9.99999999999998,48,126.932966404391,95.0117607413854,6,-48.8586862740378,-6.41399055986779,13.8304571072047,10,2,64.0940285491837
9.99999999999998,49,73.7206986844331,162.550552267019,3,-56.7146143329032,-5.60690767646346,11.2714588155145,9,2,80.7978846963101
9.99999999999998,50,124.236783347198,27.8903075084876,2,-86.4152855381906,-6.4000000000003,-21.1695428927953,0,1,80.9455897736753
9.99999999999998,51,159.745580805804,32.8926475260815,1,-83.2303796397871,-6.40000000000039,-21.1695428927953,0,1,113.529749471538
9.99999999999998,52,181.494717508382,190.141736218418,8,-95.2492903920624,-6.4,-21.1695428927953,0,2,56.1740706871228
9.99999999999998,53,106.759646778494,158.699355860497,8,-84.5832598256162,-6.40000000000151,-21.1695428927953,0,2,49.9765638985734
9.99999999999998,54,102.284195924664,7.60393199992432,5,-80.1774425770343,-6.40000000000101,-20.7469854698297,0,1,71.2973612790525
9.99999999999998,55,183.706565612131,49.5212789172461,1,-75.5064880646469,-6.40000000000043,-16.0760309574422,0,2,108.555773479768
9.99999999999998,56,35.6411851625013,7.7187747829431,4,-81.9676682548528,-4.80000000000001,-13.973227937087,0,1,50.4591673474014
9.99999999999998,57,149.514786675619,121.866921637411,6,-56.8713814998506,-6.43402254471369,7.35907560735403,7,2,36.659999046996
9.99999999999998,58,18.316355399886,72.9973735616916,4,-82.5500956996623,-4.80000000000001,-13.973227937087,0,1,45.661608884076
9.99999999999998,59,67.6875349318066,35.1993313659961,4,-59.3601736604839,-4.80000000000001,7.26659840242915,7,1,32.9265650194105
9.99999999999998,60,38.0093086178849,169.847083548205,7,-58.7650420401538,-5.60479538596329,9.22103110826399,8,2,116.138157732993
9.99999999999998,61,24.2650444360189,177.43336626591,7,-60.8447391738358,-5.60449790898585,7.1413339745819,7,2,130.820941119363
9.99999999999998,62,169.465357818509,146.87734467902,8,-83.355496477558,-6.40000000000005,-21.1695428927953,0,2,30.6741117435574
9.99999999999998,63,104.755499632091,95.418464692143,6,-47.9175354852962,-6.40928105210941,13.8304571072047,10,2,74.6890809295746
9.99999999999998,64,127.914485580313,175.226225050598,8,-75.0199897697943,-6.4,-15.5895326625897,0,2,40.9436488052255
9.99999999999998,65,170.889028492814,185.584296287801,8,-88.4886512891845,-6.40000000000001,-21.1695428927953,0,2,47.4851940468983
9.99999999999998,66,86.0424288851733,88.0933610549572,6,-44.0180316940115,-6.41497192995294,13.8304571072047,10,1,57.4666062718698
9.99999999999998,67,195.035190910473,89.0593983990073,1,-84.4856829547189,-6.40000000000048,-21.1695428927953,0,2,79.3358389621843
9.99999999999998,68,51.044986609918,156.172052379234,3,-55.662108465525,-5.60650451879028,12.3239646828927,10,2,101.894253545543
9.99999999999998,69,80.7485016001034,54.6487158028989,4,-65.4406470028685,-4.80000000000293,1.18612506004454,4,1,38.9785955271311
9.99999999999998,70,23.2391838855332,64.9691660394019,4,-84.4468863812406,-4.80000000000003,-13.973227937087,0,1,38.6324631757734
9.99999999999998,71,138.874833381003,70.5811943919994,1,-79.4206843806445,-6.40000000000214,-19.9902272734399,0,2,83.5665364634782
9.99999999999998,72,149.342883786173,134.514533242164,6,-53.3667410885714,-6.44762789584987,10.8637160186332,9,2,28.1510476257369
9.99999999999998,73,81.613542380452,143.510245331907,6,-44.7911287431269,-6.4105497450695,13.8304571072047,10,2,72.6021659553093
9.99999999999998,74,104.022134700015,92.429451608494,6,-42,-6.4089072023317,13.8304571072047,10,1,72.6009600580051
9.99999999999998,75,102.220029806476,168.462009565076,8,-78.7163253512332,-6.4000000000004,-19.2858682440286,0,2,56.3562006249093
9.99999999999998,76,165.480557329321,161.632821633541,8,-63.8120416281231,-6.4,-4.38158452091843,2,2,30.4502905467942
9.99999999999998,77,186.520898316086,81.5210979162981,1,-86.4768166070337,-6.40000000000108,-21.1695428927953,0,2,81.0887541179607
9.99999999999998,78,33.4670309591831,113.134700647553,6,-58.665831234671,-6.42054029806217,5.56462587253364,6,1,69.3655497430876
9.99999999999998,79,36.1935393864897,67.8679088961093,4,-82.2752028099328,-4.80000000000113,-13.973227937087,0,1,32.5903440146322
9.99999999999998,80,106.386906896331,37.0844116269655,2,-83.4759636939506,-6.40000000000055,-21.1695428927953,0,1,62.4383351183964
9.99999999999998,81,116.187957072023,82.8298610818243,6,-52.6914998802048,-6.40848128509126,11.5389572269998,9,1,77.5299647879442
9.99999999999998,82,199.975296421573,121.148417592137,1,-78.8924083083448,-6.4,-19.4619512011402,0,2,62.3072552746616
9.99999999999998,83,120.628054265462,155.578012585601,8,-72.6467519140675,-6.40000000000314,-13.2162948068628,0,2,38.0272983610162
9.99999999999998,84,41.3823793433847,120.969815293667,6,-59.0626819633942,-6.41766309155357,5.16777514381047,6,1,75.2544222527726
9.99999999999998,85,6.862080006587,171.518269332214,7,-62.3430001684614,-5.61273160953866,5.64307297995633,6,1,131.071812083509
9.99999999999998,86,151.684052438115,71.8160870772526,1,-73.2776065208906,-6.40000000000221,-13.847149413686,0,2,81.6566609195237
9.99999999999998,87,159.827447734317,98.575849321359,1,-81.3036285973939,-6.40000000000138,-21.1695428927953,0,2,57.3870368810789
9.99999999999998,88,110.635616900413,72.1352513136188,2,-63.0526224493674,-6.40000000000127,-3.62216534216275,2,1,68.6942311086656
9.99999999999998,89,12.9321539163825,123.05201752608,7,-67.7616442017357,-5.61868503457719,0.224428946682041,4,1,85.2224880997347
9.99999999999998,90,141.008627949671,58.8610302774472,1,-74.3603130986488,-6.40000000000135,-14.9298559914441,0,1,94.4104772727023
9.99999999999998,91,100.650634744498,150.999742978746,8,-79.9120039840615,-6.40000000000188,-20.4815468768568,0,2,54.6681748108026
9.99999999999998,92,99.8634499734912,10.0262839940337,5,-77.3460590948281,-6.40000000000065,-17.9156019876235,0,1,68.0919350186533
9.99999999999998,93,77.5188977026048,183.857209398108,3,-63.8834117425688,-5.61146545388025,4.10266140584898,5,2,83.3790790214954
9.99999999999998,94,83.6519297428523,67.6439699492434,4,-66.0372407565451,-4.80000000000295,0.589531306367956,4,1,44.6767506762485
9.99999999999998,95,194.559848184221,153.290388600085,8,-88.7753633427977,-6.40000000000001,-21.1695428927953,0,2,50.4842225585419
9.99999999999998,96,80.1544967052699,189.464677889764,3,-64.5977985573008,-5.61190250194157,3.38827459111691,5,2,83.594886993386
9.99999999999998,97,83.2961592266232,117.56275647353,6,-48.8239592582907,-6.40852522378432,13.8304571072047,10,2,77.8063438385039
9.99999999999998,98,187.151759869475,30.2749214625562,1,-84.3901030219792,-6.400000000001,-21.1695428927953,0,2,127.540572729607
9.99999999999998,99,113.156224326624,165.579915128437,8,-65.3461834558133,-6.40000000000021,-5.91572634860859,1,2,46.3944777024098
9.99999999999998,100,54.3742022758274,35.6326396986225,4,-88.1883636083188,-4.80000000000014,-13.973227937087,0,1,27.8891499974354
10.5,1,19.035290623685,174.478991526349,7,-58.0111467029775,-5.60951125706698,9.97492644544025,8,1,130.40737156379
10.5,2,186.498352239771,32.082478315412,1,-71.5079274750041,-6.40000000000039,-12.0774703677994,0,2,125.653975808383
10.5,3,150.731330293919,27.6139842237895,1,-87.3578770759834,-6.40000000000037,-21.1695428927953,0,1,105.830924616179
10.5,4,55.2817439195874,2.55971829826698,4,-83.5189070591283,-4.80000000000001,-13.973227937087,0,1,53.2045782501082
10.5,5,45.6152570904185,95.6369883402139,6,-46.8021436160248,-6.43467306785667,13.8304571072047,10,1,51.5190321643172
10.5,6,109.761421132398,23.2857317597293,2,-75.3956344592804,-6.40000000000014,-15.9651773520758,0,1,69.5509136056237
10.5,7,68.2438040602419,83.693861099497,6,-47.5860773774752,-6.42491777158524,13.8304571072047,10,1,44.9484444934494
10.5,8,128.201582765098,138.946089412288,6,-51.1534832017809,-6.43547811554688,13.0769739054238,10,2,33.9058982070674
10.5,9,194.930944532967,161.590394691193,8,-96.2226495912585,-6.40000000000001,-21.1695428927953,0,2,52.0132389466586
10.5,10,79.1040892120747,96.2787997761738,6,-53.1324715411886,-6.41567369140197,11.0979855660161,9,1,59.5065149171718
10.5,11,153.822151753948,55.0981316935853,1,-76.8703656797402,-6.4000000000009,-17.4399085725356,0,2,97.8428507969708
10.5,12,157.931234412647,122.007034097251,6,-59.3393295052097,-6.44325075716166,4.89112760199501,6,2,37.4000082799562
10.5,13,87.7305659817477,16.3475397997357,4,-74.0581119202424,-4.80000000000012,-7.43133985732935,0,1,55.7524321158583
10.5,14,177.474929515743,96.2722045659633,1,-71.6791715501574,-6.40000000000115,-12.2487144429527,0,2,64.7595379391849
10.5,15,182.838451413877,186.901096363481,8,-88.0819058046485,-6.4,-21.1695428927953,0,2,54.7019634390619
10.5,16,94.4176904005725,154.881393538645,8,-73.7087815389625,-6.40000000000138,-14.2783244317578,0,2,60.5431345677256
10.5,17,138.535659494323,95.1111983996956,6,-50.6425509362987,-6.41520853382301,13.5879061709059,10,2,60.7985332417459
10.5,18,76.9625177156635,27.6780131768571,4,-83.5120783233489,-4.80000000000195,-13.973227937087,0,1,42.160389672061
10.5,19,122.060088559922,63.0352320846221,2,-69.1609082723297,-6.40000000000087,-9.73045116512499,0,1,76.9078906144474
10.5,20,46.405608514513,199.42116966244,7,-59.7592706293344,-5.60959544985413,8.22680251908334,8,2,117.160146628672
10.5,21,86.7465082756531,59.8862946402979,4,-76.6922184449098,-4.80000000001154,-10.0654463819967,0,1,44.7246541872313
10.5,22,139.224332945185,40.4788819314692,1,-66.495970915421,-6.40000000000053,-7.06551380821629,0,1,92.7571198280116
10.5,23,121.755708706077,184.111043995039,8,-69.1220101105176,-6.40000000000001,-9.69155300331295,0,2,50.1353499352246
10.5,24,176.165448523467,33.8092818280975,1,-80.1929365121821,-6.40000000000048,-20.7624794049774,0,2,121.396720242915
10.5,25,104.578562830698,90.0281181786095,6,-48.2482738666339,-6.40992102054047,13.8304571072047,10,1,71.6471895163036
10.5,26,148.300945631205,112.537930086022,6,-50.944929368365,-6.43468147472059,13.2855277388397,10,2,44.2554343328356
10.5,27,59.154881128495,153.451122846651,3,-55.0604691983722,-5.607419380792,12.9256039500455,10,2,93.8988597996832
10.5,28,152.143423381785,89.3422877451449,1,-69.4011041419524,-6.40000000000176,-9.97064703474776,0,2,65.0861146465694
10.5,29,152.151497172291,181.20497436523,8,-80.2783610345382,-6.40000000000003,-20.8479039273336,0,2,39.1232586221675
10.5,30,58.3217987759807,25.2288905704905,4,-70.5695691801866,-4.80000000000005,-3.94279711727359,2,1,35.1441346064553
10.5,31,142.496780418549,143.871099119382,8,-65.988758048392,-6.40000000000628,-6.55830094118734,1,2,25.418727940082
10.5,32,40.0588797350966,83.9193358391909,4,-68.691903350226,-4.80000000000058,-2.06513128731294,3,1,42.4452260671691
10.5,33,161.820344465827,4.60645792794962,1,-83.2486299707457,-6.40000000000042,-21.1695428927953,0,1,122.949636430138
10.5,34,129.584080389492,54.0447135251275,2,-84.898899845973,-6.40000000000114,-21.1695428927953,0,1,83.0796940229171
10.5,35,165.671611854772,68.5438267929321,1,-89.9160710408312,-6.40000000000195,-21.1695428927953,0,2,86.2146018471724
10.5,36,15.0508766418433,9.30735730994687,4,-82.6405624619659,-4.8,-13.973227937087,0,1,58.5626364895228
10.5,37,72.2184266626818,87.0539540865278,6,-45.4659148790849,-6.42096090269749,13.8304571072047,10,1,49.1823545269183
10.5,38,40.5653644297762,152.025821137794,3,-59.1320078028412,-5.61246860785027,8.85406534557653,8,1,105.121503638333
10.5,39,73.1812340436526,123.927536766992,6,-55.2939590718553,-6.41048152543301,8.93649803534941,8,1,80.9623388015786
10.5,40,76.1182081271923,174.412057120471,3,-56.0521327667543,-5.60993023291185,11.9339403816634,9,2,81.2817181363068
10.5,41,197.860342228089,187.361135556273,8,-83.9173256805503,-6.4,-21.1695428927953,0,2,65.105428408421
10.5,42,132.077985372953,42.2229234179958,1,-70.341417844141,-6.40000000000084,-10.9109607369364,0,1,85.7293917104575
10.5,43,77.0515251720613,41.6611026770871,4,-65.1270390413601,-4.80000000000205,1.49973302155298,4,1,36.7909258200544
10.5,44,37.5315359032265,127.71092483564,6,-55.9674064380167,-6.41696189485089,8.26305066918793,8,1,82.1383006626203
10.5,45,48.6274204233119,187.288709084875,3,-68.2710776122269,-5.60396184308263,-0.28500446380917,3,2,110.540027660791
10.5,46,76.5393489524609,115.899707775166,6,-51.4189345715636,-6.41282196121746,12.811522535641,10,1,74.8288615954616
10.5,47,174.454236902055,73.438757095418,1,-78.641294489285,-6.40000000000073,-19.2108373820803,0,2,83.7369907362108
10.5,48,126.887459240677,94.9956631379723,6,-42,-6.41638151217442,13.8304571072047,10,2,64.1242279796238
10.5,49,72.7276062088388,161.615658836139,3,-55.3146235785075,-5.61082315572726,12.6714495699103,10,2,81.5977718593705
10.5,50,124.034280301513,27.3987375460455,2,-68.0855090005677,-6.40000000000042,-8.65505189336304,0,1,80.8958696366849
10.5,51,159.190548583129,33.4857027370276,1,-80.5160458283827,-6.40000000000082,-21.0855887211781,0,1,112.905039364833
10.5,52,181.695737806924,191.058723972861,8,-94.107447627052,-6.4,-21.1695428927953,0,2,56.9446100118782
10.5,53,106.674987284699,159.278272059793,8,-77.3962546524741,-6.40000000000105,-17.9657975452695,0,2,50.1536943723648
10.5,54,102.462254551428,7.00168798753605,5,-72.8823977455241,-6.40000000000038,-13.4519406383194,0,1,71.7871366509355
10.5,55,184.845260260799,49.6027108960766,1,-72.8665391356887,-6.40000000000056,-13.4360820284841,0,2,108.839596756234
10.5,56,35.4969108187617,6.96151456429929,4,-86.8228142147998,-4.80000000000002,-13.973227937087,0,1,51.1361009893986
10.5,57,150.44370094999,122.015898621601,6,-54.9542040224988,-6.42975631803894,9.27625308470587,8,2,36.5452705625436
10.5,58,17.8999531109708,73.1388797556724,4,-88.857286329665,-4.80000000000001,-13.973227937087,0,1,46.022502828783
10.5,59,67.7449268676135,35.3684913970367,4,-71.3047760459371,-4.80000000000032,-4.67800398302402,2,1,32.8818106790903
10.5,60,37.8826076218241,169.146494602603,7,-61.0038375304251,-5.60428044552635,6.98223561799263,7,2,116.142791120454
10.5,61,22.9784948094392,177.999790788061,7,-65.7587086207856,-5.60552683865485,2.22736452763215,4,2,132.176779598577
10.5,62,168.745180233758,146.869528405316,8,-68.8307131652662,-6.4000000000001,-9.40025605806149,0,2,30.2230315223541
10.5,63,103.773966835019,95.429732095866,6,-46.6334794519545,-6.40888535360346,13.8304571072047,10,1,74.2142174214343
10.5,64,128.145083241124,176.044188292891,8,-73.8290554133437,-6.4,-14.398598306139,0,2,41.3302205459029
10.5,65,171.630680648795,185.412087906404,8,-90.4361414038154,-6.40000000000001,-21.1695428927953,0,2,47.6880730919277
10.5,66,85.6430572377195,89.0346745847296,6,-43.7072788981855,-6.41487670727976,13.8304571072047,10,1,57.8479329724674
10.5,67,195.056295906618,88.1758683419158,1,-79.8997946033974,-6.40000000000012,-20.4693374961927,0,2,80.0283890635121
10.5,68,51.5823522241665,155.65209277068,3,-54.7382896062002,-5.60509671588541,13.2477835422175,10,2,101.342141019501
10.5,69,80.7269916096812,54.8135723037087,4,-70.8086755767675,-4.80000000000191,-4.18190351385444,2,1,38.9816430092992
10.5,70,23.403728016171,65.2790347431406,4,-73.7090121729503,-4.8,-7.08224011003728,0,1,38.6401421596752
10.5,71,137.718604831198,69.6545961812037,1,-60.3255913509732,-6.40000000000227,-0.895134243768513,3,2,84.6077217640194
10.5,72,149.539103736691,134.969787932147,6,-53.9717050895361,-6.50931802126782,10.2587520176685,8,2,27.8992777714793
10.5,73,81.3951432031525,142.953497906652,6,-48.0442586072817,-6.4105162234371,13.8304571072047,10,2,72.8596566548835
10.5,74,102.938684649582,93.3463443137241,6,-47.4816642857799,-6.40918540879538,13.8304571072047,10,1,72.3440384398869
10.5,75,102.745181465402,167.916586269789,8,-76.9317953820323,-6.40000000000053,-17.5013382748276,0,2,55.7339388371271
10.5,76,165.338981722584,161.823069519148,8,-68.0062504269621,-6.40000000000001,-8.57579331975741,0,2,30.4519183819408
10.5,77,186.57550347546,82.1663501442904,1,-88.9979451351348,-6.40000000000144,-21.1695428927953,0,2,80.5693583642715
10.5,78,32.0786707087906,113.265006854009,6,-54.2344146236971,-6.41213539718957,9.99604248350753,8,1,69.8275385202841
10.5,79,36.055726746183,67.8995761627278,4,-72.6547124803535,-4.80000000000007,-6.02794041744048,1,1,32.6663065463852
10.5,80,106.565730748895,36.5407835162204,2,-74.3571666834148,-6.4000000000008,-14.9267095762101,0,1,62.7142918600998
10.5,81,116.0249909861,83.3825951941891,6,-51.5294661102893,-6.40876395813942,12.7009909969154,10,1,77.6269740271619
10.5,82,199.783017119174,121.106239443067,1,-105.722040726885,-6.40000000000001,-21.1695428927953,0,2,62.1727286887853
10.5,83,120.765760298486,155.712049352094,8,-67.5265351350359,-6.40000000000165,-8.09607802783122,0,2,37.9409841560065
10.5,84,42.1852663745332,122.218043657262,6,-56.6944178343174,-6.41659350549055,7.53603927288724,7,1,76.3463548004698
10.5,85,7.49243949400185,172.665239119157,7,-63.7265982585614,-5.61052137194897,4.25947488985638,5,1,131.931435178774
10.5,86,150.785949856392,71.2164820522839,1,-74.6934744250078,-6.40000000000212,-15.2630173178031,0,2,82.2174581058966
10.5,87,160.711908457844,98.5722673392843,1,-69.284953185919,-6.40000000000096,-9.85449607871432,0,2,57.5482985798128
10.5,88,110.600241298821,71.8715543148597,2,-61.5604804510893,-6.40000000000139,-2.13002334388465,3,1,68.5784524003216
10.5,89,12.9536654992924,122.075873310008,7,-64.7458221618366,-5.61175075476386,3.24025098658115,5,1,84.3777957364297
10.5,90,140.893396073929,58.8291705920169,1,-85.3824095988974,-6.40000000000065,-21.1695428927953,0,1,94.2964140526833
10.5,91,100.944839132682,149.832787334295,8,-71.4428376223445,-6.4000000000016,-12.0123805151398,0,2,54.3938118520301
10.5,92,98.876423102916,9.93805112894055,5,-78.1119868223014,-6.40000000000046,-18.6815297150967,0,1,67.4248802941662
10.5,93,77.5839411770881,184.21099899826,3,-59.2882540165081,-5.60793576693697,8.69781913190969,8,2,83.4669277492733
10.5,94,83.6108872537441,67.9035620055599,4,-80.9146361981728,-4.80000000002388,-13.973227937087,0,1,44.7490700961576
10.5,95,195.337900685055,152.092422972601,8,-102.247122562912,-6.40000000000001,-21.1695428927953,0,2,51.1092307946835
10.5,96,80.2074568792182,190.912495033409,3,-66.9115706322329,-5.61561748679037,1.07450251618488,4,2,84.2441768024645
10.5,97,82.4312503071914,117.671087596599,6,-55.1034371197558,-6.40827422026199,9.12701998744889,8,2,78.5044235201824
10.5,98,186.704623632058,30.9424892522644,1,-72.2279972789885,-6.40000000000042,-12.7975401717838,0,2,126.783951119289
10.5,99,113.295578331899,167.009802294693,8,-78.0463157160664,-6.40000000000137,-18.6158586088617,0,2,46.7845908830491
10.5,100,54.0184941377156,34.6512374971258,4,-66.9834889531291,-4.80000000000002,-0.356716890216023,3,1,28.3545905543439
11,1,17.7427704543328,174.171962035476,7,-59.7302890695045,-5.61240363299338,8.25578407891328,8,1,130.42796867889
11,2,186.826355694999,32.2724629631853,1,-66.6587646949111,-6.40000000000027,-7.22830758770647,0,2,125.571507319651
11,3,151.079140943919,26.1755800342356,1,-81.7608861435685,-6.40000000000035,-21.1695428927953,0,1,106.474624773538
11,4,55.0604294843517,2.88183103937336,4,-78.6813289876229,-4.8,-12.0545569247098,0,1,52.8959336127859
11,5,45.8165858859865,95.2466735393028,6,-56.3068283338841,-6.41207294260164,7.92362877332056,7,1,51.1567436416898
11,6,110.296260452156,23.121764696357,2,-71.3648881082276,-6.40000000000015,-11.934431001023,0,1,70.0737365747838
11,7,68.5571553289307,84.6449004283537,6,-49.2819040444363,-6.42379072212685,13.8304571072047,10,1,45.7917802623201
11,8,129.483206576851,138.493662517087,6,-46.2926942200519,-6.43403266264159,13.8304571072047,10,2,33.2503325492971
11,9,195.010627321821,161.669062609997,8,-85.35202333348,-6.4,-21.1695428927953,0,2,52.0996506139902
11,10,78.08791350015,96.7337618763081,6,-42.020332503219,-6.41558663658856,13.8304571072047,10,1,59.3736084797225
11,11,154.639648598767,55.9260455145045,1,-72.1425066141593,-6.4000000000009,-12.7120495069546,0,2,97.0756676601254
11,12,158.135197163387,122.110262678784,6,-56.3936480995434,-6.43850373089494,7.83680900766124,7,2,37.3666814252166
11,13,87.4144057767515,16.6588211115067,4,-66.5190511719042,-4.80000000000016,0.107720891008807,3,1,55.3508985410528
11,14,177.649352600868,95.7339012027607,1,-78.8464485866098,-6.40000000000357,-19.4159914794051,0,2,65.2805191302798
11,15,183.203914929941,188.354146221671,8,-68.8075041571579,-6.4,-9.37704704995321,0,2,55.9087694290269
11,16,94.1228771795118,154.591387253586,8,-73.7188560921696,-6.40000000000082,-14.288398984965,0,2,60.7913126327136
11,17,138.733569734025,94.9533684442303,6,-49.6575274411166,-6.41511637810986,13.8304571072047,10,2,60.9041385833076
11,18,77.4154145590965,27.9675551416142,4,-69.5303189246827,-4.80000000000079,-2.90354686176961,2,1,42.2999241356877
11,19,121.862186243036,63.1821633060728,2,-61.8375347660444,-6.40000000000068,-2.4070776588397,2,1,76.747594366578
11,20,45.6606659276825,199.576156606081,7,-60.1917925105157,-5.60770749200021,7.79428063790204,7,2,117.88444315721
11,21,86.3718208778076,59.4069322395625,4,-63.6054929719402,-4.80000000000213,3.02127909097289,5,1,44.3130875490192
11,22,138.811759246536,40.5236249240759,1,-75.5198245787201,-6.40000000000092,-16.0893674715155,0,1,92.355726758249
11,23,121.166542358852,185.143473561455,8,-80.8375026540181,-6.40000000000014,-21.1695428927953,0,2,51.1730594503451
11,24,176.89330126072,34.0001815081641,1,-73.4721173185619,-6.40000000001036,-14.0416602113572,0,2,121.373215920312
11,25,105.491439293989,89.7491716462688,6,-48.5032256276465,-6.40985975381348,13.8304571072047,10,1,72.1910415597597
11,26,148.324680754462,112.670617117247,6,-51.7302324873367,-6.43525155425505,12.500224619868,10,2,44.1422645656253
11,27,60.6064355882225,153.339472883383,3,-53.4308715367401,-5.60474554206206,14.5552016116776,11,2,92.4911424806801
11,28,152.33367477613,89.1489264929549,1,-89.7372358641601,-6.40000000000266,-21.1695428927953,0,2,65.2728824621722
11,29,152.869934472442,180.378824390433,8,-60.2703876831924,-6.4,-0.839930575987684,3,2,38.5144063334865
11,30,58.7390787621057,25.8414294923155,4,-64.8211431593157,-4.80000000000001,1.80562890359731,4,1,34.8174959838448
11,31,141.478814821204,144.5884645501,8,-59.9004908103682,-6.40000000000792,-0.470033703163485,3,2,25.5762646369021
11,32,40.523614659718,83.9256617682341,4,-70.1126145394751,-4.80000000000065,-3.48584247656206,2,1,42.3438591242005
11,33,161.297688564032,5.01409349730244,1,-87.8307336301196,-6.40000000000017,-21.1695428927953,0,1,122.323984825404
11,34,129.082408696195,54.8812104853676,2,-69.3868026278546,-6.40000000000081,-9.95634552064995,0,1,82.6444407143913
11,35,165.903201452068,67.1057208813378,1,-76.9514768003728,-6.40000000000125,-17.5210196931682,0,2,87.6163416665392
11,36,15.2978066989102,10.7520444420048,4,-93.7147512043591,-4.8,-13.973227937087,0,1,57.418587890931
11,37,72.6295829356151,86.5666401767909,6,-49.6372839428136,-6.41855525533519,13.8304571072047,10,1,49.0047670911594
11,38,39.9851223572931,152.711475109221,3,-60.8688235818994,-5.61378382999857,7.11724956651833,7,1,105.840421830747
11,39,72.1758581691735,124.125235578185,6,-46.3272018974865,-6.41226551211446,13.8304571072047,10,1,80.8614199421499
11,40,75.8803553103961,174.380212811541,3,-60.7458346303971,-5.61157439653644,7.24023851802061,7,2,81.4884440006629
11,41,197.358202242867,188.675811277746,8,-90.7919185662637,-6.4,-21.1695428927953,0,2,65.5047150796647
11,42,132.16167191293,42.2897282741609,1,-71.9701678289302,-6.40000000000088,-12.5397107217256,0,1,85.8034884000308
11,43,77.3057143092276,42.006839617937,4,-61.7143146407656,-4.80000000000108,4.91245742214748,6,1,36.9017973387549
11,44,36.7397605978621,127.593206271363,6,-58.1807646458271,-6.41733029176195,6.0496924613776,7,1,82.1510170872657
11,45,48.0770563546705,188.480101195069,7,-64.8200053035584,-5.60500580043807,3.16606784485937,5,2,111.450682498187
11,46,76.2915614835018,115.084756152493,6,-51.6314023189564,-6.41377136367612,12.5990547882483,10,1,74.0237913691954
11,47,174.380186474401,73.2893009963296,1,-77.1136350991582,-6.40000000000092,-17.6831779919535,0,2,83.8521009525597
11,48,126.841952076964,94.9795655345591,6,-51.4822291481073,-6.41485223409759,12.7482279590973,10,2,64.1544495134323
11,49,71.7345137332445,160.680765405259,3,-53.4001653194395,-5.60953131126551,14.5859078289783,11,2,82.4124692641464
11,50,123.831777255827,26.9071675836033,2,-70.6979395273267,-6.40000000000032,-11.267482420122,0,1,80.8496149759904
11,51,158.635516360454,34.0787579479737,1,-78.7484002442683,-6.40000000000046,-19.3179431370637,0,1,112.28272958644
11,52,181.896758105466,191.975711727304,8,-78.0550009048089,-6.4,-18.6245437976042,0,2,57.7201312598332
11,53,106.590327790903,159.85718825909,8,-66.0550971704035,-6.40000000000153,-6.6246400631988,1,2,50.337002311186
11,54,102.640313178193,6.39944397514777,5,-68.6417355434373,-6.40000000000045,-9.21127843623262,0,1,72.2790499188698
11,55,185.983954909466,49.6841428749071,1,-84.4232255684241,-6.4000000000004,-21.1695428927953,0,2,109.134624210965
11,56,35.3526364750221,6.20425434565549,4,-98.1018461708186,-4.80000000000001,-13.973227937087,0,1,51.8156597531373
11,57,151.372615224361,122.164875605792,6,-52.4747610781577,-6.43481609642415,11.7556960290469,9,2,36.4544678001912
11,58,17.4835508220555,73.2803859496532,4,-84.9134959426669,-4.80000000000002,-13.973227937087,0,1,46.3847586725064
11,59,67.8023188034204,35.5376514280774,4,-69.305071857571,-4.80000000000061,-2.67829979465795,2,1,32.8379670654931
11,60,37.7559066257632,168.445905657002,7,-60.6441608898061,-5.60502390110469,7.34191225861162,7,2,116.151788332817
11,61,21.6919451828596,178.566215310212,7,-61.1020366106094,-5.60439678041897,6.88403653780833,7,2,133.533649647224
11,62,168.025002649007,146.861712131612,8,-84.4055887096637,-6.40000000000001,-21.1695428927953,0,2,29.7825380255208
11,63,102.792434037948,95.4409994995889,6,-45.6829027111837,-6.40931185403092,13.8304571072047,10,1,73.5130976573065
11,64,128.375680901935,176.862151535184,8,-76.3563574235769,-6.40000000000001,-16.9259003163723,0,2,41.7305207438648
11,65,172.372332804775,185.239879525008,8,-87.0942482765004,-6.40000000000001,-21.1695428927953,0,2,47.9021960254923
11,66,85.2436855902657,89.975988114502,6,-42,-6.41434127931876,13.8304571072047,10,1,58.244716496145
11,67,195.077400902763,87.2923382848242,1,-80.902877973379,-6.4000000000001,-21.1695428927953,0,2,80.7246734891717
11,68,52.1197178384151,155.132133162126,3,-54.1905179702095,-5.60494278867858,13.7955551782082,10,2,100.79255144516
11,69,80.705481619259,54.9784288045185,4,-60.1127231933266,-4.8000000000019,6.5140488695864,7,1,38.985399251929
11,70,23.5682721468087,65.5889034468793,4,-92.5731554332893,-4.80000000000002,-13.973227937087,0,1,38.6510044886455
11,71,136.562376281393,68.727997970408,1,-74.9344313230587,-6.40000000000148,-15.503974215854,0,2,85.661882101089
11,72,149.735323687209,135.42504262213,6,-54.3511249072939,-6.50007232763513,9.87933219991075,8,2,27.6541034227703
11,73,81.1767440258529,142.396750481398,6,-51.5447774354815,-6.41018034226094,12.6856796717232,10,2,73.1211321447166
11,74,101.85523459915,94.2632370189542,6,-44.9942325840041,-6.40965453140255,13.8304571072047,10,1,72.1141422103112
11,75,103.270333124327,167.371162974502,8,-66.1004245485192,-6.40000000000156,-6.66996744131457,1,2,55.1150530200058
11,76,165.197406115847,162.013317404755,8,-89.5881958572704,-6.40000000000001,-21.1695428927953,0,2,30.4553927526373
11,77,186.630108634835,82.8116023722826,1,-80.5871075945929,-6.40000000000023,-21.1566504873882,0,2,80.0518309245956
11,78,30.690310458398,113.395313060465,6,-66.0667409778275,-6.41610509381328,-1.83628387062288,3,1,70.3141509813449
11,79,35.9179141058763,67.9312434293464,4,-63.8931376299414,-4.80000000000002,2.73363443297164,5,1,32.7427035238685
11,80,106.74455460146,35.9971554054753,2,-71.5013173317492,-6.40000000000037,-12.0708602245446,0,1,62.9942388925881
11,81,115.862024900177,83.9353293065538,6,-43.6993627513502,-6.4088157236907,13.8304571072047,10,1,77.7281345401762
11,82,199.590737816774,121.064061293998,1,-93.8395087646012,-6.40000000000001,-21.1695428927953,0,2,62.0385350085699
11,83,120.90346633151,155.846086118588,8,-56.4168260027971,-6.40000000000398,3.01363110440754,5,2,37.8554486755544
11,84,42.9881534056817,123.466272020857,6,-57.1828277686231,-6.41627693262302,7.04762933858154,7,1,77.4513338639482
11,85,8.12279898141671,173.8122089061,7,-56.0941285591962,-5.6071979611625,11.8919445892216,9,1,132.798392457735
11,86,149.88784727467,70.6168770273152,1,-79.8136131421609,-6.40000000000163,-20.3831560349563,0,2,82.7885426319983
11,87,161.596369181371,98.5686853572095,1,-86.5208204751657,-6.40000000000387,-21.1695428927953,0,2,57.7226636952625
11,88,110.564865697228,71.6078573161005,2,-57.1775730937496,-6.40000000000118,2.2528840134551,4,1,68.4635118491323
11,89,12.9751770822023,121.099729093936,7,-68.9119296466727,-5.61643583686489,-0.925856498254913,3,1,83.535974222639
11,90,140.778164198187,58.7973109065867,1,-73.8141357721543,-6.40000000000055,-14.3836786649496,0,1,94.182364455243
11,91,101.239043520865,148.665831689844,8,-74.1393622472619,-6.40000000000203,-14.7089051400573,0,2,54.1448139884137
11,92,97.8893962323407,9.84981826384737,5,-73.78212250303,-6.4000000000009,-14.3516653958253,0,1,66.7658697610105
11,93,77.6489846515714,184.564788598413,3,-68.4366422028875,-5.60649349964051,-0.450569054469722,3,2,83.5562327585534
11,94,83.569844764636,68.1631540618763,4,-67.9625813564116,-4.800000000005,-1.33580929349857,3,1,44.8228138674628
11,95,196.11595318589,150.894457345117,8,-74.8954342955555,-6.4,-15.4649771883508,0,2,51.7661201191032
11,96,80.2604170531664,192.360312177054,3,-62.4313940695937,-5.61462248795268,5.55467907882405,6,2,84.9132232183876
11,97,81.5663413877597,117.779418719668,6,-54.1425963383287,-6.41087593564148,10.087860768876,8,1,78.3755925692732
11,98,186.25748739464,31.6100570419727,1,-67.2802392696941,-6.40000000000031,-7.84978216248941,0,2,126.02790955093
11,99,113.434932337175,168.439689460949,8,-78.5125049618381,-6.40000000000327,-19.0820478546334,0,2,47.2152128090426
11,100,53.6627859996038,33.6698352956292,4,-77.7499055135128,-4.80000000000011,-11.1231334505997,0,1,28.8503081534803
11.5,1,16.4502502849805,173.864932544603,7,-59.576528061819,-5.61221320605501,8.40954508659873,8,1,130.462091123128
11.5,2,187.154359150226,32.4624476109585,1,-87.2066924051172,-6.4000000000015,-21.1695428927953,0,2,125.490129593808
11.5,3,151.426951593918,24.7371758446817,1,-74.2782347595194,-6.40000000000064,-14.8477776523148,0,1,107.134899980994
11.5,4,54.8391150491159,3.20394378047973,4,-91.4645823339572,-4.80000000000002,-13.973227937087,0,1,52.5883819123491
11.5,5,46.0179146815546,94.8563587383917,6,-58.8820950198959,-6.42690648766316,5.34836208730881,6,1,50.7956683463331
11.5,6,110.831099771914,22.9577976329847,2,-79.7752590994984,-6.40000000000155,-20.3448019922937,0,1,70.5971203967917
11.5,7,68.8705065976196,85.5959397572104,6,-53.0205436526586,-6.4252599508333,11.2099134545461,9,1,46.6413651863853
11.5,8,130.764830388605,138.041235621886,6,-49.8135706205651,-6.43275391865304,13.8304571072047,10,2,32.6382259847312
11.5,9,195.090310110674,161.747730528801,8,-98.7184322214085,-6.4,-21.1695428927953,0,2,52.1861594530012
11.5,10,77.0717377882253,97.1887239764423,6,-53.0528749364167,-6.41307741123411,11.177582170788,9,1,59.261325140426
11.5,11,155.457145443587,56.7539593354237,1,-74.7186589446624,-6.40000000000153,-15.2882018374577,0,2,96.316429211284
11.5,12,158.339159914128,122.213491260316,6,-57.4325621592111,-6.45240216648868,6.79789494799355,7,2,37.3347245337894
11.5,13,87.0982455717552,16.9701024232777,4,-67.2727978270408,-4.80000000000022,-0.646025764127774,3,1,54.9500132705263
11.5,14,177.823775685992,95.1955978395581,1,-77.5682121141683,-6.40000000000033,-18.1377550069636,0,2,65.8022415240381
11.5,15,183.569378446005,189.807196079862,8,-74.9161300672825,-6.4,-15.4856729600778,0,2,57.1293797357511
11.5,16,93.8280639584511,154.301380968528,8,-68.2731608973683,-6.40000000000117,-8.84270379016366,0,2,61.0412833817596
11.5,17,138.931479973727,94.795538488765,6,-54.0772906336468,-6.42280206954096,10.1531664735578,8,2,61.0106114238944
11.5,18,77.8683114025295,28.2570971063712,4,-70.5558569014051,-4.80000000000021,-3.92908483849202,2,1,42.4458078809925
11.5,19,121.66428392615,63.3290945275235,2,-87.7734450012558,-6.40000000000118,-21.1695428927953,0,1,76.5877558854646
11.5,20,44.9157233408519,198.516548121284,7,-59.8035708597559,-5.60139467984412,8.18250228866185,8,2,118.105083051413
11.5,21,85.997133479962,58.927569838827,4,-73.4869110463438,-4.80000000000363,-6.86013898343076,0,1,43.9060943605935
11.5,22,138.399185547888,40.5683679166827,1,-75.3657658397095,-6.40000000000052,-15.9353087325048,0,1,91.954454428728
11.5,23,120.577376011626,186.175903127871,8,-85.0879070371223,-6.40000000000085,-21.1695428927953,0,2,52.217207599395
11.5,24,177.621153997973,34.1910811882306,1,-83.6590379440611,-6.40000000000084,-21.1695428927953,0,2,121.354372910624
11.5,25,106.40431575728,89.470225113928,6,-42.7062102543127,-6.40919831838541,13.8304571072047,10,1,72.7433536935922
11.5,26,148.34841587772,112.803304148472,6,-54.871773064106,-6.4271556924003,9.35868404309869,8,2,44.0292165769964
11.5,27,62.0579900479501,153.227822920115,3,-62.3164330748691,-5.60800030225855,5.66964007354864,6,2,91.0849381358415
11.5,28,152.523926170475,88.9555652407649,1,-68.4749446713642,-6.40000000000414,-9.0444875641595,0,2,65.4602415087854
11.5,29,153.588371772594,179.552674415637,8,-84.8443672655999,-6.40000000000004,-21.1695428927953,0,2,37.9273908553569
11.5,30,59.1563587482306,26.4539684141405,4,-84.0345553014998,-4.80000000000004,-13.973227937087,0,1,34.5036883386196
11.5,31,140.460849223859,145.305829980819,8,-69.2460145274221,-6.40000000000762,-9.81555742021745,0,2,25.7930345190118
11.5,32,40.9883495843394,83.9319876972774,4,-60.8503161910405,-4.80000000000299,5.77645587187255,6,1,42.2473624301241
11.5,33,160.775032662238,5.42172906665525,1,-73.8912039778205,-6.40000000000013,-14.4607468706158,0,1,121.698726783506
11.5,34,128.580737002898,55.7177074456077,2,-71.7945863737186,-6.4000000000006,-12.3641292665139,0,1,82.2184553877792
11.5,35,166.134791049364,65.6676149697434,1,-80.3979612845409,-6.40000000000206,-20.9675041773363,0,2,89.0198441197135
11.5,36,15.5447367559771,12.1967315740627,4,-90.8480392259373,-4.8,-13.973227937087,0,1,56.2894507780844
11.5,37,73.0407392085485,86.079326267054,6,-51.9323798134261,-6.42093588127204,12.2980772937785,9,1,48.8348589345856
11.5,38,39.4048802848099,153.397129080648,3,-64.34355994623,-5.61187930695435,3.64251320218776,5,1,106.562061090706
11.5,39,71.1704822946944,124.322934389378,6,-45.37303618901,-6.41342787205892,13.8304571072047,10,1,80.7733736873589
11.5,40,75.6425024935998,174.348368502611,3,-55.7825916800683,-5.61337696024397,12.2034814683494,9,2,81.6953516679698
11.5,41,196.856062257644,189.990486999219,8,-85.3903073226425,-6.4,-21.1695428927953,0,2,65.931628379154
11.5,42,132.245358452907,42.3565331303261,1,-76.8706786181595,-6.40000000000065,-17.4402215109548,0,1,85.877654677075
11.5,43,77.559903446394,42.3525765587869,4,-64.250318651561,-4.80000000000049,2.37645341135204,4,1,37.017311669863
11.5,44,35.9479852924976,127.475487707085,6,-54.5919296737675,-6.41003551253701,9.63852743343713,8,1,82.1715298189742
11.5,45,47.5266922860291,189.671493305263,7,-63.7288947758035,-5.60823615359407,4.25717837261427,5,2,112.369284837591
11.5,46,76.0437740145427,114.269804529819,6,-49.2541676817066,-6.41398823197938,13.8304571072047,10,1,73.2197783336015
11.5,47,174.306136046746,73.1398448972412,1,-70.854857656977,-6.40000000000088,-11.4244005497723,0,2,83.9673846915757
11.5,48,126.79644491325,94.9634679311459,6,-47.6048399856207,-6.41709924232539,13.8304571072047,10,2,64.1846931193868
11.5,49,70.7414212576502,159.745871974379,3,-54.4447766941674,-5.60965760786966,13.5412964542504,10,2,83.2415420616309
11.5,50,123.629274210142,26.4155976211612,2,-68.235861214799,-6.40000000000042,-8.80540410759437,0,1,80.8068317426146
11.5,51,158.080484137778,34.6718131589198,1,-83.7163635009265,-6.4000000000006,-21.1695428927953,0,1,111.662860268272
11.5,52,182.097778404008,192.892699481747,8,-71.6260747399231,-6.4,-12.1956176327184,0,2,58.5004363001191
11.5,53,106.505668297108,160.436104458386,8,-77.4558600065126,-6.40000000000261,-18.0254028993079,0,2,50.5264204802549
11.5,54,102.818371804957,5.79719996275949,5,-67.4691731579555,-6.40000000000009,-8.03871605075082,0,1,72.7730577292099
11.5,55,187.122649558134,49.7655748537376,1,-62.1781720623688,-6.40000000000087,-2.74771495516409,2,2,109.440765232237
11.5,56,35.2083621312825,5.44699412701168,4,-93.6692191938824,-4.80000000000002,-13.973227937087,0,1,52.4977416957893
11.5,57,152.301529498732,122.313852589983,6,-52.9095041251447,-6.43147803225144,11.32095298206,9,2,36.3877698745435
11.5,58,17.0671485331403,73.421892143634,4,-79.9681574446509,-4.8,-13.3413853817378,0,1,46.7483447549351
11.5,59,67.8597107392273,35.706811459118,4,-50.7763628028314,-4.80000000000011,15.8504092600816,12,1,32.7950378312645
11.5,60,37.6292056297023,167.745316711401,7,-57.9422550767245,-5.60414047358401,10.0438180716933,8,2,116.165148356121
11.5,61,20.4053955562799,179.132639832363,7,-62.8790997656909,-5.60760623650105,5.10697338272681,6,1,134.548613081871
11.5,62,167.304825064256,146.853895857907,8,-96.3604674841714,-6.40000000000013,-21.1695428927953,0,2,29.3531078725475
11.5,63,101.810901240876,95.4522669033118,6,-47.6649006695697,-6.40955513644098,13.8304571072047,10,1,72.8184595692719
11.5,64,128.606278562746,177.680114777477,8,-74.9723317823075,-6.4,-15.5418746751028,0,2,42.1441582076225
11.5,65,173.113984960755,185.067671143612,8,-88.5658638300403,-6.40000000000001,-21.1695428927953,0,2,48.1274127727901
11.5,66,84.8443139428119,90.9173016442745,6,-52.2262493743557,-6.4100497570067,12.0042077328489,9,1,58.6566431701796
11.5,67,195.098505898909,86.4088082277326,1,-82.7579798758952,-6.40000000000075,-21.1695428927953,0,2,81.4245964394739
11.5,68,52.6570834526636,154.612173553571,3,-62.3007873010324,-5.6027347516961,5.68528584738536,6,2,100.245526318285
11.5,69,80.6839716288367,55.1432853053282,4,-68.5733426540277,-4.80000000000303,-1.94657059111465,3,1,38.9898640501767
11.5,70,23.7328162774465,65.8987721506181,4,-85.5259067678966,-4.80000000000001,-13.973227937087,0,1,38.6650474797542
11.5,71,135.406147731588,67.8013997596122,1,-77.7490605745277,-6.40000000000188,-18.3186034673231,0,2,86.7285443525447
11.5,72,149.931543637727,135.880297312113,8,-63.5498768214668,-6.40000000000168,-4.11941971426217,2,2,27.4157015279175
11.5,73,80.9583448485533,141.840003056143,6,-48.7475165105888,-6.41050916701329,13.8304571072047,10,2,73.3865498315259
11.5,74,100.771784548718,95.1801297241842,6,-47.6583688448823,-6.40985179085706,13.8304571072047,10,1,71.9115305646842
11.5,75,103.795484783253,166.825739679215,8,-69.4612998978474,-6.40000000000189,-10.0308427906428,0,2,54.4996581839492
11.5,76,165.05583050911,162.203565290363,8,-94.310526579807,-6.40000000000001,-21.1695428927953,0,2,30.460713027032
11.5,77,186.684713794209,83.4568546002749,1,-74.8577510362312,-6.40000000000094,-15.4272939290265,0,2,79.5362082692657
11.5,78,29.3019502080055,113.52561926692,6,-62.2799851875444,-6.40811423565914,1.95047191966026,4,1,70.8248795864674
11.5,79,35.7801014655696,67.9629106959649,4,-56.8335753072332,-4.80000000000004,9.79319675567988,8,1,32.8195319131871
11.5,80,106.923378454024,35.4535272947301,2,-62.1194770623711,-6.4000000000011,-2.68901995516642,2,1,63.2781232558711
11.5,81,115.699058814253,84.4880634189186,6,-45.9310011459563,-6.4113575318209,13.8304571072047,10,2,77.5926439866028
11.5,82,199.398458514375,121.021883144928,1,-86.9156609230642,-6.4,-21.1695428927953,0,2,61.9046763989812
11.5,83,121.041172364534,155.980122885082,8,-72.1062604943505,-6.40000000000276,-12.6758033871458,0,2,37.7706972101566
11.5,84,43.7910404368302,124.714500384451,6,-51.7289934582277,-6.41798853465486,12.501463648977,10,1,78.568808992852
11.5,85,8.75315846883156,174.959178693044,7,-61.6728461774037,-5.61205890702372,6.31322697101408,7,1,133.67254121897
11.5,86,148.989744692947,70.0172720023465,1,-86.448573083156,-6.40000000000224,-21.1695428927953,0,2,83.3697030925027
11.5,87,162.480829904899,98.5651033751348,1,-72.114080082345,-6.40000000000336,-12.6836229751404,0,2,57.9100138657001
11.5,88,110.529490095636,71.3441603173414,2,-65.2861226672323,-6.40000000000116,-5.85566556002761,1,1,68.3494136835866
11.5,89,12.9966886651123,120.123584877865,7,-65.4391546211261,-5.61381427629164,2.54691852729168,5,1,82.6971112305002
11.5,90,140.662932322446,58.7654512211564,1,-85.9575095546118,-6.40000000000099,-21.1695428927953,0,1,94.06832852993
11.5,91,101.533247909048,147.498876045393,8,-68.1490913164948,-6.40000000000128,-8.71863420929009,0,2,53.9215326125109
11.5,92,96.9023693617655,9.76158539875419,5,-68.1008719621749,-6.40000000000023,-8.67041485497019,0,1,66.1151439639152
11.5,93,77.7140281260546,184.918578198566,3,-58.7504783480873,-5.6099512392416,9.23559480033046,8,2,83.6469893849754
11.5,94,83.5288022755279,68.4227461181927,4,-63.8825230954207,-4.80000000000392,2.74424896749232,5,1,44.8979749717827
11.5,95,196.894005686724,149.696491717634,8,-77.2459587012963,-6.4,-17.8155015940916,0,2,52.4536927834828
11.5,96,80.3133772271147,193.808129320698,3,-62.8433407452661,-5.61576198457682,5.1427324031516,6,2,85.6015630001547
11.5,97,80.7014324683279,117.887749842737,6,-48.7236489322992,-6.41233522950707,13.8304571072047,10,1,78.1253770187215
11.5,98,185.810351157222,32.277624831681,1,-88.7661038867165,-6.40000000000152,-21.1695428927953,0,2,125.272458526502
11.5,99,113.574286342451,169.869576627204,8,-67.3137114659813,-6.40000000000203,-7.88325435877663,0,2,47.6852460495498
11.5,100,53.307077861492,32.6884330941326,4,-85.8883909156277,-4.8000000000001,-13.973227937087,0,1,29.3747700028152
12,1,15.1577301156283,173.557903053729,7,-63.4400824900944,-5.61119415205965,4.54599065832334,6,1,130.509728287703
12,2,187.482362605453,32.6524322587318,1,-85.6254986881455,-6.40000000000074,-21.1695428927953,0,2,125.409844754223
12,3,151.774762243918,23.2987716551278,1,-87.7793096634664,-6.40000000000027,-21.1695428927953,0,1,107.81144570467
12,4,54.6178006138802,3.52605652158611,4,-76.9882043051235,-4.80000000000001,-10.3614322422104,0,1,52.2819424366039
12,5,46.2192434771226,94.4660439374806,6,-48.1576809367008,-6.43597391873233,13.8304571072047,10,1,50.4358323351091
12,6,111.365939091671,22.7938305696124,2,-65.0979403984088,-6.40000000000025,-5.66748329120415,1,1,71.1210526896058
12,7,69.1838578663084,86.5469790860672,6,-45.253815767335,-6.42219428649892,13.8304571072047,10,1,47.4968639275495
12,8,132.046454200358,137.588808726685,6,-42,-6.43413395851833,13.8304571072047,10,2,32.0720669056834
12,9,195.169992899527,161.826398447606,8,-81.955187564884,-6.4,-21.1695428927953,0,2,52.2727649812488
12,10,76.0555620763006,97.6436860765766,6,-49.7661780488415,-6.41658922543404,13.8304571072047,10,1,59.1697823054584
12,11,156.274642288407,57.581873156343,1,-77.2169693088441,-6.40000000000067,-17.7865122016394,0,2,95.5653248052752
12,12,158.543122664868,122.316719841848,6,-58.5805903909075,-6.45524270914454,5.64986671629712,6,2,37.3041411264448
12,13,86.7820853667589,17.2813837350487,4,-73.6385046975247,-4.80000000000076,-7.01173263461168,0,1,54.5497905974045
12,14,177.998198771117,94.6572944763555,1,-88.7505485103167,-6.40000000001246,-21.1695428927953,0,2,66.3246876291459
12,15,183.934841962069,191.260245938052,8,-99.6361991286213,-6.4,-21.1695428927953,0,2,58.3629282495243
12,16,93.5332507373903,154.01137468347,8,-68.4502758450783,-6.40000000000149,-9.01981873787365,0,2,61.2930248816096
12,17,139.129390213429,94.6377085332997,6,-53.2051120131328,-6.41810957898939,11.0253450940718,9,2,61.1179472297277
12,18,78.3212082459625,28.5466390711283,4,-61.9739834887305,-4.8000000000001,4.65278857418256,6,1,42.5979756755602
12,19,121.466381609264,63.4760257489742,2,-86.5066842416087,-6.4000000000019,-21.1695428927953,0,1,76.4283780431586
12,20,44.1707807540213,197.456939636487,7,-64.4810481916437,-5.60860859202126,3.50502495677404,5,2,118.339489460934
12,21,85.6224460821165,58.4482074380915,4,-78.309445917292,-4.80000000000501,-11.6826738543789,0,1,43.5038029807777
12,22,137.98661184924,40.6131109092894,1,-66.2389048316438,-6.40000000000058,-6.80844772443912,0,1,91.553304427039
12,23,119.9882096644,187.208332694287,8,-81.182689043099,-6.4000000000003,-21.1695428927953,0,2,53.2674157533168
12,24,178.349006735226,34.3819808682971,1,-94.9246130656026,-6.40000000000093,-21.1695428927953,0,2,121.340193385427
12,25,107.317192220571,89.1912785815872,6,-49.6403522416157,-6.40727821208293,13.8304571072047,10,1,73.3039346891381
12,26,148.372151000977,112.935991179697,6,-47.8554163088499,-6.44089099994555,13.8304571072047,10,2,43.9162913073851
12,27,63.5095445076776,153.116172956848,3,-65.9067612769695,-5.60674894277969,2.07931187144829,4,2,89.6803179363588
12,28,152.71417756482,88.762203988575,1,-62.974091703378,-6.40000000000171,-3.54363459617332,2,2,65.6481867243131
12,29,154.306809072746,178.726524440841,8,-85.8806761815086,-6.40000000000001,-21.1695428927953,0,2,37.3632414391382
12,30,59.5736387343556,27.0665073359655,4,-71.2626121234876,-4.8,-4.6358400605746,2,1,34.2030648390942
12,31,139.442883626514,146.023195411538,8,-63.8993866357075,-6.40000000000297,-4.46892952850287,2,2,26.0675599329541
12,32,41.4530845089608,83.9383136263206,6,-53.9473726404671,-6.41089447277244,10.2830844667376,8,1,42.1557694296933
12,33,160.252376760443,5.82936463600807,1,-86.3472661234609,-6.40000000000037,-21.1695428927953,0,1,121.073868401837
12,34,128.079065309601,56.5542044058478,2,-79.2944790578443,-6.4000000000026,-19.8640219506396,0,1,81.8018828329436
12,35,166.36638064666,64.229509058149,1,-75.7084250063835,-6.40000000000276,-16.2779678991789,0,2,90.4250271323018
12,36,15.7916668130439,13.6414187061207,4,-92.51373624129,-4.8,-13.973227937087,0,1,55.1761406147026
12,37,73.4518954814819,85.592012357317,6,-49.6514749502902,-6.42205756741367,13.8304571072047,10,1,48.6727104784371
12,38,38.8246382123267,154.082783052075,3,-62.558443715639,-5.61323445793125,5.42762943277873,6,1,107.286366510152
12,39,70.1651064202153,124.52063320057,6,-47.5832029281667,-6.41432471968904,13.8304571072047,10,1,80.6982421713917
12,40,75.4046496768036,174.316524193682,3,-56.6177194389699,-5.6093885355963,11.3683537094478,9,2,81.9024397603777
12,41,196.353922272421,191.305162720691,8,-100.300488930824,-6.4,-21.1695428927953,0,2,66.3856353243715
12,42,132.329044992884,42.4233379864912,1,-73.2593206643737,-6.40000000000099,-13.828863557169,0,1,85.951890361453
12,43,77.8140925835603,42.6983134996368,4,-72.0725541225076,-4.80000000000348,-5.44578205959458,1,1,37.1374254896116
12,44,35.1562099871331,127.357769142808,6,-61.8850935330516,-6.41248122697844,2.34536357415304,4,1,82.1998330211079
12,45,46.9763282173878,190.862885415456,7,-60.0750120961187,-5.60766060612986,7.91106105229909,7,2,113.295641363859
12,46,75.7959865455836,113.454852907146,6,-43.8054397519093,-6.41431950599506,13.8304571072047,10,1,72.41685770128
12,47,174.232085619091,72.9903887981528,1,-72.3869340704364,-6.40000000000093,-12.9564769632317,0,2,84.0828412395219
12,48,126.750937749536,94.9473703277327,6,-49.2268816528082,-6.40826838150298,13.8304571072047,10,2,64.2149587663012
12,49,69.7483287820558,158.810978543499,3,-60.2745114832015,-5.6092862262661,7.71156166521627,7,2,84.0845650293026
12,50,123.426771164456,25.9240276587191,2,-73.4997460657146,-6.40000000000031,-14.0692889585099,0,1,80.76752545309
12,51,157.525451915103,35.2648683698659,1,-74.9346572245752,-6.40000000000045,-15.5042001173705,0,1,111.045472279172
12,52,182.29879870255,193.80968723619,8,-99.4660201470635,-6.4,-21.1695428927953,0,2,59.285336242284
12,53,106.421008803313,161.015020657683,8,-68.9711733560059,-6.40000000000145,-9.54071624880125,0,2,50.7218804246263
12,54,102.996430431721,5.19495595037121,5,-74.6827649125957,-6.4000000000001,-15.252307805391,0,1,73.2691177154018
12,55,188.261344206801,49.847006832568,1,-92.4098777666214,-6.40000000000128,-21.1695428927953,0,2,109.757926824931
12,56,35.0640877875429,4.68973390836787,4,-86.8915485422199,-4.8,-13.973227937087,0,1,53.1822497353462
12,57,153.230443773103,122.462829574173,6,-54.168354059352,-6.46243843130114,10.0621030478527,8,2,36.3453094914901
12,58,16.650746244225,73.5633983376148,4,-81.8391035580557,-4.8,-13.973227937087,0,1,47.1132302785977
12,59,67.9171026750341,35.8759714901587,4,-67.8576795302133,-4.80000000000012,-1.2309074673003,3,1,32.7530265718227
12,60,37.5025046336415,167.044727765799,7,-60.6288044429355,-5.60276323739169,7.35726870548227,7,2,116.182869685311
12,61,19.1188459297003,179.699064354514,7,-56.7719060597471,-5.61076932828061,11.2141670886707,9,1,135.379994722817
12,62,166.584647479505,146.846079584203,8,-75.1591302862203,-6.4,-15.7286731790156,0,2,28.9352336435814
12,63,100.829368443804,95.4635343070347,6,-49.1811190589323,-6.40854458095147,13.8304571072047,10,1,72.1304904189824
12,64,128.836876223557,178.49807801977,8,-75.8280761419525,-6.40000000000001,-16.3976190347478,0,2,42.5707441654234
12,65,173.855637116736,184.895462762215,8,-92.9877080960088,-6.40000000000001,-21.1695428927953,0,2,48.3635683509244
12,66,84.444942295358,91.8586151740469,6,-49.0053668840377,-6.4137729736093,13.8304571072047,10,1,59.0833962634131
12,67,195.119610895054,85.525278170641,1,-68.5000245467775,-6.40000000000018,-9.06956743957287,0,2,82.1280648882847
12,68,53.1944490669121,154.092213945017,3,-58.1320101243015,-5.60640190666944,9.85406302411627,8,2,99.7011078495644
12,69,80.6624616384145,55.308141806138,4,-68.6812599739937,-4.8000000000044,-2.05448791108063,3,1,38.9950371606607
12,70,23.8973604080842,66.2086408543568,4,-84.0408220600834,-4.80000000000003,-13.973227937087,0,1,38.6822676689329
12,71,134.249919181783,66.8748015488165,1,-81.9944609848602,-6.40000000000163,-21.1695428927953,0,2,87.8072529084528
12,72,150.127763588245,136.335552002096,8,-70.1590957005973,-6.40000000000257,-10.7286385933927,0,2,27.1842502677912
12,73,80.7399456712538,141.283255630888,6,-60.0609500725768,-6.40879459166676,4.1695070346279,5,2,73.6558670984011
12,74,99.6883344982852,96.0970224294143,6,-48.1759659576656,-6.40902586647525,13.8304571072047,10,1,71.7364346902702
12,75,104.320636442179,166.280316383928,8,-65.0604276867136,-6.40000000000065,-5.62997057950895,1,2,53.887873929191
12,76,164.914254902373,162.39381317597,8,-86.5438190702116,-6.40000000000001,-21.1695428927953,0,2,30.4678782381348
12,77,186.739318953584,84.1021068282672,1,-62.2758012559145,-6.4000000000002,-2.84534414870985,2,2,79.0225276844918
12,78,27.913589957613,113.655925473376,6,-57.5811651745062,-6.40435138470974,6.64929193269847,7,1,71.3592065288878
12,79,35.642288825263,67.9945779625834,4,-61.8379538528055,-4.80000000000024,4.78881821010757,6,1,32.896788691735
12,80,107.102202306588,34.909899183985,2,-59.5299609506951,-6.40000000000081,-0.0995038434903977,3,1,63.5658921977821
12,81,115.53609272833,85.0407975312834,6,-44.1092659146864,-6.40879642097999,13.8304571072047,10,2,77.1991508360162
12,82,199.206179211975,120.979704995859,1,-76.7019169527641,-6.4,-17.2714598455595,0,2,61.7711550383218
12,83,121.178878397557,156.114159651576,8,-70.8667788930574,-6.40000000000368,-11.4363217858527,0,2,37.6867350491886
12,84,44.5939274679787,125.962728748046,6,-60.6601785875863,-6.41873637596031,3.57027851961837,5,1,79.698254554731
12,85,9.38351795624642,176.106148479987,7,-67.9021442176431,-5.61015934409235,0.0839289307746643,3,1,134.553741300891
12,86,148.091642111225,69.4176669773778,1,-71.360423933406,-6.40000000000186,-11.9299668262013,0,2,83.9607302564743
12,87,163.365290628426,98.5615213930601,1,-76.1212816368882,-6.40000000000211,-16.6908245296835,0,2,58.1102234979259
12,88,110.494114494043,71.0804633185822,2,-74.8188711087966,-6.40000000000128,-15.3884140015919,0,1,68.2361621293616
12,89,13.0182002480222,119.147440661793,7,-62.1919077840854,-5.61400758901326,5.79416536433235,6,1,81.8612977112601
12,90,140.547700446704,58.7335915357262,1,-82.0250421854747,-6.40000000000058,-21.1695428927953,0,1,93.9543063265274
12,91,101.827452297232,146.331920400942,6,-53.3016867994519,-6.41825449899468,10.9287703077528,9,2,53.7242883630906
12,92,95.9153424911902,9.67335253366101,5,-80.8562387031085,-6.40000000000026,-21.1695428927953,0,1,65.4729499255814
12,93,77.7790716005379,185.272367798719,3,-59.116475146387,-5.61465323880885,8.86959800203073,8,2,83.7391929087469
12,94,83.4877597864197,68.6823381745092,4,-64.6506679745287,-4.80000000000344,1.97610408838439,4,1,44.974546303211
12,95,197.672058187559,148.49852609015,8,-76.7219261454271,-6.4,-17.2914690382224,0,2,53.1707584649678
12,96,80.366337401063,195.255946464343,3,-55.4846763435849,-5.60976556599958,12.5013968048328,10,2,86.3087345366974
12,97,79.8365235488961,117.996080965806,6,-42,-6.41253765052566,13.8304571072047,10,1,77.8841136830375
12,98,185.363214919805,32.9451926213893,1,-87.9675147850965,-6.40000000000083,-21.1695428927953,0,2,124.517608794531
12,99,113.713640347727,171.29946379346,8,-58.7115681828034,-6.40000000000039,0.718888924401225,4,2,48.1935374786189
12,100,52.9513697233802,31.707030892636,4,-62.0861757127912,-4.8,4.5405963501218,6,1,29.9264649099599
12.5,1,13.865209946276,173.250873562856,7,-60.8356122344769,-5.60975596229867,7.15046091394084,7,1,130.570865380581
12.5,2,187.810366060681,32.8424169065051,1,-92.0324187664232,-6.40000000000058,-21.1695428927953,0,2,125.330654901153
12.5,3,152.122572893918,21.8603674655739,1,-88.4902381938164,-6.40000000000055,-21.1695428927953,0,1,108.503957594394
12.5,4,54.3964861786445,3.84816926269249,4,-86.0615932905431,-4.80000000000001,-13.973227937087,0,1,51.9766348576367
12.5,5,46.4205722726906,94.0757291365695,6,-50.6476693593883,-6.43075599012168,13.5827877478164,10,1,50.077262323087
12.5,6,111.900778411429,22.62986350624,2,-74.9272864065652,-6.40000000000074,-15.4968292993605,0,1,71.645521420588
12.5,7,69.4972091349972,87.4980184149239,6,-46.9313796336647,-6.42150049994932,13.8304571072047,10,1,48.357962623541
12.5,8,133.328078012112,137.136381831484,6,-47.0703346681285,-6.43942644150336,13.8304571072047,10,2,31.5543286278696
12.5,9,195.24967568838,161.90506636641,8,-99.9244297867692,-6.40000000000001,-21.1695428927953,0,2,52.3594667189443
12.5,10,75.0393863643759,98.0986481767109,6,-48.4118567900797,-6.41466339108654,13.8304571072047,10,1,59.099076354301
12.5,11,157.092139133227,58.4097869772622,1,-67.3299416751653,-6.40000000000091,-7.89948456796062,0,2,94.8225477354175
12.5,12,158.747085415609,122.41994842338,6,-55.1504178112505,-6.46016022437199,9.08003929595418,8,2,37.2749345839394
12.5,13,86.4659251617627,17.5926650468197,4,-64.5639875051017,-4.80000000000023,2.06278455781132,4,1,54.1502452133958
12.5,14,178.172621856241,94.1189911131529,1,-68.5014942640432,-6.4000000000003,-9.07103715683856,0,2,66.8478404772109
12.5,15,184.300305478133,192.713295796242,8,-91.4928148020457,-6.4,-21.1695428927953,0,2,59.6086117408425
12.5,16,93.2384375163296,153.721368398412,8,-70.0221138273044,-6.40000000000153,-10.5916567200997,0,2,61.5465154037523
12.5,17,139.32730045313,94.4798785778344,6,-56.1455842442948,-6.40630551193406,8.08487286290989,7,2,61.2261414622036
12.5,18,78.7741050893955,28.8361810358853,4,-81.0770915769794,-4.80000000000291,-13.973227937087,0,1,42.7563604255717
12.5,19,121.268479292378,63.6229569704249,2,-75.2821558958336,-6.40000000000094,-15.851698788629,0,1,76.2694637274063
12.5,20,43.4258381671907,196.397331151689,7,-64.9162938942063,-5.60739425684759,3.06977925421146,5,2,118.587580750959
12.5,21,85.247758684271,57.9688450373561,4,-58.1870012609338,-4.8000000000023,8.43977080197926,8,1,43.1063450491224
12.5,22,137.574038150591,40.6578539018961,1,-71.2232338658828,-6.40000000000055,-11.7927767586782,0,1,91.1522783682314
12.5,23,119.399043317175,188.240762260703,8,-75.0350669364754,-6.40000000000002,-15.6046098292708,0,2,54.3233324473353
12.5,24,179.07685947248,34.5728805483637,1,-85.9863469659422,-6.4000000000009,-21.1695428927953,0,2,121.33067897974
12.5,25,108.230068683862,88.9123320492464,6,-42.4218587809339,-6.40897801723132,13.8304571072047,10,1,73.8725963022694
12.5,26,148.395886124235,113.068678210922,6,-50.3113903183315,-6.44120490638668,13.8304571072047,10,2,43.8034897058994
12.5,27,64.9610989674051,153.00452299358,3,-52.4460311506463,-5.60845076622428,15.5400419977714,11,2,88.2773575003829
12.5,28,152.904428959165,88.568842736385,1,-77.9341655701349,-6.40000000000084,-18.5037084629302,0,2,65.8367130887155
12.5,29,155.025246372897,177.900374466045,8,-81.5715582080973,-6.40000000000004,-21.1695428927953,0,2,36.8230090630011
12.5,30,59.9909187204805,27.6790462577904,4,-69.1352467133952,-4.80000000000001,-2.50847465048215,2,1,33.9159760708889
12.5,31,138.424918029168,146.740560842256,8,-69.5095506994166,-6.40000000000571,-10.0790935922119,0,2,26.3980390607808
12.5,32,41.9178194335823,83.9446395553639,6,-53.3770996549114,-6.42794017164648,10.8533574522932,9,1,42.0691121519311
12.5,33,159.729720858648,6.23700020536088,1,-78.0966846995314,-6.40000000000032,-18.6662275923268,0,1,120.449415900379
12.5,34,127.577393616305,57.3907013660879,2,-65.3522962122793,-6.40000000000076,-5.92183910507467,1,1,81.3948675714983
12.5,35,166.597970243956,62.7914031465546,1,-78.6163463226932,-6.40000000000235,-19.1858892154885,0,2,91.8318135580803
12.5,36,16.0385968701108,15.0861058381786,4,-88.8715661604705,-4.8,-13.973227937087,0,1,54.0796348738942
12.5,37,73.8630517544152,85.1046984475801,6,-45.6078673995226,-6.42046596900691,13.8304571072047,10,1,48.5183995215159
12.5,38,38.2443961398436,154.768437023502,3,-53.7119678291716,-5.61157806399795,14.2741053192461,11,1,108.013284453647
12.5,39,69.1597305457362,124.718332011763,6,-51.1041380123729,-6.41414318199258,13.1263190948317,10,1,80.6360614936351
12.5,40,75.1667968600074,174.284679884752,3,-57.6600052925426,-5.60403820826786,10.3260678558752,9,2,82.1097069127412
12.5,41,195.851782287198,192.619838442164,8,-89.5117171689463,-6.4,-21.1695428927953,0,2,66.8661840375896
12.5,42,132.412731532861,42.4901428426563,1,-68.2625607661445,-6.40000000000079,-8.83210365893988,0,1,86.026195273481
12.5,43,78.0682817207267,43.0440504404867,4,-73.1613078932936,-4.80000000000182,-6.53453583038051,1,1,37.2620943188728
12.5,44,34.3644346817686,127.24005057853,6,-59.6909846958791,-6.42035734311214,4.53947241132555,6,1,82.2359186499099
12.5,45,46.4259641487464,192.05427752565,7,-62.7623669488664,-5.60545374320262,5.22370619955135,6,2,114.229563426992
12.5,46,75.5481990766245,112.639901284472,6,-56.0450060512389,-6.41460690982668,8.18545105596578,8,1,71.615066215059
12.5,47,174.158035191437,72.8409326990643,1,-70.0768953112784,-6.40000000000154,-10.6464382040738,0,2,84.1984698855092
12.5,48,126.705430585822,94.9312727243196,6,-54.030583943399,-6.41624646982821,10.1998731638057,8,2,64.2452464230252
12.5,49,68.7552363064615,157.87608511262,3,-50.1100972171286,-5.608594795493,17.5860731484177,12,2,84.9411228105688
12.5,50,123.224268118771,25.432457696277,2,-82.3286608292272,-6.40000000000076,-21.1695428927953,0,1,80.7317011859333
12.5,51,156.970419692427,35.8579235808121,1,-86.2295521296951,-6.40000000000019,-21.1695428927953,0,1,110.430607236491
12.5,52,182.499819001092,194.726674990633,8,-89.444585190371,-6.40000000000001,-21.1695428927953,0,2,60.0746509837676
12.5,53,106.336349309518,161.593936856979,8,-69.0258510403715,-6.40000000000101,-9.59539393316681,0,2,50.9233125735556
12.5,54,103.174489058485,4.59271193798294,5,-74.3688636180319,-6.40000000000038,-14.9384065108272,0,1,73.767188476842
12.5,55,189.400038855469,49.9284388113985,1,-84.4479198880613,-6.40000000000062,-21.1695428927953,0,2,110.086013737152
12.5,56,34.9198134438033,3.93247368972406,4,-91.2180526414129,-4.8,-13.973227937087,0,1,53.8690913875263
12.5,57,154.159358047474,122.611806558364,6,-50.7667253920842,-6.46074267119251,13.4637317151205,10,2,36.3271716400211
12.5,58,16.2343439553098,73.7049045315956,4,-67.4537057280345,-4.8,-0.826933665121448,3,1,47.4793852843567
12.5,59,67.974494610841,36.0451315211993,4,-77.9842148300693,-4.80000000000195,-11.3574427671563,0,1,32.7119368239757
12.5,60,37.3758036375806,166.344138820198,7,-58.6817618561297,-5.6057282039982,9.30431129228809,8,2,116.204950325082
12.5,61,17.8322963031206,180.265488876665,7,-65.5262462785668,-5.6116317883612,2.45982686985096,5,1,136.220808812041
12.5,62,165.864469894754,146.838263310499,8,-80.3306583594068,-6.40000000000001,-20.9002012522022,0,2,28.5294231265777
12.5,63,99.8478356467323,95.4748017107577,6,-48.2827694345613,-6.40712798299229,13.8304571072047,10,1,71.4493828475542
12.5,64,129.067473884368,179.316041262062,8,-78.6317994190306,-6.4,-19.201342311826,0,2,43.0098933370053
12.5,65,174.597289272716,184.723254380819,8,-96.2524324296843,-6.40000000000001,-21.1695428927953,0,2,48.6105033337523
12.5,66,84.0455706479042,92.7999287038193,6,-44.7956352164891,-6.41192213112049,13.8304571072047,10,1,59.5246568893383
12.5,67,195.140715891199,84.6417481135494,1,-82.1026900941786,-6.40000000000018,-21.1695428927953,0,2,82.8349885062025
12.5,68,53.7318146811606,153.572254336463,3,-58.8044626997327,-5.60484581445333,9.18161044868504,8,2,99.159338973325
12.5,69,80.6409516479923,55.4729983069478,4,-62.281413713962,-4.80000000000167,4.34535834895102,6,1,39.0009183015279
12.5,70,24.061904538722,66.5185095580955,4,-80.6665230773208,-4.80000000000001,-13.973227937087,0,1,38.7026608152368
12.5,71,133.093690631978,65.9482033380208,1,-72.7824759230895,-6.40000000000074,-13.3520188158848,0,1,87.8131915634191
12.5,72,150.323983538763,136.790806692079,8,-89.9384191271973,-6.40000000000541,-21.1695428927953,0,2,26.9599286567939
12.5,73,80.5215464939542,140.726508205634,6,-55.5888354705544,-6.4079758240904,8.64162163665031,8,2,73.9290413278297
12.5,74,98.6048844478529,97.0139151346443,6,-49.2793113741399,-6.4064898189986,13.8304571072047,10,1,71.589056485448
12.5,75,104.845788101105,165.734893088642,8,-69.6272092525996,-6.40000000000133,-10.1967521453949,0,2,53.2798246311049
12.5,76,164.772679295636,162.584061061577,8,-81.2604085668611,-6.40000000000001,-21.1695428927953,0,2,30.4768870846945
12.5,77,186.793924112958,84.7473590562594,1,-72.5887806878928,-6.40000000000071,-13.1583235806881,0,2,78.510827290017
12.5,78,26.5252297072205,113.786231679832,6,-60.8533092453951,-6.42636940645798,3.37714786180959,5,1,71.9166058168205
12.5,79,35.5044761849563,68.0262452292019,4,-80.2562700295438,-4.80000000000139,-13.6294979666307,0,1,32.9744708484583
12.5,80,107.281026159153,34.3662710732399,2,-59.4554815890671,-6.4000000000008,-0.0250244818624051,3,1,63.8574932016671
12.5,81,115.373126642407,85.5935316436481,6,-47.6948713123277,-6.41087373698633,13.8304571072047,10,2,76.8079652422882
12.5,82,199.013899909576,120.93752684679,1,-74.6930484880129,-6.4,-15.2625913808083,0,2,61.637973118257
12.5,83,121.316584430581,156.248196418069,8,-61.6949871161544,-6.40000000000139,-2.26453000894972,3,2,37.6035674797852
12.5,84,45.3968144991272,127.210957111641,6,-54.1840277156821,-6.41943401487699,10.0464293915226,8,1,80.8391688159339
12.5,85,10.0138774436613,177.25311826693,7,-60.0402607553918,-5.61101389315212,7.94581239302598,7,1,135.441855073488
12.5,86,147.193539529502,68.8180619524091,1,-74.9030470577355,-6.40000000000164,-15.4725899505308,0,2,84.5614172393968
12.5,87,164.249751351953,98.5579394109854,1,-63.7245434339515,-6.40000000000058,-4.2940863267468,2,2,58.3231601616059
12.5,88,110.458738892451,70.8167663198231,2,-75.4416838573551,-6.40000000000088,-16.0112267501504,0,1,68.1237614087748
12.5,89,13.0397118309322,118.171296445721,7,-65.1268984391736,-5.61837315922243,2.85917470924412,5,1,81.0286280312764
12.5,90,140.432468570962,58.7017318502959,1,-75.7622207834895,-6.4000000000006,-16.3317636762848,0,1,93.8402978950543
12.5,91,102.121656685415,145.164964756491,6,-46.5572750258872,-6.41749174635806,13.8304571072047,10,2,53.5533689356257
12.5,92,94.928315620615,9.58511966856783,5,-83.7218641154769,-6.40000000000054,-21.1695428927953,0,1,64.8395411512881
12.5,93,77.8441150750212,185.626157398872,3,-65.4208877108347,-5.60908977054872,2.56518543758304,5,2,83.832838555759
12.5,94,83.4467172973116,68.9419302308256,4,-69.9801507838695,-4.80000000000354,-3.35337872095649,2,1,45.052520671276
12.5,95,198.450110688393,147.300560462666,8,-76.8820241922555,-6.4,-17.4515670850508,0,2,53.9161404361743
12.5,96,80.4192975750112,196.703763607988,3,-66.3997856469165,-5.60870849130165,1.58628750150121,4,2,87.0342787935057
12.5,97,78.9716146294643,118.104412088875,6,-53.3826924511826,-6.4120408570375,10.8477646560221,9,1,77.6518860054895
12.5,98,184.916078682387,33.6127604110975,1,-91.1452765542219,-6.40000000000068,-21.1695428927953,0,2,123.763371357115
12.5,99,113.852994353003,172.729350959716,8,-58.0556312958668,-6.40000000000017,1.37482581133791,4,2,48.7388901422057
12.5,100,52.5956615852684,30.7256286911393,4,-81.5942548787767,-4.80000000000012,-13.973227937087,0,1,30.5039152965168
13,1,12.5726897769238,172.943844071983,7,-63.694072344335,-5.60556766358046,4.29200080408274,5,1,130.645483449412
13,2,188.138369515908,33.0324015542783,1,-79.2189368721539,-6.40000000000023,-19.7884797649493,0,2,125.252562111485
13,3,152.470383543918,20.4219632760201,1,-82.0468175816605,-6.40000000000067,-21.1695428927953,0,1,109.212131927193
13,4,54.1751717434087,4.17028200379887,4,-86.7645179074369,-4.80000000000001,-13.973227937087,0,1,51.6724792389361
13,5,46.6219010682587,93.6854143356584,6,-49.6692107003711,-6.4330452792226,13.8304571072047,10,1,49.7199857006293
13,6,112.435617731187,22.4658964428677,2,-69.5470561195651,-6.40000000000079,-10.1165990123604,0,1,72.1705148947257
13,7,69.810560403686,88.4490577437806,6,-48.5918227439977,-6.42393994052767,13.8304571072047,10,1,49.2243673894613
13,8,134.609701823865,136.683954936284,6,-53.179000335918,-6.42647119472753,11.0514567712867,9,2,31.0874304838669
13,9,195.329358477234,161.983734285215,8,-94.385227440404,-6.4,-21.1695428927953,0,2,52.446264188941
13,10,74.0232106524512,98.5536102768451,6,-49.3216831269245,-6.41633898262181,13.8304571072047,10,1,59.0492821376162
13,11,157.909635978046,59.2377007981814,1,-89.2382018832771,-6.40000000000101,-21.1695428927953,0,2,94.088295221593
13,12,158.95104816635,122.523177004913,6,-52.6971940203902,-6.45196544587405,11.5332630868145,9,2,37.2471081451926
13,13,86.1497649567664,17.9039463585907,4,-88.4002336782197,-4.80000000000155,-13.973227937087,0,1,53.751392221799
13,14,178.347044941366,93.5806877499503,1,-79.6980506214594,-6.40000000000284,-20.2675935142547,0,2,67.3716836042889
13,15,184.665768994197,194.166345654432,8,-91.5019335969831,-6.4,-21.1695428927953,0,2,60.8656851470993
13,16,92.9436242952689,153.431362113353,8,-75.4249940466671,-6.4000000000005,-15.9945369394625,0,2,61.8017334264371
13,17,139.525210692832,94.3220486223691,6,-50.3950304670422,-6.41919836469308,13.8304571072047,10,2,61.3351895785721
13,18,79.2270019328286,29.1257230006424,4,-84.5975638046733,-4.80000000000188,-13.973227937087,0,1,42.9208933064944
13,19,121.070576975492,63.7698881918757,2,-81.1974948825237,-6.40000000000118,-21.1695428927953,0,1,76.111015841638
13,20,42.6808955803602,195.337722666892,7,-63.4382885177347,-5.60235527812264,4.54778463068309,6,2,118.849271222223
13,21,84.8730712864255,57.4894826366206,4,-78.401077910222,-4.80000000000281,-11.7743058473089,0,1,42.7138554934152
13,22,137.161464451943,40.7025968945028,1,-69.4969636022226,-6.40000000000051,-10.0665064950179,0,1,90.7513778953985
13,23,118.809876969949,189.273191827118,8,-77.6827823019579,-6.40000000000008,-18.2523251947532,0,2,55.3846311797718
13,24,179.804712209733,34.7637802284302,1,-76.8446042052667,-6.40000000000031,-17.4141470980621,0,2,121.325830791083
13,25,109.142945147153,88.6333855169056,6,-52.5563565676153,-6.40935560061612,11.6741005395894,9,1,74.4491533677649
13,26,148.419621247493,113.201365242147,6,-45.8975500449615,-6.4344116354567,13.8304571072047,10,2,43.6908127304038
13,27,66.4126534271327,152.892873030312,3,-58.7381811917005,-5.60713235657725,9.24789195671729,8,2,86.8761372383817
13,28,153.094680353511,88.375481484195,1,-77.7812133380924,-6.40000000000215,-18.3507562308877,0,2,66.0258156238543
13,29,155.743683673049,177.074224491249,8,-77.6130801998301,-6.40000000000004,-18.1826230926254,0,2,36.3077613457315
13,30,60.4081987066054,28.2915851796154,4,-89.945707788878,-4.80000000000006,-13.973227937087,0,1,33.6427685295083
13,31,137.406952431823,147.457926272975,8,-60.2638466038412,-6.40000000000466,-0.833389496636489,3,2,26.7824006744728
13,32,42.3825543582037,83.9509654844071,6,-51.114687819209,-6.45118647542585,13.1157692879957,10,1,41.9874211571647
13,33,159.207064956853,6.6446357747137,1,-82.1976313301171,-6.40000000000048,-21.1695428927953,0,1,119.825375624688
13,34,127.075721923008,58.2271983263281,2,-89.4833420678839,-6.40000000000132,-21.1695428927953,0,1,80.9975536806732
13,35,166.829559841252,61.3532972349602,1,-75.0034133630041,-6.40000000000191,-15.5729562557994,0,2,93.2401308212489
13,36,16.2855269271777,16.5307929702365,4,-73.8629543695755,-4.8,-7.23618230666247,0,1,53.0009765360906
13,37,74.2742080273486,84.6173845378432,6,-50.3490973601915,-6.42195570501402,13.8304571072047,10,1,48.372001070825
13,38,37.6641540673604,155.454090994929,7,-57.431643459736,-5.61163075416364,10.5544296886818,9,1,108.742762529009
13,39,68.1543546712571,124.916030822956,6,-47.6554931872758,-6.41410558578476,13.8304571072047,10,1,80.5868616326252
13,40,74.9289440432112,174.252835575822,3,-58.9389360192915,-5.6112998674379,9.04713712912625,8,2,82.3171517724901
13,41,195.349642301975,193.934514163637,8,-96.7714152079245,-6.4,-21.1695428927953,0,2,67.3727065784947
13,42,132.496418072838,42.5569476988215,1,-70.86183328472,-6.40000000000065,-11.4313761775153,0,1,86.1005692339284
13,43,78.322470857893,43.3897873813366,4,-67.8711567937785,-4.80000000000136,-1.24438473086549,3,1,37.3912725961572
13,44,33.5726593764041,127.122332014253,6,-60.2269171888121,-6.41511659388318,4.00353991839262,5,1,82.2797764659111
13,45,45.875600080105,193.245669635844,7,-61.4594643994101,-5.6040049686854,6.52660874900764,7,2,115.170866980026
13,46,75.3004116076653,111.824949661799,6,-53.434788862663,-6.41317398837949,10.7956682445417,9,1,70.8144422289781
13,47,174.083984763782,72.6914765999759,1,-73.7916891540678,-6.40000000000119,-14.3612320468632,0,2,84.3142699214916
13,48,126.659923422108,94.9151751209064,6,-58.5130582895083,-6.41256770061311,5.71739881769636,6,2,64.2755560584448
13,49,67.7621438308672,156.94119168174,3,-58.780773095073,-5.60692888104134,9.2053000533447,8,2,85.8108100955679
13,50,123.021765073085,24.9408877338349,2,-74.4914029905342,-6.40000000000036,-15.0609458833296,0,1,80.6993635783895
13,51,156.415387469752,36.4509787917582,1,-89.5478436598291,-6.40000000000048,-21.1695428927953,0,1,109.818307517639
13,52,182.700839299634,195.643662745076,8,-92.2945331105209,-6.4,-21.1695428927953,0,2,60.8682087767232
13,53,106.251689815723,162.172853056276,8,-75.3075080594938,-6.40000000000047,-15.8770509522891,0,2,51.1306463435522
13,54,103.352547685249,3.99046792559466,5,-90.9679325481403,-6.40000000000077,-21.1695428927953,0,1,74.2672295579451
13,55,190.538733504136,50.009870790229,1,-78.8235169677488,-6.40000000000136,-19.3930598605442,0,2,110.424928587281
13,56,34.7755391000637,3.17521347108025,4,-76.9412804017509,-4.80000000000002,-10.3145083388379,0,1,54.5581785177309
13,57,155.088272321845,122.760783542555,6,-51.8557358785317,-6.45752617486418,12.374721228673,10,2,36.3333927460237
13,58,15.8179416663946,73.8464107255764,4,-72.3002313033956,-4.8,-5.67345924048255,1,1,47.8467806274873
13,59,68.0318865466479,36.21429155224,4,-59.3772034885262,-4.80000000000013,7.24956857438684,7,1,32.6717720645487
13,60,37.2491026415197,165.643549874597,7,-56.1023587009522,-5.60591371844355,11.8837144474656,9,2,116.231387790999
13,61,16.545746676541,180.831913398816,7,-69.3730215809988,-5.61221351327579,-1.38694843258106,3,1,137.070881769344
13,62,165.144292310003,146.830447036794,8,-77.1328963403829,-6.40000000000018,-17.7024392331783,0,2,28.1361983138695
13,63,98.8663028496606,95.4860691144806,6,-47.2240081734015,-6.4101382773229,13.8304571072047,10,1,70.7753349528072
13,64,129.298071545179,180.134004504355,8,-81.8727121739967,-6.40000000000001,-21.1695428927953,0,2,43.4612248931969
13,65,175.338941428697,184.551045999423,8,-98.0525793521979,-6.4,-21.1695428927953,0,2,48.8680543134381
13,66,83.6461990004504,93.7412422335917,6,-47.6096315003353,-6.41462461874213,13.8304571072047,10,1,59.980104862493
13,67,195.161820887345,83.7582180564578,1,-87.7872784497024,-6.40000000000177,-21.1695428927953,0,2,83.5452795848837
13,68,54.2691802954092,153.052294727908,3,-52.6904296890058,-5.60628544544046,15.2956434594119,11,2,98.6202633560614
13,69,80.6194416575701,55.6378548077575,4,-76.3723608063915,-4.80000000000295,-9.74558874347849,0,1,39.0075071525302
13,70,24.2264486693597,66.8283782618343,4,-60.9911705708054,-4.80000000000001,5.63560149210765,6,1,38.7262219060487
13,71,131.937462082173,65.0216051272251,1,-76.5047839289194,-6.40000000000058,-17.0743268217148,0,1,86.5542969070041
13,72,150.520203489281,137.246061382062,8,-62.9631691423675,-6.40000000000303,-3.53271203516286,2,2,26.7429161076423
13,73,80.3031473166547,140.169760780379,6,-54.0736224622525,-6.40984703023859,10.1568346449522,8,2,74.2060299239821
13,74,97.5214343974205,97.9308078398744,6,-47.0066997681444,-6.41023834641839,13.8304571072047,10,1,71.469567421185
13,75,105.370939760031,165.189469793355,8,-71.0632092164657,-6.40000000000034,-11.632752109261,0,2,52.6756396307252
13,76,164.631103688899,162.774308947184,8,-75.3716839997045,-6.40000000000001,-15.9412268924998,0,2,30.4877379323792
13,77,186.848529272333,85.3926112842517,1,-90.7239293846482,-6.40000000000226,-21.1695428927953,0,2,78.0011460569765
13,78,25.136869456828,113.916537886288,6,-53.9504070903113,-6.4195286295541,10.2800500168934,8,1,72.4965452678681
13,79,35.3666635446496,68.0579124958205,4,-55.0753149818783,-4.80000000000005,11.5514570810347,9,1,33.0525753841088
13,80,107.459850011717,33.8226429624948,2,-76.065340876854,-6.40000000000122,-16.6348837696493,0,1,64.152874012689
13,81,115.210160556484,86.1462657560129,6,-47.9136594506833,-6.41142089051337,13.8304571072047,10,2,76.4191226422247
13,82,198.821620607176,120.89534869772,1,-85.6082658566072,-6.4,-21.1695428927953,0,2,61.5051328438395
13,83,121.454290463605,156.382233184563,8,-62.8822705425859,-6.400000000002,-3.45181343538123,2,2,37.5211997856995
13,84,46.1997015302757,128.459185475235,6,-52.5421753206096,-6.40780154703287,11.6882817865951,9,1,81.9910730134468
13,85,10.6442369310761,178.400088053873,7,-67.012529629103,-5.60490201947527,0.973543519314733,4,1,136.336747427022
13,86,146.29543694778,68.2184569274404,1,-67.3568379518322,-6.40000000000206,-7.92638084462751,0,2,85.1715596589425
13,87,165.13421207548,98.5543574289106,1,-69.3741906073991,-6.40000000000087,-9.94373350019444,0,2,58.5486849954625
13,88,110.423363290858,70.553069321064,2,-68.4254016937314,-6.4000000000012,-8.99494458652673,0,1,68.0122157402294
13,89,13.0612234138421,117.19515222965,7,-61.5523911720364,-5.61268662783753,6.43368197638131,7,1,80.1992001135165
13,90,140.317236695221,58.6698721648657,1,-68.315301350356,-6.40000000000053,-8.88484424315131,0,1,93.7263032857672
13,91,102.415861073598,143.99800911204,6,-48.5449787144829,-6.4133997379079,13.8304571072047,10,2,53.4090270645913
13,92,93.9412887500397,9.49688680347465,2,-69.4378852257336,-6.40000000000175,-10.0074281185289,0,1,64.2151776110984
13,93,77.9091585495045,185.979946999024,3,-60.3362783753556,-5.60960169770742,7.6497947730621,7,2,83.9279214987068
13,94,83.4056748082035,69.201522287142,4,-77.9871606122024,-4.80000000000387,-11.3603885492894,0,1,45.1318908038989
13,95,199.228163189228,146.102594835182,8,-91.7227080974242,-6.4,-21.1695428927953,0,2,54.6886808947151
13,96,80.4722577489595,198.151580751633,3,-62.6716342945628,-5.60631396404504,5.31443885385491,6,2,87.7777401817121
13,97,78.1067057100325,118.212743211944,6,-52.9768580002516,-6.40765450641929,11.2535991069531,9,1,77.428775286511
13,98,184.46894244497,34.2803282008058,1,-79.0848101197266,-6.40000000000025,-19.654353012522,0,2,123.009757477152
13,99,113.992348358278,174.159238125971,8,-70.9860121091893,-6.40000000000185,-11.5555550019846,0,2,49.3200746509874
13,100,52.2399534471566,29.7442264896427,4,-96.0698470832246,-4.80000000000009,-13.973227937087,0,1,31.1056868104262
13.5,1,11.2801696075715,172.63681458111,7,-66.2934442384328,-5.61267988807489,1.69262890998494,4,1,130.733559410811
13.5,2,188.466372971135,33.2223862020516,1,-81.7250393760681,-6.40000000000044,-21.1695428927953,0,2,125.175568438483
13.5,3,152.818194193917,18.9835590864662,1,-85.8810722435215,-6.40000000000038,-21.1695428927953,0,1,109.935666024457
13.5,4,53.953857308173,4.49239474490524,4,-94.5373873392457,-4.80000000000002,-13.973227937087,0,1,51.3694960425632
13.5,5,46.8232298638267,93.2950995347473,6,-46.7382031299413,-6.43670601282211,13.8304571072047,10,1,49.3640305508146
13.5,6,112.970457050945,22.3019293794954,2,-55.9331250630944,-6.40000000000025,3.49733204411024,5,1,72.6960217433072
13.5,7,70.1239116723748,89.4000970726373,6,-56.9190500982709,-6.41817627606639,7.3114070089338,7,1,50.0958029213105
13.5,8,135.891325635619,136.231528041083,6,-47.2830427466466,-6.44202849680937,13.8304571072047,10,2,30.6736941434128
13.5,9,195.409041266087,162.062402204019,8,-82.95335429498,-6.40000000000001,-21.1695428927953,0,2,52.5331569167199
13.5,10,73.0070349405265,99.0085723769794,6,-51.133442500252,-6.41735788101794,13.0970146069526,10,1,59.0204525836954
13.5,11,158.727132822866,60.0656146191006,1,-79.1583775444289,-6.40000000000156,-19.7279204372242,0,2,93.362768388411
13.5,12,159.15501091709,122.626405586445,6,-65.7979840219866,-6.46022433638056,-1.56752691478195,3,2,37.2206649055314
13.5,13,85.8336047517701,18.2152276703617,4,-71.547889015034,-4.80000000000017,-4.92111695212093,1,1,53.353247150975
13.5,14,178.52146802649,93.0423843867477,1,-88.3019625592956,-6.40000000000165,-21.1695428927953,0,2,67.896201033144
13.5,15,185.031232510261,195.619395512623,8,-99.7024181907419,-6.4,-21.1695428927953,0,2,62.1334571557471
13.5,16,92.6488110742082,153.141355828295,8,-64.7768446723342,-6.40000000000143,-5.34638756512956,1,2,62.0586576364799
13.5,17,139.723120932534,94.1642186669038,6,-49.2497955744839,-6.42096019878838,13.8304571072047,10,2,61.445087032607
13.5,18,79.6798987762616,29.4152649653995,4,-69.8235372594671,-4.80000000000099,-3.19676519655409,2,1,43.0915038936197
13.5,19,120.872674658606,63.9168194133264,2,-85.7743818637244,-6.40000000000097,-21.1695428927953,0,1,75.9530373049538
13.5,20,41.9359529935296,194.278114182095,7,-62.0930844135951,-5.60532040183586,5.89298873482261,6,2,119.124471251457
13.5,21,84.49838388858,57.0101202358851,4,-69.9044530307218,-4.80000000000218,-3.27768096780879,2,1,42.3264725277858
13.5,22,136.748890753295,40.7473398871095,1,-69.999077354757,-6.40000000000046,-10.5686202475523,0,1,90.3506046802772
13.5,23,118.220710622724,190.305621393534,8,-72.7563004056889,-6.40000000000002,-13.3258432984843,0,2,56.4510083988197
13.5,24,180.532564946986,34.9546799084967,1,-81.4864853870187,-6.40000000000227,-21.1695428927953,0,2,121.325649378845
13.5,25,110.055821610444,88.3544389845649,6,-46.8654305446625,-6.40839833189209,13.8304571072047,10,1,75.0334238798029
13.5,26,148.44335637075,113.334052273372,6,-53.8385514910306,-6.43738937042117,10.391905616174,9,2,43.5782613476062
13.5,27,67.8642078868602,152.781223067045,3,-54.8967424215752,-5.60777046505796,13.0893307268425,10,2,85.4767427304151
13.5,28,153.284931747856,88.182120232005,1,-72.8822583471308,-6.40000000000276,-13.4518012399261,0,2,66.2154893933312
13.5,29,156.4621209732,176.248074516453,8,-78.1660134533487,-6.40000000000001,-18.7355563461441,0,2,35.8185765112678
13.5,30,60.8254786927304,28.9041241014404,4,-70.211108463975,-4.80000000000001,-3.58433640106194,2,1,33.3837830219133
13.5,31,136.388986834478,148.175291703693,8,-62.8261637753206,-6.40000000000283,-3.39570666811592,2,2,27.2183621799444
13.5,32,42.8472892828251,83.9572914134503,6,-53.7502300457353,-6.44723815507933,10.4802270614693,9,1,41.9107254857462
13.5,33,158.684409055059,7.05227134406651,1,-89.6933178771929,-6.40000000000086,-21.1695428927953,0,1,119.201754048969
13.5,34,126.574050229711,59.0636952865682,2,-83.3393093124134,-6.40000000000106,-21.1695428927953,0,1,80.6100846099917
13.5,35,167.061149438549,59.9151913233658,1,-81.663049002919,-6.40000000000055,-21.1695428927953,0,2,94.6499105888129
13.5,36,16.5324569842446,17.9754801022944,4,-83.3315039133878,-4.8,-13.973227937087,0,1,51.9412775178853
13.5,37,74.685364300282,84.1300706281063,6,-59.6131667358986,-6.41816871660054,4.61729037130607,6,1,48.2335871744696
13.5,38,37.0839119948773,156.139744966356,7,-52.8947087630504,-5.6121429908991,15.0913643853673,11,1,109.474749558421
13.5,39,67.148978796778,125.113729634149,6,-54.0046917828851,-6.4149969995524,10.2257653243196,8,1,80.5506663741792
13.5,40,74.691091226415,174.220991266892,3,-57.2492230449272,-5.61247718884012,10.7368501034905,9,2,82.5247729995
13.5,41,194.847502316753,195.24918988511,8,-104.539062879905,-6.4,-21.1695428927953,0,2,67.9046217080242
13.5,42,132.580104612815,42.6237525549866,1,-69.017890640566,-6.40000000000069,-9.58743353336128,0,1,86.175012064017
13.5,43,78.5766599950594,43.7355243221865,4,-68.1909238137412,-4.80000000000066,-1.56415175082812,3,1,37.5249137506156
13.5,44,32.7808840710396,127.004613449975,6,-59.0396583657456,-6.41910991679386,5.19079874145904,6,1,82.3313940484133
13.5,45,45.3252360114637,194.437061746038,7,-61.9207722213989,-5.60605749727866,6.06530092701889,7,2,116.119372512415
13.5,46,75.0526241387062,111.009998039126,6,-46.3211874721483,-6.41421683357101,13.8304571072047,10,1,70.0150257942494
13.5,47,174.009934336127,72.5420205008875,1,-79.0010879107438,-6.40000000000075,-19.5706308035391,0,2,84.4302406422608
13.5,48,126.614416258394,94.8990775174932,6,-45.3851967902868,-6.41658713497408,13.8304571072047,10,2,64.3058876414819
13.5,49,66.7690513552729,156.00629825086,3,-53.1154250460409,-5.60805958546509,14.8706481023769,11,2,86.6932317483867
13.5,50,122.8192620274,24.4493177713928,2,-68.2861825664316,-6.40000000000054,-8.85572545922692,0,1,80.6705168234488
13.5,51,155.860355247076,37.0440340027043,1,-70.170476044801,-6.4000000000003,-10.7400189375963,0,1,109.208616271612
13.5,52,182.901859598176,196.560650499519,8,-99.1278989125313,-6.40000000000001,-21.1695428927953,0,2,61.6658458140038
13.5,53,106.167030321928,162.751769255572,8,-65.203664873054,-6.40000000000104,-5.77320776584931,1,2,51.3438102398542
13.5,54,103.530606312013,3.38822391320638,5,-88.5369897425566,-6.40000000000056,-21.1695428927953,0,1,74.7692014274402
13.5,55,191.677428152804,50.0913027690595,1,-81.9263076942079,-6.40000000000051,-21.1695428927953,0,2,110.77457199112
13.5,56,34.6312647563241,2.41795325243643,4,-89.1282447646144,-4.80000000000001,-13.973227937087,0,1,55.2494271072337
13.5,57,156.017186596216,122.909760526746,6,-66.1662204977099,-6.46306693214764,-1.93576339050519,3,2,36.3639603075897
13.5,58,15.4015393774793,73.9879169195573,4,-78.5732469535585,-4.8,-11.9464748906454,0,1,48.2153879543419
13.5,59,68.0892784824548,36.3834515832806,4,-54.9061292691565,-4.80000000000008,11.7206427937566,9,1,32.6325357090231
13.5,60,37.1224016454589,164.942960928995,7,-60.4446588969221,-5.60475292843209,7.54141425149561,7,2,116.262179110898
13.5,61,15.2591970499613,181.398337920967,7,-63.9614108129642,-5.61000005460123,4.0246623354535,5,1,137.930042405583
13.5,62,164.424114725252,146.82263076309,8,-62.6943797237987,-6.40000000000001,-3.26392261659408,2,2,27.75609412138
13.5,63,97.8847700525888,95.4973365182035,6,-48.4313717553963,-6.40866064362176,13.8304571072047,10,1,70.1085503575702
13.5,64,129.52866920599,180.951967746648,8,-67.1469394375919,-6.4,-7.71648233038726,0,2,43.9243633063399
13.5,65,176.080593584677,184.378837618026,8,-93.6433737698818,-6.4,-21.1695428927953,0,2,49.1360543562028
13.5,66,83.2468273529966,94.6825557633642,6,-46.3966259813761,-6.41162593759632,13.8304571072047,10,1,60.4494195057828
13.5,67,195.18292588349,82.8746879993662,1,-73.1045662855865,-6.40000000000038,-13.6741091783819,0,2,84.2588529626138
13.5,68,54.8065459096577,152.532335119354,3,-54.9973075997516,-5.60655898631147,12.9887655486661,10,2,98.0839254047615
13.5,69,80.5979316671479,55.8027113085673,4,-74.367883201169,-4.80000000000268,-7.74111113825599,0,1,39.0148033551116
13.5,70,24.3909927999975,67.138246965573,4,-74.076164086451,-4.8,-7.44939202353797,0,1,38.7529451632099
13.5,71,130.781233532368,64.0950069164294,1,-79.3396288300593,-6.40000000000088,-19.9091717228546,0,1,85.3025609872598
13.5,72,150.716423439798,137.701316072045,8,-56.6171866187558,-6.40000000000464,2.81327048844891,5,2,26.5333919600348
13.5,73,80.0847481393551,139.613013355124,6,-52.3963290019068,-6.40919710189433,11.8341281052979,9,2,74.4867903342481
13.5,74,96.4379843469882,98.8477005451044,6,-46.8363717216017,-6.40860736095753,13.8304571072047,10,1,71.3781075593583
13.5,75,105.896091418957,164.644046498068,8,-65.4967348903048,-6.40000000000083,-6.06627778310014,1,2,52.075453430216
13.5,76,164.489528082162,162.964556832791,8,-70.7635388940778,-6.40000000000001,-11.3330817868731,0,2,30.5004288152552
13.5,77,186.903134431708,86.0378635122439,1,-87.9318719398267,-6.4000000000009,-21.1695428927953,0,2,77.4935238259496
13.5,78,23.7485092064354,114.046844092743,6,-54.477829590511,-6.41405519637572,9.75262751669365,8,1,73.0984884051973
13.5,79,35.2288509043429,68.089579762439,4,-59.267482229847,-4.80000000000004,7.35928983306603,7,1,33.1310993114894
13.5,80,107.638673864282,33.2790148517497,2,-64.1151691484086,-6.40000000000039,-4.68471204120391,2,1,64.4519826627623
13.5,81,115.04719447056,86.6989998683777,6,-42.0290476861995,-6.41168375770293,13.8304571072047,10,2,76.0326589831138
13.5,82,198.629341304777,120.853170548651,1,-80.3796853450897,-6.40000000000001,-20.949228237885,0,2,61.3726364335319
13.5,83,121.591996496629,156.516269951057,8,-61.5560085693978,-6.40000000000123,-2.12555146219312,3,2,37.4396372461407
13.5,84,47.0025885614242,129.70741383883,6,-51.947581467308,-6.41776158346478,12.2828756398967,9,1,83.1535104262387
13.5,85,11.274596418491,179.547057840816,7,-62.531478205767,-5.61030824653823,5.45459494265072,6,1,137.238285757883
13.5,86,145.397334366057,67.6188519024716,1,-66.8831734321153,-6.40000000000111,-7.45271632491064,0,2,85.7909557750977
13.5,87,166.018672799007,98.5507754468359,1,-81.4112480203756,-6.40000000000142,-21.1695428927953,0,2,58.7866531226567
13.5,88,110.387987689266,70.2893723223048,2,-82.674510205283,-6.40000000000138,-21.1695428927953,0,1,67.9015293376521
13.5,89,13.082734996752,116.219008013578,7,-63.4196632543093,-5.61234334874346,4.56640989410844,6,1,79.3731155847012
13.5,90,140.202004819479,58.6380124794354,1,-74.2381836180506,-6.4000000000015,-14.8077265108459,0,1,93.6123225491611
13.5,91,102.710065461782,142.831053467589,6,-45.6389701705472,-6.41742702399932,13.8304571072047,10,2,53.291478709204
13.5,92,92.9542618794645,9.40865393838147,2,-80.6596175601855,-6.4000000000009,-21.1695428927953,0,1,63.6001256972318
13.5,93,77.9742020239877,186.333736599177,3,-67.1619909046854,-5.61314325897389,0.824082243732336,4,2,84.0244368582124
13.5,94,83.3646323190953,69.4611143434585,4,-61.3783654207717,-4.80000000000233,5.24840664214132,6,1,45.2126493503487
13.5,95,200,144.904629207699,8,-77.4834514533064,-6.40000000000001,-18.0529943461017,0,2,55.4816438429057
13.5,96,80.5252179229078,199.599397895278,3,-70.4119859311053,-5.61201046187542,-2.42591278268754,2,2,88.5386673506754
13.5,97,77.2417967906007,118.321074335013,6,-45.5519426632084,-6.41292315109839,13.8304571072047,10,1,77.214860555924
13.5,98,184.021806207552,34.9478959905141,1,-79.7146928918049,-6.40000000000117,-20.2842357846002,0,2,122.256778685821
13.5,99,114.131702363554,175.589125292227,8,-71.6776838998665,-6.40000000000056,-12.2472267926619,0,2,49.9358399204215
13.5,100,51.8842453090448,28.7628242881461,4,-78.4473770080253,-4.80000000000007,-11.8206049451122,0,1,31.7303957208355
14,1,9.98764943821926,172.329785090237,7,-64.7795334696776,-5.60516220081791,3.20653967874019,5,1,130.835066085902
14,2,188.794376426362,33.4123708498248,1,-74.5498431600663,-6.40000000000046,-15.1193860528616,0,2,125.099675911527
14,3,153.166004843917,17.5451548969123,1,-82.8160151981354,-6.40000000000039,-21.1695428927953,0,1,110.674258642742
14,4,53.7325428729373,4.81450748601162,4,-84.187307169557,-4.8,-13.973227937087,0,1,51.0677061363639
14,5,47.0245586593948,92.9047847338361,6,-52.4208515658355,-6.42894371087773,11.8096055413692,9,1,49.0094256671939
14,6,113.505296370703,22.1379623161231,2,-76.6695677496754,-6.40000000000138,-17.2391106424708,0,1,73.2220309130293
14,7,70.4372629410637,90.351136401494,6,-43.9387858953645,-6.42231446230742,13.8304571072047,10,1,50.9720111964806
14,8,137.172949447373,135.779101145882,6,-54.4554336897089,-6.44232569114537,9.77502341749576,8,2,30.3152963056395
14,9,195.48872405494,162.141070122824,8,-79.3185169072461,-6.4,-19.8880598000415,0,2,52.6201444303779
14,10,71.9908592286018,99.4635344771136,6,-43.1939494504832,-6.41880038692811,13.8304571072047,10,1,59.0126184182738
14,11,159.544629667686,60.8935284400199,1,-89.0291598890512,-6.40000000000172,-21.1695428927953,0,2,92.6461722326552
14,12,159.358973667831,122.729634167977,6,-60.1060084475476,-6.4403148185241,4.12444865965705,5,2,37.195607815003
14,13,85.5174445467739,18.5265089821327,4,-91.0866515621255,-4.80000000000166,-13.973227937087,0,1,52.9558259683005
14,14,178.695891111615,92.5040810235451,1,-69.7079002350102,-6.40000000000112,-10.2774431278056,0,2,68.4213772562108
14,15,185.396696026325,197.072445370813,8,-101.299281468412,-6.4,-21.1695428927953,0,2,63.4112860835373
14,16,92.3539978531474,152.851349543237,8,-73.4858968920033,-6.4000000000013,-14.0554397847986,0,2,62.3172669308647
14,17,139.921031172236,94.0063887114385,6,-47.8341202190013,-6.42244397059673,13.8304571072047,10,2,61.5558292752649
14,18,80.1327956196946,29.7048069301565,4,-79.1536690862592,-4.80000000000255,-12.5268970233462,0,1,43.2681202919714
14,19,120.67477234172,64.0637506347771,2,-76.2291427883859,-6.40000000000292,-16.7986856811813,0,1,75.7955310521081
14,20,41.191010406699,193.218505697298,7,-64.9931164630625,-5.60577655074358,2.99295668535528,5,2,119.413087436103
14,21,84.1236964907345,56.5307578351497,4,-63.8588010686839,-4.80000000000609,2.76797099422913,5,1,41.944337640415
14,22,136.336317054646,40.7920828797162,1,-80.1638289611434,-6.40000000000078,-20.7333718539388,0,1,89.9499604238624
14,23,117.631544275498,191.33805095995,8,-86.9502020235099,-6.40000000000022,-21.1695428927953,0,2,57.5221816620033
14,24,181.26041768424,35.1455795885633,1,-84.6212927396486,-6.40000000000048,-21.1695428927953,0,2,121.330134763958
14,25,110.968698073735,88.0754924522241,6,-52.9077960616318,-6.40765217978193,11.3226610455729,9,1,75.6252290593928
14,26,148.467091494008,113.466739304598,6,-54.2761739502399,-6.43719020637357,9.95428315696478,8,2,43.4658365331438
14,27,69.3157623465878,152.669573103777,3,-57.5188094223783,-5.60844329351591,10.4672637260395,9,2,84.0792651387291
14,28,153.475183142201,87.988758979815,1,-71.1190956477816,-6.40000000000096,-11.6886385405769,0,2,66.4057295023201
14,29,157.180558273352,175.421924541657,8,-75.2984787277287,-6.40000000000001,-15.868021620524,0,2,35.3565363761596
14,30,61.2427586788553,29.5166630232654,4,-76.7864981929559,-4.8,-10.1597261300429,0,1,33.1393529872483
14,31,135.371021237133,148.892657134412,8,-67.7983274450873,-6.40000000000411,-8.3678703378826,0,2,27.7034876480633
14,32,43.3120242074465,83.9636173424936,6,-55.172903685934,-6.43384439016169,9.05755342127066,8,1,41.8390526086468
14,33,158.161753153264,7.45990691341933,1,-76.376927422003,-6.40000000000026,-16.9464703147983,0,1,118.578557779232
14,34,126.072378536414,59.9001922468083,2,-80.7205206837057,-6.40000000000092,-21.1695428927953,0,1,80.2326029909986
14,35,167.292739035845,58.4770854117714,1,-76.0208609749677,-6.40000000000174,-16.590403867763,0,2,96.0610884702334
14,36,16.7793870413115,19.4201672343524,4,-96.7793835879877,-4.8,-13.973227937087,0,1,50.9017219485349
14,37,75.0965205732153,83.6427567183693,6,-43.3233566399472,-6.42118823116291,13.8304571072047,10,1,48.1032267576012
14,38,36.5036699223941,156.825398937782,7,-58.1617015306915,-5.61383625864319,9.82437161772626,8,1,110.209195550009
14,39,66.1436029222989,125.311428445341,6,-51.71526888415,-6.41501287424979,12.5151882230547,10,1,80.5274932541094
14,40,74.4532384096187,174.189146957962,3,-53.0401902420573,-5.61288897510723,14.9458829063604,11,2,82.7325692659656
14,41,194.34536233153,196.563865606583,8,-97.9339580179629,-6.4,-21.1695428927953,0,2,68.4613375602798
14,42,132.663791152792,42.6905574111517,1,-75.8868216564823,-6.40000000000077,-16.4563645492776,0,1,86.2495235854205
14,43,78.8308491322257,44.0812612630364,4,-62.4852370014489,-4.80000000000168,4.14153506146412,5,1,37.6629702748149
14,44,31.9891087656752,126.886894885698,6,-59.3536125556446,-6.41522719423109,4.87684455156002,6,1,82.3907568130009
14,45,44.7748719428223,195.628453856231,7,-66.0221931955605,-5.60918023396489,1.9638799528572,4,2,117.074904979503
14,46,74.8048366697471,110.195046416452,6,-45.1013939739349,-6.4147503252524,13.8304571072047,10,1,69.2168587505362
14,47,173.935883908472,72.3925644017991,1,-79.6053062730613,-6.40000000000158,-20.1748491658567,0,2,84.5463813454412
14,48,126.56890909468,94.8829799140801,6,-46.3885583273463,-6.41441085909589,13.8304571072047,10,2,64.3362411410946
14,49,65.7759588796785,155.07140481998,3,-57.9804583308564,-5.6082070385286,10.0056148175614,8,2,87.5880028855877
14,50,122.616758981714,23.9577478089507,2,-74.7447840895089,-6.40000000000096,-15.3143269823042,0,1,80.6451646671426
14,51,155.305323024401,37.6370892136504,1,-84.7634838346519,-6.40000000000066,-21.1695428927953,0,1,108.601577430462
14,52,183.102879896718,197.477638253962,8,-102.512002920785,-6.40000000000001,-21.1695428927953,0,2,62.467405834008
14,53,106.082370828133,163.330685454869,8,-53.4976421371699,-6.4000000000007,5.9328149700348,7,2,51.5627319560776
14,54,103.708664938777,2.7859799008181,5,-77.4524337487546,-6.40000000000004,-18.02197664155,0,1,75.2730654579166
14,55,192.816122801471,50.1727347478899,1,-78.8439169885456,-6.4000000000003,-19.413459881341,0,2,111.134842688807
14,56,34.4869904125845,1.66069303379262,4,-95.3200955530214,-4.80000000000001,-13.973227937087,0,1,55.9427570328141
14,57,156.946100870587,123.058737510936,6,-58.7343873696894,-6.44802071554905,5.49606973751531,6,2,36.4188130203197
14,58,14.9851370885641,74.1294231135381,4,-69.3953871226716,-4.80000000000001,-2.76861505975859,2,1,48.5851796795977
14,59,68.1466704182616,36.5526116143213,4,-66.4511931494652,-4.80000000000024,0.175578913447862,3,1,32.5942311101873
14,60,36.995700649398,164.242371983394,7,-56.2766824725204,-5.60572137529993,11.7093906758974,9,2,116.297320826551
14,61,13.9726474233817,181.964762443118,7,-60.1076656832631,-5.61127592975637,7.87840746515464,7,1,138.798121962613
14,62,163.703937140501,146.814814489386,8,-95.4267214201636,-6.40000000000018,-21.1695428927953,0,2,27.3896568048568
14,63,96.903237255517,95.5086039219264,6,-50.2085417650271,-6.4092910161804,13.8304571072047,10,1,69.4492382677456
14,64,129.759266866801,181.769930988941,8,-68.7906658476933,-6.40000000000001,-9.36020874048859,0,2,44.3989390955624
14,65,176.822245740658,184.20662923663,8,-84.9745045587953,-6.4,-21.1695428927953,0,2,49.4143334499665
14,66,82.8474557055428,95.6238692931366,6,-44.0632702046892,-6.41432332018221,13.8304571072047,10,1,60.9322804070618
14,67,195.204030879635,81.9911579422746,1,-84.7260153423958,-6.40000000000063,-21.1695428927953,0,2,84.9756259512082
14,68,55.3439115239062,152.0123755108,3,-57.6980054562075,-5.60598290424118,10.2880676922103,8,2,97.5503702750049
14,69,80.5764216767257,55.9675678093771,4,-63.9165463832911,-4.80000000000567,2.71022567962198,5,1,39.0228065125056
14,70,24.5555369306352,67.4481156693117,4,-72.3184947114225,-4.80000000000002,-5.69172264850947,1,1,38.7828240500605
14,71,129.625004982563,63.1684087056336,2,-77.0694338911533,-6.40000000000175,-17.6389767839487,0,1,84.0583036130982
14,72,150.912643390316,138.156570762028,8,-72.1949171292198,-6.40000000000604,-12.7644600220151,0,2,26.3315349737296
14,73,79.8663489620555,139.056265929869,6,-46.8620947264881,-6.40953132117315,13.8304571072047,10,2,74.7712800700236
14,74,95.3545342965559,99.7645932503345,6,-51.6434842179196,-6.40982253549267,12.586972889285,10,1,71.3147847408144
14,75,106.421243077883,164.098623202781,8,-53.3351273000591,-6.40000000000067,6.0953298071456,7,2,51.479405892949
14,76,164.347952475426,163.154804718398,8,-86.0395107361036,-6.4,-21.1695428927953,0,2,30.5149574375627
14,77,186.957739591082,86.6831157402362,1,-81.8873488975314,-6.40000000000048,-21.1695428927953,0,2,76.9880013251842
14,78,22.3601489560429,114.177150299199,6,-66.8369611426151,-6.41611684209758,-2.60650403541038,2,1,73.7218962470318
14,79,35.0910382640362,68.1212470290575,4,-71.9743338141601,-4.80000000000053,-5.34756175124703,1,1,33.2100396556909
14,80,107.817497716846,32.7353867410045,2,-70.763089324562,-6.40000000000127,-11.3326322173573,0,1,64.7547674941402
14,81,114.884228384637,87.2517339807425,6,-47.3188907216004,-6.41095913843191,13.8304571072047,10,2,75.648610724625
14,82,198.437062002377,120.810992399582,1,-80.3281283083118,-6.4,-20.8976712011072,0,2,61.2404861192285
14,83,121.729702529652,156.650306717551,8,-61.9611362029719,-6.40000000000253,-2.53067909576723,2,2,37.3588851345894
14,84,47.8054755925727,130.955642202424,6,-56.5577580200192,-6.41837005368018,7.67269908718546,7,1,84.3260454532391
14,85,11.9049559059058,180.694027627759,7,-62.3518348377316,-5.61108613295904,5.6342383106861,6,1,138.146339951866
14,86,144.499231784335,67.0192468775029,1,-81.0282981363662,-6.40000000000124,-21.1695428927953,0,2,86.4194066152926
14,87,166.903133522535,98.5471934647612,1,-58.0473377518714,-6.40000000000066,1.38311935533324,4,2,59.0369140727507
14,88,110.352612087673,70.0256753235457,2,-66.4590304469624,-6.40000000000167,-7.02857333975777,0,1,67.7917064099233
14,89,13.104246579662,115.242863797506,7,-61.8426592551403,-5.61208179366824,6.1434138932774,7,1,78.5504799282241
14,90,140.086772943737,58.6061527940051,1,-73.4078750489053,-6.4000000000006,-13.9774179417006,0,1,93.4983557359712
14,91,103.004269849965,141.664097823138,6,-46.5200653447443,-6.41320944910863,13.8304571072047,10,2,53.2009014720345
14,92,91.9672350088892,9.32042107328829,2,-90.7636292893788,-6.40000000000098,-21.1695428927953,0,1,62.9946581540523
14,93,78.039245498471,186.68752619933,3,-58.5501002952911,-5.60397132227673,9.43597285312664,8,2,84.1223797039519
14,94,83.3235898299872,69.7207063997749,4,-73.6319330281711,-4.80000000000684,-7.00516096525803,0,1,45.2947888841901
14,95,199.221947499166,143.706663580215,8,-91.3416215193193,-6.40000000000001,-21.1695428927953,0,2,54.9058849205001
14,96,80.578178096856,199.131309713813,3,-64.0660279877253,-5.6051025204844,3.92004516069246,5,2,88.2356217779785
14,97,76.376887871169,118.429405458082,6,-50.4544436455,-6.41236261145476,13.7760134617047,10,1,77.0102184460921
14,98,183.574669970135,35.6154637802223,1,-79.8370664469418,-6.40000000000037,-20.4066093397371,0,2,121.504446790301
14,99,114.27105636883,177.019012458483,8,-83.3179534640373,-6.40000000000085,-21.1695428927953,0,2,50.5849231217265
14,100,51.528537170933,27.7814220866494,4,-78.8132340586238,-4.80000000000001,-12.1864619957107,0,1,32.3767143233305
14.5,1,8.69512926886702,172.022755599364,7,-59.3437593968781,-5.61350781849457,8.64231375153961,8,1,130.949972241989
14.5,2,189.12237988159,33.6023554975981,1,-88.5855390549457,-6.40000000000073,-21.1695428927953,0,2,125.024886535869
14.5,3,153.513815493917,16.1067507073584,1,-87.0111383468838,-6.40000000000036,-21.1695428927953,0,1,111.42761033838
14.5,4,53.5112284377015,5.13662022711799,4,-74.5661372652454,-4.8,-7.93936520233231,0,1,50.7671308012139
14.5,5,47.2258874549628,92.514469932925,6,-55.2561481386983,-6.42922441382606,8.97430896850633,8,1,48.6562005718708
14.5,6,114.040135690461,21.9739952527507,2,-74.3751036427811,-6.40000000000086,-14.9446465355764,0,1,73.7485316555217
14.5,7,70.7506142097525,91.3021757303507,6,-42.3748930386514,-6.42235638904801,13.8304571072047,10,1,51.8527502659478
14.5,8,138.454573259126,135.326674250681,6,-48.9352484584466,-6.44730600915922,13.8304571072047,10,2,30.0142194163786
14.5,9,195.568406843794,162.219738041628,8,-94.2887686721711,-6.4,-21.1695428927953,0,2,52.7072262606135
14.5,10,70.9746835166771,99.9184965772479,6,-45.6453624283615,-6.41938645080939,13.8304571072047,10,1,59.0257880011565
14.5,11,160.362126512506,61.7214422609391,1,-79.9278414922577,-6.40000000000211,-20.4973843850531,0,2,91.9387155791829
14.5,12,159.562936418572,122.832862749509,6,-51.487431633104,-6.41141742495307,12.7430254741007,10,2,37.1719396767594
14.5,13,85.2012843417776,18.8377902939037,4,-67.9176241950375,-4.80000000000032,-1.29085213212442,3,1,52.5591450946208
14.5,14,178.87031419674,91.9657776603425,1,-75.4887306775841,-6.4000000000017,-16.0582735703794,0,2,68.947197219229
14.5,15,185.762159542389,198.525495229003,8,-85.7026983799175,-6.4,-21.1695428927953,0,2,64.6985760458087
14.5,16,92.0591846320867,152.561343258178,8,-78.4190541320276,-6.40000000000128,-18.9885970248229,0,2,62.5775404181471
14.5,17,140.118941411938,93.8485587559732,6,-52.1676613855216,-6.42185972109642,12.062795721683,9,2,61.6674117553357
14.5,18,80.5856924631276,29.9943488949136,4,-80.2041967885697,-4.80000000000099,-13.5774247256567,0,1,43.4506692651272
14.5,19,120.476870024834,64.2106818562279,2,-63.9213610647789,-6.40000000000105,-4.49090395757428,2,1,75.6385000334895
14.5,20,40.4460678198685,192.1588972125,7,-65.2046175493837,-5.60805962309588,2.78145559903402,5,2,119.715022742775
14.5,21,83.749009092889,56.0513954344142,4,-69.509516196419,-4.80000000000246,-2.88274413350594,2,1,41.5675955698132
14.5,22,135.923743355998,40.8368258723229,1,-87.3722812454918,-6.4000000000006,-21.1695428927953,0,1,89.5494468570383
14.5,23,117.042377928272,192.370480526366,8,-81.6594496132247,-6.40000000000028,-21.1695428927953,0,2,58.5978879539017
14.5,24,181.988270421493,35.3364792686298,1,-90.0797247128144,-6.40000000000065,-21.1695428927953,0,2,121.339286428889
14.5,25,111.881574537026,87.7965459198833,6,-47.3746765854052,-6.40900701948762,13.8304571072047,10,1,76.2243934095599
14.5,26,148.490826617265,113.599426335823,6,-53.8625110399709,-6.43224309517524,10.3679460672337,9,2,43.3535392716713
14.5,27,70.7673168063153,152.557923140509,3,-61.5598000346616,-5.6093387908774,6.42627311375617,7,2,82.6838016594759
14.5,28,153.665434536546,87.795397727625,1,-83.267267466396,-6.40000000000203,-21.1695428927953,0,2,66.5965310973932
14.5,29,157.898995573504,174.595774566861,8,-82.8627677925835,-6.40000000000004,-21.1695428927953,0,2,34.9227183594585
14.5,30,61.6600386649802,30.1292019450903,4,-70.175952718814,-4.8,-3.54918065590099,2,1,32.909802749452
14.5,31,134.353055639787,149.61002256513,8,-71.5203671887828,-6.40000000000453,-12.0899100815782,0,2,28.2352430521024
14.5,32,43.7767591320679,83.9699432715368,6,-51.7680779455588,-6.43202360491765,12.4623791616459,10,1,41.7724283801137
14.5,33,157.639097251469,7.86754248277214,1,-99.953329041225,-6.40000000000035,-21.1695428927953,0,1,117.955793556537
14.5,34,125.570706843117,60.7366892070484,2,-73.2194153939412,-6.40000000000104,-13.7889582867365,0,1,79.8652504403327
14.5,35,167.524328633141,57.038979500177,1,-79.9880262931628,-6.40000000000103,-20.5575691859581,0,2,97.4736037417865
14.5,36,17.0263170983784,20.8648543664103,4,-90.1450139993291,-4.8,-13.973227937087,0,1,49.8835691905378
14.5,37,75.5076768461487,83.1554428086324,6,-46.4047950157275,-6.42178858447262,13.8304571072047,10,1,47.980985462202
14.5,38,35.9234278499109,157.511052909209,7,-55.37109742312,-5.61008037860457,12.6149757252978,10,1,110.946051669915
14.5,39,65.1382270478198,125.509127256534,6,-58.0551008380637,-6.41418552709677,6.17535626914096,7,1,80.5173535158404
14.5,40,74.2153855928225,174.157302649032,3,-55.2147171602953,-5.60163962353609,12.7713559881225,10,2,82.9405392562739
14.5,41,193.843222346307,197.878541328056,8,-84.6148350865875,-6.4,-21.1695428927953,0,2,69.0422542028434
14.5,42,132.747477692768,42.7573622673169,1,-85.6089352179459,-6.40000000000087,-21.1695428927953,0,1,86.3241036202641
14.5,43,79.0850382693921,44.4269982038863,4,-62.7557217690616,-4.80000000000201,3.87105029385147,5,1,37.8053937970693
14.5,44,31.1973334603107,126.769176321421,6,-60.9805504926967,-6.4172436924261,3.24990661450799,5,1,82.4578480320225
14.5,45,44.224507874181,196.819845966425,7,-63.3538315020138,-5.60874660211226,4.63224164640397,6,2,118.03729372863
14.5,46,74.557049200788,109.380094793779,6,-49.5665544962992,-6.4142997758704,13.8304571072047,10,1,68.4199848229163
14.5,47,173.861833480818,72.2431083027106,1,-66.1935498735832,-6.40000000000076,-6.76309276637851,0,2,84.6626913314848
14.5,48,126.523401930966,94.8668823106669,6,-48.8987080299312,-6.41553836548903,13.8304571072047,10,2,64.3666165262772
14.5,49,64.7828664040842,154.1365113891,3,-61.9332055606615,-5.60705865948911,6.05286758775621,7,2,88.4947489107479
14.5,50,122.414255936028,23.4661778465086,2,-66.5086132414124,-6.40000000000074,-7.07815613420776,0,1,80.623310406121
14.5,51,154.750290801725,38.2301444245965,1,-72.1516033709065,-6.40000000000053,-12.7211462637018,0,1,107.997235720697
14.5,52,183.30390019526,198.394626008405,8,-86.520538946179,-6.40000000000001,-21.1695428927953,0,2,63.2727397439788
14.5,53,105.997711334338,163.909601654165,8,-67.9526400711688,-6.40000000000082,-8.52218296396415,0,2,51.7873384718103
14.5,54,103.886723565541,2.18373588842982,5,-89.7888119400147,-6.40000000000093,-21.1695428927953,0,1,75.7787839056322
14.5,55,193.954817450139,50.2541667267204,1,-74.4930186935045,-6.40000000000066,-15.0625615862998,0,2,111.505637671178
14.5,56,34.3427160688449,0.903432815148811,4,-61.9049838877894,-4.8,4.72178817512365,6,1,56.6380918590785
14.5,57,157.875015144958,123.207714495127,6,-49.8467041334745,-6.41221140801185,13.8304571072047,10,2,36.4978413897034
14.5,58,14.5687347996489,74.2709293075189,4,-77.7603332054926,-4.8,-11.1335611425796,0,1,48.9561289640857
14.5,59,68.2040623540685,36.7217716453619,4,-69.8324958031914,-4.80000000000048,-3.20572374027832,2,1,32.5568615568014
14.5,60,36.8689996533371,163.541783037793,7,-58.5867545055535,-5.60265122996249,9.39931864286428,8,2,116.336808995602
14.5,61,12.686097796802,182.531186965269,7,-66.8896910406818,-5.60862922655666,1.09638210773594,4,1,139.674954147309
14.5,62,162.98375955575,146.806998215681,8,-77.5376036273353,-6.40000000000002,-18.1071465201307,0,2,27.0374420497983
14.5,63,95.9217044584453,95.5198713256494,6,-46.7709650147825,-6.41075421461228,13.8304571072047,10,1,68.7976135187295
14.5,64,129.989864527612,182.587894231234,8,-61.5206613608555,-6.4,-2.09020425365079,3,2,44.884589471771
14.5,65,177.563897896638,184.034420855233,8,-85.4771489650664,-6.4,-21.1695428927953,0,2,49.7027189417987
14.5,66,82.4480840580889,96.565182822909,6,-48.0931238330798,-6.41399891392635,13.8304571072047,10,1,61.4283681239519
14.5,67,195.225135875781,81.107627885183,1,-80.4929875220149,-6.40000000000119,-21.0625304148102,0,2,85.6955182643131
14.5,68,55.8812771381547,151.492415902245,3,-52.728674225567,-5.60481873616669,15.2573989228508,11,2,97.0196438788048
14.5,69,80.5549116863034,56.1324243101868,4,-69.5509133200259,-4.80000000000314,-2.92414125711281,2,1,39.031516189843
14.5,70,24.720081061273,67.7579843730504,4,-69.5555586296022,-4.80000000000002,-2.92878656668913,2,1,38.8158512793693
14.5,71,128.468776432758,62.2418104948379,2,-76.9686658520545,-6.40000000000097,-17.5382087448499,0,1,82.8218618424247
14.5,72,151.108863340834,138.611825452011,8,-84.3985448661653,-6.40000000000169,-21.1695428927953,0,2,26.1375227870607
14.5,73,79.647949784756,138.499518504615,6,-52.0704467090795,-6.40977344038435,12.1600103981252,9,2,75.0594567267437
14.5,74,94.2710842461235,100.681485955565,6,-48.6857158383586,-6.41035398582284,13.8304571072047,10,1,71.2796739540204
14.5,75,106.946394736808,163.553199907494,8,-67.9784469992555,-6.40000000000084,-8.54798989205087,0,2,50.8876424477614
14.5,76,164.206376868689,163.345052604005,8,-95.0070802640141,-6.4,-21.1695428927953,0,2,30.5313211757841
14.5,77,187.012344750457,87.3283679682285,1,-68.6858433651396,-6.40000000000066,-9.25538625793492,0,2,76.4846201889794
14.5,78,20.9717887056504,114.307456505655,6,-56.9853827551091,-6.42177559390958,7.24507435209557,7,1,74.366228983162
14.5,79,34.9532256237295,68.1529142956761,4,-68.3140630456851,-4.80000000000018,-1.68729098277202,3,1,33.2893934543204
14.5,80,107.99632156941,32.1917586302594,2,-79.8334654389823,-6.40000000000125,-20.4030083317777,0,1,65.0611771816755
14.5,81,114.721262298714,87.8044680931072,6,-46.0738080398289,-6.41170575684531,13.8304571072047,10,2,75.26701484035
14.5,82,198.244782699978,120.768814250512,1,-89.0393185205872,-6.4,-21.1695428927953,0,2,61.1086841462744
14.5,83,121.867408562676,156.784343484044,8,-68.3421309722989,-6.40000000000166,-8.91167386509423,0,2,37.2789487175924
14.5,84,48.6083626237211,132.203870566019,6,-62.1323180339232,-6.41394907601093,2.0981390732815,4,1,85.5082627037987
14.5,85,12.5353153933207,181.840997414702,7,-66.3517048152988,-5.60879040641247,1.63436833311895,4,1,139.060782365056
14.5,86,143.601129202612,66.4196418525342,1,-73.2673397272689,-6.40000000001487,-13.8368826200642,0,2,87.0567160852068
14.5,87,167.787594246062,98.5436114826865,1,-80.9525188570965,-6.40000000000148,-21.1695428927953,0,2,59.2993122077082
14.5,88,110.317236486081,69.7619783247865,2,-69.0690106669751,-6.40000000000232,-9.63855355977048,0,1,67.6827511603002
14.5,89,13.1257581625719,114.266719581435,7,-61.6252095639335,-5.61299727383841,6.36086358448424,7,1,77.7314026429722
14.5,90,139.971541067995,58.5742931085749,1,-87.3559611149585,-6.40000000000065,-21.1695428927953,0,1,93.3844028971742
14.5,91,103.298474238148,140.497142178687,6,-50.0160361921519,-6.41381252306708,13.8304571072047,10,2,53.1374332768999
14.5,92,90.980208138314,9.2321882081951,2,-94.4112227335347,-6.40000000000038,-21.1695428927953,0,1,62.3990539780177
14.5,93,78.1042889729543,187.041315799483,3,-61.4514073886257,-5.61392714004293,6.53466575979204,7,2,84.221745055784
14.5,94,83.282547340879,69.9802984560913,4,-68.151877971638,-4.80000000000268,-1.52510590872494,3,1,45.3783019062232
14.5,95,198.443894998331,142.508697952731,8,-96.3580012147934,-6.40000000000001,-21.1695428927953,0,2,54.3615725395499
14.5,96,80.6311382708043,197.683492570168,3,-57.8513095718878,-5.61852643370171,10.1347635765299,8,2,87.3956774748818
14.5,97,75.5119789517372,118.537736581151,6,-49.9835568329028,-6.41092339426005,13.8304571072047,10,1,76.8149230664273
14.5,98,183.127533732717,36.2830315699306,1,-86.9507523687879,-6.40000000000061,-21.1695428927953,0,2,120.752773881753
14.5,99,114.410410374106,178.448899624738,8,-74.9188105411962,-6.40000000000189,-15.4883534339915,0,2,51.2660587484352
14.5,100,51.1728290328212,26.8000198851528,4,-72.0249647452665,-4.80000000000001,-5.3981926823535,1,1,33.0433746047454
15,1,7.40260909951477,171.715726108491,7,-63.7397953409889,-5.61137704006874,4.24627780742889,5,1,131.07824264021
15,2,189.450383336817,33.7923401453713,1,-75.5620558736405,-6.40000000000103,-16.1315987664359,0,2,124.951202292378
15,3,153.861626143917,14.6683465178045,1,-81.2593528896609,-6.40000000000039,-21.1695428927953,0,1,112.195423806164
15,4,53.2899140024658,5.45873296822437,4,-82.2706474215574,-4.80000000000002,-13.973227937087,0,1,50.4677917382915
15,5,47.4272162505309,92.1241551320139,6,-54.6634697886785,-6.43656391983981,9.56698731852617,8,1,48.3043855338985
15,6,114.574975010219,21.8100281893784,2,-78.3902998849968,-6.40000000000105,-18.9598427777921,0,1,74.2755135172692
15,7,71.0639654784413,92.2532150592074,6,-51.6504233273377,-6.41727515949094,12.5800337798669,10,1,52.7377931327866
15,8,139.73619707088,134.87424735548,6,-61.0581528070821,-6.45046303478461,3.17230430012259,5,2,29.7722025324131
15,9,195.648089632647,162.298405960433,8,-77.3142938131062,-6.4,-17.8838367059015,0,2,52.794401940715
15,10,69.9585078047524,100.373458677382,6,-42,-6.42002090512653,13.8304571072047,10,1,59.0599472816755
15,11,161.179623357325,62.5493560818583,1,-74.8511334892265,-6.40000000000101,-15.4206763820218,0,2,91.2406110244187
15,12,159.766899169312,122.936091331042,6,-57.0075281404644,-6.41609350415767,7.2229289667403,7,2,37.149663145515
15,13,84.8851241367813,19.1490716056747,4,-80.4546193918134,-4.80000000000058,-13.8278473289004,0,1,52.1632214192186
15,14,179.044737281864,91.4274742971399,1,-86.8195276603086,-6.40000000000125,-21.1695428927953,0,2,69.4736463055216
15,15,186.127623058453,199.978545087193,8,-82.6124609398342,-6.4,-21.1695428927953,0,2,65.9947734058258
15,16,91.764371411026,152.27133697312,8,-64.0565607371129,-6.40000000000152,-4.62610362990825,2,2,62.839457419669
15,17,140.31685165164,93.6907288005079,6,-49.6394733239914,-6.42229766013326,13.8304571072047,10,2,61.7798299200824
15,18,81.0385893065607,30.2838908596706,4,-74.5924648850671,-4.80000000000021,-7.96569282215409,0,1,43.63907636253
15,19,120.278967707947,64.3576130776786,2,-74.52079767103,-6.40000000000093,-15.0903405638253,0,1,75.4819472150993
15,20,39.7011252330379,191.099288727703,7,-60.9801389474938,-5.60609227355556,7.00593420092398,7,2,120.03017665896
15,21,83.3743216950435,55.5720330336787,4,-70.8539254482005,-4.80000000000282,-4.22715338528748,2,1,41.1963942685845
15,22,135.51116965735,40.8815688649297,1,-75.2444914757131,-6.40000000000041,-15.8140343685084,0,1,89.1490657412237
15,23,116.453211581047,193.402910092782,8,-83.4248543258528,-6.40000000000015,-21.1695428927953,0,2,59.67788214865
15,24,182.716123158746,35.5273789486964,1,-69.3149005280221,-6.40000000000042,-9.88444342081741,0,2,121.353103317936
15,25,112.794451000317,87.5175993875425,6,-42.8182536764208,-6.40987061144941,13.8304571072047,10,2,76.4235124988601
15,26,148.514561740523,113.732113367048,6,-45.8346540965485,-6.4401466302948,13.8304571072047,10,2,43.2413705569491
15,27,72.2188712660429,152.446273177242,3,-59.8964706401357,-5.60773674867064,8.08960250828207,7,2,81.290456017826
15,28,153.855685930891,87.602036475435,1,-87.9270315171679,-6.40000000000163,-21.1695428927953,0,2,66.7878893663411
15,29,158.617432873655,173.769624592065,8,-76.9579556846512,-6.40000000000001,-17.5274985774465,0,2,34.5181865482478
15,30,62.0773186511052,30.7417408669153,4,-63.4914472789706,-4.8,3.13532478394246,5,1,32.6954457170624
15,31,133.335090042442,150.327387995849,8,-54.8516542084943,-6.4000000000025,4.57880289871036,6,2,28.8110466105162
15,32,44.2414940566893,83.9762692005801,6,-56.4099147168364,-6.4434255660479,7.82054239036826,7,1,41.7108769925715
15,33,157.116441349674,8.27517805212496,1,-78.2795195142598,-6.4000000000006,-18.8490624070551,0,1,117.33346826034
15,34,125.06903514982,61.5731861672885,2,-69.5791277562993,-6.40000000000105,-10.1486706490946,0,1,79.5081673564901
15,35,167.755918230437,55.6008735885826,1,-76.772909938422,-6.40000000000123,-17.3424528312174,0,2,98.887399093336
15,36,17.2732471554453,22.3095414984682,4,-84.7173441639101,-4.8,-13.973227937087,0,1,48.8881564775521
15,37,75.9188331190821,82.6681288988955,6,-46.5080539649809,-6.41818766981517,13.8304571072047,10,1,47.866925491509
15,38,35.3431857774278,158.196706880636,7,-59.6487588262694,-5.60992237329207,8.33731432214835,8,1,111.685270214874
15,39,64.1328511733407,125.706826067727,6,-55.3934719241509,-6.4148736177334,8.8369851830538,8,1,80.5202520831676
15,40,73.9775327760263,174.125458340102,3,-53.1379649662116,-5.61082115361661,14.8481081822062,11,2,83.1486816668801
15,41,193.341082361084,199.193217049529,8,-87.0488400450579,-6.4,-21.1695428927953,0,2,69.6467660693037
15,42,132.831164232745,42.824167123482,1,-77.5172444791073,-6.40000000000041,-18.0867873719026,0,1,86.398751991124
15,43,79.3392274065584,44.7727351447362,4,-68.8998267682372,-4.8000000000043,-2.27305470532416,3,1,37.9521351531218
15,44,30.4055581549462,126.651457757143,6,-59.1212011831903,-6.42029349304968,5.10925592401439,6,1,82.532648857978
15,45,43.6741438055396,198.011238076619,7,-62.1756017361448,-5.60797473814799,5.81047141227294,6,2,119.006372422383
15,46,74.3092617318289,108.565143171106,6,-48.3235696520778,-6.41579105115076,13.8304571072047,10,1,67.6244497249231
15,47,173.787783053163,72.0936522036222,1,-80.1973928344306,-6.40000000000038,-20.766935727226,0,2,84.7791699036652
15,48,126.477894767252,94.8507847072537,6,-53.3951025752835,-6.41538618917232,10.8353545319212,9,2,64.3970137660602
15,49,63.7897739284899,153.20161795822,3,-55.732425558063,-5.60809874865077,12.2536475903547,9,2,89.4131055094905
15,50,122.211752890343,22.9746078840665,2,-70.7750473329109,-6.40000000000077,-11.3445902257062,0,1,80.6049568855161
15,51,154.19525857905,38.8231996355426,1,-78.8641097702422,-6.40000000000047,-19.4336526630375,0,1,107.395636674597
15,52,183.504920493802,199.311613762848,8,-91.897366042657,-6.4,-21.1695428927953,0,2,64.0817052612704
15,53,105.913051840542,164.488517853462,8,-79.3050502453487,-6.4000000000005,-19.874593138144,0,2,52.0175561479466
15,54,104.064782192306,1.58149187604154,5,-90.8488997206594,-6.40000000000035,-21.1695428927953,0,1,76.286319890602
15,55,195.093512098806,50.3355987055509,1,-75.8873561784224,-6.40000000000099,-16.4568990712177,0,2,111.886852305292
15,56,34.1984417251053,0.146172596505,4,-92.086542540547,-4.80000000000001,-13.973227937087,0,1,57.3353586427465
15,57,158.803929419329,123.356691479318,6,-57.7384585875097,-6.42246585515173,6.49199851969501,7,2,36.600888816377
15,58,14.1523325107336,74.4124355014997,4,-62.3867479270091,-4.8,4.24002413590399,5,1,49.3282096931957
15,59,68.2614542898754,36.8909316764026,4,-61.3826426151489,-4.80000000000014,5.24412944776415,6,1,32.5204302722758
15,60,36.7422986572763,162.841194092191,7,-54.9245447764861,-5.61074394410268,13.0615283719316,10,1,116.02220360364
15,61,11.3995481702223,183.09761148742,7,-61.1458125369507,-5.60875309461161,6.84026061146702,7,1,140.560375159997
15,62,162.263581970999,146.799181941977,8,-61.5489431800032,-6.40000000000006,-2.11848607279857,3,2,26.7000127153525
15,63,94.9401716613735,95.5311387293723,6,-50.2645468340951,-6.41115294692637,13.8304571072047,10,1,68.1538966086831
15,64,130.220462188423,183.405857473527,8,-78.3182589885144,-6.40000000000001,-18.8878018813098,0,2,45.3809588878551
15,65,178.305550052618,183.862212473837,8,-98.5323520915992,-6.4,-21.1695428927953,0,2,50.0010359633136
15,66,82.0487124106351,97.5064963526815,6,-45.3000502886089,-6.41374793584427,13.8304571072047,10,1,61.9373648364776
15,67,195.246240871926,80.2240978280914,1,-84.7008422566444,-6.40000000000085,-21.1695428927953,0,2,86.4184519471628
15,68,56.4186427524032,150.972456293691,3,-49.1736513917907,-5.60717663649841,17.5860731484177,12,2,96.4917928921702
15,69,80.5334016958812,56.2972808109966,4,-72.0255603981489,-4.80000000000379,-5.39878833523581,1,1,39.040931914269
15,70,24.8846251919107,68.0678530767892,4,-65.2496147763325,-4.8,1.37715728658058,4,1,38.8520188221313
15,71,127.312547882953,61.3152122840421,2,-69.2990543139834,-6.40000000000097,-9.86859720677872,0,1,81.5935909810743
15,72,151.305083291352,139.067080141994,8,-51.5804503295517,-6.40000000000032,7.850006777653,7,2,25.9515313424653
15,73,79.4295506074564,137.94277107936,6,-53.9124931835595,-6.40939601304403,10.3179639236452,9,2,75.3512780031651
15,74,93.1876341956912,101.598378660795,6,-48.5519561664483,-6.40927264382842,13.8304571072047,10,1,71.272816892863
15,75,107.471546395734,163.007776612207,8,-82.5680209589615,-6.40000000000053,-21.1695428927953,0,2,50.3003142968636
15,76,164.064801261952,163.535300489613,8,-70.0410087192603,-6.4,-10.6105516120556,0,2,30.5495170809999
15,77,187.066949909831,87.9736201962207,1,-88.1947675495322,-6.40000000000255,-21.1695428927953,0,2,75.9834229762033
15,78,19.5834284552579,114.43776271211,7,-66.6573245594985,-5.62346408376094,1.32874858891924,4,1,75.030947534192
15,79,34.8154129834228,68.1845815622946,4,-61.9544469061979,-4.80000000000002,4.67232515671513,6,1,33.3691577577222
15,80,108.175145421975,31.6481305195143,2,-76.23070651659,-6.40000000000109,-16.8002494093854,0,1,65.3711607537809
15,81,114.55829621279,88.357202205472,6,-42.3340438905379,-6.41039190715152,13.8304571072047,10,2,74.8879088189633
15,82,198.052503397578,120.726636101443,1,-79.1815247144589,-6.4,-19.7510676072543,0,2,60.9772327734837
15,83,122.0051145957,156.918380250538,8,-72.4816308768124,-6.40000000000159,-13.0511737696077,0,2,37.1998332535366
15,84,49.4112496548696,133.452098929614,6,-58.0013075865746,-6.41338731190318,6.2291495206301,7,1,86.6997661053759
15,85,13.1656748807355,182.987967201645,7,-60.1961022860651,-5.60854425668553,7.78997086235268,7,1,139.981487802558
15,86,142.70302662089,65.8200368275655,1,-60.0059137054156,-6.40000000000149,-0.575456598210952,3,2,87.7026910659409
15,87,168.672054969589,98.5400295006118,1,-84.4195531222119,-6.40000000000151,-21.1695428927953,0,2,59.5736871494897
15,88,110.281860884488,69.4982813260274,2,-74.1997430032067,-6.40000000000132,-14.769285896002,0,1,67.574667785833
15,89,13.1472697454819,113.290575365363,7,-65.5437479628293,-5.61737272015743,2.44232518558846,5,1,76.9159974081527
15,90,139.856309192254,58.5424334231446,1,-73.0108437170006,-6.40000000000137,-13.5803866097959,0,1,93.2704640839895
15,91,103.592678626332,139.330186534236,6,-50.6164124560614,-6.41713975116224,13.6140446511433,10,2,53.1011713286358
15,92,89.9931812677387,9.14395534310192,2,-89.4437002622787,-6.40000000000186,-21.1695428927953,0,1,61.8135982848488
15,93,78.1693324474376,187.395105399636,3,-59.0369407532029,-5.61163895396739,8.94913239521483,8,2,84.3225278848814
15,94,83.2415048517709,70.2398905124078,4,-58.6812214631577,-4.80000000000322,7.94555059975536,7,1,45.4631808474128
15,95,197.665842497497,141.310732325247,8,-67.6386795195358,-6.4,-8.2082224123311,0,2,53.8496602934472
15,96,80.6840984447525,196.235675426523,3,-65.4964000280837,-5.60043926710666,2.48967312033409,5,2,86.5718308144374
15,97,74.6470700323054,118.64606770422,6,-44.1847505660815,-6.41401053056005,13.8304571072047,10,1,76.6290458796777
15,98,182.6803974953,36.9505993596389,1,-69.1434293108321,-6.40000000000039,-9.71297220362745,0,2,120.00177234356
15,99,114.549764379381,179.878786790994,8,-79.5291772636276,-6.40000000000245,-20.098720156423,0,2,51.9779867411104
15,100,50.8171208947094,25.8186176836562,4,-67.5531132930306,-4.8,-0.926341230117589,3,1,33.729170420954
15.5,1,6.11008893016252,171.408696617617,7,-64.1254768315985,-5.60467369690767,3.86059631681926,5,1,131.219838089014
15.5,2,189.778386792044,33.9823247931446,1,-76.8182350298902,-6.4000000000005,-17.3877779226855,0,2,124.878625137294
15.5,3,154.209436793917,13.2299423282506,1,-73.621033138923,-6.4000000000003,-14.1905760317184,0,1,112.97740419256
15.5,4,53.0685995672301,5.78084570933074,4,-59.1473617192925,-4.8,7.4794103436205,7,1,50.1697110763658
15.5,5,47.6285450460989,91.7338403311028,6,-48.4755839402641,-6.43490733901197,13.8304571072047,10,1,47.9540115879825
15.5,6,115.109814329977,21.6460611260061,2,-83.1997252370121,-6.40000000000079,-21.1695428927953,0,1,74.8029663299139
15.5,7,71.3773167471301,93.2042543880641,6,-46.5795224321269,-6.41960178318847,13.8304571072047,10,1,53.6269267116407
15.5,8,141.017820882633,134.421820460279,6,-55.6382138212782,-6.44356347297347,8.59224328592643,8,2,29.5906948121913
15.5,9,195.7277724215,162.377073879237,8,-87.6405478906432,-6.4,-21.1695428927953,0,2,52.8816710065463
15.5,10,68.9423320928277,100.828420777516,6,-47.5527619885836,-6.41688078349393,13.8304571072047,10,1,59.1150598735316
15.5,11,161.997120202145,63.3772699027775,1,-75.5127405892609,-6.40000000000138,-16.0822834820562,0,2,90.5520748665704
15.5,12,159.970861920053,123.039319912574,6,-57.1967314729008,-6.41651135550512,7.03372563430386,7,2,37.1287807260796
15.5,13,84.5689639317851,19.4603529174457,4,-73.8375913750222,-4.80000000000013,-7.21081931210911,0,1,51.7680723153183
15.5,14,179.219160366989,90.8891709339373,1,-68.5066593706987,-6.40000000000021,-9.07620226349403,0,2,70.0007103208895
15.5,15,186.493086574517,198.837560113448,8,-98.5990371413867,-6.4,-21.1695428927953,0,2,65.3383703926707
15.5,16,91.4695581899653,151.981330688062,8,-57.9723481254352,-6.40000000000085,1.45810898176945,4,2,63.1029974705902
15.5,17,140.514761891342,93.5328988450426,6,-44.9670009789375,-6.42178821820618,13.8304571072047,10,2,61.8930792158715
15.5,18,81.4914861499937,30.5734328244277,4,-64.2438774202192,-4.8000000000002,2.38289464269381,4,1,43.8332660448918
15.5,19,120.081065391061,64.5045442991294,2,-69.9644448086072,-6.40000000000104,-10.5339877014025,0,1,75.3258755785263
15.5,20,38.9561826462073,190.039680242906,7,-65.9757505056621,-5.60409181587744,2.01032264275566,4,2,120.358445347456
15.5,21,82.999634297198,55.0926706329433,4,-76.143562688991,-4.80000000000328,-9.51679062607796,0,1,40.8308848535572
15.5,22,135.098595958701,40.9263118575364,1,-76.231828892813,-6.40000000000046,-16.8013717856083,0,1,88.7488188690359
15.5,23,115.864045233821,194.435339659198,8,-75.445208737125,-6.40000000000003,-16.0147516299203,0,2,60.7619356046771
15.5,24,183.443975896,35.7182786287629,1,-77.1920558029174,-6.40000000000082,-17.7615986957127,0,2,121.371583837838
15.5,25,113.707327463608,87.2386528552017,6,-46.4970071510778,-6.41085665694192,13.8304571072047,10,2,76.2128255299831
15.5,26,148.538296863781,113.864800398273,6,-48.1337363918607,-6.44358127832325,13.8304571072047,10,2,43.1293313919319
15.5,27,73.6704257257704,152.334623213974,3,-47.4825445032058,-5.60965218617729,17.5860731484177,12,2,79.8993390112606
15.5,28,154.045937325236,87.408675223245,1,-73.4583921724017,-6.40000000000177,-14.027935065197,0,2,66.9797995379873
15.5,29,159.335870173807,172.943474617269,8,-98.3916850390871,-6.40000000000004,-21.1695428927953,0,2,34.1439818916222
15.5,30,62.4945986372301,31.3542797887403,4,-68.7300687304797,-4.8,-2.10329666756666,3,1,32.4965825480473
15.5,31,132.317124445097,151.044753426567,8,-69.9459523516581,-6.40000000000231,-10.5154952444535,0,2,29.4283128570517
15.5,32,44.7062289813107,83.9825951296233,6,-52.9817246486358,-6.44713622214512,11.2487324585689,9,1,41.6544209339443
15.5,33,156.59378544788,8.68281362147778,1,-73.9595063901767,-6.40000000000038,-14.529049282972,0,1,116.711588911925
15.5,34,124.567363456523,62.4096831275286,2,-69.4557069208923,-6.40000000000117,-10.0252498136876,0,1,79.161492710679
15.5,35,167.987507827733,54.1627676769882,1,-72.7933886281073,-6.40000000000091,-13.3629315209027,0,2,100.30242039546
15.5,36,17.5201772125122,23.7542286305262,4,-91.2342542414742,-4.8,-13.973227937087,0,1,47.9169010171286
15.5,37,76.3299893920154,82.1808149891585,6,-42.0741047928843,-6.41849813933776,13.8304571072047,10,1,47.7611054598833
15.5,38,34.7629437049446,158.882360852063,7,-54.968532327661,-5.61428955775862,13.0175408207568,10,1,112.426804585284
15.5,39,63.1274752988616,125.90452487892,6,-52.6562410893005,-6.41556448524043,11.5742160179042,9,1,80.5361875483112
15.5,40,73.7396799592301,174.093614031172,3,-55.4406550880543,-5.60460847041035,12.5454180603634,10,2,83.3569952061839
15.5,41,192.838942375861,199.737064855705,8,-94.2265684990761,-6.4,-21.1695428927953,0,2,69.7223106641125
15.5,42,132.914850772722,42.8909719796471,1,-76.3389298020228,-6.40000000000049,-16.9084726948182,0,1,86.4734685210266
15.5,43,79.5934165437248,45.1184720855861,4,-59.3173464696227,-4.80000000000072,7.30942559329037,7,1,38.1031444569816
15.5,44,29.6137828495817,126.533739192866,6,-60.5972241098933,-6.40102515908836,3.63323299731137,5,1,82.6151383497335
15.5,45,43.1237797368982,199.202630186812,7,-67.0137676792044,-5.60620200212346,0.972305469213314,4,2,119.981978959456
15.5,46,74.0614742628698,107.750191548432,6,-44.9631328142697,-6.41536699768414,13.8304571072047,10,1,66.8303012680876
15.5,47,173.713732625508,71.9441961045338,1,-76.9574812600082,-6.40000000000115,-17.5270241528035,0,2,84.895816368073
15.5,48,126.432387603538,94.8346871038405,6,-54.3036600651287,-6.41569334172928,9.926797042076,8,2,64.4274328295101
15.5,49,62.7966814528955,152.26672452734,3,-51.4089646294333,-5.60805017127233,16.5771085189844,12,2,90.3427186092527
15.5,50,122.009249844657,22.4830379216244,2,-85.7586426134958,-6.40000000000112,-21.1695428927953,0,1,80.5901064970945
15.5,51,153.640226356374,39.4162548464887,1,-88.2898618745945,-6.4000000000008,-21.1695428927953,0,1,106.796826641408
15.5,52,183.705940792344,199.816602449111,8,-97.5916504606405,-6.40000000000001,-21.1695428927953,0,2,64.5758029316695
15.5,53,105.828392346747,165.067434052758,8,-58.6848902130055,-6.40000000000148,0.745566894199198,4,2,52.253310819575
15.5,54,104.24284081907,0.979247863653259,5,-97.0612283076386,-6.40000000000184,-21.1695428927953,0,1,76.7956373769765
15.5,55,196.232206747474,50.4170306843814,1,-81.5276909207222,-6.40000000000067,-21.1695428927953,0,2,112.278380458825
15.5,56,34.0541673813657,0.605808174915049,4,-90.5335735812033,-4.80000000000001,-13.973227937087,0,1,56.976361448892
15.5,57,159.7328436937,123.505668463508,6,-57.3249818900996,-6.41549058842998,6.9054752171051,7,2,36.7277531293643
15.5,58,13.7359302218184,74.5539416954805,4,-64.7138365772048,-4.8,1.91293548570824,4,1,49.701396455853
15.5,59,68.3188462256823,37.0600917074432,4,-62.7115221147723,-4.80000000000019,3.91524994814077,5,1,32.4849404133665
15.5,60,36.6155976612154,162.14060514659,7,-54.345163319947,-5.61331104847301,13.6409098284707,10,1,115.355570080555
15.5,61,10.1129985436427,183.664036009571,7,-62.4402562799189,-5.61123954231597,5.54581686849882,6,1,141.454223717594
15.5,62,161.543404386248,146.791365668273,8,-70.562010564667,-6.40000000000001,-11.1315534574623,0,2,26.3779362175891
15.5,63,93.9586388643017,95.5424061330952,6,-48.3301582516469,-6.41139549555975,13.8304571072047,10,1,67.5183137170493
15.5,64,130.451059849234,184.22382071582,8,-70.9576529132277,-6.4,-11.527195806023,0,2,45.887699500049
15.5,65,179.047202208599,183.690004092441,8,-90.3669396337508,-6.4,-21.1695428927953,0,2,50.3091078423769
15.5,66,81.6493407631813,98.4478098824539,6,-48.0154231845689,-6.41451417238589,13.8304571072047,10,1,62.4589549476323
15.5,67,195.267345868071,79.3405677709999,1,-85.9025542915999,-6.40000000000017,-21.1695428927953,0,2,87.14435130784
15.5,68,56.9560083666518,150.452496685136,3,-57.4377585442294,-5.60688092863332,10.5483146041883,9,2,95.9668647623576
15.5,69,80.511891705459,56.4621373118064,4,-82.3895365274503,-4.80000000000364,-13.973227937087,0,1,39.051053175072
15.5,70,25.0491693225485,68.3777217805279,4,-74.6522375378962,-4.80000000000001,-8.02546547498318,0,1,38.891317917208
15.5,71,126.156319333148,60.3886140732464,2,-70.0837714864178,-6.40000000000105,-10.6533143792131,0,1,80.37386563265
15.5,72,151.50130324187,139.522334831976,8,-70.6344100794979,-6.40000000000068,-11.2039529722932,0,2,25.7737342811876
15.5,73,79.2111514301569,137.386023654105,6,-53.4728292248248,-6.40891250759183,10.7576278823799,9,2,75.6467017198964
15.5,74,92.1041841452589,102.515271366025,6,-50.7669864182281,-6.41104078388803,13.4634706889765,10,1,71.2942217096524
15.5,75,107.99669805466,162.46235331692,8,-58.5173812172206,-6.40000000000185,0.913075889984055,4,2,49.7175786267507
15.5,76,163.923225655215,163.72554837522,8,-92.5372307280878,-6.4,-21.1695428927953,0,2,30.5695418815285
15.5,77,187.121555069206,88.618872424213,1,-79.4601010547627,-6.40000000000025,-20.0296439475581,0,2,75.4844531889258
15.5,78,18.1950682048654,114.568068918566,7,-65.8783519021251,-5.60496305676226,2.1077212462926,4,1,75.7155149910894
15.5,79,34.6776003431161,68.2162488289131,4,-74.7123058658588,-4.80000000000024,-8.08553380294574,0,1,33.4493296291892
15.5,80,108.353969274539,31.1045024087692,2,-74.3482076523158,-6.40000000000115,-14.9177505451111,0,1,65.6846676121151
15.5,81,114.395330126867,88.9099363178368,6,-45.9991498742356,-6.41136180598212,13.8304571072047,10,2,74.5113306649769
15.5,82,197.860224095179,120.684457952374,1,-76.6270266123379,-6.4,-17.1965695051333,0,2,60.8461342731556
15.5,83,122.142820628724,157.052417017032,8,-66.7090265631934,-6.40000000000268,-7.27856945598869,0,2,37.1215439914019
15.5,84,50.2141366860181,134.700327293208,6,-51.9453782135471,-6.41460755010027,12.2850788936575,9,1,87.9001780322251
15.5,85,13.7960343681504,184.134936988588,7,-65.1778015163664,-5.61155476131726,2.80827163205135,5,1,140.908333495236
15.5,86,141.804924039167,65.2204318025968,1,-85.5529905765547,-6.40000000000153,-21.1695428927953,0,2,88.357141498251
15.5,87,169.556515693116,98.536447518537,1,-72.0995476544638,-6.40000000000047,-12.6690905472591,0,2,59.8598742069126
15.5,88,110.246485282896,69.2345843272682,2,-61.7641730468931,-6.40000000000132,-2.33371593968839,2,1,67.4674604767733
15.5,89,13.1687813283918,112.314431149291,7,-64.592841158458,-5.60263460608304,3.39323198995979,5,1,76.1043822542143
15.5,90,139.741077316512,58.5105737377144,1,-81.5274602198537,-6.40000000000067,-21.1695428927953,0,1,93.1565393478808
15.5,91,103.886883014515,138.163230889784,6,-44.9735243415158,-6.41578848086362,13.8304571072047,10,2,53.0921713728641
15.5,92,89.0061543971635,9.05572247800874,2,-91.4639342483432,-6.40000000000151,-21.1695428927953,0,1,61.2385821411077
15.5,93,78.2343759219208,187.748894999788,3,-63.542601611172,-5.60167555662985,4.44347153724579,6,2,84.4247231148627
15.5,94,83.2004623626628,70.4994825687242,4,-72.1338027009724,-4.80000000000416,-5.50703063805934,1,1,45.5494180718043
15.5,95,196.887789996662,140.112766697764,8,-70.9288733251958,-6.4,-11.4984162179912,0,2,53.3710804944396
15.5,96,80.7370586187008,194.787858282879,3,-69.1568620783958,-5.60819062226641,-1.1707889299781,3,2,85.7645456955058
15.5,97,73.7821611128736,118.754398827289,6,-57.5732833763498,-6.41364347244573,6.65717373085485,7,1,76.452655580435
15.5,98,182.233261257882,37.6181671493472,1,-78.9423581221504,-6.40000000000072,-19.5119010149457,0,2,119.25145485985
15.5,99,114.689118384657,181.30867395725,8,-59.2610313821701,-6.40000000000009,0.169425725034541,3,2,52.7194596464542
15.5,100,50.4614127565976,24.8372154821596,4,-77.1206132204411,-4.80000000000004,-10.493841157528,0,1,34.4329584326299
16,1,4.81756876081027,171.101667126744,7,-66.3008892351045,-5.61106810871455,1.68518391331326,4,1,131.374715503254
16,2,190.106390247272,34.1723094409179,1,-72.3726877571616,-6.4000000000004,-12.942230649957,0,2,124.80715700198
16,3,154.557247443916,11.7915381386967,1,-84.2119848412524,-6.40000000000035,-21.1695428927953,0,1,113.773259383983
16,4,52.8472851319943,6.10295845043712,4,-93.7003001370887,-4.80000000000002,-13.973227937087,0,1,49.8729113790936
16,5,47.829873841667,91.3435255301917,6,-50.0545589560066,-6.43420283968918,13.8304571072047,10,1,47.6051105534762
16,6,115.644653649735,21.4820940626338,2,-80.7440816616786,-6.4000000000007,-21.1695428927953,0,1,75.3308802009249
16,7,71.6906680158189,94.1552937169208,6,-45.3905077824421,-6.41893542264808,13.8304571072047,10,1,54.5199508638812
16,8,142.299444694387,133.969393565078,6,-45.193806390828,-6.4658621263745,13.8304571072047,10,2,29.4708142861064
16,9,195.807455210353,162.455741798042,8,-90.7544459153092,-6.40000000000001,-21.1695428927953,0,2,52.969032996535
16,10,67.926156380903,101.283382877651,6,-48.9992401662022,-6.41824949215149,13.8304571072047,10,1,59.1910672480933
16,11,162.814617046965,64.2051837236968,1,-78.0773788563287,-6.40000000000161,-18.646921749124,0,2,89.8733270216753
16,12,160.174824670793,123.142548494106,6,-57.0541979420664,-6.44040117604214,7.17625916513827,7,2,37.1092947719683
16,13,84.2528037267888,19.7716342292167,4,-76.4080883796839,-4.80000000000071,-9.78131631677083,0,1,51.3737156561425
16,14,179.393583452113,90.3508675707347,1,-85.1352353988054,-6.40000000000171,-21.1695428927953,0,2,70.5283754790961
16,15,186.858550090581,197.384510255258,8,-78.6201950858937,-6.4,-19.189737978689,0,2,64.4677789822985
16,16,91.1747449689046,151.691324403004,8,-76.0822477569699,-6.40000000000118,-16.6517906497652,0,2,63.3681403207449
16,17,140.712672131043,93.3750688895773,6,-60.7984648702055,-6.41122391584462,3.43199223699916,5,2,62.0071550887929
16,18,81.9443829934267,30.8629747891847,4,-83.2402984473514,-4.80000000000122,-13.973227937087,0,1,44.0331618073255
16,19,119.883163074175,64.6514755205801,2,-65.7279616471269,-6.40000000000193,-6.29750453992222,1,1,75.1702881209187
16,20,38.2112400593768,188.980071758109,7,-61.4958781822453,-5.60444686656293,6.4901949661724,7,2,120.699721803033
16,21,82.6249468993525,54.6133082322078,4,-59.1231544327742,-4.80000000000179,7.5036176301388,7,1,40.4712215411263
16,22,134.686022260053,40.9710548501431,1,-74.750848626038,-6.40000000000035,-15.3203915188333,0,1,88.3487080649699
16,23,115.274878886595,195.467769225614,8,-59.4908867827802,-6.40000000000002,-0.0604296755755237,3,2,61.8498348800894
16,24,184.171828633253,35.9091783088294,1,-71.6439120293616,-6.40000000000052,-12.2134549221569,0,2,121.394725858692
16,25,114.620203926899,86.9597063228609,6,-49.1782361416739,-6.40747867118879,13.8304571072047,10,2,76.0135421952834
16,26,148.562031987038,113.997487429498,6,-52.283511971102,-6.42735475984308,11.9469451361027,9,2,43.017422788859
16,27,75.121980185498,152.222973250706,3,-44.7079429056411,-5.61023152967896,17.5860731484177,12,2,78.5105691064223
16,28,154.236188719582,87.2153139710551,1,-81.6835490815217,-6.40000000000087,-21.1695428927953,0,2,67.1722568819978
16,29,160.054307473958,172.117324642472,8,-79.9674668452534,-6.4,-20.5370097380487,0,2,33.8011116403206
16,30,62.9118786233551,31.9668187105652,4,-80.5047432438648,-4.80000000000005,-13.8779711809518,0,1,32.3134992998572
16,31,131.299158847752,151.762118857286,8,-72.463843474184,-6.40000000000117,-13.0333863669794,0,2,30.0844897358893
16,32,45.1709639059321,83.9889210586666,6,-50.797920037763,-6.43837984003424,13.4325370694417,10,1,41.6030809475702
16,33,156.071129546085,9.0904491908306,1,-81.6959246843369,-6.40000000000022,-21.1695428927953,0,1,116.090162677939
16,34,124.065691763226,63.2461800877687,2,-71.5015909261891,-6.40000000000269,-12.0711338189844,0,1,78.8253638322262
16,35,168.219097425029,52.7246617653938,1,-72.302612951705,-6.40000000000129,-12.8721558445003,0,2,101.718616485085
16,36,17.7671072695791,25.1989157625841,4,-81.9194825536394,-4.80000000000001,-13.973227937087,0,1,46.9713013777798
16,37,76.7411456649488,81.6935010794216,6,-49.2250138645809,-6.42107688841159,13.8304571072047,10,1,47.6635802489208
16,38,34.1827016324615,159.56801482349,7,-60.0494632479218,-5.61397197408103,7.93660990049591,7,1,113.170609258801
16,39,62.1220994243825,126.102223690112,6,-49.790743338838,-6.41593248607094,13.8304571072047,10,1,80.5651521753327
16,40,73.5018271424339,174.061769722243,3,-63.7358651755544,-5.60454767111708,4.25020797286337,5,2,83.565478594407
16,41,192.336802390638,198.422389134233,8,-88.896712855085,-6.4,-21.1695428927953,0,2,68.4790669192492
16,42,132.998537312699,42.9577768358123,1,-72.8452767173778,-6.40000000000034,-13.4148196101731,0,1,86.548253033448
16,43,79.8476056808911,45.4642090264361,4,-65.7978359918269,-4.80000000000098,0.828936071086144,4,1,38.2583711707363
16,44,28.8220075442172,126.416020628588,6,-66.3879446666402,-6.41012093271582,-2.15748755943548,3,1,82.7052935014805
16,45,42.5734156682569,199.761721577961,7,-66.7787462637115,-5.60798219951091,1.20732688470625,4,2,120.701905351936
16,46,73.8136867939106,106.935239925759,6,-48.3740836054453,-6.41633719294378,13.8304571072047,10,1,66.0375894784341
16,47,173.639682197854,71.7947400054454,1,-87.893247811351,-6.40000000000174,-21.1695428927953,0,2,85.0126300336098
16,48,126.386880439824,94.8185895004274,6,-50.8498685489099,-6.41616475949502,13.3805885582948,10,2,64.4578736857297
16,49,61.8035889773012,151.33183109646,3,-55.8952672787458,-5.60768553914179,12.0908058696719,9,2,91.2832443077826
16,50,121.806746798972,21.9914679591823,2,-76.212360506053,-6.40000000000054,-16.7819033988483,0,1,80.5787611777021
16,51,153.085194133699,40.0093100574348,1,-77.9219614446391,-6.4000000000004,-18.4915043374345,0,1,106.200852798416
16,52,183.906961090886,198.899614694668,8,-74.7218321993577,-6.4,-15.291375092153,0,2,63.9773735605479
16,53,105.743732852952,165.646350252055,8,-71.9908937473247,-6.40000000000173,-12.5604366401201,0,2,52.4945278862554
16,54,104.420899445834,0.37700385126498,5,-70.4708589906651,-6.4000000000001,-11.0404018834604,0,1,77.3067011537222
16,55,197.370901396142,50.4984626632118,1,-85.0644012705118,-6.40000000000104,-21.1695428927953,0,2,112.680114623066
16,56,33.9098930376261,1.36306839355886,4,-84.4467169265405,-4.8,-13.973227937087,0,1,56.3621562588788
16,57,160.661757968071,123.654645447699,6,-57.0413091610515,-6.43480245430867,7.18914794615312,7,2,36.878188532738
16,58,13.3195279329032,74.6954478894613,4,-79.5763292715703,-4.8,-12.9495572086572,0,1,50.0756645240597
16,59,68.3762381614892,37.2292517384838,4,-77.2067554520456,-4.80000000000454,-10.5799833891325,0,1,32.4503950688861
16,60,36.4888966651545,161.440016200989,7,-59.4017547570853,-5.6138121859877,8.58431839133249,8,1,114.689481314554
16,61,8.82644891706303,184.230460531722,7,-64.3483670730591,-5.60917532364417,3.63770607535865,5,1,142.356341071753
16,62,160.823226801497,146.783549394569,8,-86.1557128412642,-6.40000000000049,-21.1695428927953,0,2,26.0717815443025
16,63,92.97710606723,95.5536735368181,6,-44.7972053357875,-6.41117849137633,13.8304571072047,10,1,66.8910967066092
16,64,130.681657510045,185.041783958113,8,-77.8834362407981,-6.4,-18.4529791335934,0,2,46.4044715466757
16,65,179.788854364579,183.517795711044,8,-85.2270184488378,-6.4,-21.1695428927953,0,2,50.6267564997149
16,66,81.2499691157275,99.3891234122263,6,-42,-6.41402358127942,13.8304571072047,10,1,62.9928256324642
16,67,195.288450864216,78.4570377139083,1,-76.3335033243563,-6.40000000000087,-16.9030462171517,0,2,87.873142850075
16,68,57.4933739809003,149.932537076582,3,-56.0465629744012,-5.60710338086187,11.9395101740166,9,2,95.4449077147839
16,69,80.4903817150368,56.6269938126161,4,-60.7119654220764,-4.80000000000273,5.91480664083663,7,1,39.0618794238206
16,70,25.2137134531862,68.6875904842666,4,-68.1604235202627,-4.8,-1.53365145734967,3,1,38.9337390817837
16,71,125.000090783343,59.4620158624506,2,-72.55384887522,-6.40000000000135,-13.1233917680153,0,1,79.163080799644
16,72,151.697523192388,139.977589521959,8,-68.9098236719763,-6.40000000000287,-9.47936656477161,0,2,25.6043023099446
16,73,78.9927522528573,136.829276228851,6,-48.3926248213046,-6.40951274790064,13.8304571072047,10,2,75.9456858371825
16,74,91.0207340948265,103.432164071255,6,-50.1884436942331,-6.40904463090352,13.8304571072047,10,1,71.3438629667328
16,75,108.521849713586,161.916930021633,8,-66.5938843735645,-6.40000000000152,-7.16342726635985,0,2,49.1395988213462
16,76,163.781650048478,163.915796260827,8,-87.0990921951171,-6.4,-21.1695428927953,0,2,30.5913919858438
16,77,187.17616022858,89.2641246522052,1,-92.7903584843552,-6.4000000000012,-21.1695428927953,0,2,74.9877552911404
16,78,16.8067079544728,114.698375125022,7,-61.2161532085525,-5.61501594703959,6.76991993986526,7,1,76.4193979342792
16,79,34.5397877028094,68.2479160955316,4,-73.0065891664368,-4.80000000000004,-6.37981710352378,1,1,33.5299061451679
16,80,108.532793127103,30.5608742980241,2,-75.4793001476128,-6.40000000000173,-16.0488430404082,0,1,66.0016475500232
16,81,114.232364040944,89.4626704302016,6,-48.9144920701006,-6.40669207493533,13.8304571072047,10,2,74.137318899067
16,82,197.667944792779,120.642279803304,1,-57.7100203532525,-6.4,1.7204367539522,4,2,60.7153909310887
16,83,122.280526661747,157.186453783526,8,-75.762960172261,-6.4000000000009,-16.3325030650564,0,2,37.0440861694933
16,84,51.0170237171666,135.948555656803,6,-57.9465912406065,-6.41408563276149,6.28386586659815,7,1,89.1091384580267
16,85,14.4263938555653,185.281906775532,7,-59.1994044267655,-5.60909077921895,8.78666872165228,8,1,141.84119907468
16,86,140.906821457445,64.6208267776281,1,-77.0849743875267,-6.40000000000174,-17.654517280322,0,2,89.0198804545511
16,87,170.440976416644,98.5328655364623,1,-84.2300869059377,-6.40000000000429,-21.1695428927953,0,2,60.157704799582
16,88,110.211109681303,68.9708873285091,2,-85.5178068643669,-6.40000000000892,-21.1695428927953,0,1,67.3611334159759
16,89,13.1902929113017,111.338286933219,7,-65.3054863276355,-5.62483705959736,2.68058682078221,5,1,75.2966797399309
16,90,139.62584544077,58.4787140522841,1,-71.0464137135003,-6.40000000000064,-11.6159566062957,0,1,93.0426287405577
16,91,104.181087402698,136.996275245333,6,-44.6921990928671,-6.41726217547843,13.8304571072047,10,2,53.1104472688217
16,92,88.0191275265882,8.96748961291556,2,-93.0661620854574,-6.40000000000108,-21.1695428927953,0,1,60.6743023573339
16,93,78.2994193964041,188.102684599941,3,-60.1985279840632,-5.60242889913279,7.78754516435453,7,2,84.5283256229256
16,94,83.1594198735546,70.7590746250407,4,-60.2882395450388,-4.80000000000329,6.33853251787421,7,1,45.6370058794253
16,95,196.109737495828,138.91480107028,8,-74.3962646986179,-6.4,-14.9658075914133,0,2,52.9267373568938
16,96,80.7900187926491,193.340041139234,3,-60.640938823681,-5.60273526109855,7.34513432473678,7,2,84.9742941404772
16,97,72.9172521934418,118.862729950358,6,-56.9448898324653,-6.41349910120092,7.28556727473939,7,1,76.2858179763038
16,98,181.786125020464,38.2857349390554,1,-72.1523700076642,-6.40000000000057,-12.7219129004595,0,2,118.501834424297
16,99,114.828472389933,182.738561123505,8,-68.6408781051947,-6.40000000000032,-9.21042099799,0,2,53.4892488156564
16,100,50.1057046184858,23.8558132806629,4,-76.6014542610263,-4.80000000000005,-9.97468219811323,0,1,35.153658027038
16.5,1,3.52504859145802,170.794637635871,7,-70.5064006813561,-5.60967268927285,-2.52032753293835,2,1,131.542827968718
16.5,2,190.434393702499,34.3622940886911,1,-81.9997261429371,-6.40000000000025,-21.1695428927953,0,2,124.73679979268
16.5,3,154.905058093916,10.3531339491429,1,-75.6420973471571,-6.40000000000022,-16.2116402399524,0,1,114.582700270776
16.5,4,52.6259706967586,6.42507119154349,4,-86.0472917684044,-4.8,-13.973227937087,0,1,49.5774156523138
16.5,5,48.031202637235,90.9532107292806,6,-46.9489199568571,-6.43870193497077,13.8304571072047,10,1,47.2577150536554
16.5,6,116.179492969493,21.3181269992614,2,-63.34970761878,-6.4000000000004,-3.91925051157537,2,1,75.8592455046161
16.5,7,72.0040192845078,95.1063330457775,6,-45.8473469844773,-6.42022070403067,13.8304571072047,10,1,55.4166775033436
16.5,8,143.581068506141,133.516966669877,6,-50.1897532261703,-6.47191174752243,13.8304571072047,10,2,29.4133144899518
16.5,9,195.887137999207,162.534409716846,8,-92.8216318024178,-6.40000000000001,-21.1695428927953,0,2,53.0564874516586
16.5,10,66.9099806689783,101.738344977785,6,-50.6663948095237,-6.41815176482043,13.564062297681,10,1,59.2878890437625
16.5,11,163.632113891785,65.033097544616,1,-59.6719013778944,-6.4000000000007,-0.241444270689702,3,2,89.2045909245782
16.5,12,160.378787421534,123.245777075638,6,-62.1219693710061,-6.45579130383313,2.10848773619859,4,2,37.0912074840903
16.5,13,83.9366435217925,20.0829155409877,4,-73.941461002213,-4.80000000000005,-7.31468893929996,0,1,50.9801698315423
16.5,14,179.568006537238,89.8125642075321,1,-84.3049712552606,-6.40000000000152,-21.1695428927953,0,2,71.0566283879173
16.5,15,187.224013606645,195.931460397067,8,-99.4052474956615,-6.4,-21.1695428927953,0,2,63.6205646249313
16.5,16,90.8799317478438,151.401318117945,8,-73.9137018029885,-6.40000000000069,-14.4832446957838,0,2,63.6348659353289
16.5,17,140.910582370745,93.217238934112,6,-49.72228775546,-6.41956215713126,13.8304571072047,10,2,62.1220529852703
16.5,18,82.3972798368597,31.1525167539418,4,-63.2235577307004,-4.80000000000023,3.40321433221268,5,1,44.2386862998693
16.5,19,119.685260757289,64.7984067420309,2,-76.3916304048421,-6.40000000000109,-16.9611732976374,0,1,75.0151878549535
16.5,20,37.4662974725462,187.920463273311,7,-59.5087561563729,-5.60461675932961,8.47731699204489,8,2,121.053896010827
16.5,21,82.250259501507,54.1339458314723,4,-64.5524007179459,-4.80000000000217,2.07437134496719,4,1,40.1175615666268
16.5,22,134.273448561404,41.0157978427498,1,-76.2192488449942,-6.40000000000054,-16.7887917377895,0,1,87.9487351860958
16.5,23,114.68571253937,196.50019879203,8,-75.0988319645816,-6.40000000000012,-15.6683748573769,0,2,62.9413805580267
16.5,24,184.899681370506,36.100077988896,1,-79.9200738545457,-6.40000000000041,-20.489616747341,0,2,121.422526715179
16.5,25,115.53308039019,86.6807597905202,6,-47.5141184540072,-6.40931278552586,13.8304571072047,10,2,75.8257524070476
16.5,26,148.585767110296,114.130174460723,6,-48.5267550567151,-6.44381877032688,13.8304571072047,10,2,42.9056457693445
16.5,27,76.5735346452255,152.111323287438,3,-51.7871991760014,-5.60996425928464,16.1988739724163,12,2,77.1242730955694
16.5,28,154.426440113927,87.0219527188651,1,-69.4675085973809,-6.40000000000117,-10.0370514901762,0,2,67.3652567086851
16.5,29,160.77274477411,171.291174667676,8,-82.690039684381,-6.40000000000004,-21.1695428927953,0,2,33.4905381965954
16.5,30,63.32915860948,32.5793576323902,4,-58.886566834037,-4.8,7.74020522887602,7,1,32.1464655870103
16.5,31,130.281193250406,152.479484288004,8,-60.6772799310975,-6.40000000000203,-1.24682282389279,3,2,30.777088588141
16.5,32,45.6356988305535,83.9952469877098,6,-54.338549158893,-6.44127260176455,9.89190794831171,8,1,41.5568759948703
16.5,33,155.54847364429,9.49808476018342,1,-75.5602219262295,-6.4000000000002,-16.1297648190248,0,1,115.469196874027
16.5,34,123.564020069929,64.0826770480088,2,-74.6929493021855,-6.40000000000085,-15.2624921949808,0,1,78.4999161890475
16.5,35,168.450687022325,51.2865558537994,1,-87.4628371418457,-6.40000000000111,-21.1695428927953,0,2,103.135938967951
16.5,36,18.014037326646,26.643602894642,4,-82.3553423766435,-4.8,-13.973227937087,0,1,46.0529379506278
16.5,37,77.1523019378822,81.2061871696847,4,-65.348024652889,-4.80000000000501,1.27874741002402,4,1,47.574400870587
16.5,38,33.6024595599783,160.253668794917,7,-53.2408047736474,-5.61335585023794,14.7452683747704,11,1,113.916639764441
16.5,39,61.1167235499034,126.299922501305,6,-52.1457554066781,-6.41545298975954,12.0847017005265,9,1,80.607131918895
16.5,40,73.2639743256376,174.029925413313,3,-62.6372374404826,-5.60686647618808,5.3488357079352,6,2,83.7741305634727
16.5,41,191.834662405416,197.10771341276,8,-101.937343765604,-6.4,-21.1695428927953,0,2,67.242290573372
16.5,42,133.082223852676,43.0245816919774,1,-75.8360059576921,-6.40000000000077,-16.4055488504875,0,1,86.623105352314
16.5,43,80.1017948180575,45.809945967286,4,-57.7426138826526,-4.80000000000145,8.88415818026045,8,1,38.4177641731725
16.5,44,28.0302322388527,126.298302064311,6,-59.0089401709684,-6.41743903384781,5.22151693623622,6,1,82.8030892743476
16.5,45,42.0230515996155,198.570329467768,7,-60.182284502558,-5.60628736929562,7.80378864585979,7,2,120.707697726644
16.5,46,73.5658993249515,106.120288303085,6,-51.4157847172172,-6.41555054437279,12.8146723899875,10,1,65.2463667204173
16.5,47,173.565631770199,71.6452839063569,1,-64.1453057727388,-6.40000000000068,-4.71484866553415,1,2,85.1296102119822
16.5,48,126.341373276111,94.8024918970142,6,-44.6164622364187,-6.41357098765421,13.8304571072047,10,2,64.4883363038582
16.5,49,60.8104965017068,150.39693766558,3,-51.9545435311678,-5.6050646880641,16.03152961725,12,2,92.2343487741005
16.5,50,121.604243753286,21.4998979967402,2,-66.5237379290129,-6.40000000000038,-7.09328082180823,0,1,80.5709224080017
16.5,51,152.530161911023,40.602365268381,1,-82.8395843097007,-6.40000000000068,-21.1695428927953,0,1,105.607763161851
16.5,52,184.107981389428,197.982626940225,8,-96.4928240894232,-6.40000000000001,-21.1695428927953,0,2,63.3871980966695
16.5,53,105.659073359157,166.225266451351,8,-81.8180636871283,-6.4000000000014,-21.1695428927953,0,2,52.7411323995415
16.5,54,104.598958072598,0.120448802477656,5,-86.1600530610272,-6.40000000000023,-21.1695428927953,0,1,77.5968159802936
16.5,55,198.509596044809,50.5798946420423,1,-83.8926220939919,-6.40000000000032,-21.1695428927953,0,2,113.091946034269
16.5,56,33.7656186938865,2.12032861220267,4,-94.3890250738014,-4.80000000000001,-13.973227937087,0,1,55.7518436340517
16.5,57,161.590672242442,123.80362243189,6,-61.9546418363073,-6.43950820085432,2.27581527089735,4,2,37.0519079228412
16.5,58,12.9031256439879,74.8369540834421,4,-72.0446725913106,-4.8,-5.41790052839751,1,1,50.4509898329929
16.5,59,68.433630097296,37.3984117695245,4,-63.712322156026,-4.80000000000031,2.91444990688704,5,1,32.4167972584337
16.5,60,36.3621956690936,160.739427255387,7,-54.2543791152092,-5.6129795201545,13.7316940332086,10,1,114.023946852489
16.5,61,7.53989929048337,184.796885053873,7,-63.9452858693281,-5.60781348426311,4.0407872790896,5,1,143.266571022305
16.5,62,160.103049216746,146.775733120864,8,-87.0709034272221,-6.40000000000011,-21.1695428927953,0,2,25.7821159019948
16.5,63,91.9955732701582,95.5649409405411,6,-51.3312055946427,-6.41035077955387,12.899251512562,10,1,66.2724831072763
16.5,64,130.912255170856,185.859747200405,8,-71.6347755860978,-6.4,-12.2043184788931,0,2,46.9309436506395
16.5,65,180.53050652056,183.345587329648,8,-94.3817262618167,-6.4,-21.1695428927953,0,2,50.9538028292406
16.5,66,80.8505974682737,100.330436941999,6,-49.5982194169156,-6.41437541458083,13.8304571072047,10,1,63.5386673366854
16.5,67,195.309555860362,77.5735076568167,1,-82.6248590593582,-6.40000000000026,-21.1695428927953,0,2,88.6047552076097
16.5,68,58.0307395951488,149.412577468028,3,-50.9169728641779,-5.60587656103416,17.0691002842398,12,2,94.9259707595682
16.5,69,80.4688717246146,56.7918503134259,4,-67.5916255968987,-4.80000000000284,-0.964853533985678,3,1,39.0734100745123
16.5,70,25.378257583824,68.9974591880054,4,-75.9835340440932,-4.8,-9.35676198118019,0,1,38.9792721226096
16.5,71,123.843862233538,58.5354176516549,2,-72.3994497838211,-6.40000000000066,-12.9689926766165,0,1,77.9616530356683
16.5,72,151.893743142906,140.432844211942,8,-67.7892373177453,-6.40000000000028,-8.35878021054065,0,2,25.4434025429829
16.5,73,78.7743530755577,136.272528803596,6,-56.9536465726392,-6.40476131895566,7.27681053456547,7,2,76.2481884719461
16.5,74,89.9372840443942,104.349056776485,6,-48.8431071049133,-6.41099092217766,13.8304571072047,10,1,71.4216817873689
16.5,75,109.047001372512,161.371506726347,8,-69.197745172505,-6.40000000000234,-9.7672880653003,0,2,48.566544676458
16.5,76,163.640074441741,164.106044146434,8,-79.8482843697666,-6.4,-20.4178272625619,0,2,30.6150634857642
16.5,77,187.230765387955,89.9093768801975,1,-92.3168648471859,-6.40000000000132,-21.1695428927953,0,2,74.4933747275494
16.5,78,15.4183477040803,114.828681331478,7,-64.6233275816526,-5.61604283450245,3.36274556676512,5,1,77.1420676329988
16.5,79,34.4019750625027,68.2795833621502,4,-71.0147589986675,-4.80000000000001,-4.38798693575441,2,1,33.6108843954542
16.5,80,108.711616979668,30.017246187279,2,-77.1026307040901,-6.40000000000183,-17.6721735968854,0,1,66.3220507697629
16.5,81,114.069397955021,90.0154045425663,6,-48.1717855898036,-6.40888561298725,13.8304571072047,10,2,73.7659125579467
16.5,82,197.47566549038,120.600101654235,1,-92.9684932590166,-6.40000000000001,-21.1695428927953,0,2,60.5850050465935
16.5,83,122.418232694771,157.320490550019,8,-57.6009844775683,-6.40000000000377,1.82947262963641,4,2,36.9674650141542
16.5,84,51.8199107483151,137.196784020397,6,-58.3461394285288,-6.41508990739261,5.88431767867587,6,1,90.3263041346851
16.5,85,15.0567533429801,186.428876562475,7,-69.061260695012,-5.60554573429734,-1.07518754659422,3,2,141.735644302841
16.5,86,140.008718875722,64.0212217526594,1,-73.709314718214,-6.40000000000149,-14.2788576110093,0,2,89.6907241993826
16.5,87,171.325437140171,98.5292835543876,1,-65.0321452947144,-6.40000000000109,-5.60168818750976,1,2,60.4670068768417
16.5,88,110.175734079711,68.7071903297499,2,-71.6649116359715,-6.40000000000165,-12.2344545287668,0,1,67.2556907782943
16.5,89,13.2118044942117,110.362142717148,7,-63.9198929048342,-5.61227518840298,4.06618024358358,5,1,74.4930171356847
16.5,90,139.510613565029,58.4468543668539,1,-82.6244642969617,-6.40000000000073,-21.1695428927953,0,1,92.9287323139767
16.5,91,104.475291790882,135.829319600882,6,-47.7351327063999,-6.41644011955952,13.8304571072047,10,2,53.1559708828584
16.5,92,87.032100656013,8.87925674782238,2,-83.5393201818624,-6.4000000000001,-21.1695428927953,0,1,60.1210612398732
16.5,93,78.3644628708874,188.456474200094,3,-62.3035494798157,-5.60320305850369,5.68252366860208,6,2,84.6333302409811
16.5,94,83.1183773844465,71.0186666813571,4,-59.343757330767,-4.80000000000255,7.28301473214605,7,1,45.7259365091696
16.5,95,195.331684994993,137.716835442796,8,-72.6254893901873,-6.4,-13.1950322829826,0,2,52.5174999026483
16.5,96,80.8429789665973,191.892223995589,3,-63.238932046068,-5.60943897769535,4.7471411023497,6,2,84.2015557428192
16.5,97,72.05234327401,118.971061073427,6,-46.4124747297258,-6.41399614847665,13.8304571072047,10,1,76.1285958721766
16.5,98,181.338988783047,38.9533027287637,1,-80.5971677700461,-6.40000000000052,-21.1667106628414,0,2,117.752924349222
16.5,99,114.967826395209,184.168448289761,8,-67.4019493368571,-6.40000000000025,-7.97149222965242,0,2,54.2861496701166
16.5,100,49.749996480374,22.8744110791663,4,-81.6801902436809,-4.80000000000003,-13.973227937087,0,1,35.8902504318635
17,1,2.23252842210577,170.487608144998,7,-64.4581356277161,-5.60936209603073,3.52793752070166,5,1,131.724124811849
17,2,190.762397157726,34.5522787364644,1,-84.0736519876276,-6.40000000000129,-21.1695428927953,0,2,124.667555390275
17,3,155.252868743916,8.91472975958897,1,-75.3468878572231,-6.40000000000021,-15.9164307500184,0,1,115.40544098764
17,4,52.4046562615229,6.74718393264987,4,-101.099881138695,-4.80000000000002,-13.973227937087,0,1,49.2832473513272
17,5,48.2325314328031,90.5628959283695,6,-52.130097184349,-6.43879791189313,12.1003599228556,9,1,46.9118585352548
17,6,116.714332289251,21.1541599358891,2,-78.5919953453392,-6.40000000000019,-19.1615382381345,0,1,76.3880528735011
17,7,72.3173705531966,96.0573723746342,6,-49.5198685368801,-6.41743220929924,13.8304571072047,10,1,56.3169297677386
17,8,144.862692317894,133.064539774676,6,-54.3945590089697,-6.47889150274729,9.83589809823496,8,2,29.4185612031614
17,9,195.96682078806,162.61307763565,8,-88.4788564533168,-6.40000000000001,-21.1695428927953,0,2,53.1440339154319
17,10,65.8938049570536,102.193307077919,6,-51.450655886787,-6.41735597181064,12.7798012204177,10,1,59.4054234876145
17,11,164.449610736605,65.8610113655351,1,-82.9052441482285,-6.40000000000229,-21.1695428927953,0,2,88.5460934139389
17,12,160.582750172275,123.349005657171,6,-55.0155880729309,-6.43822676894164,9.2148690342738,8,2,37.0745209095183
17,13,83.6204833167963,20.3941968527587,4,-67.9462503349566,-4.80000000000015,-1.31947827204357,3,1,50.5874537652191
17,14,179.742429622362,89.2742608443295,1,-81.9032314144646,-6.4000000000009,-21.1695428927953,0,2,71.5854560357319
17,15,187.589477122709,194.478410538877,8,-88.0343626592361,-6.4,-21.1695428927953,0,2,62.7976734793859
17,16,90.5851185267831,151.111311832887,8,-79.7502581106839,-6.40000000000113,-20.3198010034792,0,2,63.9031544954263
17,17,141.108492610447,93.0594089786467,6,-48.700930788095,-6.4162620376221,13.8304571072047,10,2,62.237768352661
17,18,82.8501766802928,31.4420587186988,4,-60.9841285449428,-4.80000000000064,5.64264351797021,6,1,44.4497614451042
17,19,119.487358440403,64.9453379634817,2,-66.3968328308086,-6.40000000000084,-6.96637572360392,0,1,74.8605778088022
17,20,36.7213548857156,186.860854788514,7,-59.2454229241522,-5.60738334357076,8.74065022426551,8,2,121.420855105982
17,21,81.8755721036615,53.6545834307368,4,-59.8714973926127,-4.80000000000269,6.75527467030038,7,1,39.7700650865439
17,22,133.860874862756,41.0605408353565,1,-81.9449248806948,-6.4000000000008,-21.1695428927953,0,1,87.5489021227745
17,23,114.096546192144,197.532628358446,8,-70.3951678780519,-6.40000000000002,-10.9647107708472,0,2,64.0363861721989
17,24,185.627534107759,36.2909776689625,1,-77.4967510097168,-6.40000000000115,-18.0662939025121,0,2,121.4549832081
17,25,116.445956853481,86.4018132581794,6,-47.1744156631071,-6.41201144445383,13.8304571072047,10,2,75.6495417588628
17,26,148.609502233554,114.262861491948,6,-59.9806186632888,-6.42736932248849,4.24983844391588,5,2,42.7940013644688
17,27,78.0250891049531,151.999673324171,3,-46.2896271046166,-5.61020946072231,17.5860731484177,12,2,75.7405868194414
17,28,154.616691508272,86.8285914666751,1,-75.1963083931062,-6.40000000000194,-15.7658512859016,0,2,67.5587943688073
17,29,161.491182074262,170.46502469288,8,-80.279329189192,-6.40000000000003,-20.8488720819873,0,2,33.2131675867273
17,30,63.7464385956049,33.1918965542152,4,-76.9505424092839,-4.80000000000001,-10.3237703463709,0,1,31.9957327702764
17,31,129.263227653061,153.196849718723,8,-76.1855450264435,-6.40000000000347,-16.7550879192388,0,2,31.5037073293424
17,32,46.100433755175,84.001572916753,6,-59.3720069989807,-6.44961741217251,4.85845010822393,6,1,41.5158232209245
17,33,155.025817742496,9.90572032953624,1,-76.9293552440981,-6.40000000000024,-17.4988981368934,0,1,114.84869896857
17,34,123.062348376632,64.919174008249,2,-68.9648448048334,-6.40000000000095,-9.53438769762869,0,1,78.1852831637567
17,35,168.682276619621,49.8484499422051,1,-91.5788766473457,-6.40000000000222,-21.1695428927953,0,2,104.554342036431
17,36,18.2609673837129,28.0882900267,4,-99.8279021269127,-4.80000000000001,-13.973227937087,0,1,45.163472246626
17,37,77.5634582108155,80.7188732599478,4,-62.8051020114247,-4.8000000000038,3.82167005148835,5,1,47.4936143381414
17,38,33.0222174874951,160.939322766344,7,-63.6504492121378,-5.60882353083302,4.33562393627991,6,1,114.664852657198
17,39,60.1113476754243,126.497621312498,6,-48.5943179817133,-6.41399139264604,13.8304571072047,10,1,80.6621064582598
17,40,73.0261215088414,173.998081104383,3,-63.2592782913659,-5.61014360244017,4.72679485705189,6,2,83.9829498568857
17,41,191.332522420193,195.793037691287,8,-91.9549265705284,-6.4,-21.1695428927953,0,2,66.0123451379464
17,42,133.165910392653,43.0913865481426,1,-81.4828653552898,-6.40000000000072,-21.1695428927953,0,1,86.6980253019986
17,43,80.3559839552238,46.1556829081359,4,-46.7723956845838,-4.80000000000179,19.8543763783292,14,1,38.5812718270485
17,44,27.2384569334882,126.180583500033,6,-58.1138585833995,-6.41400900631812,6.11659852380512,7,1,82.908498630564
17,45,41.4726875309741,197.378937357574,7,-63.2329305888479,-5.60696679855471,4.75314255956984,6,2,120.727756778971
17,46,73.3181118559924,105.305336680412,6,-50.2540664946108,-6.41349569094666,13.8304571072047,10,1,64.4566878288227
17,47,173.491581342544,71.4958278072685,1,-78.0290829052009,-6.40000000000147,-18.5986257979962,0,2,85.2467562176967
17,48,126.295866112397,94.786394293601,6,-51.2320914005083,-6.41638317096635,12.9983657066963,10,2,64.5188206530708
17,49,59.8174040261124,149.4620442347,3,-54.2448375498144,-5.60696793323394,13.7412355986033,10,2,93.1957081254006
17,50,121.401740707601,21.0083280342981,2,-79.6348108118297,-6.40000000000034,-20.2043537046251,0,1,80.5665912115084
17,51,151.975129688348,41.1954204793271,1,-76.3010057630507,-6.40000000000052,-16.870548655846,0,1,105.017606597614
17,52,184.30900168797,197.065639185782,8,-84.924918271983,-6.4,-21.1695428927953,0,2,62.8055092232472
17,53,105.574413865362,166.804182650648,8,-74.6444652285539,-6.40000000000032,-15.2140081213492,0,2,52.9930491476239
17,54,104.777016699362,0.722692814865935,5,-81.6634175024475,-6.40000000000043,-21.1695428927953,0,1,77.3370840017921
17,55,199.648290693477,50.6613266208728,1,-89.9307862007444,-6.40000000000488,-21.1695428927953,0,2,113.513764793125
17,56,33.6213443501469,2.87758883084648,4,-84.6580263674437,-4.8,-13.973227937087,0,1,55.1455528151748
17,57,162.519586516813,123.95259941608,6,-55.3900464804825,-6.43139874247182,8.84041062672213,8,2,37.2485855265826
17,58,12.4867233550727,74.9784602774229,4,-81.7117895691508,-4.80000000000001,-13.973227937087,0,1,50.8273489616529
17,59,68.4910220331029,37.5675718005651,4,-64.8113795901857,-4.80000000000022,1.81539247272738,4,1,32.3841499311438
17,60,36.2354946730328,160.038838309786,7,-64.5653891746375,-5.61015214730462,3.42068397378025,5,1,113.358976457373
17,61,6.25334966390372,185.363309576024,7,-63.0197032521025,-5.60498552696352,4.96636989631527,6,1,144.184759926294
17,62,159.382871631995,146.76791684716,8,-76.686780063115,-6.40000000000041,-17.2563229559103,0,2,25.5095010058876
17,63,91.0140404730865,95.576208344264,6,-44.6250112174265,-6.41214814305686,13.8304571072047,10,1,65.6627160797338
17,64,131.142852831667,186.677710442698,8,-73.088543865683,-6.4,-13.6580867584783,0,2,47.4667930520547
17,65,181.27215867654,183.173378948252,8,-79.3230708774711,-6.4,-19.8926137702665,0,2,51.290067061128
17,66,80.4512258208198,101.271750471771,6,-51.7141911252308,-6.41433455253149,12.5162659819738,10,1,64.096174226159
17,67,195.330660856507,76.6899775997251,1,-73.099700910437,-6.40000000000029,-13.6692438032324,0,2,89.3391190801458
17,68,58.5681052093973,148.892617859473,3,-56.2950437973394,-5.60682474606033,11.6910293510783,9,2,94.410103697671
17,69,80.4473617341924,56.9567068142357,4,-63.0557736347493,-4.80000000000274,3.57099842816376,5,1,39.0856445037304
17,70,25.5428017144617,69.3073278917441,4,-69.1590812294245,-4.8,-2.53230916651143,2,1,39.0279061480046
17,71,122.687633683733,57.6088194408591,2,-59.0319220246304,-6.40000000000117,0.398535082574281,4,1,76.7700216479333
17,72,152.089963093424,140.888098901925,8,-64.9258266698381,-6.40000000000003,-5.49536956263345,1,2,25.2911978236099
17,73,78.5559538982582,135.715781378341,6,-50.9159789336185,-6.40817749399043,13.3144781735862,10,2,76.554167914093
17,74,88.8538339939619,105.265949481715,6,-42.5023527159369,-6.4112401794701,13.8304571072047,10,1,71.5275862038263
17,75,109.572153031438,160.82608343106,8,-74.6773769768482,-6.40000000000028,-15.2469198696436,0,2,47.9985926144689
17,76,163.498498835004,164.296292032041,8,-77.1291747762319,-6.4,-17.6987176690272,0,2,30.6405521599073
17,77,187.28537054733,90.5546291081898,1,-87.3740870036825,-6.40000000000095,-21.1695428927953,0,2,74.0013579423821
17,78,14.0299874536878,114.958987537933,7,-56.4339849349315,-5.62151144109481,11.5520882134862,9,1,77.8830011269163
17,79,34.264162422196,68.3112506287687,4,-61.4101008923221,-4.80000000000001,5.21667117059097,6,1,33.6922614833823
17,80,108.890440832232,29.4736180765338,2,-78.3072734066387,-6.40000000000146,-18.876816299434,0,1,66.645827898546
17,81,113.906431869097,90.5681386549311,6,-46.8591882022029,-6.41104015453636,13.8304571072047,10,2,73.3971511937596
17,82,197.28338618798,120.557923505165,1,-91.7348590574817,-6.4,-21.1695428927953,0,2,60.4549789325029
17,83,122.555938727795,157.454527316513,8,-77.8655352050959,-6.40000000000112,-18.4350780978912,0,2,36.8916857384585
17,84,52.6227977794636,138.445012383992,6,-56.1770970055875,-6.41503154276866,8.05336010161716,7,1,91.5513477989069
17,85,15.687112830395,187.575846349418,7,-66.3572180790115,-5.60246793218455,1.62885506940627,4,2,141.436013407866
17,86,139.110616294,63.4216167276907,1,-60.6556547006395,-6.40000000000143,-1.22519759343486,3,2,90.3694922390482
17,87,172.209897863698,98.5257015723129,1,-82.513330442899,-6.40000000000235,-21.1695428927953,0,2,60.7876053298573
17,88,110.140358478118,68.4434933309908,2,-79.4865234017171,-6.40000000000136,-20.0560662945125,0,1,67.151136729968
17,89,13.2333160771216,109.385998501076,7,-59.2748227714928,-5.62326334310065,8.71125037692491,8,1,73.6935266129574
17,90,139.395381689287,58.4149946814236,1,-80.489674350521,-6.40000000000098,-21.0592172433163,0,1,92.8148501203428
17,91,104.769496179065,134.662363956431,6,-46.7451427327492,-6.41580865118369,13.8304571072047,10,2,53.228672304507
17,92,86.0450737854377,8.7910238827292,4,-62.6786845678365,-4.80000000000004,3.94808749507652,5,1,59.5791662985598
17,93,78.4295063453707,188.810263800247,3,-60.0802207649438,-5.60125337827692,7.9058523834739,7,2,84.7397317567862
17,94,83.0773348953384,71.2782587376735,4,-72.3179946774903,-4.80000000000329,-5.69122261457729,1,1,45.8162021416633
17,95,194.553632494159,136.518869815312,8,-56.7540322448235,-6.4,2.67642486238112,5,2,52.1441946862839
17,96,80.8959391405456,190.444406851944,3,-58.9538528824557,-5.60292761256348,9.03222026596204,8,2,83.4468170326032
17,97,71.1874343545783,119.079392196496,6,-49.1616081472699,-6.41367652590947,13.8304571072047,10,1,75.9810489580585
17,98,180.891852545629,39.620870518472,1,-78.1391121199262,-6.40000000000096,-18.7086550127216,0,2,117.004738274998
17,99,115.107180400485,185.598335456017,8,-72.1681538150844,-6.4000000000002,-12.7376967078797,0,2,55.1089860807058
17,100,49.3942883422622,21.8930088776697,4,-100.978727502351,-4.80000000000004,-13.973227937087,0,1,36.641777202574
17.5,1,0.940008252753519,170.180578654125,7,-61.8863042603605,-5.61230035882796,6.09976888805726,7,1,131.918551674434
17.5,2,191.090400612954,34.7422633842376,1,-82.9473681709118,-6.40000000000039,-21.1695428927953,0,2,124.599425650046
17.5,3,155.600679393916,7.47632557003508,1,-80.077311359919,-6.4000000000008,-20.6468542527143,0,1,116.241199131299
17.5,4,52.1833418262871,7.06929667375624,4,-79.8458558091755,-4.80000000000001,-13.2190837462625,0,1,48.990430388152
17.5,5,48.4338602283711,90.1725811274583,6,-54.6006175730522,-6.42791420182137,9.62983953415242,8,1,46.5675752882464
17.5,6,117.249171609008,20.9901928725168,2,-84.4346104482251,-6.40000000000141,-21.1695428927953,0,1,76.9172931899689
17.5,7,72.6307218218854,97.0084117034909,6,-48.2409214639311,-6.41907825109362,13.8304571072047,10,1,57.2205412510618
17.5,8,146.144316129648,132.612112879475,6,-48.8999827799173,-6.46591706030753,13.8304571072047,10,2,29.4865209311681
17.5,9,196.046503576913,162.691745554455,8,-82.5923604504719,-6.40000000000001,-21.1695428927953,0,2,53.231671933894
17.5,10,64.8776292451289,102.648269178053,6,-52.1730130497172,-6.42060373495949,12.0574440574875,9,1,59.5435479241897
17.5,11,165.267107581424,66.6889251864543,1,-81.6351635709214,-6.40000000000361,-21.1695428927953,0,2,87.898064600371
17.5,12,160.786712923015,123.452234238703,6,-55.0717819507057,-6.4441164779417,9.15867515649895,8,2,37.0592369403399
17.5,13,83.3043231118,20.7054781645297,4,-60.1438128498365,-4.80000000000036,6.48295921307655,7,1,50.1955869325583
17.5,14,179.916852707487,88.7359574811269,1,-68.0614159550318,-6.40000000000042,-8.63095884782709,0,2,72.1148457786312
17.5,15,187.954940638773,193.025360680687,8,-94.498576587592,-6.4,-21.1695428927953,0,2,62.0000740370202
17.5,16,90.2903053057224,150.821305547829,8,-77.8418513094256,-6.40000000000086,-18.4113942022209,0,2,64.1729863983806
17.5,17,141.306402850149,92.9015790231814,6,-52.5978249616285,-6.42106921410035,11.6326321455762,9,2,62.3542966398459
17.5,18,83.3030735237258,31.7316006834559,4,-73.0638758037324,-4.8000000000028,-6.4371037408194,1,1,44.6663085525925
17.5,19,119.289456123517,65.0922691849324,2,-73.1281023747095,-6.40000000000105,-13.6976452675048,0,1,74.7064610260935
17.5,20,35.9764122988851,185.801246303717,7,-62.1233514234337,-5.60588877655685,5.86272172498409,6,2,121.80048353407
17.5,21,81.500884705816,53.1752210300014,4,-75.118947350113,-4.80000000000198,-8.49217528719995,0,1,39.4288950623584
17.5,22,133.448301164108,41.1052838279632,1,-76.5550254987821,-6.40000000000042,-17.1245683915774,0,1,87.1492107993911
17.5,23,113.507379844918,198.565057924862,8,-96.9406573695065,-6.40000000000003,-21.1695428927953,0,2,65.1346772236438
17.5,24,186.355386845013,36.481877349029,1,-84.1589894410332,-6.40000000000039,-21.1695428927953,0,2,121.492091606209
17.5,25,117.358833316772,86.1228667258386,6,-50.7570110951534,-6.41217349168307,13.4734460120513,10,2,75.4849913411085
17.5,26,148.633237356811,114.395548523174,6,-51.098509591145,-6.43159601649313,13.1319475160597,10,2,42.6824906148705
17.5,27,79.4766435646806,151.888023360903,3,-64.7982485913734,-5.6090259723783,3.18782455704434,5,2,74.3596559642016
17.5,28,154.806942902617,86.6352302144851,1,-72.7141269743713,-6.40000000000344,-13.2836698671667,0,2,67.7528652533627
17.5,29,162.209619374413,169.638874718084,8,-62.9271672243011,-6.4,-3.49671011709639,2,2,32.9698378136844
17.5,30,64.1637185817299,33.8044354760402,4,-78.6210829059148,-4.80000000000005,-11.9943108430018,0,1,31.8615322028333
17.5,31,128.245262055716,153.914215149441,8,-59.6768211299335,-6.40000000000049,-0.246364022728817,3,2,32.2620474127199
17.5,32,46.5651686797964,84.0078988457963,6,-54.068869721127,-6.41889833885566,10.1615873860777,8,1,41.4799379230992
17.5,33,154.503161840701,10.3133558988891,1,-77.498480692512,-6.40000000000088,-18.0680235853073,0,1,114.228676586538
17.5,34,122.560676683336,65.7556709684891,2,-76.5698274272457,-6.40000000000102,-17.139370320041,0,1,77.8815958260412
17.5,35,168.913866216918,48.4103440306107,1,-78.1286248531836,-6.40000000000149,-18.6981677459789,0,2,105.973782301333
17.5,36,18.5078974407798,29.5329771587579,4,-78.4246181110436,-4.80000000000001,-11.7978460481306,0,1,44.3046447630987
17.5,37,77.9746144837489,80.2315593502108,4,-86.1761868967953,-4.80000000000303,-13.973227937087,0,1,47.4212635455836
17.5,38,32.441975415012,161.624976737771,7,-58.2611986160144,-5.60971224052901,9.72487453240339,8,1,115.415205493189
17.5,39,59.1059718009452,126.695320123691,6,-61.0061385420987,-6.41233025973083,3.22431856510596,5,1,80.7300492463308
17.5,40,72.7882686920452,173.966236795453,3,-59.932819469467,-5.60905854953764,8.05325367895071,7,2,84.1919352296141
17.5,41,190.83038243497,194.478361969814,8,-100.203405386656,-6.4,-21.1695428927953,0,2,64.7896196416039
17.5,42,133.24959693263,43.1581914043077,1,-75.3329419890493,-6.40000000000044,-15.9024848818447,0,1,86.7730127073242
17.5,43,80.6101730923902,46.5014198489858,4,-66.2220028462762,-4.80000000000071,0.404769216636861,4,1,38.7488420448813
17.5,44,26.4466816281237,126.062864935756,7,-64.8803032693171,-5.61187294970186,3.10576987910062,5,1,83.021492570069
17.5,45,40.9223234623328,196.18754524738,7,-60.3299908464592,-5.60588064720183,7.65608230195854,7,2,120.762075399667
17.5,46,73.0703243870333,104.490385057739,6,-42.0011966864595,-6.41711926474451,13.8304571072047,10,1,63.6686102491924
17.5,47,173.41753091489,71.3463717081801,1,-87.4988358528196,-6.40000000000171,-21.1695428927953,0,2,85.3640673680535
17.5,48,126.250358948683,94.7702966901878,6,-51.3438906207146,-6.41457205770221,12.8865664864901,10,2,64.5493267025791
17.5,49,58.8243115505181,148.52715080382,3,-50.9857892170095,-5.60649788222373,17.0002839314082,12,2,94.167008283112
17.5,50,121.199237661915,20.516758071856,2,-82.8094954233408,-6.40000000000119,-21.1695428927953,0,1,80.5657681539209
17.5,51,151.420097465673,41.7884756902732,1,-85.2250473320434,-6.40000000000044,-21.1695428927953,0,1,104.430432831794
17.5,52,184.510021986512,196.148651431339,8,-90.9426291514024,-6.4,-21.1695428927953,0,2,62.2325449137412
17.5,53,105.489754371567,167.383098849944,8,-69.8072942950176,-6.40000000000051,-10.376837187813,0,2,53.2502027369886
17.5,54,104.955075326126,1.32493682725421,5,-73.7892143727757,-6.40000000000039,-14.358757265571,0,1,77.0815936457659
17.5,55,199.316783210799,50.7427585997032,1,-72.241376650448,-6.40000000000032,-12.8109195432434,0,2,113.297815851224
17.5,56,33.4770700064073,3.63484904949029,4,-101.487547501221,-4.80000000000001,-13.973227937087,0,1,54.5434179185419
17.5,57,163.448500791184,124.101576400271,6,-56.9764506010881,-6.43302342750149,7.25400650611655,7,2,37.4678598065257
17.5,58,12.0703210661574,75.1199664714037,4,-72.4307964106124,-4.80000000000001,-5.80402434769933,1,1,51.2047191140507
17.5,59,68.5484139689098,37.7367318316058,4,-70.6039457845937,-4.80000000000357,-3.97717372168069,2,1,32.352455964455
17.5,60,36.1087936769719,159.338249364185,7,-57.3648771662159,-5.60829579271425,10.6211959822018,9,1,112.694580114279
17.5,61,4.96680003732406,185.929734098175,7,-65.1298247833332,-5.61187082066734,2.85624836508458,5,1,145.110756702868
17.5,62,158.662694047245,146.760100573456,8,-46.8577019103021,-6.40000000000001,12.5727551969026,10,2,25.2544890356207
17.5,63,90.0325076760147,95.5874757479869,6,-47.2535643691082,-6.41064144764423,13.8304571072047,10,1,65.0620443569326
17.5,64,131.373450492478,187.495673684991,8,-73.9492128140521,-6.4,-14.5187557068474,0,2,48.0117057773154
17.5,65,182.013810832521,183.001170566855,8,-90.8665582606056,-6.4,-21.1695428927953,0,2,51.6353691068737
17.5,66,80.051854173366,102.213064001544,6,-46.4208166793575,-6.4140940694214,13.8304571072047,10,1,64.6650445889164
17.5,67,195.351765852652,75.8064475426335,1,-85.9481542007831,-6.40000000000076,-21.1695428927953,0,2,90.0761671708882
17.5,68,59.1054708236458,148.372658250919,3,-50.7136262937335,-5.60654319457483,17.2724468546842,12,2,93.8973571265954
17.5,69,80.4258517437701,57.1215633150455,4,-79.3608242779413,-4.80000000000323,-12.7340522150283,0,1,39.098582050812
17.5,70,25.7073458450995,69.6171965954828,4,-75.8704866086512,-4.80000000000002,-9.24371454573816,0,1,39.0796295805811
17.5,71,121.531405133928,56.6822212300633,2,-68.7827466172102,-6.40000000000092,-9.3522895100055,0,1,75.5886499482671
17.5,72,152.286183043942,141.343353591908,8,-57.4608828271223,-6.40000000000003,1.96957428008241,4,2,25.1478460299314
17.5,73,78.3375547209586,135.159033953087,6,-54.5921715900302,-6.40851883804389,9.63828551717445,8,2,76.8635826420889
17.5,74,87.7703839435295,106.182842186945,6,-46.1324028274415,-6.41156163488882,13.8304571072047,10,1,71.6614516978604
17.5,75,110.097304690364,160.280660135773,8,-65.4004154758461,-6.40000000000051,-5.96995836864139,1,2,47.4359258980042
17.5,76,163.356923228267,164.486539917648,8,-69.4047308844279,-6.4,-9.97427377722325,0,2,30.6678534774026
17.5,77,187.339975706704,91.199881336182,1,-75.0574056608957,-6.40000000000085,-15.626948553691,0,2,73.5117523982141
17.5,78,12.6416272032953,115.089293744389,7,-59.8041190903398,-5.60938696886175,8.18195405807792,8,1,78.6416821931025
17.5,79,34.1263497818893,68.3429178953872,4,-62.1559568171481,-4.80000000000004,4.47081524576497,6,1,33.7740345260059
17.5,80,109.069264684796,28.9299899657887,2,-69.2428758016922,-6.40000000000041,-9.81241869448751,0,1,66.9729300034297
17.5,81,113.743465783174,91.1208727672959,6,-48.1016415052409,-6.41173563341301,13.8304571072047,10,2,73.0310748729664
17.5,82,197.091106885581,120.515745356096,1,-80.2376507232091,-6.4,-20.8071936160044,0,2,60.325314915181
17.5,83,122.693644760819,157.588564083007,8,-68.3375102253812,-6.40000000000127,-8.90705311817657,0,2,36.816753540885
17.5,84,53.4256848106121,139.693240747586,6,-48.8737748074838,-6.41402732219944,13.8304571072047,10,1,92.7839574076583
17.5,85,16.3174723178098,188.722816136361,7,-65.5385141342346,-5.60401109106996,2.44755901418317,5,2,141.14788236821
17.5,86,138.212513712277,62.822011702722,1,-80.2726787089878,-6.40000000000129,-20.8422216017831,0,2,91.0560073610939
17.5,87,173.094358587225,98.5221195902382,1,-67.3428873622081,-6.40000000000041,-7.91243025500342,0,2,61.1193223951075
17.5,88,110.104982876526,68.1797963322317,2,-65.039404409006,-6.40000000000117,-5.60894730180128,1,1,67.0474754280045
17.5,89,13.2548276600316,108.409854285004,7,-60.3887624078232,-5.61211751625566,7.59731074059457,7,1,72.898345439999
17.5,90,139.280149813545,58.3831349959934,1,-74.5851647080487,-6.4000000000006,-15.1547076008441,0,1,92.7009822121111
17.5,91,105.063700567248,133.49540831198,6,-49.235097791539,-6.41387803117327,13.8304571072047,10,2,53.3284403812652
17.5,92,85.0580469148625,8.70279101763602,4,-68.20084229837,-4.80000000000004,-1.57407023545695,3,1,59.0489299074737
17.5,93,78.4945498198539,189.1640534004,3,-62.07072878833,-5.61005409336959,5.91534436008778,7,2,84.8475249150775
17.5,94,83.0362924062302,71.53785079399,4,-79.4449815018127,-4.8000000000036,-12.8182094388997,0,1,45.9077949021092
17.5,95,193.775579993325,135.320904187828,8,-94.0271284102071,-6.40000000000002,-21.1695428927953,0,2,51.8075984544243
17.5,96,80.9488993144939,188.996589708299,3,-57.127240518331,-5.60430296403738,10.8588326300868,9,2,82.7105707558431
17.5,97,70.3225254351465,119.187723319565,6,-50.4079480687918,-6.41489957436681,13.8225090384129,10,1,75.8432337008837
17.5,98,180.444716308212,40.2884383081803,1,-88.0397534748442,-6.40000000000051,-21.1695428927953,0,2,116.25729017978
17.5,99,115.24653440576,187.028222622272,8,-65.8180756966755,-6.40000000000003,-6.38761858947079,1,2,55.9566139198447
17.5,100,49.0385802041504,20.911606676173,4,-66.5159335823597,-4.8,0.110838480553309,3,1,37.4073382397827
18,1,0.25850403387045,169.873549163252,7,-62.1907863357993,-5.60944966834757,5.79528681261846,6,1,131.894405529359
18,2,191.418404068181,34.9322480320109,1,-75.495029113665,-6.40000000000049,-16.0645720064604,0,2,124.532412401438
18,3,155.948490043915,6.03792138048119,1,-88.8486648558791,-6.40000000000049,-21.1695428927953,0,1,117.089695956281
18,4,51.9620273910514,7.39140941486262,4,-103.071523307119,-4.80000000000001,-13.973227937087,0,1,48.6989891387398
18,5,48.6351890239391,89.7822663265472,6,-53.4988642552982,-6.43998135953243,10.7315928519064,9,1,46.2249004658389
18,6,117.784010928766,20.8262258091445,2,-76.2551379879447,-6.40000000000034,-16.8246808807401,0,1,77.4469575782686
18,7,72.9440730905742,97.9594510323477,6,-45.9496491013727,-6.4184167592813,13.8304571072047,10,1,58.1273552925795
18,8,147.425939941401,132.159685984274,6,-48.5470473527543,-6.47626345255229,13.8304571072047,10,2,29.616761966241
18,9,196.126186365767,162.770413473259,8,-94.1317739249715,-6.4,-21.1695428927953,0,2,53.3194010555955
18,10,63.8614535332042,103.103231278188,6,-57.1708735298365,-6.42207874968046,7.05958357736816,7,1,59.7021194451073
18,11,166.084604426244,67.5168390073735,1,-68.9835552742983,-6.4000000000015,-9.55309816709364,0,2,87.2607377168236
18,12,160.990675673756,123.555462820235,6,-56.2743908759867,-6.44253394902207,7.95606623121794,7,2,37.0453573125927
18,13,82.9881629068037,21.0167594763007,4,-69.9353603188517,-4.80000000000054,-3.30858825593869,2,1,49.8045893790966
18,14,180.091275792612,88.1976541179243,1,-77.7434556737639,-6.40000000000103,-18.3129985665593,0,2,72.6447853280242
18,15,188.320404154837,191.572310822497,8,-85.7218883322903,-6.4,-21.1695428927953,0,2,61.22875469673
18,16,89.9954920846617,150.531299262771,8,-78.1242445038316,-6.40000000000182,-18.6937873966269,0,2,64.4443422580177
18,17,141.504313089851,92.7437490677161,6,-56.0723954843484,-6.42090611680892,8.15806162285626,8,2,62.4716332978092
18,18,83.7559703671588,32.021142648213,4,-63.557076961564,-4.80000000000038,3.06969510134907,5,1,44.8882484298999
18,19,119.091553806631,65.2392004063832,2,-65.0684524216073,-6.40000000000101,-5.63799531440259,1,1,74.5528405658729
18,20,35.2314697120545,184.74163781892,7,-60.2780269522612,-5.60493844760246,7.70804619615652,7,2,122.192663211815
18,21,81.1261973079705,52.6958586292659,4,-60.0522553451573,-4.80000000000202,6.57451671775574,7,1,39.0942171248344
18,22,133.035727465459,41.1500268205699,1,-66.977259261973,-6.4000000000009,-7.54680215476831,0,1,86.7496631751078
18,23,112.918213497693,199.597487491278,8,-69.6428586729618,-6.40000000000001,-10.2124015657571,0,2,66.2360902805273
18,24,187.083239582266,36.6727770290956,1,-81.2312754600892,-6.40000000000106,-21.1695428927953,0,2,121.533847648352
18,25,118.271709780064,85.8439201934978,6,-62.7392965853896,-6.41146186508382,1.49116052181512,4,2,75.3321775632352
18,26,148.656972480069,114.528235554399,6,-51.9276258255501,-6.4306952320509,12.3028312816546,10,2,42.5711145708392
18,27,80.9281980244082,151.776373397635,3,-56.2419822501641,-5.61006315657117,11.7440908982536,9,2,72.9816369411046
18,28,154.997194296962,86.4418689622951,1,-80.4025752914502,-6.4000000000023,-20.9721181842455,0,2,67.9474647933803
18,29,162.928056674565,168.812724743288,8,-82.2339853502366,-6.40000000000002,-21.1695428927953,0,2,32.7613073861146
18,30,64.5809985678548,34.4169743978652,4,-70.774440314618,-4.8,-4.14766825170497,2,1,31.7440735595256
18,31,127.227296458371,154.63158058016,8,-76.0266137517403,-6.40000000000092,-16.5961566445356,0,2,33.0499253443248
18,32,47.0299036044178,84.0142247748395,6,-57.6427682657303,-6.42719185485933,6.58768884147436,7,1,41.4492335228573
18,33,153.980505938906,10.7209914682419,1,-80.2681882975593,-6.40000000000034,-20.8377311903546,0,1,113.609137513445
18,34,122.059004990039,66.5921679287292,2,-63.4666858609929,-6.40000000000141,-4.03622875378825,2,1,77.5889827019891
18,35,169.145455814214,46.9722381190163,1,-74.0063602205143,-6.40000000000092,-14.5759031133097,0,2,107.394218636474
18,36,18.7548274978467,30.9776642908158,4,-85.486674041287,-4.80000000000001,-13.973227937087,0,1,43.478271130787
18,37,78.3857707566823,79.7442454404739,4,-66.0089206126059,-4.80000000000489,0.617851450307125,4,1,47.3573871563252
18,38,31.8617333425288,162.310630709198,7,-58.7061608381526,-5.61253171384277,9.27991231026518,8,1,116.167656805306
18,39,58.1005959264661,126.893018934883,6,-60.5802671865387,-6.40287749742069,3.65018992066599,5,1,80.8109275734675
18,40,72.550415875249,173.934392486523,3,-59.7513460130505,-5.61154895407467,8.23472713536725,8,2,84.4010854479717
18,41,190.328242449747,193.163686248341,8,-89.2378716097404,-6.4,-21.1695428927953,0,2,63.5745306677983
18,42,133.333283472607,43.2249962604728,1,-66.1185688559659,-6.40000000000092,-6.68811174876125,1,1,86.8480673935607
18,43,80.8643622295565,46.8471567898357,4,-63.6894795118764,-4.80000000000154,2.93729255103663,5,1,38.9204223531189
18,44,25.6549063227592,125.945146371479,7,-58.1783635054799,-5.61797147163925,9.80770964293788,8,1,83.142040169453
18,45,40.3719593936914,194.996153137186,7,-65.0225317166086,-5.60575104566755,2.96354143180918,5,2,120.810641436603
18,46,72.8225369180742,103.675433435065,6,-49.2021717402304,-6.41670035797085,13.8304571072047,10,1,62.8821941873769
18,47,173.343480487235,71.1969156090917,1,-76.7190772123965,-6.40000000000116,-17.2886201051918,0,2,85.4815429831407
18,48,126.204851784969,94.7541990867747,6,-49.8560492752345,-6.40885838496889,13.8304571072047,10,2,64.5798544216308
18,49,57.8312190749237,147.59225737294,3,-51.4489002929001,-5.60573631232069,16.5371728555177,12,2,95.1479448110828
18,50,120.99673461623,20.0251881094139,2,-79.1004068470351,-6.40000000000042,-19.6699497398304,0,1,80.5684533427529
18,51,150.865065242997,42.3815309012193,1,-71.2057751357767,-6.40000000000045,-11.775318028572,0,1,103.84629246094
18,52,184.711042285054,195.231663676896,8,-77.811837678266,-6.4,-18.3813805710614,0,2,61.6685483491762
18,53,105.405094877772,167.962015049241,8,-65.237055082931,-6.40000000000065,-5.80659797572635,1,2,53.5125176710057
18,54,105.13313395289,1.92718083964249,5,-69.2579763526793,-6.40000000000016,-9.82751924547467,0,1,76.8303872272668
18,55,198.178088562132,50.8241905785337,1,-88.1439991430271,-6.40000000000107,-21.1695428927953,0,2,112.735173712128
18,56,33.3327956626677,4.3921092681341,4,-94.173107911527,-4.80000000000001,-13.973227937087,0,1,53.9455781082399
18,57,164.377415065555,124.250553384462,6,-58.5702080939267,-6.43914768481496,5.66024901327796,6,2,37.709336575624
18,58,11.6539187772422,75.2614726653845,4,-72.5440511363553,-4.8,-5.91727907344226,1,1,51.5830781009267
18,59,68.6058059047167,37.9058918626464,4,-63.2944636738422,-4.80000000000016,3.33230838907084,5,1,32.3217181629008
18,60,35.982092680911,158.637660418583,7,-62.8792656666721,-5.61288073191299,5.10680748174565,6,1,112.030768036419
18,61,3.68025041074441,186.496158620326,7,-63.614509313335,-5.6106975797983,4.37156383508274,6,1,146.044412834303
18,62,157.942516462494,146.752284299751,8,-50.2637775906194,-6.4,9.16667951658525,8,2,25.0176182924479
18,63,89.0509748789429,95.5987431517098,6,-47.86601438597,-6.41266133733368,13.8304571072047,10,1,64.4707221613923
18,64,131.604048153289,188.313636927284,8,-81.4980922000401,-6.40000000000001,-21.1695428927953,0,2,48.5653767507496
18,65,182.755462988501,182.828962185459,8,-78.1878444763662,-6.4,-18.7573873691615,0,2,51.98952888578
18,66,79.6524825259122,103.154377531316,6,-47.8080870435531,-6.41474219497317,13.8304571072047,10,1,65.2449811915921
18,67,195.372870848798,74.9229174855419,1,-87.8872886292606,-6.4000000000002,-21.1695428927953,0,2,90.8158341256877
18,68,59.6428364378944,147.852698642365,3,-52.0134513615193,-5.60562550142606,15.9726217868984,12,2,93.3877824456155
18,69,80.4043417533479,57.2864198158552,4,-57.8896122387491,-4.80000000000295,8.737159824164,8,1,39.1122220180248
18,70,25.8718899757372,69.9270652992216,4,-73.4276627080484,-4.8,-6.80089064513538,0,1,39.1344301706614
18,71,120.375176584123,55.7556230192676,2,-77.1658568704629,-6.4000000000012,-17.7353997632583,0,1,74.4180265499322
18,72,152.48240299446,141.798608281891,8,-53.2372181061071,-6.40000000000001,6.19323900109756,7,2,25.0134993701555
18,73,78.1191555436591,134.602286527832,6,-45.7690818693682,-6.40890580742404,13.8304571072047,10,2,77.1763913378156
18,74,86.6869338930972,107.099734892175,6,-50.4750884198144,-6.41191468328245,13.7553686873903,10,1,71.8231219262512
18,75,110.62245634929,159.735236840486,8,-77.5063956447366,-6.40000000000131,-18.075938537532,0,2,46.8787348411192
18,76,163.21534762153,164.676787803255,8,-80.704556598654,-6.40000000000001,-21.1695428927953,0,2,30.6969626018547
18,77,187.394580866079,91.8451335641743,1,-80.0644404443044,-6.40000000000023,-20.6339833370998,0,2,73.0246065947529
18,78,11.2532669529027,115.219599950845,7,-60.9809588635592,-5.61925948037318,7.00511428485857,7,1,79.4176022023535
18,79,33.9885371415827,68.3745851620057,4,-76.5578631117146,-4.8000000000001,-9.93109104880155,0,1,33.8562006542713
18,80,109.248088537361,28.3863618550436,2,-75.8004924771235,-6.4000000000002,-16.3700353699188,0,1,67.3033086050905
18,81,113.580499697251,91.6736068796607,6,-57.2386468238688,-6.41098023994701,6.99181028333589,7,2,72.6677241747003
18,82,196.898827583181,120.473567207027,1,-93.1622796029594,-6.4,-21.1695428927953,0,2,60.1960153345297
18,83,122.831350793842,157.722600849501,8,-69.313097103126,-6.40000000000077,-9.88263999592134,0,2,36.7426736039711
18,84,54.2285718417606,140.941469111181,6,-52.8081246723591,-6.40922151473218,11.4223324348456,9,1,94.0238354031615
18,85,16.9478318052247,189.869785923304,7,-62.8744714446208,-5.60518577533376,5.11160170379691,6,2,140.871321747547
18,86,137.314411130555,62.2224066777533,1,-89.6053578471415,-6.40000000000074,-21.1695428927953,0,1,91.2438689231882
18,87,173.978819310753,98.5185376081634,1,-78.4852460633478,-6.40000000000216,-19.0547889561431,0,2,61.4619780477313
18,88,110.069607274933,67.9160993334725,2,-69.2654151076279,-6.40000000000278,-9.83495800042325,0,1,66.9447110195537
18,89,13.2763392429415,107.433710068933,7,-68.2508205192205,-5.61013932658834,-0.264747370802748,3,1,72.1076161836025
18,90,139.164917937804,58.3512753105631,1,-88.0808782407156,-6.40000000000081,-21.1695428927953,0,1,92.5871286419882
18,91,105.357904955432,132.328452667529,6,-44.5111704906744,-6.415972958441,13.8304571072047,10,2,53.4551235625924
18,92,84.0710200442872,8.61455815254284,4,-87.2446796210835,-4.80000000000081,-13.973227937087,0,1,58.5306689161117
18,93,78.5595932943372,189.517843000552,3,-66.1650537562548,-5.61083023815131,1.82101939216297,4,2,84.9567044187027
18,94,82.9952499171221,71.7974428503064,4,-67.9111523564625,-4.80000000000395,-1.28438029354948,3,1,46.0007068631094
18,95,192.99752749249,134.122938560345,8,-66.3002442448263,-6.4,-6.8697871376216,0,2,51.5084308674418
18,96,81.0018594884421,187.548772564654,3,-62.1988437998293,-5.60709381951283,5.78722934858846,6,2,81.9933150638808
18,97,69.4576165157147,119.296054442634,6,-53.0329892976134,-6.41325460294762,11.1974678095912,9,1,75.7152032407568
18,98,179.997580070794,40.9560060978885,1,-83.247143278827,-6.40000000000078,-21.1695428927953,0,2,115.510594389551
18,99,115.385888411036,188.458109788528,8,-80.3500038047916,-6.40000000000021,-20.9195466975869,0,2,56.8279238543844
18,100,48.6828720660386,19.9302044746764,4,-80.9534902427624,-4.80000000000001,-13.973227937087,0,1,38.1860894689309
18.5,1,1.5510242032227,169.566519672379,7,-63.5835721352817,-5.61278917526071,4.40250101313605,6,1,131.132398293946
18.5,2,191.746407523408,35.1222326797842,1,-71.0107449671792,-6.40000000000021,-11.5802878599746,0,2,124.466517447819
18.5,3,156.296300693915,4.59951719092731,1,-91.3194111015345,-6.4000000000005,-21.1695428927953,0,1,117.950656549712
18.5,4,51.7407129558157,7.71352215596899,4,-84.1833181467454,-4.80000000000002,-13.973227937087,0,1,48.4089484501396
18.5,5,48.8365178195072,89.3919515256361,6,-49.1637050443393,-6.43292308711527,13.8304571072047,10,1,45.8838701046718
18.5,6,118.318850248524,20.6622587457721,2,-73.9991869959228,-6.40000000000043,-14.5687298887181,0,1,77.9770373967895
18.5,7,73.257424359263,98.9104903612044,6,-46.9106288183464,-6.41821279930352,13.8304571072047,10,1,59.0372243182241
18.5,8,148.707563753155,131.707259089073,6,-54.7644852848545,-6.4546796234927,9.46597182235015,8,2,29.8084679493337
18.5,9,196.20586915462,162.849081392064,8,-104.051517868175,-6.4,-21.1695428927953,0,2,53.4072208315855
18.5,10,62.8452778212795,103.558193378322,6,-42.1112288504258,-6.42261726499701,13.8304571072047,10,1,59.8809756120888
18.5,11,166.902101271064,68.3447528282927,1,-75.069801773198,-6.40000000000084,-15.6393446659933,0,2,86.6343489503436
18.5,12,161.194638424497,123.658691401767,6,-58.6184315826184,-6.43828657314948,5.61202552458627,6,2,37.0328836052845
18.5,13,82.6720027018075,21.3280407880717,4,-78.4920531568813,-4.80000000000009,-11.8652810939683,0,1,49.4144817396418
18.5,14,180.265698877736,87.6593507547217,1,-73.3965838665354,-6.40000000000045,-13.9661267593307,0,2,73.1752627387194
18.5,15,188.685867670901,190.119260964306,8,-99.4331832402322,-6.4,-21.1695428927953,0,2,60.4847208621533
18.5,16,89.700678863601,150.241292977712,6,-57.0736913731399,-6.41410477105261,7.15676573406477,7,2,64.7172029047275
18.5,17,141.702223329553,92.5859191122508,6,-52.6483138493419,-6.41861636016818,11.5821432578628,9,2,62.5897737802081
18.5,18,84.2088672105918,32.31068461297,4,-86.0523393000395,-4.80000000000123,-13.973227937087,0,1,45.1155014899948
18.5,19,118.893651489745,65.3861316278339,2,-75.6596031178891,-6.40000000000103,-16.2291460106845,0,1,74.3997195025588
18.5,20,34.4865271252239,183.682029334122,7,-58.9650746748677,-5.60563697837961,9.02099847355001,8,2,122.597273687698
18.5,21,80.751509910125,52.2164962285304,4,-67.6229290527076,-4.80000000000316,-0.996156989794531,3,1,38.7661994175803
18.5,22,132.623153766811,41.1947698131767,1,-76.0641450917813,-6.40000000000054,-16.6336879845766,0,1,86.3502612446368
18.5,23,112.329047150467,199.38054226015,8,-87.9411589208742,-6.40000000000004,-21.1695428927953,0,2,66.4062394846917
18.5,24,187.811092319519,36.8636767091621,1,-74.1920176231534,-6.40000000000024,-14.7615605159487,0,2,121.58024654591
18.5,25,119.184586243355,85.564973661157,6,-46.7056254479514,-6.40580350392685,13.8304571072047,10,2,75.1911719836886
18.5,26,148.680707603326,114.660922585624,6,-46.5479924941191,-6.43537496866288,13.8304571072047,10,2,42.4598742924092
18.5,27,82.3797524841357,151.664723434368,3,-56.1412791037486,-5.60837865577631,11.8447940446691,9,2,71.6066978586479
18.5,28,155.187445691308,86.2485077101051,1,-73.5366564446563,-6.40000000000253,-14.1061993374516,0,2,68.1425884597055
18.5,29,163.646493974716,167.986574768492,8,-80.7573330004534,-6.40000000000001,-21.1695428927953,0,2,32.5882443483003
18.5,30,64.9982785539798,35.0295133196902,4,-60.8252117773502,-4.8,5.80156028556283,6,1,31.6435432754946
18.5,31,126.209330861026,155.348946010878,8,-54.4916270828422,-6.40000000000299,4.93883002436244,6,2,33.865279587026
18.5,32,47.4946385290392,84.0205507038828,6,-50.9881400633634,-6.44659999337419,13.2423170438412,10,1,41.4237215408712
18.5,33,153.457850037111,11.1286270375947,1,-85.2697276028597,-6.40000000000054,-21.1695428927953,0,1,112.990089699424
18.5,34,121.557333296742,67.4286648889693,2,-72.4374602667631,-6.40000000000106,-13.0070031595584,0,1,77.3075695411062
18.5,35,169.37704541151,45.5341322074219,1,-86.0328782676411,-6.40000000000052,-21.1695428927953,0,2,108.815612034929
18.5,36,19.0017575549136,32.4223514228737,4,-68.0210150255986,-4.8,-1.39424296268551,3,1,42.6862362382221
18.5,37,78.7969270296156,79.256931530737,4,-69.5591758257255,-4.80000000000286,-2.93240376281242,2,1,47.3020195017426
18.5,38,31.2814912700457,162.996284680625,7,-61.4046776810521,-5.60920105072778,6.58139546736561,7,1,116.922166079397
18.5,39,57.095220051987,127.090717746076,6,-54.5144495083976,-6.41476341284218,9.71600759880711,8,1,80.9047026457133
18.5,40,72.3125630584528,173.902548177593,3,-56.0289086331529,-5.6121729279234,11.9571645152648,9,2,84.6103992895025
18.5,41,189.826102464524,191.849010526868,8,-97.2571209187681,-6.4,-21.1695428927953,0,2,62.3675245588016
18.5,42,133.416970012584,43.291801116638,1,-76.2189285050063,-6.40000000000061,-16.7884713978016,0,1,86.9231891864251
18.5,43,81.1185513667229,47.1928937306856,4,-63.4780497631151,-4.80000000000232,3.14872229979798,5,1,39.095959954586
18.5,44,24.8631310173947,125.827427807201,7,-56.7037129872968,-5.60392114783389,11.282360161121,9,1,83.2701086231126
18.5,45,39.82159532505,193.804761026993,7,-60.6062641965442,-5.60600469979699,7.37980895187356,7,2,120.87343771627
18.5,46,72.574749449115,102.860481812392,6,-45.8778167998827,-6.4175828666458,13.8304571072047,10,1,62.0975027688597
18.5,47,173.26943005958,71.0474595100032,1,-77.4891906784633,-6.40000000000081,-18.0587335712587,0,2,85.5991823858281
18.5,48,126.159344621255,94.7381014833615,6,-50.1927529592468,-6.41480002882565,13.8304571072047,10,2,64.6104037795102
18.5,49,56.8381265993294,146.65736394206,3,-54.8067646406803,-5.60446784718864,13.1793085077374,10,2,96.1382227386091
18.5,50,120.794231570544,19.5336181469718,2,-73.0719820543228,-6.40000000000031,-13.6415249471181,0,1,80.5746464272623
18.5,51,150.310033020322,42.9745861121654,1,-76.2405610023568,-6.40000000000073,-16.8101038951522,0,1,103.265236962074
18.5,52,184.912062583596,194.314675922453,8,-99.0880260634217,-6.40000000000001,-21.1695428927953,0,2,61.1137678101506
18.5,53,105.320435383977,168.540931248537,8,-59.4683837472476,-6.40000000000054,-0.0379266400428991,3,2,53.7799184253788
18.5,54,105.311192579654,2.52942485203077,5,-71.1773045437882,-6.4000000000001,-11.7468474365836,0,1,76.583506902352
18.5,55,197.039393913464,50.9056225573642,1,-80.6283401827346,-6.40000000000104,-21.1695428927953,0,2,112.181327414546
18.5,56,33.1885213189281,5.14936948677791,4,-93.6780913637411,-4.80000000000001,-13.973227937087,0,1,53.3521777707125
18.5,57,165.306329339926,124.399530368653,6,-56.9874502424613,-6.41343831963487,7.24300686474337,7,2,37.972592263471
18.5,58,11.237516488327,75.4029788593653,4,-77.7088827433327,-4.8,-11.0821106804197,0,1,51.9624043219911
18.5,59,68.6631978405235,38.0750518936871,4,-63.2531017798905,-4.80000000000011,3.37367028302253,5,1,32.2919392569226
18.5,60,35.8553916848502,157.937071472982,7,-60.5032936889628,-5.61015984741772,7.48277945945496,7,1,111.367550671426
18.5,61,2.39370078416475,187.062583142477,7,-64.5233331409142,-5.60991351724763,3.46274000750357,5,1,146.985582363428
18.5,62,157.222338877743,146.744468026047,8,-73.0286429557497,-6.40000000000052,-13.598185848545,0,2,24.7994086078354
18.5,63,88.0694420818712,95.6100105554328,6,-52.8323313891701,-6.41279886859117,11.3981257180346,9,1,63.8890090961789
18.5,64,131.8346458141,189.131600169577,8,-89.5445762720794,-6.40000000000001,-21.1695428927953,0,2,49.127509854773
18.5,65,183.497115144481,182.656753804063,8,-102.436967581192,-6.4,-21.1695428927953,0,2,52.3523666324819
18.5,66,79.2531108784584,104.095691061088,6,-52.3539307829881,-6.41433315682322,11.8765263242166,9,1,65.8356915923582
18.5,67,195.393975844943,74.0393874284503,1,-73.4873795819572,-6.40000000000056,-14.0569224747525,0,2,91.5580564737825
18.5,68,60.1802020521429,147.33273903381,3,-54.694227064361,-5.60477596888727,13.2918460840568,10,2,92.8814318604942
18.5,69,80.3828317629257,57.451276316665,4,-67.3146991769586,-4.80000000000299,-0.687927114045596,3,1,39.1265636707537
18.5,70,26.0364341063749,70.2369340029603,4,-61.1223733792284,-4.8,5.50439868368462,6,1,39.1922950103497
18.5,71,119.218948034318,54.8290248084718,2,-78.708011204169,-6.40000000000097,-19.2775540969643,0,1,73.258666706257
18.5,72,152.678622944978,142.253862971874,8,-68.9414916147434,-6.40000000000018,-9.51103450753877,0,2,24.8883036734098
18.5,73,77.9007563663595,134.045539102577,6,-49.109246449576,-6.40922056327657,13.8304571072047,10,2,77.4925529007171
18.5,74,85.6034838426649,108.016627597405,6,-52.448757832698,-6.41174271970382,11.7816992745067,9,1,72.0124096216122
18.5,75,111.147608008215,159.189813545199,8,-51.1233047787107,-6.40000000000202,8.307152328494,8,2,46.3272170163373
18.5,76,163.073772014793,164.867035688863,8,-74.4557155088632,-6.4,-15.0252584016585,0,2,30.72787439555
18.5,77,187.449186025453,92.4903857921665,1,-73.96304155755,-6.40000000000081,-14.5325844503454,0,2,72.5399700875514
18.5,78,9.86490670251021,115.349906157301,7,-60.6324807130505,-5.61118095167101,7.35359243536727,7,1,80.2102608695808
18.5,79,33.850724501276,68.4062524286243,4,-57.2415584762521,-4.80000000000002,9.38521358666098,8,1,33.9387570131837
18.5,80,109.426912389925,27.8427337442985,2,-71.1070225599885,-6.40000000000121,-11.6765654527838,0,1,67.6369156905153
18.5,81,113.417533611328,92.2263409920254,6,-50.4569925589136,-6.40763050116816,13.7734645482911,10,2,72.30714018856
18.5,82,196.706548280782,120.431389057957,1,-72.3696335986407,-6.4,-12.939176491436,0,2,60.0670825439931
18.5,83,122.969056826866,157.856637615994,8,-55.4673031572101,-6.40000000000311,3.96315394999455,5,2,36.6694510929499
18.5,84,55.0314588729091,142.189697474775,6,-55.9223547450668,-6.4131592589542,8.30810236213784,8,1,95.2706980077316
18.5,85,17.5781912926395,191.016755710247,7,-65.1006973717025,-5.60261832767645,2.88537577671523,5,2,140.606399819933
18.5,86,136.416308548832,61.6228016527845,1,-75.8206461207027,-6.40000000000102,-16.3901890134981,0,1,90.3056914123743
18.5,87,174.86328003428,98.5149556260887,1,-82.8496765409488,-6.40000000000174,-21.1695428927953,0,2,61.8153903833555
18.5,88,110.034231673341,67.6524023347134,2,-67.1711041492019,-6.40000000000135,-7.74064704199723,0,1,66.8428476412767
18.5,89,13.2978508258515,106.457565852861,7,-59.3851725440822,-5.6162489692262,8.60090060433552,8,1,71.3214869168583
18.5,90,139.049686062062,58.3194156251328,1,-71.9782001811087,-6.4000000000009,-12.547743073904,0,1,92.4732894629335
18.5,91,105.652109343615,131.161497023078,6,-47.7297980898632,-6.41489634233245,13.8304571072047,10,2,53.6085310382794
18.5,92,83.083993173712,8.52632528744966,4,-72.5603230326064,-4.80000000000001,-5.93355096969335,1,1,58.0247042084719
18.5,93,78.6246367688205,189.871632600705,3,-62.4482756732378,-5.60827281222856,5.53779747517996,6,2,85.0672649297509
18.5,94,82.954207428014,72.0570349066228,4,-57.392892870179,-4.80000000000267,9.23387919273403,8,1,46.0949300474634
18.5,95,192.219474991656,132.924972932861,8,-89.5628869519854,-6.4,-21.1695428927953,0,2,51.2473474232039
18.5,96,81.0548196623904,186.10095542101,3,-60.9785070273774,-5.60922197481061,7.00756612104036,7,2,81.2955526095692
18.5,97,68.5927075962829,119.404385565703,6,-54.634041913526,-6.41459822638184,9.59641519367866,8,1,75.5970072920459
18.5,98,179.550443833377,41.6235738875968,1,-79.7182723539249,-6.40000000000129,-20.2878152467203,0,2,114.764665588528
18.5,99,115.525242416312,189.887996954784,8,-85.714163492373,-6.40000000000005,-21.1695428927953,0,2,57.7218434521879
18.5,100,48.3271639279268,18.9488022731798,4,-78.8533491769942,-4.80000000000004,-12.2265771140812,0,1,38.9772402921771
19,1,2.84354437257495,169.259490181506,7,-60.8170764302797,-5.61226818285023,7.16899671813808,7,1,130.379474249952
19,2,192.074410978636,35.3122173275574,1,-91.0044652212828,-6.40000000000039,-21.1695428927953,0,2,124.401742566254
19,3,156.644111343915,3.16111300137342,1,-78.7319177920933,-6.40000000000043,-19.3014606848887,0,1,118.823809986061
19,4,51.5193985205799,8.03563489707537,4,-73.3946368076397,-4.8,-6.76786474472668,0,1,48.1203336475954
19,5,49.0378466150752,89.001636724725,6,-50.4710193895344,-6.4412075531879,13.7594377176702,10,1,45.5445211451777
19,6,118.853689568282,20.4982916823998,2,-75.6361307374768,-6.40000000000099,-16.2056736302721,0,1,78.5075242306247
19,7,73.5707756279519,99.8615296900611,6,-44.5530389985602,-6.41697063391998,13.8304571072047,10,1,59.9500092304921
19,8,149.989187564908,131.254832193872,6,-50.9701530706882,-6.46690942725486,13.2603040365165,10,2,30.0604629536646
19,9,196.285551943473,162.927749310868,8,-79.6031374769034,-6.4,-20.1726803696987,0,2,53.4951308153986
19,10,61.8291021093548,104.013155478456,6,-56.2125984570409,-6.41704853926057,8.01785865016376,7,1,60.0799352650568
19,11,167.719598115884,69.1726666492119,1,-78.1897985404643,-6.40000000000054,-18.7593414332597,0,2,86.0191372543799
19,12,161.398601175237,123.761919983299,6,-60.4430010614141,-6.44055457664766,3.78745604579062,5,2,37.0218172394995
19,13,82.3558424968112,21.6393220998427,4,-80.9251746011285,-4.80000000000019,-13.973227937087,0,1,49.0252852580678
19,14,180.440121962861,87.1210473915191,1,-60.7779689339724,-6.40000000000031,-1.3475118267677,3,2,73.7062663974605
19,15,189.051331186965,188.666211106116,8,-84.5874145919573,-6.4,-21.1695428927953,0,2,59.7689915322049
19,16,89.4058656425402,149.951286692654,6,-52.954479229543,-6.41219511365032,11.2759778776616,9,2,64.9915493854101
19,17,141.900133569255,92.4280891567855,6,-51.557791198146,-6.4186331167819,12.6726659090587,10,2,62.7087135439323
19,18,84.6617640540249,32.6002265777271,4,-73.1289692348718,-4.80000000000103,-6.5021971719588,1,1,45.3479878548467
19,19,118.695749172859,65.5330628492847,2,-77.1746768329229,-6.40000000000096,-17.7442197257183,0,1,74.2471009258956
19,20,33.7415845383934,182.622420849325,7,-64.3720190892051,-5.6054432604937,3.61405405921268,5,2,123.014192302002
19,21,80.3768225122795,51.737133827795,4,-64.8900451336781,-4.80000000000732,1.73672692923497,4,1,38.4450124187546
19,22,132.210580068163,41.2395128057834,1,-73.1727645649711,-6.40000000000065,-13.7423074577664,0,1,85.9510070390324
19,23,111.739880803241,198.348112693734,8,-73.3396043664648,-6.40000000000003,-13.9091472592602,0,2,65.9820181715914
19,24,188.538945056773,37.0545763892286,1,-85.3661134868168,-6.40000000000038,-21.1695428927953,0,2,121.631282985528
19,25,120.097462706646,85.2860271288162,6,-48.7014186600925,-6.41285023230677,13.8304571072047,10,2,75.0620411483244
19,26,148.704442726584,114.793609616849,6,-46.1298815554295,-6.43430653473735,13.8304571072047,10,2,42.3487708494536
19,27,83.8313069438633,151.5530734711,6,-53.2067066514273,-6.41063142374026,11.0237504557774,9,2,70.2350195982309
19,28,155.377697085653,86.0551464579151,1,-72.1175554357372,-6.40000000000109,-12.6870983285326,0,2,68.3382317627821
19,29,164.364931274868,167.160424793696,8,-89.036894323482,-6.40000000000001,-21.1695428927953,0,2,32.4512161502736
19,30,65.4155585401047,35.6420522415152,4,-63.2111146096773,-4.80000000000001,3.41565745323572,5,1,31.5601031199008
19,31,125.19136526368,156.066311441597,8,-71.5838399566174,-6.40000000000281,-12.1533828494128,0,2,34.7061736869187
19,32,47.9593734536606,84.026876632926,6,-49.4793102740813,-6.44937232723931,13.8304571072047,10,1,41.4034115755452
19,33,152.935194135317,11.5362626069475,1,-83.3826821552133,-6.40000000000056,-21.1695428927953,0,1,112.371541263422
19,34,121.055661603445,68.2651618492094,2,-78.7718186478201,-6.40000000000088,-19.3413615406154,0,1,77.037479081815
19,35,169.608635008806,44.0960262958275,1,-79.2638731646778,-6.4000000000012,-19.8334160574732,0,2,110.237925475957
19,36,19.2486876119805,33.8670385549317,4,-85.8206472573841,-4.80000000000001,-13.973227937087,0,1,41.9304860283496
19,37,79.208083302549,78.7696176210001,4,-57.5852940420758,-4.800000000004,9.04147802083727,8,1,47.2551904902223
19,38,30.7012491975625,163.681938652052,7,-55.1952799497562,-5.61205184859996,12.7907931986616,10,1,117.678693730953
19,39,56.0898441775079,127.288416557269,6,-53.9227822409388,-6.41640676612502,10.3076748662658,9,1,81.011329677004
19,40,72.0747102416565,173.870703868663,3,-52.5743936409296,-5.61254684984636,15.4116795074881,11,2,84.8198755428656
19,41,189.323962479302,190.534334805395,8,-76.9584426137683,-6.4,-17.5279855065636,0,2,61.1690797968173
19,42,133.500656552561,43.3586059728031,1,-74.975844338134,-6.40000000000088,-15.5453872309293,0,1,86.9983779120806
19,43,81.3727405038892,47.5386306715355,4,-71.3517836821518,-4.80000000000407,-4.72501161923872,1,1,39.275401789103
19,44,24.0713557120302,125.709709242924,7,-59.992561890016,-5.61461263874457,7.99351125840176,7,1,83.4056632864947
19,45,39.2712312564087,192.613368916799,7,-60.3924133591661,-5.60559715847691,7.59365978925161,7,2,120.950442074062
19,46,72.3269619801559,102.045530189719,6,-45.9091793230087,-6.41675427933995,13.8304571072047,10,1,61.314602208546
19,47,173.195379631925,70.8980034109148,1,-82.4479394740466,-6.4000000000008,-21.1695428927953,0,2,85.7169849017614
19,48,126.113837457541,94.7220038799483,6,-51.0734583301093,-6.41350550667839,13.1569987770954,10,2,64.6409747455375
19,49,55.845034123735,145.72247051118,3,-60.4050258468699,-5.60523489612685,7.58104730154787,7,2,97.1375563707897
19,50,120.591728524858,19.0420481845296,2,-76.3104745101877,-6.40000000000096,-16.880017402983,0,1,80.5843465986806
19,51,149.755000797646,43.5676413231115,1,-89.4066822059943,-6.40000000000049,-21.1695428927953,0,1,102.687318702391
19,52,185.113082882138,193.39768816801,8,-87.4343029083739,-6.4,-21.1695428927953,0,2,60.5684565414686
19,53,105.235775890181,169.119847447834,8,-66.9945084504725,-6.40000000000026,-7.56405134326785,0,2,54.0523295204055
19,54,105.489251206418,3.13166886441905,5,-81.7575291255192,-6.40000000000159,-21.1695428927953,0,1,76.3409946416961
19,55,195.900699264797,50.9870545361947,1,-79.5655879206692,-6.40000000000057,-20.1351308134645,0,2,111.636407871338
19,56,33.0442469751885,5.90662970542172,4,-81.1489239052452,-4.8,-13.973227937087,0,1,52.7633666910405
19,57,166.235243614297,124.548507352843,6,-61.5007333990392,-6.41434088785163,2.72972370816544,5,2,38.257177276739
19,58,10.8211141994117,75.5444850533461,4,-90.0804614280319,-4.8,-13.973227937087,0,1,52.3426767486738
19,59,68.7205897763304,38.2442119247277,4,-53.1615691174937,-4.80000000000009,13.4652029454193,10,1,32.2631219017063
19,60,35.7286906887893,157.236482527381,7,-58.1249761063542,-5.61294766548316,9.86109704206359,8,1,110.704938707817
19,61,1.1071511575851,187.629007664628,7,-69.5115267679987,-5.61120413672914,-1.52545361958095,3,1,147.934121887675
19,62,156.502161292992,146.736651752343,8,-73.6393492998466,-6.40000000000028,-14.208892192642,0,2,24.6003565678541
19,63,87.0879092847994,95.6212779591557,6,-49.638404120016,-6.41001347894413,13.8304571072047,10,1,63.3171700073847
19,64,132.065243474911,189.94956341187,8,-82.9894890516505,-6.40000000000001,-21.1695428927953,0,2,49.6978179441836
19,65,184.238767300462,182.484545422666,8,-92.3575720944445,-6.4,-21.1695428927953,0,2,52.7237031853079
19,66,78.8537392310046,105.037004590861,6,-46.5929620171111,-6.41134331540905,13.8304571072047,10,1,66.4368884125774
19,67,195.415080841088,73.1558573713587,1,-70.3685653210489,-6.40000000000051,-10.9381082138443,0,2,92.3027725701322
19,68,60.7175676663914,146.812779425256,3,-58.3794395796834,-5.60621663884012,9.60663356873435,8,2,92.378358387652
19,69,80.3613217725035,57.6161328174748,4,-61.3683308440005,-4.80000000000814,5.25844121891252,6,1,39.1416062376969
19,70,26.2009782370127,70.546802706699,4,-81.9551903270036,-4.80000000000001,-13.973227937087,0,1,39.2532105482234
19,71,118.062719484513,53.9024265976761,2,-76.0385736300757,-6.40000000000091,-16.608116522871,0,1,72.1111136856016
19,72,152.874842895496,142.709117661857,8,-76.662594666262,-6.40000000000002,-17.2321375590574,0,2,24.7723976825504
19,73,77.6823571890599,133.488791677323,6,-48.9922727031373,-6.40906739119308,13.8304571072047,10,2,77.8120264612454
19,74,84.5200337922325,108.933520302635,6,-46.2807353816672,-6.41057917705142,13.8304571072047,10,1,72.2290976565399
19,75,111.672759667141,158.644390249912,8,-63.6252038806717,-6.40000000000051,-4.19474677346699,2,2,45.7815774556261
19,76,162.932196408056,165.05728357447,8,-92.2866973720013,-6.40000000000001,-21.1695428927953,0,2,30.7605834238971
19,77,187.503791184828,93.1356380201588,1,-67.7211167617911,-6.40000000000127,-8.29065965458638,0,2,72.0578935066075
19,78,8.47654645211768,115.480212363756,7,-62.8357460713769,-5.60717568964849,5.15032707704087,6,1,81.0191669035529
19,79,33.7129118609693,68.4379196952428,4,-80.6338332204393,-4.80000000000003,-13.973227937087,0,1,34.0217007619663
19,80,109.605736242489,27.2991056335534,2,-69.7085265394773,-6.40000000000037,-10.2780694322726,0,1,67.9737037246447
19,81,113.254567525404,92.7790751043902,6,-50.9948465490436,-6.41159697890359,13.235610558161,10,2,71.9493645118155
19,82,196.514268978382,120.389210908888,1,-90.6006800180693,-6.40000000000001,-21.1695428927953,0,2,59.9385189105605
19,83,123.10676285989,157.990674382488,8,-69.9403701892532,-6.40000000000174,-10.5099130820486,0,2,36.5970911543683
19,84,55.8343459040576,143.43792583837,3,-50.5182964225511,-5.61216933025603,17.4677767258667,12,1,96.524274548452
19,85,18.2085507800544,192.16372549719,7,-63.0094499233694,-5.6047954149653,4.97662322504833,6,2,140.3531824908
19,86,135.51820596711,61.0231966278158,1,-77.0019282211492,-6.40000000000124,-17.5714711139445,0,1,89.3707134117688
19,87,175.747740757807,98.511373644014,1,-68.2464075985674,-6.40000000000034,-8.81595049136276,0,2,62.1793759872
19,88,109.998856071748,67.3887053359542,2,-65.5077023605521,-6.40000000000119,-6.07724525334746,1,1,66.7418894187075
19,89,13.3193624087614,105.481421636789,7,-62.9454397840935,-5.60691800810163,5.04063336432421,6,1,70.5401114327089
19,90,138.93445418632,58.2875559397026,1,-71.9663000830023,-6.40000000000069,-12.5358429757976,0,1,92.3594647281608
19,91,105.946313731799,129.994541378627,6,-49.4203577009051,-6.41461530721324,13.8304571072047,10,2,53.7884341514847
19,92,82.0969663031367,8.43809242235648,4,-80.1083207070972,-4.80000000000002,-13.4815486441841,0,1,57.5313602077795
19,93,78.6896802433038,190.225422200858,3,-65.6891586684796,-5.6152934337399,2.29691447993817,4,2,85.1792010706812
19,94,82.9131649389058,72.3166269629393,4,-57.013658980557,-4.80000000000426,9.61311308235608,8,1,46.1904564309404
19,95,191.441422490821,131.727007305377,8,-73.7952527300679,-6.4,-14.3647956228632,0,2,51.0249327297987
19,96,81.1077798363387,184.653138277365,3,-60.6945138357456,-5.61441357121128,7.29155931267215,7,2,80.617789547646
19,97,67.7277986768511,119.512716688772,6,-58.6240146200261,-6.41350680072772,5.60644248717858,6,1,75.4886920497398
19,98,179.103307595959,42.2911416773051,1,-86.0345454121099,-6.40000000000039,-21.1695428927953,0,2,114.019518829906
19,99,115.664596421588,191.317884121039,8,-80.0854373382472,-6.40000000000114,-20.6549802310425,0,2,58.6373386770928
19,100,47.971455789815,17.9674000716832,4,-67.7485444284525,-4.8,-1.12177236553947,3,1,39.7800509021831
19.5,1,4.1360645419272,168.952460690632,7,-59.1155817701742,-5.61229490661041,8.87049137824356,8,1,129.635791662869
19.5,2,192.402414433863,35.5022019753307,1,-90.7462972931713,-6.40000000000046,-21.1695428927953,0,2,124.338089507275
19.5,3,156.991921993915,1.72270881181954,1,-78.2700574106984,-6.40000000000033,-18.8396003034938,0,1,119.708889462814
19.5,4,51.2980840853442,8.35774763818174,4,-82.4286929857442,-4.80000000000003,-13.973227937087,0,1,47.8331705415602
19.5,5,49.2391754106433,88.6113219238139,6,-48.2158965626769,-6.43812242141601,13.8304571072047,10,1,45.2068914520802
19.5,6,119.38852888804,20.3343246190275,2,-67.2443491755681,-6.40000000000017,-7.81389206836343,0,1,79.0384098844075
19.5,7,73.8841268966407,100.812569018918,6,-53.4109887048981,-6.4166341792761,10.8194684023065,9,1,60.8655788431944
19.5,8,151.270811376662,130.802405298671,6,-47.4311884891502,-6.46754789923173,13.8304571072047,10,2,30.3712463338523
19.5,9,196.365234732326,163.006417229673,8,-74.5734034406514,-6.4,-15.1429463334468,0,2,53.5831305630425
19.5,10,60.8129263974301,104.46811757859,6,-50.6026440733633,-6.41886895573449,13.6278130338414,10,1,60.2987994062186
19.5,11,168.537094960703,70.0005804701311,1,-77.6055013730484,-6.40000000000077,-18.1750442658438,0,2,85.4153441408398
19.5,12,161.602563925978,123.865148564832,6,-59.7979526963804,-6.42635813515299,4.43250441082422,6,2,37.0121594775923
19.5,13,82.0396822918149,21.9506034116137,4,-75.3188882504012,-4.80000000000014,-8.69211618748813,0,1,48.6370218078062
19.5,14,180.614545047985,86.5827440283165,1,-66.2511681618432,-6.40000000000028,-6.82071105463854,0,2,74.2377850119004
19.5,15,189.416794703029,187.213161247926,8,-93.5900702479472,-6.4,-21.1695428927953,0,2,59.0825953621275
19.5,16,89.1110524214795,149.661280407596,6,-57.7655411625742,-6.4137131416052,6.46491594463046,7,2,65.267362963292
19.5,17,142.098043808956,92.2702592013202,6,-52.5817490202938,-6.42267509627936,11.6487080869109,9,2,62.8284480496529
19.5,18,85.1146608974579,32.8897685424841,4,-67.7601155200867,-4.80000000000032,-1.13334345717364,3,1,45.5856274550787
19.5,19,118.497846855972,65.6799940707354,2,-76.7352089902728,-6.40000000000121,-17.3047518830681,0,1,74.094987940903
19.5,20,32.9966419515628,181.562812364528,7,-60.614068767824,-5.60246924821469,7.37200438059371,7,2,123.443294345903
19.5,21,80.002135114434,51.2577714270595,4,-59.053885467242,-4.80000000000269,7.57288659567101,7,1,38.1308287398462
19.5,22,131.798006369514,41.2842557983901,1,-66.4198798248149,-6.40000000000067,-6.98942271761019,0,1,85.5519026265049
19.5,23,111.150714456016,197.315683127319,8,-72.6835955471569,-6.40000000000016,-13.2531384399522,0,2,65.5766029699834
19.5,24,189.266797794026,37.2454760692952,1,-86.5206611946643,-6.40000000000047,-21.1695428927953,0,2,121.686951132144
19.5,25,121.010339169937,85.0070805964755,6,-46.2819524877957,-6.41293908291474,13.8304571072047,10,2,74.9448464381317
19.5,26,148.728177849842,114.926296648074,6,-47.2479029234899,-6.44032170500098,13.8304571072047,10,2,42.2378053217794
19.5,27,85.2828614035908,151.441423507832,8,-77.1030687547925,-6.4000000000012,-17.6726116475879,0,2,68.8667970057833
19.5,28,155.567948479998,85.8617852057251,1,-67.8027103701539,-6.40000000000272,-8.37225326294919,0,2,68.5343902524306
19.5,29,165.08336857502,166.3342748189,8,-87.1382594200784,-6.4,-21.1695428927953,0,2,32.3506806949906
19.5,30,65.8328385262296,36.2545911633402,4,-84.5296670511487,-4.80000000000001,-13.973227937087,0,1,31.4938889291968
19.5,31,124.173399666335,156.783676872315,8,-67.2775141005781,-6.40000000000228,-7.84705699337346,0,2,35.5707964024259
19.5,32,48.424108378282,84.0332025619693,6,-48.2278745192448,-6.44327379432079,13.8304571072047,10,1,41.3883112850408
19.5,33,152.412538233522,11.9438981763003,1,-72.6101750393603,-6.4000000000003,-13.1797179321557,0,1,111.753500497516
19.5,34,120.553989910148,69.1016588094495,2,-66.9171674948075,-6.40000000000105,-7.48671038760286,0,1,76.778830816273
19.5,35,169.840224606102,42.6579203842331,1,-78.5940733481255,-6.40000000000057,-19.1636162409208,0,2,111.661123801698
19.5,36,19.4956176690474,35.3117256869896,4,-92.0458979726449,-4.80000000000001,-13.973227937087,0,1,41.213016677831
19.5,37,79.6192395754824,78.2823037112631,4,-60.6246601529255,-4.80000000000421,6.00211190998757,7,1,47.2169255272508
19.5,38,30.1210071250794,164.367592623479,7,-63.171890201816,-5.61118727171706,4.81418294660175,6,1,118.437201082308
19.5,39,55.0844683030288,127.486115368462,6,-48.1694127785384,-6.41669455094406,13.8304571072047,10,1,81.1307579948507
19.5,40,71.8368574248603,173.838859559734,3,-61.1608156697897,-5.6079386761848,6.82525747862808,7,2,85.0295130077217
19.5,41,188.821822494079,189.219659083922,8,-93.0597533698472,-6.4,-21.1695428927953,0,2,59.9797095726619
19.5,42,133.584343092538,43.4254108289682,1,-69.421569635635,-6.40000000000071,-9.9911125284303,0,1,87.0736333971364
19.5,43,81.6269296410556,47.8843676123854,4,-55.5502551673668,-4.80000000000194,11.0765168955463,9,1,39.458694592191
19.5,44,23.2795804066657,125.591990678646,7,-63.8307321111121,-5.61946805170401,4.15534103730562,5,1,83.5486677213012
19.5,45,38.7208671877673,191.421976806605,7,-64.8866630886142,-5.60632154356842,3.09941005980358,5,2,121.041627393263
19.5,46,72.0791745111968,101.230578567045,6,-53.0727426751554,-6.4174942846166,11.1577144320493,9,1,60.5335619917585
19.5,47,173.121329204271,70.7485473118264,1,-75.136511753606,-6.40000000000098,-15.7060546464014,0,2,85.8349498593556
19.5,48,126.068330293827,94.7059062765352,6,-55.7197679896353,-6.4160744378052,8.51068911756941,8,2,64.6715672890697
19.5,49,54.8519416481406,144.7875770803,3,-51.2462998043607,-5.61313769634681,16.7397733440571,12,1,97.7776871607772
19.5,50,120.389225479173,18.5504782220875,5,-75.4380619194342,-6.4000000000011,-16.0076048122295,0,1,80.5975525907408
19.5,51,149.199968574971,44.1606965340576,1,-88.8001848073274,-6.40000000000073,-21.1695428927953,0,1,102.112590948631
19.5,52,185.31410318068,192.480700413567,8,-94.6069271201815,-6.4,-21.1695428927953,0,2,60.0328725872999
19.5,53,105.151116396386,169.69876364713,8,-83.1911429874287,-6.40000000000126,-21.1695428927953,0,2,54.3296755900124
19.5,54,105.667309833183,3.73391287680733,5,-84.0685206318345,-6.40000000000188,-21.1695428927953,0,1,76.1028922036107
19.5,55,194.762004616129,51.0684865150251,1,-83.1130965207176,-6.40000000000028,-21.1695428927953,0,2,111.100546432869
19.5,56,32.8999726314489,6.66388992406553,4,-102.094597586445,-4.80000000000001,-13.973227937087,0,1,52.1793002302513
19.5,57,167.164157888668,124.697484337034,6,-59.1299906434136,-6.41307874776622,5.10046646379103,6,2,38.5626193988655
19.5,58,10.4047119104965,75.6859912473269,4,-79.3513393173959,-4.80000000000001,-12.7245672544829,0,1,52.723874907375
19.5,59,68.7779817121373,38.4133719557684,4,-78.5208904331215,-4.80000000000043,-11.8941183702084,0,1,32.2352686760439
19.5,60,35.6019896927284,156.535893581779,7,-65.5863920513184,-5.61303903203231,2.39968109709936,4,1,110.042943081674
19.5,61,0,188.195432186779,7,-64.4204351776006,-5.61046074553361,3.56563797081715,5,1,148.829524884314
19.5,62,155.781983708241,146.728835478639,8,-64.4038874420688,-6.4000000000015,-4.97343033486409,1,2,24.4209306319021
19.5,63,86.1063764877276,95.6325453628786,6,-53.952644891592,-6.41296482865186,10.2778122156127,8,1,62.7554748158972
19.5,64,132.295841135722,190.767526654163,8,-86.5162226973874,-6.4,-21.1695428927953,0,2,50.2760228199233
19.5,65,184.980419456442,182.31233704127,8,-89.0043892904562,-6.4,-21.1695428927953,0,2,53.1033602554233
19.5,66,78.4543675835507,105.978318120633,6,-52.7964912892824,-6.41464700925869,11.4339658179223,9,1,67.0482895694935
19.5,67,195.436185837234,72.2723273142671,1,-63.5350815596991,-6.40000000000018,-4.10462445249444,2,2,93.049922539334
19.5,68,61.2549332806399,146.292819816702,3,-52.3629198262811,-5.60696184828648,15.6231533221367,11,2,91.8786158577452
19.5,69,80.3398117820813,57.7809893182845,4,-59.2152848905261,-4.80000000000279,7.41148717238697,7,1,39.1573489110713
19.5,70,26.3655223676504,70.8566714104377,4,-67.0872822336651,-4.8,-0.46051017075209,3,1,39.3171626046057
19.5,71,116.906490934708,52.9758283868803,2,-70.9134583645849,-6.40000000000112,-11.4830012573802,0,1,70.9759401754167
19.5,72,153.071062846014,143.16437235184,8,-57.1029348094171,-6.40000000000006,2.32752229778762,4,2,24.6659123558902
19.5,73,77.4639580117604,132.932044252068,6,-52.3965044258515,-6.40882332942141,11.8339526813532,9,2,78.1347713936185
19.5,74,83.4365837418002,109.850413007865,6,-49.7019564636697,-6.41205631295395,13.8304571072047,10,1,72.4729402572743
19.5,75,112.197911326067,158.098966954625,8,-71.5437444604098,-6.40000000000238,-12.1132873532051,0,2,45.2420288431454
19.5,76,162.790620801319,165.247531460077,8,-88.2597680199612,-6.40000000000001,-21.1695428927953,0,2,30.7950839600929
19.5,77,187.558396344202,93.7808902481511,1,-82.6255551730455,-6.40000000000048,-21.1695428927953,0,2,71.5784285748063
19.5,78,7.08818620172515,115.610518570212,7,-64.3957960797356,-5.61712222663187,3.59027706868212,5,1,81.8438385616776
19.5,79,33.5750992206626,68.4695869618613,4,-65.8226478230346,-4.80000000000002,0.804124239878416,4,1,34.1050290742119
19.5,80,109.784560095054,26.7554775228082,2,-74.4204966904059,-6.40000000000032,-14.9900395832013,0,1,68.3136256610038
19.5,81,113.091601439481,93.331809216755,6,-48.678220724526,-6.40994854112217,13.8304571072047,10,2,71.5944392459944
19.5,82,196.321989675983,120.347032759819,1,-70.8806166426872,-6.4,-11.4501595354825,0,2,59.8103268147661
19.5,83,123.244468892914,158.124711148982,8,-68.9173896896346,-6.40000000000195,-9.48693258242992,0,2,36.5255989146879
19.5,84,56.6372329352061,144.686154201965,3,-49.8341357814934,-5.60663123529881,17.5860731484177,12,2,96.4214355377489
19.5,85,18.8389102674692,193.310695284133,7,-62.0337045989027,-5.60612883677988,5.95236854951505,7,2,140.11173321967
19.5,86,134.620103385387,60.4235916028471,1,-86.107708087023,-6.4000000000008,-21.1695428927953,0,1,88.439036397151
19.5,87,176.632201481334,98.5077916619393,1,-77.2312959200243,-6.40000000000286,-17.8008388128196,0,2,62.5537502894322
19.5,88,109.963480470156,67.1250083371951,2,-69.4736017546157,-6.40000000000132,-10.043144647411,0,1,66.6418404656093
19.5,89,13.3408739916713,104.505277420718,7,-60.9147585702623,-5.62273830309231,7.07131457815541,7,1,69.7636494630543
19.5,90,138.819222310578,58.2556962542723,1,-82.1606202698579,-6.40000000000073,-21.1695428927953,0,1,92.24565449114
19.5,91,106.240518119982,128.827585734176,6,-47.173309025795,-6.41304635895495,13.8304571072047,10,2,53.9945680624571
19.5,92,81.1099394325615,8.3498595572633,4,-88.7288326788644,-4.8,-13.973227937087,0,1,57.0509643248678
19.5,93,78.754723717787,190.579211801011,3,-60.7847539304591,-5.60314314224877,7.2013192179586,7,2,85.2925074254483
19.5,94,82.8721224497977,72.5762190192557,4,-63.0198010068502,-4.8000000000036,3.60697105606286,5,1,46.2872779450239
19.5,95,190.663369989987,130.529041677893,8,-95.5480115641355,-6.40000000000001,-21.1695428927953,0,2,50.8416942766837
19.5,96,81.1607400102869,183.20532113372,3,-61.4538202636442,-5.60556634275908,6.53225288477359,7,2,79.9605344374634
19.5,97,66.8628897574193,119.621047811841,6,-44.1999309050654,-6.41397416263283,13.8304571072047,10,1,75.3903001014688
19.5,98,178.656171358541,42.9587094670133,1,-85.1228505406174,-6.40000000000049,-21.1695428927953,0,2,113.275169546981
19.5,99,115.803950426864,192.747771287295,8,-80.4774184686292,-6.40000000000007,-21.0469613614246,0,2,59.5734148462155
19.5,100,47.6157476517032,16.9859978701865,4,-63.0856978264039,-4.8,3.5410742365091,5,1,40.5938295297166
20,1,5.42858471127945,168.645431199759,7,-66.1990422788825,-5.60571007406945,1.78703086953522,4,1,128.901510485395
20,2,192.73041788909,35.6921866231039,1,-83.8446793323241,-6.40000000000074,-21.1695428927953,0,2,124.275559994649
20,3,157.339732643914,0.284304622265656,1,-67.4886481355779,-6.40000000000016,-8.05819102837328,0,1,120.605632418054
20,4,51.0767696501085,8.67986037928812,4,-79.4346182046843,-4.8,-12.8078461417712,0,1,47.5474854346107
20,5,49.4405042062113,88.2210071229028,6,-47.9495822815938,-6.44105655806161,13.8304571072047,10,1,44.8710198349921
20,6,119.923368207798,20.1703575556552,2,-71.8872717127127,-6.40000000000059,-12.456814605508,0,1,79.5696863754078
20,7,74.1974781653295,101.763608347774,6,-52.5088568811545,-6.41322054136592,11.7216002260502,9,1,61.7838093576577
20,8,152.552435188416,130.34997840347,6,-51.1502604762756,-6.43214936823556,13.080196630929,10,2,30.7390350228361
20,9,196.44491752118,163.085085148477,8,-96.8505195886517,-6.4,-21.1695428927953,0,2,53.6712196329848
20,10,59.7967506855054,104.923079678725,6,-48.2248599704164,-6.41919799983648,13.8304571072047,10,1,60.5373521504656
20,11,169.354591805523,70.8284942910503,1,-79.1310843048317,-6.40000000000037,-19.7006271976271,0,2,84.8232134511578
20,12,161.806526676719,123.968377146364,6,-59.4544589610666,-6.42491529721785,4.77599814613802,6,2,37.0039114224701
20,13,81.7235220868187,22.2618847233847,4,-74.3964533051831,-4.8000000000012,-7.76968124227007,0,1,48.2497139130552
20,14,180.78896813311,86.0444406651139,1,-73.4317322370706,-6.40000000000086,-14.0012751298659,0,2,74.7698075999918
20,15,189.782258219093,185.760111389736,8,-96.1836425669499,-6.4,-21.1695428927953,0,2,58.4265661802653
20,16,88.8162392004188,149.371274122537,6,-53.4166263704132,-6.4114796362305,10.8138307367914,9,2,65.5446251176201
20,17,142.295954048658,92.1124292458549,6,-48.4911777166611,-6.42323036932921,13.8304571072047,10,2,62.9489727623616
20,18,85.5675577408909,33.1793105072412,4,-65.8991127875214,-4.80000000000028,0.727659275391613,4,1,45.8283401255535
20,19,118.299944539086,65.8269252921862,2,-76.9578724741608,-6.40000000000111,-17.5274153669561,0,1,73.943383667822
20,20,32.2516993647322,180.503203879731,7,-59.9463739932839,-5.60393733250496,8.03969915513389,7,2,123.884453219207
20,21,79.6274477165884,50.778409026324,4,-66.6338869549992,-4.80000000000215,-0.00711489208619537,3,1,37.8238229005404
20,22,131.385432670866,41.3289987909968,1,-81.4215073390233,-6.40000000000063,-21.1695428927953,0,1,85.1529501132554
20,23,110.56154810879,196.283253560903,8,-63.5981792267095,-6.40000000000007,-4.16772211950488,2,2,65.1903447433596
20,24,189.994650531279,37.4363757493617,1,-85.9049148910053,-6.40000000000075,-21.1695428927953,0,2,121.747244632304
20,25,121.923215633228,84.7281340641347,6,-50.9089087283359,-6.40872839111354,13.3215483788688,10,2,74.8396439270511
20,26,148.751912973099,115.058983679299,6,-51.5349908215627,-6.4427763187332,12.695466285642,10,2,42.1269787992232
20,27,86.7344158633183,151.329773544565,8,-69.3503766769056,-6.40000000000121,-9.91991956970096,0,2,67.5022402134579
20,28,155.758199874343,85.6684239535352,1,-67.4571182257276,-6.40000000000087,-8.02666111852294,0,2,68.7310595176226
20,29,165.801805875171,165.508124844104,8,-84.5818747395758,-6.4,-21.1695428927953,0,2,32.2869788784411
20,30,66.2501185123546,36.8671300851652,4,-74.1899637872826,-4.80000000000004,-7.56319172436951,0,1,31.4450095224273
20,31,123.15543406899,157.501042303034,8,-65.9206749804,-6.40000000000096,-6.49021787319535,1,2,36.4574595337667
20,32,48.8888433029034,84.0395284910125,6,-48.6707683913055,-6.44766643023103,13.8304571072047,10,1,41.3784263728813
20,33,151.889882331727,12.3515337456532,1,-74.15110699199,-6.40000000000036,-14.7206498847854,0,1,111.135975871353
20,34,120.052318216851,69.9381557696896,2,-75.2229688575216,-6.4000000000009,-15.7925117503169,0,1,76.5317407553975
20,35,170.071814203398,41.2198144726387,1,-70.0386539225814,-6.40000000000081,-10.6081968153767,0,2,113.085173602833
20,36,19.7425477261142,36.7564128190475,4,-81.9208358918593,-4.80000000000001,-13.973227937087,0,1,40.5358609076699
20,37,80.0303958484158,77.7949898015262,4,-59.2876584661696,-4.8000000000025,7.33911359674345,7,1,47.1872454470431
20,38,29.5407650525962,165.053246594905,7,-61.3932466569134,-5.61308572264528,6.59282649150436,7,1,119.197650340354
20,39,54.0790924285497,127.683814179654,6,-42.2395234689455,-6.41780347215842,13.8304571072047,10,1,81.2629311589221
20,40,71.5990046080641,173.807015250804,3,-59.4052893851428,-5.61062431199364,8.58078376327491,8,2,85.2393104946207
20,41,188.319682508856,187.90498336245,8,-95.6139507378622,-6.4,-21.1695428927953,0,2,58.7999645517504
20,42,133.668029632515,43.4922156851334,1,-87.5962790089611,-6.40000000000114,-21.1695428927953,0,1,87.1489554686467
20,43,81.8811187782219,48.2301045532353,4,-65.0871790543764,-4.80000000000158,1.53959300853662,4,1,39.6457849517899
20,44,22.4878051013012,125.474272114369,7,-58.8930999938003,-5.60600118195261,9.0929731546174,8,1,83.6990837425225
20,45,38.1705031191259,190.230584696411,7,-65.3948768300843,-5.60395328670537,2.59119631833349,5,2,121.146961652551
20,46,71.8313870422377,100.415626944372,6,-51.5036428215834,-6.4143303244445,12.7268142856213,10,1,59.7544550672337
20,47,173.047278776616,70.599091212738,1,-83.3412009929957,-6.40000000000058,-21.1695428927953,0,2,85.9530765897892
20,48,126.022823130113,94.689808673122,6,-50.6514523175563,-6.41426744062108,13.5790047896484,10,2,64.7021813794998
20,49,53.8588491725463,143.85268364942,3,-56.3517757692665,-5.61394586853203,11.6342973791513,9,1,96.8269949194676
20,50,120.186722433487,18.0589082596454,5,-84.5036429706596,-6.40000000000047,-21.1695428927953,0,1,80.6142626805029
20,51,148.644936352295,44.7537517450037,1,-76.1599686725859,-6.40000000000081,-16.7295115653812,0,1,101.541107876079
20,52,185.515123479222,191.563712659124,8,-92.2907882594092,-6.4,-21.1695428927953,0,2,59.5072785947623
20,53,105.066456902591,170.277679846427,8,-74.4862051094004,-6.40000000000096,-15.0557480021958,0,2,54.6118814475466
20,54,105.845368459947,4.33615688919561,5,-81.9390558603742,-6.40000000000038,-21.1695428927953,0,1,75.8692411064943
20,55,193.623309967462,51.1499184938556,1,-81.3217204405157,-6.40000000000038,-21.1695428927953,0,2,110.573874790968
20,56,32.7556982877093,7.42115014270934,4,-88.0670364628556,-4.80000000000002,-13.973227937087,0,1,51.6001395028561
20,57,168.093072163039,124.846461321225,6,-58.595140354596,-6.41344265449244,5.63531675260871,6,2,38.8884271777809
20,58,9.98830962158126,75.8274974413077,4,-101.409288405463,-4.80000000000001,-13.973227937087,0,1,53.1059788632052
20,59,68.8353736479442,38.582531986809,4,-75.352455199342,-4.80000000000391,-8.72568313642896,0,1,32.2083820812209
20,60,35.4752886966676,155.835304636178,7,-59.7745884731475,-5.61384646556207,8.2114846752702,8,1,109.381574983531
20,61,1.28654962657965,188.76185670893,7,-63.1651747174473,-5.60286385247663,4.82089843097045,6,1,148.929859748115
20,62,155.06180612349,146.721019204934,8,-76.401295523418,-6.40000000000286,-16.9708384162134,0,2,24.2615662372858
20,63,85.1248436906559,95.6438127666015,6,-58.8296221043542,-6.41275003791928,5.4008350028505,6,1,62.2041983162357
20,64,132.526438796533,191.585489896456,8,-89.2897385983668,-6.4,-21.1695428927953,0,2,50.861855167301
20,65,185.722071612423,182.140128659873,8,-94.7956097194949,-6.4,-21.1695428927953,0,2,53.4911606768472
20,66,78.0549959360969,106.919631650406,6,-53.4351279161713,-6.41143203072209,10.7953291910334,9,1,67.6696184723417
20,67,195.457290833379,71.3887972571755,1,-92.0487050598576,-6.40000000000204,-21.1695428927953,0,2,93.7994482211055
20,68,61.7922988948885,145.772860208147,3,-55.772272950376,-5.60715751969818,12.2138001980418,9,2,91.3822589186137
20,69,80.3183017916591,57.9458458190943,4,-52.8666127701572,-4.80000000000275,13.7601592927558,10,1,39.1737908468268
20,70,26.5300664982882,71.1665401141765,4,-67.9455787148476,-4.8,-1.3188066519346,3,1,39.3841363873808
20,71,115.750262384903,52.0492301760846,2,-72.2743685047794,-6.40000000000119,-12.8439113975747,0,1,69.8537497060692
20,72,153.267282796532,143.619627041823,8,-76.4112731441999,-6.40000000000053,-16.9808160369952,0,2,24.5689701851329
20,73,77.2455588344608,132.375296826813,6,-54.3677993529877,-6.40747698926346,9.862657754217,8,2,78.4607473279017
20,74,82.3531336913679,110.767305713095,6,-50.1678525150745,-6.4120357347323,13.8304571072047,10,1,72.7436643514766
20,75,112.723062984993,157.553543659339,8,-66.9730716309502,-6.40000000000071,-7.54261452374549,0,2,44.7087916973198
20,76,162.649045194582,165.437779345684,8,-88.8402638563058,-6.40000000000001,-21.1695428927953,0,2,30.8313699900054
20,77,187.613001503577,94.4261424761433,1,-71.6367259559254,-6.40000000000093,-12.2062688487207,0,2,71.1016281261548
20,78,5.69982595133263,115.740824776668,7,-58.6058366314253,-5.61635392533147,9.3802365169924,8,1,82.6838041157926
20,79,33.4372865803559,68.5012542284799,4,-75.2639248418117,-4.80000000000001,-8.63715277889866,0,1,34.1887391380276
20,80,109.963383947618,26.2118494120631,2,-62.1572232403279,-6.40000000000079,-2.72676613312322,2,1,68.6566349513565
20,81,112.928635353558,93.8845433291198,6,-54.5480235745142,-6.4083621712084,9.68243353269048,8,2,71.2424069928222
20,82,196.129710373583,120.304854610749,1,-97.4473472969168,-6.40000000000001,-21.1695428927953,0,2,59.6825086506877
20,83,123.382174925938,158.258747915476,8,-67.4452807541082,-6.40000000000092,-8.01482364690351,0,2,36.454979478869
20,84,57.4401199663546,145.934382565559,3,-53.6338091784849,-5.60699689804545,14.3522639699328,11,2,95.5830039126521
20,85,19.4692697548841,194.457665071077,7,-60.4392289399575,-5.60541108668794,7.54684420846029,7,2,139.882112944777
20,86,133.722000803665,59.8239865778784,1,-79.5155725166505,-6.40000000000076,-20.0851154094459,0,1,87.5107657997072
20,87,177.516662204862,98.5042096798646,1,-73.0337694762751,-6.40000000000115,-13.6033123690704,0,2,62.9383279059097
20,88,109.928104868563,66.8613113384359,2,-79.5547792991849,-6.40000000000121,-20.1243221919803,0,1,66.542704883324
20,89,13.3623855745813,103.529133204646,7,-62.307870535567,-5.62672898995846,5.67820261285071,6,1,68.992266903084
20,90,138.703990434837,58.2238365688421,1,-71.5564640192379,-6.4000000000006,-12.1260069120333,0,1,92.131858805598
20,91,106.534722508165,127.660630089725,6,-42,-6.41599690249351,13.8304571072047,10,2,54.2266336354223
20,92,80.1229125619862,8.26162669217012,4,-89.1061857268061,-4.8,-13.973227937087,0,1,56.5838463485899
20,93,78.8197671922703,190.933001401164,3,-64.863275108493,-5.61486216272428,3.12279803992475,5,2,85.4071785406253
20,94,82.8310799606896,72.8358110755721,4,-61.5031153908498,-4.80000000000239,5.12365667206326,6,1,46.3853864796275
20,95,189.885317489152,129.33107605041,8,-84.2624565326885,-6.40000000000001,-21.1695428927953,0,2,50.6980568507752
20,96,81.2137001842352,181.757503990075,3,-62.9005478411957,-5.61161309353165,5.08552530722205,6,2,79.3242970471464
20,97,65.9979808379876,119.72937893491,6,-52.7496376056455,-6.41608492024353,11.4808195015592,9,1,75.301870345569
20,98,178.209035121124,43.6262772567216,1,-75.6961518685792,-6.40000000000083,-16.2656947613746,0,2,112.53163356465
20,99,115.943304432139,194.177658453551,8,-60.378284872703,-6.40000000000002,-0.947827765498336,3,2,60.5291171209404
20,100,47.2600395135914,16.0045956686899,4,-84.4819310507895,-4.80000000000003,-13.973227937087,0,1,41.417929681677
20.5,1,4.63557469724011,169.085038667761,7,-62.0482183674813,-5.60789168103708,5.93785478093648,7,1,129.581740679587
20.5,2,193.602401291589,36.0717246802095,1,-84.8844807448884,-6.40000000000055,-21.1695428927953,0,2,124.229913127776
20.5,3,156.589847322448,0.0863191578699909,1,-93.0718189836855,-6.40000000000014,-21.1695428927953,0,1,120.020919374219
20.5,4,52.2371520283956,8.81284867994907,4,-77.5702713785629,-4.80000000000001,-10.9434993156499,0,1,47.4724792175312
20.5,5,48.5742344395878,87.1993991063302,6,-50.8450408879678,-6.43909639438187,13.3854162192368,10,1,44.0236084539341
20.5,6,120.243516421556,19.9215355174431,2,-67.1725972286036,-6.40000000000032,-7.74214012139895,0,1,79.9444533716624
20.5,7,74.7974662396058,101.409159357458,6,-47.5538201403614,-6.41625916473188,13.8304571072047,10,1,61.725732055156
20.5,8,153.620193317134,129.893341398999,6,-57.1909523887542,-6.42249817667445,7.03950471845043,7,2,31.1389389631476
20.5,9,196.909295448655,162.861334840275,8,-91.2008060880925,-6.40000000000001,-21.1695428927953,0,2,54.0198660990836
20.5,10,59.6585013187507,105.315883986633,6,-54.3334914098356,-6.42252652337242,9.89696569736908,8,1,60.8718627031157
20.5,11,169.915014700634,71.8989567329782,1,-77.258355230076,-6.40000000000049,-17.8278981228714,0,2,83.9561240763512
20.5,12,161.369271385863,125.261696061713,6,-53.7352891495491,-6.40691125211885,10.4951679576556,9,2,35.965177791698
20.5,13,81.7435862247643,22.2325024041862,4,-70.1590209998848,-4.80000000000062,-3.53224893697173,2,1,48.2798010470484
20.5,14,181.382265409861,85.2216390274466,1,-60.5378251122334,-6.40000000000035,-1.10736800502874,3,2,75.7187733164332
20.5,15,188.999087722373,185.90456482248,8,-81.421253627201,-6.4,-21.1695428927953,0,2,57.9854862725925
20.5,16,89.5695274902842,148.441815002935,6,-52.0942803491069,-6.41340347899837,12.1361767580977,9,2,64.8576899699071
20.5,17,143.230698879129,92.2238468126585,6,-54.6752771927303,-6.41312740351487,9.55517991447432,8,2,62.7388023060065
20.5,18,85.766758495966,32.6608429018122,4,-78.9806545797397,-4.80000000000179,-12.3538825168267,0,1,46.1752897357926
20.5,19,118.914581775233,66.0946041063911,2,-82.1445281998895,-6.40000000000115,-21.1695428927953,0,1,74.5687995249801
20.5,20,31.8155106160503,179.311995993409,7,-59.2568195092586,-5.60573135320369,8.72925363915913,8,2,124.012163274666
20.5,21,78.8363524255587,50.5494144895968,4,-64.5119329623796,-4.80000000000235,2.11483910053347,4,1,37.203320785817
20.5,22,132.334825748785,42.3637134908675,1,-70.4907335980554,-6.40000000000063,-11.0602764908507,0,1,85.96270355644
20.5,23,110.163212832075,197.403750605912,8,-76.5067455466499,-6.40000000000036,-17.0762884394453,0,2,66.2294132796752
20.5,24,191.163798790792,36.8658680934852,1,-85.0861884577303,-6.40000000000076,-21.1695428927953,0,2,122.662301189605
20.5,25,122.163130666118,84.4345246798329,6,-52.1206067895912,-6.41301211909061,12.1098503176135,9,2,75.00648537474
20.5,26,150.096232672766,114.66617636286,6,-50.3379766325057,-6.43111471581823,13.8304571072047,10,2,42.4351075590463
20.5,27,86.6691005969279,150.517123288568,6,-53.786420391264,-6.41287540279982,10.4440367159406,9,2,67.5523518147046
20.5,28,155.828893589153,85.6547024678397,1,-75.3289652885629,-6.40000000000096,-15.8985081813582,0,2,68.7498604724104
20.5,29,165.67871813242,165.641604490157,8,-75.4475948409743,-6.4,-16.0171377337696,0,2,32.2913609701163
20.5,30,66.9170569538478,35.5636051742844,4,-84.1427670517065,-4.80000000000005,-13.973227937087,0,1,32.3550044281202
20.5,31,122.932418497041,157.73707621976,8,-84.9586654648967,-6.40000000000144,-21.1695428927953,0,2,36.6710555731586
20.5,32,48.5590530483516,84.3377914364535,6,-51.609491750065,-6.44368629017801,12.6209653571397,10,1,41.6342437045618
20.5,33,151.965001443542,11.1734654309263,1,-75.9735637277604,-6.40000000000031,-16.5431066205557,0,1,111.609190060788
20.5,34,119.189215031245,69.073460050937,2,-84.4671815634785,-6.40000000000183,-21.1695428927953,0,1,75.5194965221205
20.5,35,170.273057603598,42.0897792508194,1,-79.19620221345,-6.40000000000172,-19.7657451062454,0,2,112.284738975231
20.5,36,19.356622156433,37.2186641078675,4,-98.1260872306449,-4.80000000000001,-13.973227937087,0,1,40.6771330461124
20.5,37,80.7905133077301,78.4777268627856,4,-53.2618403944262,-4.8000000000025,13.3649316684868,10,1,48.0758425513784
20.5,38,29.4501491265843,165.103488735015,7,-60.7735183934374,-5.61287885035898,7.21255475498038,7,1,119.261726844329
20.5,39,54.3445906456883,127.853847303162,6,-50.0513914038605,-6.41783481319113,13.8304571072047,10,1,81.4392227847411
20.5,40,72.0736808757828,173.955384417098,3,-56.9544402166043,-5.60888484285316,11.0316329318135,9,2,84.8446913767754
20.5,41,187.47967705091,187.753086914471,8,-88.0196258418747,-6.4,-21.1695428927953,0,2,58.1573018924718
20.5,42,134.370874660349,43.9136809248726,1,-72.4635274643806,-6.40000000000064,-13.0330703571759,0,1,87.7937228441564
20.5,43,81.9942237873481,48.1931923802727,4,-67.7126572245489,-4.80000000000161,-1.08588516163586,3,1,39.7384563053173
20.5,44,22.3173407968609,125.450478400003,7,-57.9202340953427,-5.62040425272366,10.065839053075,8,1,83.7338301485514
20.5,45,38.9389386701484,190.732427995742,7,-65.9256849204507,-5.60697779761892,2.06038822796701,4,2,120.606550544079
20.5,46,70.938873513881,99.8071907631378,6,-48.0838433361338,-6.41857334524082,13.8304571072047,10,1,58.9189500563775
20.5,47,173.684500550833,71.1429254116278,1,-82.4761278048697,-6.40000000000109,-21.1695428927953,0,2,85.6250184173908
20.5,48,126.031383258297,94.8395633324236,6,-50.9207119229694,-6.41513257058128,13.3097451842353,10,2,64.5710334582646
20.5,49,53.4016514101686,143.771988702385,3,-52.3224299148087,-5.6128932488282,15.6636432336091,11,1,96.7316240818712
20.5,50,120.97844896081,18.1830942334084,5,-76.9148313307452,-6.40000000000031,-17.4843742235405,0,1,81.2558041584878
20.5,51,147.422857130964,44.9941458511223,1,-84.3810241596886,-6.4000000000005,-21.1695428927953,0,1,100.342023436445
20.5,52,185.629990610038,190.266276861123,8,-91.9776676564033,-6.4,-21.1695428927953,0,2,58.6780988370278
20.5,53,104.770562260393,170.555901422488,8,-68.2644477678326,-6.40000000000031,-8.83399066062798,0,2,54.9590494962571
20.5,54,106.592187023962,5.19349139191693,5,-104.646224271939,-6.40000000000055,-21.1695428927953,0,1,75.911453982922
20.5,55,193.26119627803,51.5766625440202,1,-88.2118455774975,-6.40000000000073,-21.1695428927953,0,2,110.049690864536
20.5,56,32.6565069382925,7.64010913959727,4,-92.099994862477,-4.80000000000001,-13.973227937087,0,1,51.4529601217144
20.5,57,168.832691302803,125.326428963287,6,-63.202003135877,-6.4109852448965,1.02845397132768,4,2,38.9320609448102
20.5,58,10.9223585434379,76.8173033948757,4,-86.6781596735558,-4.8,-13.973227937087,0,1,52.9006599503298
20.5,59,68.1979708226993,39.3194820895427,4,-79.3470907442361,-4.80000000000501,-12.720318681323,0,1,31.5830588274698
20.5,60,34.9601634861028,156.297403983401,7,-62.7316319043109,-5.60577541905251,5.25444124410683,6,1,109.898065387773
20.5,61,1.73548147013006,188.969774209357,7,-62.348759814162,-5.60710399404228,5.6373133342558,6,1,148.977554996449
20.5,62,155.495350731924,145.342359213025,8,-76.4802015134346,-6.40000000000077,-17.0497444062299,0,2,24.5793103517439
20.5,63,85.2923770202949,95.5758410591922,6,-56.0785252195672,-6.40778922793542,8.15193188763747,8,1,62.2491699863973
20.5,64,132.31835923633,192.104384326545,8,-89.8998459149235,-6.40000000000001,-21.1695428927953,0,2,51.3582476298881
20.5,65,185.881251043702,181.517671811376,8,-78.1556177281913,-6.4,-18.7251606209866,0,2,53.226664491313
20.5,66,78.2503213425016,108.073923153801,6,-46.9465500213934,-6.41389926546226,13.8304571072047,10,1,68.7234400072359
20.5,67,194.53147233107,70.5554729206902,1,-80.5555259356276,-6.40000000000011,-21.125068828423,0,2,94.0570832570734
20.5,68,62.5216675097631,144.474289083949,6,-48.0583139337476,-6.40639528862806,13.8304571072047,10,2,90.74823489413
20.5,69,81.117803453377,58.0670781144811,4,-53.0088000711605,-4.80000000000302,13.6179719917526,10,1,39.8201637498911
20.5,70,26.4321899770607,71.2797873830636,4,-76.8413833835553,-4.8,-10.2146113206423,0,1,39.5034304883228
20.5,71,115.748277597782,51.3479734825667,2,-73.1264830805086,-6.40000000000134,-13.6960259733039,0,1,69.8348268386533
20.5,72,153.271435686797,143.618356882356,8,-73.0613920588616,-6.40000000000018,-13.6309349516569,0,2,24.5698526722043
20.5,73,77.264311244149,132.3695482932,6,-42,-6.40916039935626,13.8304571072047,10,2,78.4446508448717
20.5,74,82.0679604971966,110.478146192416,6,-45.4685200122101,-6.41272293216368,13.8304571072047,10,1,72.3754810507056
20.5,75,112.846054885474,156.301971492654,8,-77.17220095191,-6.40000000000116,-17.7417438447054,0,2,44.4114904306018
20.5,76,162.448764987141,164.466364396305,8,-75.8557246422751,-6.40000000000001,-16.4252675350705,0,2,30.2737088668001
20.5,77,187.627936413668,93.3242230578022,1,-65.9140315721001,-6.40000000000053,-6.4835744648954,1,2,71.973990376752
20.5,78,5.44966183364427,115.843343912404,7,-63.2477981785589,-5.6115425790661,4.73827496985885,6,1,82.8995088544182
20.5,79,33.4262112999392,68.6938789190955,4,-73.1772837794099,-4.80000000000001,-6.5505117164969,1,1,34.2987110678531
20.5,80,110.838277842746,25.179108795656,2,-71.8027588084466,-6.40000000000113,-12.372301701242,0,1,69.7826818848992
20.5,81,113.020421578496,94.1607708343897,6,-49.0010279310434,-6.40934471272274,13.8304571072047,10,2,70.9771705130723
20.5,82,195.983259701975,120.447380724474,1,-96.9725093731856,-6.40000000000001,-21.1695428927953,0,2,59.4984661891669
20.5,83,123.308004969964,157.427043609727,8,-85.6235131089838,-6.40000000000148,-21.1695428927953,0,2,36.3300643470977
20.5,84,57.5602790974349,145.614156265698,3,-61.809347201843,-5.60470939840995,6.17672594657472,7,2,95.4808233406366
20.5,85,20.7956671484144,194.073913706036,7,-63.5645537226102,-5.60487540420062,4.42151942580756,6,2,138.522631714065
20.5,86,132.575120856665,59.8053451934404,1,-72.2845044903799,-6.40000000000081,-12.8540473831752,0,1,86.4120673219623
20.5,87,178.36650418281,98.8860284672787,1,-74.6650884775003,-6.4000000000021,-15.2346313702956,0,2,63.004338306193
20.5,88,109.895809624186,66.8680610211027,2,-63.2416914550811,-6.40000000000122,-3.81123434787644,2,1,66.5153327673284
20.5,89,12.3598257657553,103.397019123954,7,-60.1193563792498,-5.60759490208812,7.86671676916793,7,1,69.4281957687816
20.5,90,139.201052235765,57.6170595268732,1,-74.7420880311982,-6.40000000000073,-15.3116309239936,0,1,92.5586155676695
20.5,91,106.655100990137,127.351453217845,6,-47.1060878905898,-6.4146253256425,13.8304571072047,10,2,54.258519529367
20.5,92,80.3486899195028,8.46186368026167,4,-72.1482983597197,-4.8,-5.52152629680664,1,1,56.557137027499
20.5,93,78.8195729101307,190.923997686695,3,-58.2381520655316,-5.61717586681146,9.74792108288617,8,2,85.4030256335035
20.5,94,81.6698503389756,72.2253744793644,4,-55.4127077377515,-4.8000000000025,11.2140643251615,9,1,45.2680537602523
20.5,95,190.135376969537,129.419931144388,8,-63.3922199443991,-6.4,-3.96176283719443,2,2,50.8589984033168
20.5,96,80.6358860983931,180.516192811388,3,-58.1588341170715,-5.60307336811342,9.82723903134621,8,2,79.3402062075522
20.5,97,66.5650167522002,120.794700689901,6,-56.1928792506139,-6.41547361534852,8.03757785659077,7,1,76.4103358569592
20.5,98,178.133233180596,43.6636591174347,1,-88.0163728345009,-6.40000000000169,-21.1695428927953,0,2,112.477314163732
20.5,99,116.793513784237,193.07822292164,8,-81.1382882105635,-6.4000000000001,-21.1695428927953,0,2,59.2507722893483
20.5,100,46.8517122998345,15.2174692605877,4,-75.5045525124458,-4.80000000000003,-8.87778044953273,0,1,42.0949659707806
21,1,3.84256468320077,169.524646135762,7,-62.3794948572517,-5.61231304460988,5.60657829116601,6,1,130.264729949835
21,2,194.474384694088,36.451262737315,1,-81.6370856455703,-6.40000000000034,-21.1695428927953,0,2,124.191532029636
21,3,155.839962000982,0.517914947219946,1,-79.3959575835826,-6.40000000000017,-19.965500476378,0,1,119.175602778168
21,4,53.3975344066827,8.94583698061003,4,-90.5055110720357,-4.80000000000003,-13.973227937087,0,1,47.4261272008082
21,5,47.7079646729643,86.1777910897577,6,-53.785052350063,-6.43905220164545,10.4454047571417,9,1,43.2011110282424
21,6,120.563664635315,19.6727134792311,2,-80.3144177814497,-6.40000000000065,-20.883960674245,0,1,80.3195186394815
21,7,75.397454313882,101.054710367142,6,-44.8761319508538,-6.41392346232371,13.8304571072047,10,1,61.6754743500078
21,8,154.687951445852,129.436704394528,6,-57.6901835110549,-6.46412245176987,6.54027359614976,7,2,31.5765104930344
21,9,197.373673376131,162.637584532073,8,-96.2157554426301,-6.40000000000001,-21.1695428927953,0,2,54.3711639746074
21,10,59.520251951996,105.708688294542,6,-53.2870932211353,-6.41597322237896,10.9433638860693,9,1,61.2073782213214
21,11,170.475437595745,72.9694191749062,1,-81.7228231636406,-6.40000000000081,-21.1695428927953,0,2,83.0975566848302
21,12,160.932016095008,126.555014977063,6,-60.7598970332706,-6.46598925930217,3.47056007393405,5,2,34.9489098346036
21,13,81.7636503627099,22.2031200849876,4,-78.6198356757244,-4.80000000000035,-11.9930636128114,0,1,48.3098956464832
21,14,181.975562686613,84.3988373897793,1,-77.0407118712814,-6.40000000000052,-17.6102547640767,0,2,76.6694146641156
21,15,188.215917225653,186.049018255224,8,-89.3961415355932,-6.4,-21.1695428927953,0,2,57.5520464150792
21,16,90.3228157801496,147.512355883333,6,-57.7845659436589,-6.41117956344034,6.44589116354581,7,2,64.1857047142208
21,17,144.1654437096,92.3352643794622,6,-46.0598837035318,-6.42080666088604,13.8304571072047,10,2,62.5420960737036
21,18,85.9659592510412,32.1423752963832,4,-68.87241961123,-4.80000000000054,-2.245647548317,3,1,46.5262827324812
21,19,119.529219011379,66.362282920596,2,-59.8034741261155,-6.4000000000008,-0.373017018910834,3,1,75.1949905160303
21,20,31.3793218673684,178.120788107087,7,-62.2068546483356,-5.60472862965653,5.77921850008211,6,2,124.152704378153
21,21,78.045257134529,50.3204199528695,4,-72.9285995044007,-4.80000000000345,-6.30182744148761,1,1,36.5908337796237
21,22,133.284218826705,43.3984281907381,1,-70.7069656150087,-6.4000000000007,-11.276508507804,0,1,86.7876250160544
21,23,109.76487755536,198.524247650921,8,-75.1457821046197,-6.40000000000079,-15.715324997415,0,2,67.2734545584144
21,24,192.332947050304,36.2953604376088,1,-84.2575786659533,-6.40000000000041,-21.1695428927953,0,2,123.584276766817
21,25,122.403045699007,84.1409152955311,6,-48.3276703070627,-6.41172890249671,13.8304571072047,10,2,75.1748689709633
21,26,151.440552372434,114.273369046421,6,-52.9172932377086,-6.44501734152423,11.3131638694961,9,2,42.786882924922
21,27,86.6037853305375,149.704473032572,6,-57.3845382760472,-6.40938786170837,6.84591883115745,7,2,67.6122575470236
21,28,155.899587303963,85.6409809821443,1,-64.7799257431115,-6.40000000000123,-5.34946863590685,1,2,68.7687316976094
21,29,165.555630389668,165.775084136209,8,-100.100709482548,-6.4,-21.1695428927953,0,2,32.2967632484194
21,30,67.583995395341,34.2600802634037,4,-69.9942054314526,-4.8,-3.36743336853958,2,1,33.3045337360826
21,31,122.709402925092,157.973110136486,8,-73.1168956943644,-6.40000000000296,-13.6864385871598,0,2,36.8862735167635
21,32,48.2292627937998,84.6360543818945,6,-52.7119042245417,-6.44440555763383,11.5185528826629,9,1,41.8932187042125
21,33,152.040120555357,9.99539711619951,1,-70.7957962184445,-6.40000000000019,-11.3653391112398,0,1,112.092838552882
21,34,118.326111845639,68.2087643321844,2,-60.9039816317901,-6.4000000000009,-1.47352452458543,3,1,74.5135333912426
21,35,170.474301003798,42.9597440290001,1,-84.7185767857641,-6.40000000000068,-21.1695428927953,0,2,111.485709397803
21,36,18.9706965867517,37.6809153966874,4,-87.9789593211891,-4.80000000000001,-13.973227937087,0,1,40.8267989900629
21,37,81.5506307670445,79.1604639240451,4,-61.5771867709235,-4.80000000000256,5.04958529198957,6,1,48.9696330194939
21,38,29.3595332005724,165.153730875125,7,-61.0078094589174,-5.61118734418382,6.97826368950038,7,1,119.325858908113
21,39,54.6100888628269,128.02388042667,6,-57.5563344945236,-6.41502542521853,6.67412261268106,7,1,81.6163515244248
21,40,72.5483571435015,174.103753583392,3,-64.644168124486,-5.61263616389378,3.34190502393172,5,2,84.4511569960973
21,41,186.639671592964,187.601190466492,8,-91.2603636769025,-6.4,-21.1695428927953,0,2,57.5201274245605
21,42,135.073719688183,44.3351461646119,1,-72.0692327845808,-6.40000000000077,-12.6387756773761,0,1,88.4413836988085
21,43,82.1073287964742,48.1562802073101,4,-71.3969716340583,-4.80000000000327,-4.77019957114523,1,1,39.8312674304855
21,44,22.1468764924207,125.426684685637,7,-64.0621741984552,-5.62218020670692,3.9238989499626,5,1,83.7689157850033
21,45,39.7073742211708,191.234271295073,7,-63.6366139149285,-5.60663020971052,4.34945923348922,6,2,120.070722619732
21,46,70.0463599855243,99.1987545819038,6,-46.8532362915919,-6.41709745164917,13.8304571072047,10,1,58.091514019516
21,47,174.321722325051,71.6867596105177,1,-89.4037175642102,-6.40000000000145,-21.1695428927953,0,2,85.3039260360138
21,48,126.039943386482,94.9893179917253,6,-42.0484584854746,-6.41638692627852,13.8304571072047,10,2,64.4399677835
21,49,52.9444536477909,143.691293755349,3,-51.4178322241756,-5.61464546192668,16.5682409242421,12,1,96.6383895397429
21,50,121.770175488133,18.3072802071714,5,-79.8628252526928,-6.40000000000044,-20.4323681454882,0,1,81.9001622554205
21,51,146.200777909634,45.2345399572409,1,-78.7441739427479,-6.40000000000076,-19.3137168355433,0,1,99.1440834333437
21,52,185.744857740855,188.968841063121,8,-92.6597344391172,-6.4,-21.1695428927953,0,2,57.8663583502255
21,53,104.474667618195,170.834122998549,8,-73.2445757174056,-6.40000000000107,-13.8141186102009,0,2,55.3070209791896
21,54,107.339005587977,6.05082589463826,5,-79.9336360795063,-6.40000000000041,-20.5031789723016,0,1,75.9706618791848
21,55,192.899082588597,52.0034065941849,1,-83.1809148382658,-6.40000000000071,-21.1695428927953,0,2,109.525858161842
21,56,32.5573155888757,7.8590681364852,4,-86.7078114635273,-4.80000000000002,-13.973227937087,0,1,51.3064847537958
21,57,169.572310442568,125.806396605349,6,-56.2021032679833,-6.40221379575641,8.02835383922135,7,2,38.9955866897515
21,58,11.8564074652945,77.8071093484437,4,-75.1044164150766,-4.8,-8.47764435216352,0,1,52.7296783772663
21,59,67.5605679974545,40.0564321922763,4,-66.9760232324369,-4.80000000000016,-0.349251169523885,3,1,30.975766159048
21,60,34.445038275538,156.759503330625,7,-54.8535963942905,-5.61240621977263,13.1324767541272,10,1,110.416476966308
21,61,2.18441331368047,189.177691709784,7,-60.5523350620538,-5.61099535149469,7.43373808636398,7,1,149.02687744102
21,62,155.928895340358,143.963699221117,8,-55.5935003584351,-6.40000000000001,3.83695674876961,5,2,24.9767637425282
21,63,85.459910349934,95.5078693517828,6,-53.1287185930489,-6.413617076738,11.1017385141558,9,1,62.2946339178929
21,64,132.110279676126,192.623278756635,8,-88.4056986623052,-6.40000000000001,-21.1695428927953,0,2,51.8559156242777
21,65,186.040430474981,180.895214962879,8,-93.4490344458544,-6.4,-21.1695428927953,0,2,52.9686410664318
21,66,78.4456467489062,109.228214657196,6,-48.6424692232522,-6.41414666207424,13.8304571072047,10,1,69.7809876000793
21,67,193.605653828761,69.7221485842048,1,-85.2760317133618,-6.40000000000218,-21.1695428927953,0,2,94.3304641871873
21,68,63.2510361246378,143.175717959751,6,-49.3787360390508,-6.40628858157005,13.8304571072047,10,2,90.134363917508
21,69,81.917305115095,58.1883104098678,4,-63.5647664693321,-4.80000000000292,3.06200559358097,5,1,40.4723707383002
21,70,26.3343134558332,71.3930346519507,4,-69.1980295265703,-4.8,-2.57125746365725,2,1,39.6229308762782
21,71,115.746292810661,50.6467167890489,2,-76.1073753098267,-6.40000000000125,-16.676918202622,0,1,69.8229422249621
21,72,153.275588577062,143.617086722889,8,-53.8238739281493,-6.40000000000001,5.60658317905539,6,2,24.5707358951518
21,73,77.2830636538371,132.363799759587,6,-50.115454424068,-6.40875987525883,13.8304571072047,10,2,78.4285559633215
21,74,81.7827873030253,110.188986671738,6,-48.4569415107299,-6.40943747968208,13.8304571072047,10,1,72.0077057357055
21,75,112.969046785955,155.050399325969,8,-75.124629155306,-6.40000000000226,-15.6941720481014,0,2,44.1480240700821
21,76,162.248484779701,163.494949446927,8,-91.699983300503,-6.40000000000001,-21.1695428927953,0,2,29.7386791901334
21,77,187.642871323758,92.2223036394611,1,-66.546090474443,-6.40000000000044,-7.11563336723835,0,2,72.8525768811761
21,78,5.19949771595592,115.94586304814,7,-71.2537070708134,-5.61157573956747,-3.26763392239561,2,1,83.115533193662
21,79,33.4151360195224,68.8865036097112,4,-74.3742383202532,-4.80000000000007,-7.74746625734011,0,1,34.4094134191586
21,80,111.713171737874,24.1463681792488,2,-98.9166238259232,-6.40000000000279,-21.1695428927953,0,1,70.916682411625
21,81,113.112207803433,94.4369983396597,6,-54.8784356689163,-6.41067530155877,9.35202143828841,8,2,70.7121373361325
21,82,195.836809030366,120.589906838198,1,-72.6741834503617,-6.4,-13.243726343157,0,2,59.314556745137
21,83,123.23383501399,156.595339303978,8,-70.8428743357431,-6.40000000000321,-11.4124172285384,0,2,36.2239711875008
21,84,57.6804382285152,145.293929965836,3,-58.217738300334,-5.60688323433235,9.76833484808373,8,2,95.3797598070232
21,85,22.1220645419448,193.690162340995,7,-60.6133699524481,-5.60365272723898,7.37270319596968,7,2,137.163576296322
21,86,131.428240909665,59.7867038090024,1,-79.9431621294606,-6.40000000000069,-20.512705022256,0,1,85.3146411179675
21,87,179.216346160758,99.2678472546929,1,-69.4289884231284,-6.40000000000315,-9.99853131592375,0,2,63.0840408119076
21,88,109.86351437981,66.8748107037695,2,-62.6262786080566,-6.40000000000149,-3.19582150085195,2,1,66.4879657546367
21,89,11.3572659569293,103.264905043263,7,-65.5802069059363,-5.61490977367108,2.4058662424815,5,1,69.8760402684019
21,90,139.698114036694,57.0102824849043,1,-91.7263668550336,-6.40000000000075,-21.1695428927953,0,1,92.9900302304384
21,91,106.775479472108,127.042276345966,6,-48.6165017865071,-6.40976563784703,13.8304571072047,10,2,54.2924142974057
21,92,80.5744672770195,8.66210066835323,4,-84.4578063092767,-4.8,-13.973227937087,0,1,56.5320260598088
21,93,78.8193786279911,190.914993972227,3,-62.8364838294341,-5.61532825416163,5.14958931898365,6,2,85.3988734741431
21,94,80.5086207172616,71.6149378831567,4,-58.2329230000131,-4.80000000000332,8.39384906289997,8,1,44.1614252234056
21,95,190.385436449922,129.508786238366,8,-56.340898574261,-6.4,3.08955853294368,5,2,51.020812603051
21,96,80.058072012551,179.274881632701,3,-57.1383451505295,-5.61457762306559,10.8477279978883,9,2,79.379732836601
21,97,67.1320526664128,121.860022444892,6,-43.0032364793188,-6.41550797489293,13.8304571072047,10,1,77.5217392371009
21,98,178.057431240068,43.7010409781479,1,-87.0592177796583,-6.40000000000059,-21.1695428927953,0,2,112.423032057139
21,99,117.643723136334,191.97878738973,8,-76.8237696021391,-6.40000000000018,-17.3933124949344,0,2,57.9775580995813
21,100,46.4433850860776,14.4303428524856,4,-77.1795905372027,-4.80000000000001,-10.5528184742896,0,1,42.7796682927493
21.5,1,3.04955466916143,169.964253603763,7,-59.7894434345492,-5.60975982883171,8.19662971386858,8,1,130.950435125173
21.5,2,195.346368096587,36.8308007944206,1,-77.6891407869444,-6.40000000000075,-18.2586836797397,0,2,124.160423438321
21.5,3,155.090076679515,0.9495107365699,1,-83.2274031157627,-6.40000000000062,-21.1695428927953,0,1,118.330573874584
21.5,4,54.5579167849698,9.07882528127099,4,-61.5821057481914,-4.8,5.04466631472163,6,1,47.4085134314445
21.5,5,46.8416949063408,85.1561830731851,6,-49.6183638945721,-6.44503038077466,13.8304571072047,10,1,42.404977294416
21.5,6,120.883812849074,19.4238914410191,2,-81.237407857662,-6.40000000000037,-21.1695428927953,0,1,80.6948780198165
21.5,7,75.9974423881583,100.700261376826,6,-52.4711828520631,-6.4151049736452,11.7592742551416,9,1,61.6330553713187
21.5,8,155.755709574571,128.980067390056,6,-49.8784961634689,-6.4350183603036,13.8304571072047,10,2,32.0502068578876
21.5,9,197.838051303607,162.413834223871,8,-70.2059410718421,-6.4,-10.7754839646374,0,2,54.7250621988158
21.5,10,59.3820025852413,106.10149260245,6,-45.493732133936,-6.42210297430201,13.8304571072047,10,1,61.5438822689327
21.5,11,171.035860490856,74.0398816168341,1,-78.5432904543996,-6.40000000000194,-19.1128333471949,0,2,82.2477781546428
21.5,12,160.494760804152,127.848333892413,6,-59.2067489191158,-6.44457104497328,5.02370818808889,6,2,33.9571246674157
21.5,13,81.7837145006555,22.1737377657891,4,-77.7614880554421,-4.80000000000012,-11.134715992529,0,1,48.3399976974167
21.5,14,182.568859963364,83.5760357521119,1,-72.0833790849772,-6.40000000000053,-12.6529219777725,0,2,77.6216700781291
21.5,15,187.432746728932,186.193471687969,8,-93.5043942144889,-6.4,-21.1695428927953,0,2,57.1264205118802
21.5,16,91.0761040700151,146.582896763731,6,-60.3186432116137,-6.41150317233844,3.91181389559096,5,2,63.5291437538317
21.5,17,145.100188540071,92.4466819462659,6,-49.9124612744828,-6.42358767040525,13.8304571072047,10,2,62.3589814809153
21.5,18,86.1651600061163,31.6239076909542,4,-67.2005985945909,-4.8000000000002,-0.573826531677827,3,1,46.8812282989532
21.5,19,120.143856247525,66.6299617348009,2,-69.9130699106577,-6.40000000000096,-10.4826128034531,0,1,75.8219374361693
21.5,20,30.9431331186865,176.929580220765,7,-58.0617382574999,-5.60301627227497,9.92433489091782,8,2,124.306033009108
21.5,21,77.2541618434993,50.0914254161423,4,-64.903369684318,-4.80000000000418,1.72340237859505,4,1,35.9867711304914
21.5,22,134.233611904624,44.4331428906088,1,-76.8098951634949,-6.4000000000006,-17.3794380562902,0,1,87.6272861189665
21.5,23,109.366542278645,199.64474469593,8,-69.5203098524661,-6.40000000000004,-10.0898527452614,0,2,68.3222406125355
21.5,24,193.502095309816,35.7248527817323,1,-76.9534171015535,-6.40000000000077,-17.5229599943488,0,2,124.513017665227
21.5,25,122.642960731897,83.8473059112293,6,-51.8567025430735,-6.41130489764367,12.3737545641311,10,2,75.3447843763523
21.5,26,152.784872072101,113.880561729981,6,-52.8054511349032,-6.44105914370896,11.4250059723014,9,2,43.1812382105893
21.5,27,86.538470064147,148.891822776575,6,-58.7711011172878,-6.40903445100018,5.45935598991687,6,2,67.6819314038664
21.5,28,155.970281018773,85.6272594964488,1,-73.8203058616885,-6.40000000000111,-14.3898487544838,0,2,68.7876731353856
21.5,29,165.432542646917,165.908563782262,8,-96.7884170203264,-6.4,-21.1695428927953,0,2,32.3031852015124
21.5,30,68.2509338368342,32.9565553525229,4,-66.5192163849073,-4.8,0.107555678005764,3,1,34.290313375181
21.5,31,122.486387353144,158.209144053212,8,-57.2552316552764,-6.40000000000077,2.17522545192831,4,2,37.1030851408295
21.5,32,47.899472539248,84.9343173273355,6,-49.4115008749514,-6.44577207919538,13.8304571072047,10,1,42.155293175832
21.5,33,152.115239667172,8.81732880147269,1,-77.0524635542019,-6.40000000000024,-17.6220064469973,0,1,112.586786877191
21.5,34,117.463008660033,67.3440686134317,2,-69.1208131752317,-6.40000000000102,-9.690356068027,0,1,73.514109214022
21.5,35,170.675544403998,43.8297088071808,1,-98.7879709604549,-6.40000000000186,-21.1695428927953,0,2,110.688115298661
21.5,36,18.5847710170704,38.1431666855073,4,-99.8295579336829,-4.80000000000001,-13.973227937087,0,1,40.9847667834961
21.5,37,82.3107482263589,79.8432009853045,4,-59.6575363012134,-4.80000000000288,6.96923576169969,7,1,49.8683376101153
21.5,38,29.2689172745605,165.203973015234,7,-71.1726633314588,-5.61211916585215,-3.1865901830411,2,1,119.390046442171
21.5,39,54.8755870799655,128.193913550178,6,-53.7041707412654,-6.41384054192202,10.5262863659393,9,1,81.7943119395662
21.5,40,73.0230334112202,174.252122749686,3,-64.383543011664,-5.60264884424492,3.6025301367537,5,2,84.0587225877003
21.5,41,185.799666135019,187.449294018513,8,-86.2011474111509,-6.4,-21.1695428927953,0,2,56.8886255578726
21.5,42,135.776564716017,44.7566114043511,1,-73.0879742744633,-6.40000000000046,-13.6575171672587,0,1,89.0918749294574
21.5,43,82.2204338056004,48.1193680343475,4,-60.714811022177,-4.80000000000316,5.91196104073608,7,1,39.9242173525206
21.5,44,21.9764121879804,125.402890971271,7,-56.1603809003,-5.62067703042372,11.8256922481177,9,1,83.8043402258102
21.5,45,40.4758097721932,191.736114594404,7,-62.7117153340973,-5.60674537794722,5.27435781432044,6,2,119.539539510967
21.5,46,69.1538464571677,98.5903184006698,6,-55.367540611029,-6.41719202046005,8.8629164961757,8,1,57.2724966836895
21.5,47,174.958944099268,72.2305938094075,1,-78.5490551586035,-6.40000000000184,-19.1185980513988,0,2,84.9898783961228
21.5,48,126.048503514666,95.1390726510269,6,-48.7223751883542,-6.41602769565854,13.8304571072047,10,2,64.3089848580761
21.5,49,52.4872558854133,143.610598808313,3,-50.4525475232678,-5.61168083048111,17.53352562515,12,1,96.5472974820658
21.5,50,122.561902015456,18.4314661809343,5,-77.3370335905883,-6.40000000000116,-17.9065764833836,0,1,82.5472710123489
21.5,51,144.978698688303,45.4749340633595,1,-69.6520157324904,-6.40000000000064,-10.2215586252857,0,1,97.9473298577067
21.5,52,185.859724871671,187.671405265119,8,-87.8874540204619,-6.4,-21.1695428927953,0,2,57.0728012499892
21.5,53,104.178772975996,171.11234457461,8,-84.2380030567048,-6.40000000000144,-21.1695428927953,0,2,55.6557808266342
21.5,54,108.085824151992,6.90816039735958,5,-64.3703095943771,-6.40000000000015,-4.93985248717248,1,1,76.0468250997752
21.5,55,192.536968899165,52.4301506443495,1,-85.6717176688921,-6.4000000000002,-21.1695428927953,0,2,109.002381746514
21.5,56,32.4581242394589,8.07802713337313,4,-89.4273722937866,-4.80000000000001,-13.973227937087,0,1,51.1607194459622
21.5,57,170.311929582333,126.286364247411,6,-56.7704266011962,-6.4084280948109,7.46003050600842,7,2,39.0789074049429
21.5,58,12.7904563871511,78.7969153020117,4,-79.6313131860575,-4.8,-13.0045411231445,0,1,52.5933690381947
21.5,59,66.9231651722096,40.79338229501,4,-63.8040115557521,-4.80000000000113,2.8227605071609,5,1,30.3875851131959
21.5,60,33.9299130649733,157.221602677849,7,-66.8454721782726,-5.6099922378583,1.14060097014516,4,1,110.936782785989
21.5,61,2.63334515723089,189.385609210212,7,-60.054867277948,-5.61056273636012,7.93120587046979,7,1,149.077825466754
21.5,62,156.362439948793,142.585039229208,8,-67.0100328360618,-6.40000000000005,-7.5795757288571,0,2,25.4501922455289
21.5,63,85.6274436795731,95.4398976443734,6,-54.4543189299795,-6.41325416118401,9.77613817722516,8,1,62.3405890337289
21.5,64,131.902200115923,193.142173186724,8,-86.2252423047827,-6.40000000000001,-21.1695428927953,0,2,52.3548227761056
21.5,65,186.199609906261,180.272758114382,8,-79.7714501110506,-6.4,-20.3409930038459,0,2,52.7171854447611
21.5,66,78.6409721553108,110.382506160591,6,-47.8963363745836,-6.41226932641933,13.8304571072047,10,1,70.842094380637
21.5,67,192.679835326452,68.8888242477195,1,-70.5511575471438,-6.40000000000015,-11.1207004399392,0,2,94.6194545292373
21.5,68,63.9804047395125,141.877146835553,6,-57.7469558321609,-6.40483154732999,6.48350127504372,7,2,89.5410604823802
21.5,69,82.716806776813,58.3095427052546,4,-53.6396894210665,-4.80000000000275,12.9870826418465,10,1,41.1301342769722
21.5,70,26.2364369346056,71.5062819208378,4,-91.3443793222877,-4.80000000000001,-13.973227937087,0,1,39.742635690421
21.5,71,115.74430802354,49.945460095531,2,-77.0646207639024,-6.40000000000081,-17.6341636566977,0,1,69.8180994592037
21.5,72,153.279741467327,143.615816563422,8,-57.1090119160446,-6.40000000000003,2.32144519116012,4,2,24.5716198538961
21.5,73,77.3018160635253,132.358051225974,6,-54.0523077632112,-6.40810936066572,10.1781493439935,8,2,78.4124626842371
21.5,74,81.4976141088541,109.899827151059,6,-47.8395477202019,-6.41228840349476,13.8304571072047,10,1,71.6403446898255
21.5,75,113.092038686436,153.798827159284,8,-57.9070535694085,-6.40000000000236,1.5234035377962,4,2,43.9190015381687
21.5,76,162.04820457226,162.523534497549,8,-90.5885183530294,-6.40000000000001,-21.1695428927953,0,2,29.2275238384354
21.5,77,187.657806233849,91.12038422112,1,-69.5438752306313,-6.40000000000044,-10.1134181234266,0,2,73.7371651517379
21.5,78,4.94933359826757,116.048382183877,7,-59.7560900920708,-5.61722682422869,8.22998305634696,8,1,83.3318746479859
21.5,79,33.4040607391057,69.0791283003268,4,-70.1053605821847,-4.80000000000002,-3.47858851927161,2,1,34.5208391649395
21.5,80,112.588065633002,23.1136275628417,2,-83.6840538622731,-6.40000000000093,-21.1695428927953,0,1,72.0582610289101
21.5,81,113.203994028371,94.7132258449296,6,-43.0520463539307,-6.4120770906912,13.8304571072047,10,2,70.4473097565684
21.5,82,195.690358358757,120.732432951923,1,-84.1987779814721,-6.40000000000001,-21.1695428927953,0,2,59.1307815597369
21.5,83,123.159665058017,155.76363499823,8,-56.0324572654625,-6.40000000000103,3.39799984174219,5,2,36.1368657770796
21.5,84,57.8005973595956,144.973703665975,3,-58.9843640443268,-5.60674237807692,9.001709104091,8,2,95.2798168663482
21.5,85,23.4484619354752,193.306410975955,7,-65.1424112470836,-5.60524291290479,2.84366190133419,5,2,135.8049594754
21.5,86,130.281360962665,59.7680624245644,2,-65.9973784537587,-6.40000000000072,-6.56692134655406,1,1,84.2185369235771
21.5,87,180.066188138707,99.6496660421071,1,-73.7400067592484,-6.40000000000121,-14.3095496520437,0,2,63.1773836025476
21.5,88,109.831219135433,66.8815603864363,2,-63.7581961453587,-6.4000000000015,-4.32773903815403,2,1,66.4606038515534
21.5,89,10.3547061481034,103.132790962572,7,-62.623256371905,-5.60707947078661,5.36281677651272,6,1,70.3355727926883
21.5,90,140.195175837622,56.4035054429354,1,-63.6456472649842,-6.40000000000058,-4.21519015777956,2,1,93.4260382673763
21.5,91,106.89585795408,126.733099474086,6,-44.9454958278144,-6.41585593009577,13.8304571072047,10,2,54.3283141796029
21.5,92,80.8002446345361,8.86233765644478,4,-67.5560938266142,-4.8,-0.929321763701114,3,1,56.5085155763238
21.5,93,78.8191843458515,190.905990257759,3,-51.7635197987834,-5.61515568216609,16.2225533496344,12,2,85.3947220626531
21.5,94,79.3473910955477,71.004501286949,4,-60.1577578112115,-4.80000000000308,6.46901425170152,7,1,43.0663260381992
21.5,95,190.635495930307,129.597641332345,8,-90.0137294992208,-6.40000000000002,-21.1695428927953,0,2,51.1834911734792
21.5,96,79.4802579267088,178.033570454014,3,-60.2178501311195,-5.60920592352763,7.76822301729826,7,2,79.4428416818259
21.5,97,67.6990885806254,122.925344199882,6,-47.497171641913,-6.41127919938744,13.8304571072047,10,1,78.6359559187536
21.5,98,177.98162929954,43.738422838861,1,-95.1304852863201,-6.40000000000084,-21.1695428927953,0,2,112.368787298918
21.5,99,118.493932488431,190.879351857819,8,-89.7518084694325,-6.40000000000011,-21.1695428927953,0,2,56.7098201227873
21.5,100,46.0350578723207,13.6432164443834,4,-93.3646133674959,-4.80000000000003,-13.973227937087,0,1,43.4716744166336
22,1,2.25654465512209,170.403861071764,7,-68.7000851120972,-5.6115767661867,-0.714011963679408,3,1,131.638813764243
22,2,196.218351499086,37.2103388515261,1,-92.1389509220281,-6.40000000000117,-21.1695428927953,0,2,124.136592821298
22,3,154.340191358049,1.38110652591985,1,-88.3923027175349,-6.40000000000074,-21.1695428927953,0,1,117.485838871237
22,4,55.7182991632569,9.21181358193194,4,-74.7975395357532,-4.8,-8.1707674728402,0,1,47.4196699334314
22,5,45.9754251397173,84.1345750566125,6,-55.7050802531041,-6.43937147000209,8.52537685410056,8,1,41.6367195766133
22,6,121.203961062832,19.175069402807,2,-66.9549729623875,-6.40000000000027,-7.52451585518283,0,1,81.0705274274139
22,7,76.5974304624345,100.345812386509,6,-47.0542239883276,-6.41578940575601,13.8304571072047,10,1,61.5984913131939
22,8,156.823467703289,128.523430385585,6,-56.2713517025572,-6.42204714512107,7.95910540464746,7,2,32.5584513437088
22,9,198.302429231082,162.190083915669,8,-90.8678416249431,-6.4,-21.1695428927953,0,2,55.0815106500791
22,10,59.2437532184866,106.494296910359,6,-44.9926910953357,-6.42306859184206,13.8304571072047,10,1,61.881358719408
22,11,171.596283385967,75.1103440587621,1,-63.9544403734312,-6.40000000000068,-4.5239832662265,2,2,81.4070637173703
22,12,160.057505513297,129.141652807762,6,-56.9840045168193,-6.41020202292709,7.24645259038541,7,2,32.9920303216086
22,13,81.8037786386011,22.1443554465906,4,-78.5686664139543,-4.80000000000207,-11.9418943510413,0,1,48.370107185937
22,14,183.162157240115,82.7532341144446,1,-70.4791951373919,-6.40000000000025,-11.0487380301872,0,2,78.5754808759375
22,15,186.649576232212,186.337925120713,8,-101.389514779768,-6.4,-21.1695428927953,0,2,56.7087845053943
22,16,91.8293923598805,145.653437644128,6,-51.735775437206,-6.41321410073089,12.4946816699986,10,2,62.8884901832936
22,17,146.034933370542,92.5580995130695,6,-52.8678775937553,-6.42094534181027,11.3625795134493,9,2,62.1895785877864
22,18,86.3643607611915,31.1054400855252,4,-76.3343911317691,-4.80000000000145,-9.70761906885601,0,1,47.2400373404992
22,19,120.758493483671,66.8976405490058,2,-68.2317051014294,-6.4000000000009,-8.80124799422472,0,1,76.4496216877632
22,20,30.5069443700045,175.738372334444,7,-56.9670457710867,-5.60586760364416,11.0190273773311,9,2,124.47210191131
22,21,76.4630665524696,49.862430879415,4,-61.1094062053059,-4.80000000000133,5.51736585760713,6,1,35.391564201422
22,22,135.183004982544,45.4678575904795,1,-74.9720385855031,-6.40000000000076,-15.5415814782985,0,1,88.4812672415819
22,23,108.968207001931,199.327701772994,8,-93.4927949852776,-6.40000000000156,-21.1695428927953,0,2,68.3306680696296
22,24,194.671243569329,35.1543451258558,1,-92.398283617742,-6.40000000000135,-21.1695428927953,0,2,125.44837362637
22,25,122.882875764787,83.5536965269275,6,-42,-6.41321251899981,13.8304571072047,10,2,75.5162212509581
22,26,154.129191771768,113.487754413542,6,-55.3657817167044,-6.44510301107634,8.86467539050022,8,2,43.6170184956956
22,27,86.4731547977566,148.079172520579,6,-57.4370236166585,-6.40747006098818,6.79343349054622,7,2,67.7613432537719
22,28,156.040974733582,85.6135380107534,1,-80.2230770815379,-6.40000000000165,-20.7926199743333,0,2,68.8066847277536
22,29,165.309454904165,166.042043428315,8,-84.9114068286193,-6.4,-21.1695428927953,0,2,32.3106262213937
22,30,68.9178722783274,31.6530304416422,4,-70.3141514701808,-4.8,-3.68737940726779,2,1,35.3093073213624
22,31,122.263371781195,158.445177969938,8,-56.1904693767662,-6.40000000000068,3.23998773043844,5,2,37.3214626708567
22,32,47.5696822846962,85.2325802727765,6,-55.6416071590218,-6.43680742368208,8.58884994818288,8,1,42.4204096735871
22,33,152.190358778987,7.63926048674586,1,-79.2140635262526,-6.40000000000078,-19.7836064190479,0,1,113.090900073736
22,34,116.599905474427,66.4793728946791,2,-64.9190834171397,-6.40000000000108,-5.48862630993507,1,1,72.5214943324015
22,35,170.876787804197,44.6996735853616,1,-77.6919492090811,-6.400000000001,-18.2614921018764,0,2,109.891987933838
22,36,18.1988454473891,38.6054179743272,4,-90.6244083213595,-4.80000000000001,-13.973227937087,0,1,41.1509408205794
22,37,83.0708656856733,80.5259380465639,4,-66.9206194232699,-4.8000000000022,-0.293847360356867,3,1,50.7716953707723
22,38,29.1783013485487,165.254215155344,7,-64.4947824099618,-5.6136902596376,3.49129073845598,5,1,119.454289357085
22,39,55.1410852971041,128.363946673686,6,-53.6632418237529,-6.41540693501314,10.5672152834517,9,1,81.9730986135599
22,40,73.4977096789389,174.40049191598,3,-58.0881568018962,-5.61093029320231,9.89791634652157,8,2,83.6674036295481
22,41,184.959660677073,187.297397570534,8,-98.1455212418902,-6.4,-21.1695428927953,0,2,56.2629873024047
22,42,136.479409743852,45.1780766440904,1,-74.57820259175,-6.40000000000077,-15.1477454845453,0,1,89.7451349906792
22,43,82.3335388147265,48.0824558613848,4,-65.0002445637901,-4.80000000000131,1.62652749912298,4,1,40.0173051042541
22,44,21.8059478835402,125.379097256905,7,-60.5739360002601,-5.61984318706896,7.41213714815763,7,1,83.8401030415135
22,45,41.2442453232157,192.237957893736,7,-62.3379858966804,-5.60377059606352,5.6480872517374,6,2,119.013063410492
22,46,68.261332928811,97.9818822194358,6,-45.9850179246589,-6.42001854251966,13.8304571072047,10,1,56.462264404261
22,47,175.596165873485,72.7744280082974,1,-72.999389914761,-6.40000000000136,-13.5689328075563,0,2,84.6829538742515
22,48,126.05706364285,95.2888273103285,6,-46.6656244146122,-6.4169269610361,13.8304571072047,10,2,64.1780851886496
22,49,52.0300581230356,143.529903861278,3,-54.9875593715327,-5.61456224941386,12.9985137768851,10,1,96.4583539787133
22,50,123.353628542779,18.5556521546973,5,-77.8521103579813,-6.40000000000089,-18.4216532507767,0,1,83.1970662452016
22,51,143.756619466972,45.7153281694781,1,-78.5531379144958,-6.40000000000062,-19.1226808072911,0,1,96.7518067354296
22,52,185.974592002487,186.373969467117,8,-100.273014299364,-6.4,-21.1695428927953,0,2,56.2981964590358
22,53,103.882878333798,171.390566150671,8,-68.3194015347851,-6.40000000000241,-8.8889444275804,0,2,56.0053143105322
22,54,108.832642716007,7.7654949000809,5,-80.259018252314,-6.40000000000108,-20.8285611451094,0,1,76.1398927631527
22,55,192.174855209733,52.8568946945141,1,-84.6257001740514,-6.40000000000059,-21.1695428927953,0,2,108.479266776443
22,56,32.3589328900421,8.29698613026107,4,-93.6339159085747,-4.80000000000002,-13.973227937087,0,1,51.0156702847044
22,57,171.051548722098,126.766331889474,6,-59.2776401423643,-6.40509079914261,4.95281696484039,6,2,39.1818968079512
22,58,13.7245053090078,79.7867212555797,4,-85.9127743689124,-4.80000000000108,-13.973227937087,0,1,52.4920020406329
22,59,66.2857623469648,41.5303323977436,4,-76.87084867969,-4.80000000000276,-10.2440766167769,0,1,29.8196466195448
22,60,33.4147878544085,157.683702025072,7,-53.9603811669167,-5.61293574112129,14.025691981501,10,1,111.458956319081
22,61,3.0822770007813,189.593526710639,7,-63.5500694274024,-5.61141132445542,4.43600372101531,6,1,149.130397407589
22,62,156.795984557227,141.206379237299,8,-47.8437163227314,-6.40000000000001,11.5867407844733,9,2,25.9954452206588
22,63,85.7949770092122,95.371925936964,6,-52.8301984087691,-6.40913715596229,11.4002586984355,9,1,62.3870342484669
22,64,131.694120555719,193.661067616814,8,-74.4847985585129,-6.4,-15.0543414513082,0,2,52.8549339954988
22,65,186.35878933754,179.650301265885,8,-76.4011236930663,-6.4,-16.9706665858616,0,2,52.4723920480985
22,66,78.8362975617154,111.536797663986,6,-52.616111395089,-6.41283228033512,11.6143457121157,9,1,71.9066027830972
22,67,191.754016824143,68.0554999112341,1,-83.9763311274336,-6.40000000000156,-21.1695428927953,0,2,94.9239117174833
22,68,64.7097733543872,140.578575711355,6,-52.9846812167334,-6.40718142609036,11.2457758904713,9,2,88.9687360643428
22,69,83.516308438531,58.4307750006414,4,-74.7666823869125,-4.80000000000274,-8.1399103239995,0,1,41.7931920108788
22,70,26.1385604133781,71.6195291897248,4,-61.6359479700212,-4.8,4.99082409289187,6,1,39.8625430891127
22,71,115.742323236419,49.2442034020132,2,-77.0588249405784,-6.40000000000212,-17.6283678333737,0,1,69.8203000066548
22,72,153.283894357592,143.614546403955,8,-48.2132782680468,-6.40000000000002,11.2171788391579,9,2,24.5725045483579
22,73,77.3205684732134,132.352302692361,6,-48.698508788392,-6.40896941750307,13.8304571072047,10,2,78.3963710086055
22,74,81.2124409146828,109.61066763038,6,-54.6981586777824,-6.41201197407341,9.53229842942225,8,1,71.2734043188075
22,75,113.215030586917,152.5472549926,8,-66.5413286252827,-6.40000000000315,-7.11087151807803,0,2,43.7249640676672
22,76,161.847924364819,161.55211954817,8,-90.2144621068155,-6.4,-21.1695428927953,0,2,28.7415166233393
22,77,187.67274114394,90.0184648027789,1,-67.5261179386726,-6.40000000000022,-8.09566083146791,0,2,74.6275417651806
22,78,4.69916948057921,116.150901319613,7,-65.7542443464297,-5.60772063034992,2.23182880198809,4,1,83.5485307539664
22,79,33.392985458689,69.2717529909425,4,-65.6618465072304,-4.80000000000012,0.964925555682623,4,1,34.6329813229993
22,80,113.46295952813,22.0808869464345,2,-77.9211598023383,-6.40000000000042,-18.4907026951337,0,1,73.2070632232084
22,81,113.295780253309,94.9894533501995,6,-52.8804222922024,-6.41014492065743,11.3500348150023,9,2,70.1826901017854
22,82,195.543907687148,120.874959065648,1,-76.9811528023047,-6.4,-17.5506956951,0,2,58.9471418886717
22,83,123.085495102043,154.931930692481,8,-57.9703854252278,-6.40000000000189,1.46007168197683,4,2,36.0688856808411
22,84,57.9207564906759,144.653477366113,3,-55.520614200299,-5.60542348439657,12.4654589481188,10,2,95.1809980485814
22,85,24.7748593290055,192.922659610914,7,-67.8507026112238,-5.60640089588351,0.135370537193967,3,2,134.446794547675
22,86,129.134481015665,59.7494210401264,2,-88.9781416699889,-6.40000000000309,-21.1695428927953,0,1,83.1238070364702
22,87,180.916030116655,100.031484829521,1,-73.3994519660035,-6.40000000000039,-13.9689948587989,0,2,63.2843063208904
22,88,109.798923891056,66.8883100691031,2,-72.224360379128,-6.40000000000154,-12.7939032719233,0,1,66.4332470643919
22,89,9.35214633927739,103.00067688188,7,-64.0999934729227,-5.61924292357086,3.88607967549506,5,1,70.8065657772002
22,90,140.69223763855,55.7967284009666,1,-77.9614785371041,-6.40000000000068,-18.5310214298994,0,1,93.86657567016
22,91,107.016236436051,126.423922602207,6,-48.737222663485,-6.4152193279746,13.8304571072047,10,2,54.3662152038211
22,92,81.0260219920527,9.06257464453634,4,-86.4901496246547,-4.80000000000001,-13.973227937087,0,1,56.4866075754731
22,93,78.8189900637119,190.896986543291,3,-60.2279136563688,-5.60525898763147,7.75815949204891,7,2,85.3905713991428
22,94,78.1861614738337,70.3940646907413,4,-56.2287353837599,-4.80000000000347,10.3980366791531,9,1,41.9836584070418
22,95,190.885555410692,129.686496426323,8,-71.525277122424,-6.4,-12.0948200152193,0,2,51.3470258990578
22,96,78.9024438408667,176.792259275326,3,-60.7234746303502,-5.61144784846971,7.26259851806751,7,2,79.5294766038192
22,97,68.266124494838,123.990665954873,6,-42,-6.41493045883844,13.8304571072047,10,1,79.7528679892238
22,98,177.905827359012,43.7758046995741,1,-81.652715797757,-6.40000000000048,-21.1695428927953,0,2,112.314579943185
22,99,119.344141840529,189.779916325908,8,-87.0776094450351,-6.40000000000001,-21.1695428927953,0,2,55.4479339776506
22,100,45.6267306585638,12.8560900362812,4,-67.4068800721403,-4.8,-0.780108009227252,3,1,44.1706410653682
22.5,1,1.46353464108275,170.843468539765,7,-62.8990514225062,-5.60967170449838,5.08702172591153,6,1,132.329824145045
22.5,2,197.090334901585,37.5898769086316,1,-84.0015170701625,-6.40000000000029,-21.1695428927953,0,2,124.120044370601
22.5,3,153.590306036583,1.81270231526981,1,-77.8904146823205,-6.40000000000008,-18.4599575751158,0,1,116.641404153541
22.5,4,56.878681541544,9.3448018825929,4,-69.8581623050852,-4.8,-3.23139024217214,2,1,47.4595764173639
22.5,5,45.1091553730937,83.11296704004,4,-87.8228142415554,-4.80000000000435,-13.973227937087,0,1,40.897908838464
22.5,6,121.524109276591,18.926247364595,5,-85.6730727759657,-6.40000000000074,-21.1695428927953,0,1,81.4464628492608
22.5,7,77.1974185367108,99.9913633961929,6,-51.802340678255,-6.41276719095642,12.4281164289497,10,1,61.5717954039935
22.5,8,157.891225832008,128.066793381114,6,-55.6896670597228,-6.41021599889938,8.54079004748189,8,2,33.0996525316885
22.5,9,198.766807158558,161.966333607466,8,-75.8607770530243,-6.4,-16.4303199458196,0,2,55.4404601391906
22.5,10,59.1055038517319,106.887101218267,6,-57.0828534570339,-6.42127416684935,7.14760365017073,7,1,62.2197917499833
22.5,11,172.156706281078,76.18080650069,1,-69.3026539622444,-6.4000000000007,-9.87219685503972,0,2,80.5756970935687
22.5,12,159.620250222442,130.434971723112,6,-58.9758636677853,-6.41103814177723,5.25459343941936,6,2,32.0560375876032
22.5,13,81.8238427765467,22.114973127392,4,-65.9287939544565,-4.80000000000018,0.697978108456578,4,1,48.4002240981634
22.5,14,183.755454516867,81.9304324767773,1,-84.1846624513358,-6.40000000000039,-21.1695428927953,0,2,79.5307910965232
22.5,15,185.866405735491,186.482378553457,8,-78.946558304125,-6.4,-19.5161011969203,0,2,56.2993162063328
22.5,16,92.5826806497459,144.723978524526,6,-50.238429988927,-6.41053087141687,13.8304571072047,10,2,62.2642350308644
22.5,17,146.969678201013,92.6695170798732,6,-51.7471615423908,-6.42431543214795,12.4832955648139,10,2,62.0339997264433
22.5,18,86.5635615162666,30.5869724800962,4,-61.9083269217242,-4.80000000000031,4.71844514118883,6,1,47.6026224933286
22.5,19,121.373130719817,67.1653193632107,2,-72.2322425841124,-6.40000000000091,-12.8017854769078,0,1,77.0780252574566
22.5,20,30.0707556213226,174.547164448122,7,-58.7372051662297,-5.60426484872603,9.24886798218805,8,2,124.650860164235
22.5,21,75.6719712614399,49.6334363426878,4,-55.7486385037826,-4.80000000000396,10.8781335591305,9,1,34.8056673167324
22.5,22,136.132398060463,46.5025722903501,1,-71.9071877789186,-6.40000000000056,-12.4767306717139,0,1,89.3491577813149
22.5,23,108.569871725216,198.207204727985,8,-82.0929379735679,-6.40000000000173,-21.1695428927953,0,2,67.7690203304649
22.5,24,195.840391828841,34.5838374699794,1,-86.5661102137577,-6.40000000000058,-21.1695428927953,0,2,126.390197785184
22.5,25,123.122790797676,83.2600871426257,6,-45.5699448448346,-6.41301582051652,13.8304571072047,10,2,75.6891692563434
22.5,26,155.473511471436,113.094947097103,6,-52.7719878526977,-6.44475974478679,11.4584692545069,9,2,44.0929955615807
22.5,27,86.4078395313661,147.266522264582,6,-52.772329136866,-6.40916500629553,11.4581279703387,9,2,67.8504589048483
22.5,28,156.111668448392,85.5998165250579,1,-65.0722198476822,-6.400000000003,-5.64176274047754,1,2,68.8257664165774
22.5,29,165.186367161414,166.175523074368,8,-95.8591908985519,-6.4,-21.1695428927953,0,2,32.3190856041855
22.5,30,69.5848107198206,30.3495055307614,4,-62.4823384510936,-4.8,4.14443361181946,5,1,36.3587230773686
22.5,31,122.040356209246,158.681211886665,8,-67.6549350123883,-6.40000000000192,-8.2244779051836,0,2,37.541378780314
22.5,32,47.2398920301444,85.5308432182176,6,-52.7918156607736,-6.44252906608361,11.4386414464311,9,1,42.688511520113
22.5,33,152.265477890802,6.46119217201904,1,-84.8063742604201,-6.40000000000022,-21.1695428927953,0,1,113.605042825202
22.5,34,115.736802288821,65.6146771759265,2,-69.6768253166746,-6.40000000000101,-10.24636820947,0,1,71.5359721990831
22.5,35,171.078031204397,45.5696383635423,1,-73.8394448616993,-6.40000000000063,-14.4089877544946,0,2,109.097359413392
22.5,36,17.8129198777078,39.0676692631472,4,-90.5024706203258,-4.80000000000001,-13.973227937087,0,1,41.3252221063456
22.5,37,83.8309831449877,81.2086751078234,6,-47.9274533373322,-6.41749512085625,13.8304571072047,10,1,51.6794622895993
22.5,38,29.0876854225368,165.304457295453,7,-59.438424391942,-5.61067179843512,8.54764875647577,8,1,119.518587563549
22.5,39,55.4065835142427,128.533979797194,6,-48.7819977573988,-6.41490196433445,13.8304571072047,10,1,82.152706151913
22.5,40,73.9723859466576,174.548861082274,3,-57.902668107521,-5.60874766049054,10.0834050408968,8,2,83.2772158461171
22.5,41,184.119655219127,187.145501122555,8,-90.2488860507707,-6.4,-21.1695428927953,0,2,55.6434104447046
22.5,42,137.182254771686,45.5995418838297,1,-74.259963583688,-6.40000000000058,-14.8295064764834,0,1,90.401103857792
22.5,43,82.4466438238526,48.0455436884222,4,-52.3148273726186,-4.80000000000119,14.3119446902944,11,1,40.1105297260684
22.5,44,21.6354835791,125.355303542539,7,-62.7898996443097,-5.60548259571707,5.19617350410806,6,1,83.8762037992881
22.5,45,42.0126808742381,192.739801193067,7,-64.1671828412961,-5.60810525633504,3.81889030712168,5,2,118.491357060302
22.5,46,67.3688194004543,97.3734460382018,6,-47.7210617536641,-6.42219893441356,13.8304571072047,10,1,55.6612008215778
22.5,47,176.233387647702,73.3182622071872,1,-74.2419216072275,-6.40000000000064,-14.8114645000228,0,2,84.3832301965284
22.5,48,126.065623771035,95.4385819696302,6,-42.5441153885777,-6.41692733830162,13.8304571072047,10,2,64.0472692856957
22.5,49,51.5728603606579,143.449208914242,3,-52.7358815398577,-5.61455082858221,15.2501916085601,11,1,96.371564978534
22.5,50,124.145355070102,18.6798381284602,5,-82.7667056125688,-6.40000000000047,-21.1695428927953,0,1,83.8494854971157
22.5,51,142.534540245642,45.9557222755967,1,-78.7732441803173,-6.40000000000074,-19.3427870731126,0,1,95.5575602492255
22.5,52,186.089459133303,185.076533669116,8,-71.3667444181077,-6.4,-11.936287310903,0,2,55.5433369070942
22.5,53,103.5869836916,171.668787726732,8,-53.1382958022174,-6.40000000000075,6.29216130498723,7,2,56.3556070359463
22.5,54,109.579461280022,8.62282940280223,5,-65.6103730025478,-6.40000000000019,-6.17991589534318,1,1,76.249802970547
22.5,55,191.8127415203,53.2836387446788,1,-88.8122740238456,-6.4000000000013,-21.1695428927953,0,2,107.956518505893
22.5,56,32.2597415406253,8.515945127149,4,-95.6638664652627,-4.80000000000001,-13.973227937087,0,1,50.8713433958563
22.5,57,171.791167861862,127.246299531536,6,-57.2498067930526,-6.40145624811957,6.98065031415207,7,2,39.3044002853681
22.5,58,14.6585542308644,80.7765272091477,4,-82.3912859973207,-4.80000000000068,-13.973227937087,0,1,52.4257800715274
22.5,59,65.6483595217199,42.2672825004773,4,-60.4563686052181,-4.80000000000235,6.1704034576949,7,1,29.2731289008952
22.5,60,32.8996626438437,158.145801372296,7,-56.9431876774142,-5.611774051227,11.0428854710035,9,1,111.982971438297
22.5,61,3.53120884433171,189.801444211066,7,-62.5514498161045,-5.60885001717614,5.4346233323133,6,1,149.184591546745
22.5,62,157.229529165661,139.82771924539,8,-63.9456467198028,-6.40000000000001,-4.51518961259812,2,2,26.6081075559264
22.5,63,85.9625103388513,95.3039542295546,6,-46.3777674689982,-6.41305250983839,13.8304571072047,10,1,62.4339684683391
22.5,64,131.486040995516,194.179962046904,8,-71.4628007955835,-6.4,-12.0323436883788,0,2,53.3562154250614
22.5,65,186.517968768819,179.027844417388,8,-69.8941775938737,-6.4,-10.4637204866691,0,2,52.2343545429685
22.5,66,79.03162296812,112.691089167381,6,-44.5127716370602,-6.41197931162546,13.8304571072047,10,1,72.974363944851
22.5,67,190.828198321834,67.2221755747487,1,-85.3861939221076,-6.40000000000173,-21.1695428927953,0,2,95.2436874274864
22.5,68,65.4391419692619,139.280004587157,6,-52.4282889041013,-6.40675735738013,11.8021682031034,9,2,88.417798053028
22.5,69,84.315810100249,58.5520072960281,4,-56.2897801884386,-4.80000000000192,10.3369918744744,9,1,42.4612959249676
22.5,70,26.0406838921506,71.7327764586119,4,-73.8052270142367,-4.8,-7.1784549513237,0,1,39.9826512497089
22.5,71,115.740338449298,48.5429467084953,2,-69.8227669303207,-6.40000000000099,-10.392309823116,0,1,69.8295432014451
22.5,72,153.288047247857,143.613276244488,8,-66.2622119146172,-6.40000000000001,-6.83175480741251,0,2,24.5733899784577
22.5,73,77.3393208829016,132.346554158748,6,-56.0595740320287,-6.40573858538506,8.17088307517593,8,2,78.3802809374142
22.5,74,80.9272677205116,109.321508109701,6,-46.2052923712934,-6.41114040297333,13.8304571072047,10,1,70.9068911535794
22.5,75,113.338022487398,151.295682825915,8,-59.6926862546272,-6.40000000000144,-0.262229147422549,3,2,43.5663791141738
22.5,76,161.647644157378,160.580704598792,8,-103.546966798552,-6.40000000000001,-21.1695428927953,0,2,28.2819540382874
22.5,77,187.687676054031,88.9165453844378,1,-71.9379706851843,-6.40000000000018,-12.5075135779796,0,2,75.5235019985501
22.5,78,4.44900536289086,116.253420455349,7,-65.9984746825663,-5.60621831214765,1.98759846585149,4,1,83.765499070102
22.5,79,33.3819101782723,69.4643776815581,4,-85.145336703207,-4.8000000000004,-13.973227937087,0,1,34.7458329566777
22.5,80,114.337853423258,21.0481463300274,2,-74.7987041835825,-6.40000000000064,-15.3682470763779,0,1,74.3627542123079
22.5,81,113.387566478247,95.2656808554695,6,-46.9665730303535,-6.41213270690212,13.8304571072047,10,2,69.9182807325817
22.5,82,195.39745701554,121.017485179372,1,-86.4657987413045,-6.4,-21.1695428927953,0,2,58.763639002411
22.5,83,123.011325146069,154.100226386732,8,-65.3770076276014,-6.40000000000329,-5.94655052039677,1,2,36.0201391834295
22.5,84,58.0409156217563,144.333251066252,3,-54.1094274462057,-5.60587219076265,13.876645702212,10,2,95.0833068585811
22.5,85,26.1012567225359,192.538908245874,7,-63.5788095008163,-5.60397874534906,4.40726364760147,6,2,133.089095347762
22.5,86,127.987601068665,59.7307796556884,2,-66.1533006255777,-6.40000000000079,-6.722843518373,0,1,82.0305064787049
22.5,87,181.765872094604,100.413303616936,1,-79.788551441455,-6.40000000000117,-20.3580943342503,0,2,63.4047402653534
22.5,88,109.76662864668,66.8950597517699,2,-71.9986712110891,-6.40000000000105,-12.5682141038845,0,1,66.4058953994749
22.5,89,8.34958653045142,102.868562801189,7,-61.6552977592174,-5.61474096161207,6.33077538920034,7,1,71.2887920703359
22.5,90,141.189299439479,55.1899513589977,1,-73.6305717706101,-6.40000000000063,-14.2001146634054,0,1,94.3115789676522
22.5,91,107.136614918023,126.114745730327,6,-49.2767359240833,-6.41520201278494,13.8304571072047,10,2,54.4061131878835
22.5,92,81.2517993495693,9.26281163262789,4,-81.9007522898765,-4.80000000000001,-13.973227937087,0,1,56.4663039224677
22.5,93,78.8187957815723,190.887982828823,3,-60.2644036922544,-5.60370364412879,7.72166945616334,7,2,85.3864214837211
22.5,94,77.0249318521198,69.7836280945335,4,-63.5627602869454,-4.80000000000407,3.06401177596761,5,1,40.9144092245572
22.5,95,191.135614891077,129.775351520302,8,-98.503013444372,-6.40000000000001,-21.1695428927953,0,2,51.5114086256076
22.5,96,78.3246297550246,175.550948096639,3,-59.7554020826466,-5.61134522230992,8.23067106577117,8,2,79.6395608249535
22.5,97,68.8331604090506,125.055987709864,6,-53.6821942872806,-6.41418540902719,10.5482628199241,9,1,80.8723637721583
22.5,98,177.830025418484,43.8131865602873,1,-82.8630213590604,-6.4000000000013,-21.1695428927953,0,2,112.260410044119
22.5,99,120.194351192626,188.680480793998,8,-76.1365743107728,-6.40000000000003,-16.7061172035682,0,2,54.1923084513231
22.5,100,45.2184034448069,12.0689636281791,4,-86.8280632493563,-4.80000000000003,-13.973227937087,0,1,44.8762430006907
23.0000000000001,1,0.670524627043413,171.283076007767,7,-65.2141103828823,-5.60219249979817,2.77196276553548,5,1,133.02342525464
23.0000000000001,2,197.962318304084,37.9694149657372,1,-81.3995759261307,-6.40000000000051,-21.1695428927953,0,2,124.11078099916
23.0000000000001,3,152.840420715116,2.24429810461976,1,-86.5253940939936,-6.40000000000053,-21.1695428927953,0,1,115.797276290863
23.0000000000001,4,58.0390639198311,9.47779018325386,4,-89.7102005706552,-4.8,-13.973227937087,0,1,47.5281604645028
23.0000000000001,5,44.2428856064702,82.0913590234674,4,-67.14122346197,-4.80000000000147,-0.514451399056969,3,1,40.190169072962
23.0000000000001,6,121.844257490349,18.677425326383,5,-86.8186124177499,-6.40000000000053,-21.1695428927953,0,1,81.8226803430681
23.0000000000001,7,77.797406610987,99.6369144058766,6,-45.6594518151104,-6.41427921632157,13.8304571072047,10,1,61.5529778811136
23.0000000000001,8,158.958983960726,127.610156376642,6,-60.1759511319698,-6.44455155326074,4.05450597523489,5,2,33.6722213565866
23.0000000000001,9,199.231185086034,161.742583299264,8,-64.6520261312126,-6.4,-5.22156902400797,1,2,55.8018624018543
23.0000000000001,10,58.9672544849772,107.279905526176,6,-50.4592731440451,-6.42190027914021,13.7711839631596,10,1,62.5591658359187
23.0000000000001,11,172.717129176189,77.251268942618,1,-76.4884762797008,-6.40000000000209,-17.0580191724961,0,2,79.7539706125467
23.0000000000001,12,159.182994931586,131.728290638461,6,-55.8909540477129,-6.41345317601286,8.33950305949176,8,2,31.1517697556027
23.0000000000001,13,81.8439069144923,22.0855908081935,4,-82.8289491905739,-4.80000000000167,-13.973227937087,0,1,48.4303484202464
23.0000000000001,14,184.348751793618,81.10763083911,1,-68.384455165095,-6.40000000000018,-8.95399805789036,0,2,80.4875473497604
23.0000000000001,15,185.083235238771,186.626831986202,8,-91.2112232191634,-6.4,-21.1695428927953,0,2,55.8981951065004
23.0000000000001,16,93.3359689396113,143.794519404924,6,-50.9259658603809,-6.41048792048929,13.3044912468238,10,2,61.6568763839733
23.0000000000001,17,147.904423031484,92.7809346466769,6,-53.6442457837621,-6.42162734045007,10.5862113234426,9,2,61.8923491454222
23.0000000000001,18,86.7627622713417,30.0685048746672,4,-80.8439034240088,-4.80000000000028,-13.973227937087,0,1,47.9688981294167
23.0000000000001,19,121.987767955963,67.4329981774156,2,-75.5568839695928,-6.40000000000096,-16.1264268623881,0,1,77.7071306942638
23.0000000000001,20,29.6345668726407,173.3559565618,7,-62.5003600631549,-5.6035134605399,5.48571308526286,6,2,124.842253259277
23.0000000000001,21,74.8808759704101,49.4044418059605,4,-63.7168035507027,-4.80000000000299,2.90996851221034,5,1,34.229558551308
23.0000000000001,22,137.081791138383,47.5372869902208,1,-74.2853410138133,-6.40000000000043,-14.8548839066086,0,1,90.2305563722037
23.0000000000001,23,108.171536448501,197.086707682976,8,-89.8684748139465,-6.4000000000004,-21.1695428927953,0,2,67.223719054372
23.0000000000001,24,197.009540088354,34.0133298141029,1,-90.8282066023986,-6.40000000000085,-21.1695428927953,0,2,127.338346620846
23.0000000000001,25,123.362705830566,82.9664777583239,6,-54.0177637857292,-6.40770450675958,10.2126933214754,8,2,75.8636180576319
23.0000000000001,26,156.817831171103,112.702139780664,6,-53.0201392872921,-6.4452715243097,11.2103178199125,9,2,44.6078826982275
23.0000000000001,27,86.3425242649757,146.453872008586,6,-53.7597746673651,-6.40876945946708,10.4706824398395,9,2,67.9492401774052
23.0000000000001,28,156.182362163202,85.5860950393625,1,-75.5274672070105,-6.400000000002,-16.0970100998059,0,2,68.8449181435713
23.0000000000001,29,165.063279418662,166.309002720421,8,-87.6258996599818,-6.4,-21.1695428927953,0,2,32.3285625504659
23.0000000000001,30,70.2517491613138,29.0459806198807,4,-64.362272235337,-4.8,2.26449982757604,4,1,37.4360023543539
23.0000000000001,31,121.817340637297,158.917245803391,8,-56.930397356364,-6.40000000000107,2.50005975084063,5,2,37.7628065889206
23.0000000000001,32,46.9101017755926,85.8291061636586,6,-46.977704103756,-6.42782630057452,13.8304571072047,10,1,42.9595428225664
23.0000000000001,33,152.340597002617,5.28312385729222,1,-85.4954685068894,-6.4000000000004,-21.1695428927953,0,1,114.12907958454
23.0000000000001,34,114.873699103216,64.7499814571739,2,-69.9351577066534,-6.40000000000107,-10.5047005994487,0,1,70.5578400202381
23.0000000000001,35,171.279274604597,46.439603141723,1,-77.3292835130797,-6.40000000000075,-17.898826405875,0,2,108.304262728397
23.0000000000001,36,17.4269943080266,39.5299205519671,4,-75.9735397712404,-4.8,-9.34676770832731,0,1,41.5075085190313
23.0000000000001,37,84.5911006043021,81.8914121690828,6,-49.2150787655564,-6.41004662531211,13.8304571072047,10,1,52.5914100510271
23.0000000000001,38,28.9970694965249,165.354699435563,7,-57.4202394796113,-5.61256285488339,10.5658336688065,9,1,119.582940972377
23.0000000000001,39,55.6720817313813,128.704012920702,6,-52.3382235852696,-6.41473399738596,11.8922335219351,9,1,82.3331291825441
23.0000000000001,40,74.4470622143763,174.697230248568,3,-60.1573418694544,-5.60724000691097,7.82873127896332,7,2,82.8881752120839
23.0000000000001,41,183.279649761181,186.993604674576,8,-90.0034733510034,-6.4,-21.1695428927953,0,2,55.0300997186606
23.0000000000001,42,137.88509979952,46.0210071235689,1,-72.3662335549308,-6.40000000000041,-12.9357764477261,0,1,91.0597229903665
23.0000000000001,43,82.5597488329788,48.0086315154596,4,-52.4302474528544,-4.80000000000175,14.1965246100586,11,1,40.2038902658422
23.0000000000001,44,21.4650192746597,125.331509828173,7,-57.225746074868,-5.62161030254994,10.7603270735498,9,1,83.9126420629674
23.0000000000001,45,42.7811164252605,193.241644492398,7,-60.6824441362741,-5.6057831100459,7.30362901214365,7,2,117.974483738732
23.0000000000001,46,66.4763058720977,96.7650098569678,6,-47.4404003527068,-6.42268790065004,13.8304571072047,10,1,54.8697075089089
23.0000000000001,47,176.87060942192,73.8620964060771,1,-73.6295949872367,-6.40000000000099,-14.1991378800321,0,2,84.0907843606114
23.0000000000001,48,126.074183899219,95.5883366289318,6,-46.2372919795709,-6.41602721847399,13.8304571072047,10,2,63.9165376635408
23.0000000000001,49,51.1156625982802,143.368513967206,3,-51.3638455930543,-5.61244845926547,16.6222275553634,12,1,96.286936307464
23.0000000000001,50,124.937081597425,18.8040241022232,5,-84.1167487967826,-6.40000000000038,-21.1695428927953,0,1,84.5044679916623
23.0000000000001,51,141.312461024311,46.1961163817153,1,-69.37760557809,-6.40000000000052,-9.94714847088531,0,1,94.3646388691111
23.0000000000001,52,186.20432626412,183.779097871114,8,-95.3006726089098,-6.4,-21.1695428927953,0,2,54.8090384263864
23.0000000000001,53,103.291089049401,171.947009302792,8,-59.413992997781,-6.40000000000097,0.0164641094236916,3,2,56.7066449327398
23.0000000000001,54,110.326279844037,9.48016390552356,5,-68.8615382409982,-6.4000000000005,-9.43108113379354,0,1,76.376483009787
23.0000000000001,55,191.450627830868,53.7103827948434,1,-83.5983458701593,-6.40000000000121,-21.1695428927953,0,2,107.434142287677
23.0000000000001,56,32.1605501912085,8.73490412403694,4,-87.7012804396994,-4.80000000000001,-13.973227937087,0,1,50.7277449442888
23.0000000000001,57,172.530787001627,127.726267173598,6,-63.201323466756,-6.40153333939424,1.02913364044866,4,2,39.4462360300019
23.0000000000001,58,15.592603152721,81.7663331627157,4,-63.3735834733727,-4.80000000000019,3.25318858954034,5,1,52.3948363907245
23.0000000000001,59,65.0109566964751,43.0042326032109,4,-67.8954106079877,-4.80000000000042,-1.26863854507468,3,1,28.749253597501
23.0000000000001,60,32.384537433279,158.607900719519,7,-62.4413323344085,-5.61139458758219,5.54474081400926,6,1,112.508802411814
23.0000000000001,61,3.98014068788212,190.009361711494,7,-60.5562144335885,-5.60246356012381,7.42985871482925,7,1,149.240406117
23.0000000000001,62,157.663073774095,138.449059253481,8,-72.543401856152,-6.40000000000003,-13.1129447489473,0,2,27.2836385366177
23.0000000000001,63,86.1300436684904,95.2359825221452,6,-52.9320534687191,-6.41201198015006,11.2984036384855,9,1,62.4813905913661
23.0000000000001,64,131.277961435312,194.698856476993,8,-77.892694534606,-6.4,-18.4622374274013,0,2,53.8586343901188
23.0000000000001,65,186.677148200099,178.405387568891,8,-79.9123354568495,-6.4,-20.4818783496448,0,2,52.0031657020117
23.0000000000001,66,79.2269483745247,113.845380670776,6,-51.8053420106399,-6.41308056426875,12.4251150965648,10,1,74.0452371478639
23.0000000000001,67,189.902379819525,66.3888512382634,1,-83.0237982478785,-6.40000000000128,-21.1695428927953,0,2,95.5786279066554
23.0000000000001,68,66.1685105841366,137.981433462958,6,-50.7958322705618,-6.40681557659282,13.4346248366428,10,2,87.8886486372803
23.0000000000001,69,85.115311761967,58.6732395914149,4,-53.5725454089662,-4.80000000000257,13.0542266539468,10,1,43.1342115396842
23.0000000000001,70,25.9428073709231,71.846023727499,4,-86.16534657339,-4.80000000000002,-13.973227937087,0,1,40.1029583683668
23.0000000000001,71,115.738353662177,47.8416900149775,2,-79.7746756969808,-6.40000000000109,-20.3442185897761,0,1,69.8458262475636
23.0000000000001,72,153.292200138122,143.612006085021,8,-76.7031586798519,-6.40000000000058,-17.2727015726472,0,2,24.5742761441159
23.0000000000001,73,77.3580732925897,132.340805625134,6,-48.5493379641869,-6.40912792016214,13.8304571072047,10,2,78.3641924716516
23.0000000000001,74,80.6420945263403,109.032348589023,6,-50.0001400023249,-6.41288895650275,13.8304571072047,10,1,70.5408118531184
23.0000000000001,75,113.461014387879,150.04411065923,8,-57.3972729127084,-6.40000000000285,2.0331841944963,4,2,43.4436349228867
23.0000000000001,76,161.447363949937,159.609289649413,8,-85.5600944676576,-6.40000000000002,-21.1695428927953,0,2,27.850145223475
23.0000000000001,77,187.702610964121,87.8146259660967,1,-71.7597242635911,-6.40000000000021,-12.3292671563864,0,2,76.4248494748163
23.0000000000001,78,4.1988412452025,116.355939591086,7,-63.6700184385009,-5.60643142491293,4.31605470991687,6,1,83.982777176621
23.0000000000001,79,33.3708348978556,69.6570023721738,4,-82.57481338321,-4.80000000000267,-13.973227937087,0,1,34.8593871755374
23.0000000000001,80,115.212747318386,20.0154057136203,2,-67.9412226731451,-6.40000000000034,-8.51076556594046,0,1,75.5250177578956
23.0000000000001,81,113.479352703185,95.5419083607394,6,-49.3312218272267,-6.41119811666965,13.8304571072047,10,2,69.6540840437119
23.0000000000001,82,195.251006343931,121.160011293097,1,-85.3913807448453,-6.4,-21.1695428927953,0,2,58.5802741863913
23.0000000000001,83,122.937155190096,153.268522080984,8,-59.7794558439155,-6.40000000000127,-0.348998736710801,3,2,35.9907044359906
23.0000000000001,84,58.1610747528366,144.01302476639,3,-56.5146640264449,-5.60614636679524,11.4714091219728,9,2,94.9867467755472
23.0000000000001,85,27.4276541160663,192.155156880833,7,-62.7564473233571,-5.6060103032557,5.22962582506065,6,2,131.731876275783
23.0000000000001,86,126.840721121665,59.7121382712504,2,-70.3677026309458,-6.4000000000009,-10.9372455237411,0,1,80.9386931714211
23.0000000000001,87,182.615714072552,100.79512240435,1,-75.5664544761596,-6.4000000000003,-16.1359973689549,0,2,63.5386086066211
23.0000000000001,88,109.734333402303,66.9018094344367,2,-65.4443411405759,-6.40000000000189,-6.01388403337126,1,1,66.3785488631345
23.0000000000001,89,7.34702672162545,102.736448720497,7,-62.5178729430587,-5.61984696725851,5.46820020535907,6,1,71.7820252788632
23.0000000000001,90,141.686361240407,54.5831743170288,1,-75.9309126722355,-6.4000000000006,-16.5004555650308,0,1,94.7609852435417
23.0000000000001,91,107.256993399994,125.805568858448,6,-43.3471265351906,-6.41406024012512,13.8304571072047,10,2,54.4480037418402
23.0000000000001,92,81.4775767070859,9.46304862071945,4,-75.7656350042096,-4.8,-9.1388629412966,0,1,56.4476063485125
23.0000000000001,93,78.8186014994327,190.878979114355,3,-60.3023814733024,-5.61479340562892,7.68369167511533,7,2,85.3822723164971
23.0000000000001,94,75.8637022304058,69.1731914983258,4,-63.8782624344556,-4.80000000000335,2.74850962845742,5,1,39.8596583690148
23.0000000000001,95,191.385674371461,129.86420661428,8,-87.1789230068309,-6.4,-21.1695428927953,0,2,51.6766312606872
23.0000000000001,96,77.7468156691825,174.309636917952,3,-59.4618441523873,-5.60849089910946,8.52422899603043,8,2,79.7729972674072
23.0000000000001,97,69.4001963232632,126.121309464855,6,-49.5046931395638,-6.41427277844763,13.8304571072047,10,1,81.9943374387852
23.0000000000001,98,177.754223477956,43.8505684210004,1,-82.4293126682507,-6.4000000000007,-21.1695428927953,0,2,112.206277655972
23.0000000000001,99,121.044560544723,187.581045262087,8,-77.1914559350024,-6.4,-17.7609988277978,0,2,52.943388983321
23.0000000000001,100,44.81007623105,11.2818372200769,4,-88.1402109562916,-4.8,-13.973227937087,0,1,45.588172125894
23.5000000000001,1,0,171.722683475768,7,-65.981879276026,-5.61294985424611,2.00419387239174,4,1,133.673713468812
23.5000000000001,2,198.834301706583,38.3489530228427,1,-88.6939890952401,-6.4000000000007,-21.1695428927953,0,2,124.10880433823
23.5000000000001,3,152.09053539365,2.67589389396972,1,-78.6261201140363,-6.40000000000033,-19.1956630068316,0,1,114.953462043111
23.5000000000001,4,59.1994462981182,9.61077848391481,4,-90.9101322300658,-4.80000000000002,-13.973227937087,0,1,47.625298181401
23.5000000000001,5,43.3766158398467,81.0697510068949,4,-61.1642682442529,-4.80000000000151,5.46250381866011,6,1,39.5151698131669
23.5000000000001,6,122.164405704108,18.4286032881709,5,-71.3474846632771,-6.40000000000067,-11.9170275560725,0,1,82.1991760357897
23.5000000000001,7,78.3973946852633,99.2824654155603,6,-46.7102072095401,-6.41512628074366,13.8304571072047,10,1,61.5420459714049
23.5000000000001,8,160.026742089445,127.153519372171,6,-56.2930029727764,-6.46451916730365,7.9374541344283,7,2,34.2745858327423
23.5000000000001,9,199.69556301351,161.518832991062,8,-83.6526213973617,-6.4,-21.1695428927953,0,2,56.165670090418
23.5000000000001,10,58.8290051182225,107.672709834084,6,-52.4438270110699,-6.42111205713591,11.7866300961347,9,1,62.8994657448225
23.5000000000001,11,173.2775520713,78.3217313845459,1,-72.5518453135089,-6.40000000000123,-13.1213882063042,0,2,78.9421853139453
23.5000000000001,12,158.745739640731,133.021609553811,6,-58.9345640605302,-6.47924695965704,5.29589304667445,6,2,30.2820690179304
23.5000000000001,13,81.8639710524379,22.0562084889949,4,-93.9814422380767,-4.80000000000224,-13.973227937087,0,1,48.4604801383676
23.5000000000001,14,184.942049070369,80.2848292014426,1,-86.9089842312964,-6.40000000000024,-21.1695428927953,0,2,81.4456986753022
23.5000000000001,15,184.300064742051,186.771285418946,8,-87.4294507097896,-6.4,-21.1695428927953,0,2,55.5056021737487
23.5000000000001,16,94.0892572294768,142.865060285322,6,-52.658497108016,-6.41219595997372,11.5719599991887,9,2,61.0669183919061
23.5000000000001,17,148.839167861954,92.8923522134805,1,-68.7235290475614,-6.40000000000227,-9.29307194035674,0,2,61.7647226737228
23.5000000000001,18,86.9619630264169,29.5500372692382,4,-76.3694469062257,-4.80000000000147,-9.74267484331263,0,1,48.338780357553
23.5000000000001,19,122.602405192109,67.7006769916205,2,-74.6126318796859,-6.40000000000103,-15.1821747724812,0,1,78.3369210885961
23.5000000000001,20,29.1983781239588,172.164748675478,7,-59.1119731824853,-5.6041356654403,8.87409996593246,8,2,125.046223180587
23.5000000000001,21,74.0897806793804,49.1754472692333,4,-55.9130531262838,-4.80000000000123,10.7137189366293,9,1,33.6637404396253
23.5000000000001,22,138.031184216302,48.5720016900915,1,-83.1537909254811,-6.40000000000328,-21.1695428927953,0,1,91.1250710490676
23.5000000000001,23,107.773201171786,195.966210637967,8,-87.0958423682987,-6.40000000000081,-21.1695428927953,0,2,66.6951651897827
23.5000000000001,24,198.178688347866,33.4428221582264,1,-78.0655272936302,-6.40000000000047,-18.6350701864256,0,2,128.292679905596
23.5000000000001,25,123.602620863456,82.6728683740221,6,-51.7342057803523,-6.41204590921403,12.4962513268524,10,2,76.0395573255146
23.5000000000001,26,158.16215087077,112.309332464224,6,-59.5313272502288,-6.41838244727486,4.69912985697587,6,2,45.1603490479158
23.5000000000001,27,86.2772089985853,145.641221752589,6,-51.5336195059559,-6.40944004390973,12.6968376012488,10,2,68.0576449843813
23.5000000000001,28,156.253055878012,85.5723735536671,1,-76.2530041683886,-6.40000000000094,-16.8225470611839,0,2,68.8641398503006
23.5000000000001,29,164.94019167591,166.442482366474,8,-76.848966165562,-6.40000000000001,-17.4185090583573,0,2,32.3390561656451
23.5000000000001,30,70.918687602807,27.742455709,4,-83.3243170916293,-4.80000000000003,-13.973227937087,0,1,38.5388086075537
23.5000000000001,31,121.594325065349,159.153279720117,8,-60.8273750046983,-6.40000000000333,-1.39691789749364,3,2,37.9857196605223
23.5000000000001,32,46.5803115210408,86.1273691090996,6,-53.79399425586,-6.43782456740429,10.4364628513447,9,1,43.2334484865393
23.5000000000001,33,152.415716114432,4.1050555425654,1,-76.3155809307789,-6.40000000000023,-16.8851238235743,0,1,114.662874697885
23.5000000000001,34,114.01059591761,63.8852857384212,2,-68.1433712520097,-6.40000000000113,-8.71291414480504,0,1,69.5874094198448
23.5000000000001,35,171.480518004797,47.3095679199037,1,-67.6106774683221,-6.40000000000043,-8.18022036111738,0,2,107.512731778851
23.5000000000001,36,17.0410687383453,39.992171840787,4,-89.1506911156266,-4.80000000000001,-13.973227937087,0,1,41.6976950726874
23.5000000000001,37,85.3512180636165,82.5741492303422,6,-48.6801218976539,-6.41505562174231,13.8304571072047,10,1,53.5073248879251
23.5000000000001,38,28.906453570513,165.404941575673,7,-60.3185174532653,-5.61289606850595,7.66755569515243,7,1,119.647349494493
23.5000000000001,39,55.9375799485199,128.87404604421,6,-55.9209699176863,-6.41507090830677,8.30948718951836,8,1,82.5143623560724
23.5000000000001,40,74.921738482095,174.845599414862,3,-61.6678420769171,-5.61063974014049,6.31823107150061,7,2,82.5002979560361
23.5000000000001,41,182.439644303235,186.841708226598,8,-85.1508588804321,-6.4,-21.1695428927953,0,2,54.4232669689553
23.5000000000001,42,138.587944827354,46.4424723633082,1,-83.4682473255312,-6.40000000000109,-21.1695428927953,0,1,91.7209352962571
23.5000000000001,43,82.6728538421049,47.971719342497,4,-52.0621717362747,-4.80000000000145,14.5646003266384,11,1,40.2973857788958
23.5000000000001,44,21.2945549702195,125.307716113807,7,-66.5784111573916,-5.61820580715006,1.40766199102611,4,1,83.9494173930678
23.5000000000001,45,43.549551976283,193.743487791729,7,-62.1273623391212,-5.60462940926057,5.85871080929658,6,2,117.462507246505
23.5000000000001,46,65.583792343741,96.1565736757338,6,-49.2168371757172,-6.42337607089856,13.8304571072047,10,1,54.088204604112
23.5000000000001,47,177.507831196137,74.4059306049669,1,-70.3827739800638,-6.40000000000028,-10.9523168728592,0,2,83.8056925561517
23.5000000000001,48,126.082744027403,95.7380912882334,6,-56.5526897764078,-6.41632233283767,7.67776733079689,7,2,63.7858908403951
23.5000000000001,49,50.6584648359026,143.287819020171,3,-55.1770004341709,-5.6109441307086,12.8090727142468,10,1,96.2044736666662
23.5000000000001,50,125.728808124749,18.9282100759862,5,-79.5200489558266,-6.40000000000095,-20.0895918486219,0,1,85.1619545869928
23.5000000000001,51,140.09038180298,46.4365104878339,1,-81.71011951939,-6.40000000000072,-21.1695428927953,0,1,93.1730934922205
23.5000000000001,52,186.319193394936,182.481662073112,8,-87.0464757254092,-6.4,-21.1695428927953,0,2,54.0961383084836
23.5000000000001,53,102.995194407203,172.225230878853,8,-69.2636439769528,-6.40000000000044,-9.83318686974811,0,2,57.0584142474621
23.5000000000001,54,111.073098408052,10.3374984082449,5,-86.2830559400023,-6.40000000000059,-21.1695428927953,0,1,76.5198495926094
23.5000000000001,55,191.088514141436,54.137126845008,1,-60.9512572430763,-6.40000000000025,-1.52080013587161,3,2,106.912143575372
23.5000000000001,56,32.0613588417917,8.95386312092487,4,-103.707085151444,-4.80000000000001,-13.973227937087,0,1,50.5848811335831
23.5000000000001,57,173.270406141392,128.20623481566,6,-51.8358109647541,-6.40004425392635,12.3946461424506,10,2,39.6071963523734
23.5000000000001,58,16.5266520745777,82.7561391162836,4,-81.3871228128676,-4.80000000000111,-13.973227937087,0,1,52.3992334976544
23.5000000000001,59,64.3735538712302,43.7411827059446,4,-64.0934559256657,-4.80000000000023,2.53331613724739,5,1,28.2492804299424
23.5000000000001,60,31.8694122227142,159.070000066743,7,-58.6014076018429,-5.61317378051498,9.38466554657487,8,1,113.036423898269
23.5000000000001,61,4.42907253143253,190.217279211921,7,-66.7949715280278,-5.61127176346181,1.19110162038996,4,1,149.297839300973
23.5000000000001,62,158.09661838253,137.070399261573,8,-75.9049922148712,-6.40000000000001,-16.4745351076665,0,2,28.0174910455497
23.5000000000001,63,86.2975769981295,95.1680108147359,6,-43.3577113400253,-6.41318557823464,13.8304571072047,10,1,62.5292995074728
23.5000000000001,64,131.069881875109,195.217750907083,8,-72.5543347832355,-6.40000000000001,-13.1238776760308,0,2,54.3621593511269
23.5000000000001,65,186.836327631378,177.782930720394,8,-88.402841214362,-6.4,-21.1695428927953,0,2,51.778917261569
23.5000000000001,66,79.4222737809293,114.999672174171,6,-47.8108976746585,-6.41265172506425,13.8304571072047,10,1,75.1190892995225
23.5000000000001,67,188.976561317216,65.555526901778,1,-72.7346014920774,-6.40000000000054,-13.3041443848728,0,2,95.9285743089672
23.5000000000001,68,66.8978791990113,136.68286233876,6,-45.9093789787358,-6.40740056265491,13.8304571072047,10,2,87.3816836477218
23.5000000000001,69,85.9148134236849,58.7944718868017,4,-62.5115440741696,-4.80000000000301,4.11522798874342,5,1,43.8117171430868
23.5000000000001,70,25.8449308496956,71.9592709963861,4,-54.3719059431729,-4.8,12.2548661197401,9,1,40.2234626598545
23.5000000000001,71,115.736368875055,47.1404333214596,2,-66.7475508032908,-6.40000000000065,-7.31709369608614,0,1,69.8691442230859
23.5000000000001,72,153.296353028387,143.610735925554,8,-69.565106106095,-6.40000000000005,-10.1346489988903,0,2,24.575163045253
23.5000000000001,73,77.3768257022779,132.335057091521,6,-48.7442954168092,-6.4086524137417,13.8304571072047,10,2,78.3481056123066
23.5000000000001,74,80.356921332169,108.743189068344,6,-50.6080545638231,-6.41316727803273,13.6224025433816,10,1,70.1751732073864
23.5000000000001,75,113.58400628836,148.792538492546,8,-73.9614142929027,-6.40000000000258,-14.5309571856981,0,2,43.357035891516
23.5000000000001,76,161.247083742497,158.637874700035,8,-83.7827946182751,-6.40000000000002,-21.1695428927953,0,2,27.4474000962611
23.5000000000001,77,187.717545874212,86.7127065477556,1,-82.7209930928843,-6.40000000000027,-21.1695428927953,0,2,77.3313958187991
23.5000000000001,78,3.94867712751415,116.458458726822,7,-61.5552479693159,-5.61501387353439,6.43082517910182,7,1,84.2003626752917
23.5000000000001,79,33.3597596174389,69.8496270627895,4,-56.634101707565,-4.80000000000009,9.99267035534804,8,1,34.9736371360092
23.5000000000001,80,116.087641213514,18.9826650972131,2,-79.4903517616359,-6.40000000000018,-20.0598946544313,0,1,76.6935550462865
23.5000000000001,81,113.571138928123,95.8181358660094,6,-54.8445154478406,-6.41218468780487,9.38594165936408,8,2,69.3901024644607
23.5000000000001,82,195.104555672322,121.302537406822,1,-107.575691642492,-6.40000000000001,-21.1695428927953,0,2,58.3970487412206
23.5000000000001,83,122.862985234122,152.436817775235,8,-67.818584771775,-6.40000000000357,-8.38812766457029,0,2,35.9806288337651
23.5000000000001,84,58.2812338839169,143.692798466529,6,-55.0987757084706,-6.40689398900715,9.13168139873403,8,2,94.8913212524758
23.5000000000001,85,28.7540515095966,191.771405515792,7,-64.1107448561792,-5.60642927263411,3.87532829223859,5,2,130.375152326286
23.5000000000001,86,125.693841174666,59.6934968868124,2,-69.0973660992226,-6.40000000000099,-9.66690899201794,0,1,79.848428122726
23.5000000000001,87,183.4655560505,101.176941191764,1,-86.08278081673,-6.40000000000105,-21.1695428927953,0,2,63.6858266269793
23.5000000000001,88,109.702038157927,66.9085591171035,2,-75.3627200472802,-6.40000000000111,-15.9322629400755,0,1,66.3512074617117
23.5000000000001,89,6.34446691279948,102.604334639806,7,-60.199557625161,-5.60547330275085,7.78651552325671,7,1,72.2860400909077
23.5000000000001,90,142.183423041336,53.9763972750599,1,-68.2026316501641,-6.40000000000047,-8.77217454295944,0,1,95.2147321526819
23.5000000000001,91,107.377371881966,125.496391986568,6,-45.9559920116908,-6.41170616639354,13.8304571072047,10,2,54.491882270336
23.5000000000001,92,81.7033540646025,9.66328560881101,4,-85.0054876330187,-4.80000000000009,-13.973227937087,0,1,56.4305164500725
23.5000000000001,93,78.8184072172931,190.869975399887,3,-60.5922224666186,-5.61519718227947,7.3938506817992,7,2,85.3781238975799
23.5000000000001,94,74.7024726086918,68.5627549021181,4,-62.2635052062101,-4.8000000000082,4.36326685670295,6,1,38.8205876119783
23.5000000000001,95,191.635733851846,129.953061708259,8,-100.203489912527,-6.40000000000001,-21.1695428927953,0,2,51.8426857739321
23.5000000000001,96,77.1690015833403,173.068325739265,3,-61.4475922076823,-5.61015961568076,6.5384809407354,7,2,79.9296689770471
23.5000000000001,97,69.9672322374758,127.186631219846,6,-49.4005171180465,-6.41218953139962,13.8304571072047,10,1,83.1186886463794
23.5000000000001,98,177.678421537428,43.8879502817135,1,-76.2903704339615,-6.40000000000127,-16.8599133267568,0,2,112.152182833058
23.5000000000001,99,121.894769896821,186.481609730177,8,-75.9229247943551,-6.4,-16.4924676871505,0,2,51.7016615560619
23.5000000000001,100,44.4017490172931,10.4947108119747,4,-98.1582101549271,-4.80000000000002,-13.973227937087,0,1,46.3061366116294
24.0000000000001,1,0.793010014039339,172.162290943769,7,-69.9021317600175,-5.61035825033089,-1.91605861159976,3,1,133.780429032458
24.0000000000001,2,199.706285109082,38.7284910799483,1,-93.3567703638396,-6.40000000000022,-21.1695428927953,0,2,124.114114735958
24.0000000000001,3,151.340650072184,3.10748968331967,1,-89.6704876570391,-6.40000000000026,-21.1695428927953,0,1,114.109968367592
24.0000000000001,4,60.3598286764054,9.74376678457577,4,-61.4629634929334,-4.8,5.16380856997962,6,1,47.7508153113546
24.0000000000001,5,42.5103460732232,80.0481429903223,4,-73.1770841465903,-4.80000000000418,-6.55031208367724,1,1,38.8746165654369
24.0000000000001,6,122.484553917866,18.1797812499589,5,-73.3364275414653,-6.40000000000066,-13.9059704342606,0,1,82.575946122176
24.0000000000001,7,78.9973827595395,98.928016425244,6,-49.7586622653175,-6.41550113748103,13.8304571072047,10,1,61.539003877315
24.0000000000001,8,161.094500218163,126.696882367699,6,-63.6702452468998,-6.445452438813,0.560211860304916,4,2,34.9052034297991
24.0000000000001,9,199.907124414505,161.29508268286,8,-91.5370069921123,-6.40000000000001,-21.1695428927953,0,2,56.3076367834552
24.0000000000001,10,58.6907557514678,108.065514141993,6,-48.057462238351,-6.42268939783733,13.8304571072047,10,1,63.240676531056
24.0000000000001,11,173.837974966411,79.3921938264739,1,-76.3621997021681,-6.40000000000118,-16.9317425949634,0,2,78.1406510283698
24.0000000000001,12,158.308484349876,134.314928469161,8,-72.8347756590716,-6.40000000000245,-13.4043185518669,0,2,29.4499979816584
24.0000000000001,13,81.8840351903836,22.0268261697964,4,-71.6212341846778,-4.80000000000024,-4.9944621217648,1,1,48.4906192387394
24.0000000000001,14,185.535346347121,79.4620275637753,1,-76.0714726791714,-6.40000000000119,-16.6410155719668,0,2,82.4051964103199
24.0000000000001,15,183.51689424533,186.91573885169,8,-104.125583655443,-6.4,-21.1695428927953,0,2,55.1217196286441
24.0000000000001,16,94.8425455193422,141.935601165719,6,-54.6132519209647,-6.41394012252699,9.61720518623997,8,2,60.4948701407333
24.0000000000001,17,149.773912692425,93.0037697802842,1,-67.2937601551916,-6.4000000000017,-7.86330304798695,0,2,61.6512074069072
24.0000000000001,18,87.161163781492,29.0315696638092,4,-67.8767414486703,-4.80000000000024,-1.24996938575729,3,1,48.7121870208941
24.0000000000001,19,123.217042428256,67.9683558058254,2,-77.1435664605754,-6.40000000000099,-17.7131093533707,0,1,78.9673800521818
24.0000000000001,20,28.7621893752768,170.973540789157,7,-61.9522370312276,-5.61003368139504,6.03383611719019,7,1,125.051558051859
24.0000000000001,21,73.2986853883507,48.946452732506,4,-54.9260430997482,-4.80000000000365,11.7007289631648,9,1,33.1087405781342
24.0000000000001,22,138.980577294222,49.6067163899622,1,-70.0058995957895,-6.40000000000043,-10.5754424885849,0,1,92.0323193645083
24.0000000000001,23,107.374865895071,194.845713592958,8,-71.4959843387572,-6.40000000000008,-12.0655272315526,0,2,66.1837599802608
24.0000000000001,24,199.347836607379,32.87231450235,1,-89.1139713399748,-6.40000000000022,-21.1695428927953,0,2,129.253060651827
24.0000000000001,25,123.842535896345,82.3792589897203,6,-47.5404694423258,-6.41001481439643,13.8304571072047,10,2,76.2169767382131
24.0000000000001,26,159.506470570437,111.916525147785,6,-55.1626600558766,-6.44035721533133,9.0677970513281,8,2,45.749033208647
24.0000000000001,27,86.2118937321948,144.828571496593,6,-58.2425543080605,-6.41148617741147,5.98790279914416,7,2,68.1756274191786
24.0000000000001,28,156.323749592822,85.5586520679716,1,-80.0228947661035,-6.40000000000158,-20.5924376588988,0,2,68.8834314781824
24.0000000000001,29,164.817103933159,166.575962012527,8,-83.1285211251086,-6.4,-21.1695428927953,0,2,32.3505654603866
24.0000000000001,30,71.5856260443002,26.4389307981192,4,-69.8724060298287,-4.8,-3.24563396691567,2,1,39.6650127147362
24.0000000000001,31,121.3713094934,159.389313636843,8,-58.5421696915237,-6.40000000000062,0.888287415680976,4,2,38.2100920005922
24.0000000000001,32,46.250521266489,86.4256320545406,6,-53.9538950105962,-6.43183616567309,10.2765620966085,8,1,43.5101742279415
24.0000000000001,33,152.490835226247,2.92698722783857,1,-90.369284803411,-6.40000000000023,-21.1695428927953,0,1,115.206292522682
24.0000000000001,34,113.147492732004,63.0205900196686,2,-78.2366440710545,-6.40000000000136,-18.8061869638498,0,1,68.6250071242164
24.0000000000001,35,171.681761404996,48.1795326980844,1,-75.0625574069723,-6.40000000000057,-15.6321002997676,0,2,106.722801402529
24.0000000000001,36,16.655143168664,40.454423129607,4,-75.2913807286221,-4.80000000000001,-8.66460866570903,0,1,41.8956741787368
24.0000000000001,37,86.1113355229308,83.2568862916017,6,-48.1919308947351,-6.41577903401015,13.8304571072047,10,1,54.4270065230691
24.0000000000001,38,28.8158376445011,165.455183715782,7,-60.2882489422861,-5.61241898997783,7.6978242061316,7,1,119.711813040941
24.0000000000001,39,56.2030781656585,129.044079167718,6,-49.1401488027442,-6.41486099533732,13.8304571072047,10,1,82.6964003460956
24.0000000000001,40,75.3964147498136,174.993968581156,3,-55.7208013099089,-5.60961094689105,12.2652718385088,9,2,82.113600564204
24.0000000000001,41,181.59963884529,186.689811778619,8,-101.062001932629,-6.4,-21.1695428927953,0,2,53.8231313052595
24.0000000000001,42,139.290789855188,46.8639376030475,1,-68.4817596804604,-6.40000000000036,-9.05130257325577,0,1,92.3846850961836
24.0000000000001,43,82.7859588512311,47.9348071695344,4,-63.7258546942851,-4.80000000000172,2.90091736862793,5,1,40.3910153279368
24.0000000000001,44,21.1240906657792,125.283922399441,7,-50.374944998159,-5.62164453722753,17.5860731484177,12,1,83.9865293468138
24.0000000000001,45,44.3179875273054,194.24533109106,7,-59.3265061158246,-5.60375123009008,8.65956703259318,8,2,116.955491891729
24.0000000000001,46,64.6912788153843,95.5481374944998,6,-45.3600854860843,-6.42186662399737,13.8304571072047,10,1,53.3171314161707
24.0000000000001,47,178.145052970354,74.9497648038568,1,-75.2208722004607,-6.40000000000131,-15.790415093256,0,2,83.5280300839212
24.0000000000001,48,126.091304155588,95.8878459475351,6,-42,-6.41662166499327,13.8304571072047,10,2,63.6553293383854
24.0000000000001,49,50.2012670735249,143.207124073135,3,-57.0033660159635,-5.61132285077276,10.9827071324542,9,1,96.1241826306976
24.0000000000001,50,126.520534652072,19.0523960497491,5,-76.3898940480284,-6.40000000000078,-16.9594369408238,0,1,85.8218877309307
24.0000000000001,51,138.868302581649,46.6769045939525,1,-68.0672498617809,-6.40000000000036,-8.63679275457627,0,1,91.9829775927117
24.0000000000001,52,186.434060525752,181.18422627511,8,-87.4169476509496,-6.4,-21.1695428927953,0,2,53.4054934886987
24.0000000000001,53,102.699299765005,172.503452454914,8,-65.578527873245,-6.40000000000023,-6.14807076604028,1,2,57.4109015354357
24.0000000000001,54,111.819916972067,11.1948329109662,5,-91.3970005209104,-6.40000000000118,-21.1695428927953,0,1,76.679809123661
24.0000000000001,55,190.726400452004,54.5638708951726,1,-82.57753555947,-6.40000000000164,-21.1695428927953,0,2,106.390527925611
24.0000000000001,56,31.9621674923749,9.17282211781281,4,-82.9603415970098,-4.80000000000001,-13.973227937087,0,1,50.4427582056819
24.0000000000001,57,174.010025281157,128.686202457722,6,-68.7955691569534,-6.40017029441893,-4.56511204974871,2,2,39.7870491451047
24.0000000000001,58,17.4607009964343,83.7459450698516,4,-102.085683494719,-4.80000000000215,-13.973227937087,0,1,52.4389625021405
24.0000000000001,59,63.7361510459854,44.4781328086782,4,-63.5947236878507,-4.80000000000222,3.03204837506237,5,1,27.7745002265877
24.0000000000001,60,31.3542870121494,159.532099413966,7,-59.1407999000844,-5.61298151850747,8.8452732483333,8,1,113.565810941746
24.0000000000001,61,4.87800437498294,190.425196712348,7,-69.3126950013625,-5.608008515985,-1.32662185294471,3,1,149.356889231417
24.0000000000001,62,158.530162990964,135.691739269664,8,-73.3818981408019,-6.40000000000036,-13.9514410335973,0,2,28.8052079627919
24.0000000000001,63,86.4651103277685,95.1000391073265,6,-50.1685869549628,-6.41261289367124,13.8304571072047,10,1,62.577694098606
24.0000000000001,64,130.861802314906,195.736645337172,8,-70.9845677313327,-6.4,-11.5541106241281,0,2,54.8667598581514
24.0000000000001,65,186.995507062657,177.160473871896,8,-77.5657298702356,-6.4,-18.1352727630309,0,2,51.5616997757938
24.0000000000001,66,79.6175991873339,116.153963677566,6,-52.6666974925137,-6.4119079792712,11.563759614691,9,1,76.19579445005
24.0000000000001,67,188.050742814907,64.7222025652926,1,-80.4417707505968,-6.40000000000074,-21.0113136433922,0,2,96.2933630323564
24.0000000000001,68,67.627247813886,135.384291214562,6,-52.8035798046654,-6.40715929064491,11.4268773025393,9,2,86.8972913617892
24.0000000000001,69,86.7143150854029,58.9157041821884,4,-70.6363450527441,-4.80000000000565,-4.00957298983107,2,1,44.4936030599291
24.0000000000001,70,25.7470543284681,72.0725182652732,4,-85.0217981116,-4.80000000000001,-13.973227937087,0,1,40.3441623573609
24.0000000000001,71,115.734384087934,46.4391766279417,2,-58.3352634117785,-6.40000000000103,1.09519369542614,4,1,69.8994900876042
24.0000000000001,72,153.300505918652,143.609465766087,8,-56.1584422332676,-6.40000000000001,3.27201487393706,5,2,24.5760506817893
24.0000000000001,73,77.395578111966,132.329308557908,6,-49.6177964257996,-6.40813069163586,13.8304571072047,10,2,78.3320203603689
24.0000000000001,74,80.0717481379978,108.454029547665,6,-50.7588106089818,-6.41355360205041,13.4716464982229,10,1,69.8099821403391
24.0000000000001,75,113.706998188841,147.540966325861,8,-66.7626630597326,-6.40000000000198,-7.3322059525279,0,2,43.3067988550916
24.0000000000001,76,161.046803535056,157.666459750656,8,-82.630418471742,-6.40000000000003,-21.1695428927953,0,2,27.0750156685191
24.0000000000001,77,187.732480784303,85.6107871294145,1,-66.8352276628192,-6.40000000000046,-7.40477055561457,0,2,78.2429603237975
24.0000000000001,78,3.69851300982579,116.560977862558,7,-64.1075714582745,-5.61009829862565,3.8785016901432,5,1,84.4182531892319
24.0000000000001,79,33.3486843370221,70.0422517534051,4,-86.4229255564087,-4.80000000000167,-13.973227937087,0,1,35.088576041997
24.0000000000001,80,116.962535108642,17.949924480806,2,-71.8651740506954,-6.40000000000025,-12.4347169434907,0,1,77.868083634838
24.0000000000001,81,113.662925153061,96.0943633712793,6,-47.6115487020345,-6.41218944650154,13.8304571072047,10,2,69.1263384592281
24.0000000000001,82,194.958105000714,121.445063520546,1,-94.494120823929,-6.40000000000001,-21.1695428927953,0,2,58.2139639828867
24.0000000000001,83,122.788815278149,151.605113469486,8,-55.607007546846,-6.4000000000012,3.82344956035864,5,2,35.9899286358926
24.0000000000001,84,58.4013930149973,143.372572166668,6,-52.8057103592359,-6.40668669017728,11.4247467479688,9,2,94.7970337156128
24.0000000000001,85,30.080448903127,191.387654150752,7,-66.4160175548287,-5.60186495626294,1.57005559358909,4,2,129.018939118944
24.0000000000001,86,124.546961227666,59.6748555023744,2,-81.0075287522534,-6.40000000000134,-21.1695428927953,0,1,78.759775629892
24.0000000000001,87,184.315398028449,101.558759979178,1,-78.6900346833857,-6.4000000000006,-19.259577576181,0,2,63.8463019806609
24.0000000000001,88,109.66974291355,66.9153087997703,2,-66.790221657888,-6.4000000000013,-7.35976455068331,0,1,66.323871201557
24.0000000000001,89,5.3419071039735,102.472220559114,7,-65.4785393411822,-5.61457520348495,2.50753380723553,5,1,72.8006125765056
24.0000000000001,90,142.680484842264,53.3696202330911,1,-73.0420438387219,-6.40000000000053,-13.6115867315173,0,1,95.6727579361669
24.0000000000001,91,107.497750363937,125.187215114688,6,-51.8317531518823,-6.41310508894528,12.3987039553224,10,2,54.5377439750759
24.0000000000001,92,81.9291314221191,9.86352259690256,4,-76.9708849948039,-4.80000000000084,-10.3441129318909,0,1,56.4150356881949
24.0000000000001,93,78.8182129351535,190.860971685419,3,-69.2654096762449,-5.60722065348907,-1.27933652782715,3,2,85.3739762270786
24.0000000000001,94,73.5412429869779,67.9523183059104,4,-71.8888481747479,-4.80000000000417,-5.26207611183485,1,1,37.7984901011755
24.0000000000001,95,191.885793332231,130.041916802237,8,-88.8694095423877,-6.4,-21.1695428927953,0,2,52.0095641973589
24.0000000000001,96,76.5911874974982,171.827014560578,3,-55.5237816230028,-5.61199060348614,12.4622915254149,10,2,80.1094396288923
24.0000000000001,97,70.5342681516884,128.251952974837,6,-49.9660741231259,-6.41066497100284,13.8304571072047,10,1,84.2453222018973
24.0000000000001,98,177.6026195969,43.9253321424267,1,-76.2841164876729,-6.4000000000007,-16.8536593804682,0,2,112.098125629761
24.0000000000001,99,122.744979248918,185.382174198266,8,-79.3760576674899,-6.4,-19.9456005602852,0,2,50.46765704031
24.0000000000001,100,43.9934218035362,9.70758440387256,4,-81.9598491856078,-4.8,-13.973227937087,0,1,47.0298600487104
24.5000000000001,1,1.58602002807868,172.60189841177,7,-63.1977081640868,-5.61181538557304,4.78836498433093,6,1,133.893199793312
24.5000000000001,2,199.476809958501,39.1080291370538,1,-90.8738114133977,-6.40000000000039,-21.1695428927953,0,2,123.681987069816
24.5000000000001,3,150.590764750717,3.53908547266963,1,-81.9751189321441,-6.40000000000041,-21.1695428927953,0,1,113.266802426175
24.5000000000001,4,61.5202110546925,9.87675508523673,4,-81.5273401478086,-4.80000000000003,-13.973227937087,0,1,47.9044887795991
24.5000000000001,5,41.6440763065997,79.0265349737498,4,-70.1967706968586,-4.80000000000169,-3.56999863394551,2,1,38.2702390030719
24.5000000000001,6,122.804702131625,17.9309592117469,5,-75.5661920661826,-6.40000000000065,-16.1357349589779,0,1,82.9529868633628
24.5000000000001,7,79.5973708338158,98.5735674349277,6,-42,-6.41367074047964,13.8304571072047,10,1,61.5438527688174
24.5000000000001,8,162.162258346882,126.240245363228,6,-56.3164173411336,-6.40899366330678,7.91403976607106,7,2,35.5625711738605
24.5000000000001,9,199.442746487029,161.071332374658,8,-98.8929625085812,-6.4,-21.1695428927953,0,2,55.8516748247605
24.5000000000001,10,58.5525063847131,108.458318449901,6,-49.0071611274708,-6.42123501589063,13.8304571072047,10,1,63.5827835302187
24.5000000000001,11,174.398397861522,80.4626562684018,1,-68.2044426013862,-6.40000000000128,-8.77398549418151,0,2,77.3496864341127
24.5000000000001,12,157.87122905902,135.60824738451,8,-64.3698319867139,-6.4000000000001,-4.93937487950923,1,2,28.6588344188145
24.5000000000001,13,81.9040993283292,21.9974438505978,4,-72.8393126282902,-4.80000000000013,-6.21254056537716,1,1,48.5207657076052
24.5000000000001,14,186.128643623872,78.639225926108,1,-75.9938346641437,-6.40000000000148,-16.563377556939,0,2,83.3659940654809
24.5000000000001,15,182.73372374861,187.060192284434,8,-91.1982991878007,-6.4,-21.1695428927953,0,2,54.7467307024773
24.5000000000001,16,95.5958338092076,141.006142046117,6,-49.9735670490175,-6.41461120069274,13.8304571072047,10,2,59.9412443965754
24.5000000000001,17,150.708657522896,93.1151873470879,1,-85.3173642492255,-6.40000000000293,-21.1695428927953,0,2,61.5518814175624
24.5000000000001,18,87.3603645365672,28.5131020583802,4,-64.8743938585851,-4.80000000000102,1.75237820432794,4,1,49.0890376913091
24.5000000000001,19,123.831679664402,68.2360346200303,2,-77.7608031077153,-6.40000000000145,-18.3303460005106,0,1,79.5984916988367
24.5000000000001,20,28.3260006265949,169.782332902835,7,-59.1401005564174,-5.61135728417561,8.84597259200032,8,1,123.975076222941
24.5000000000001,21,72.507590097321,48.7174581957788,4,-70.6965729103274,-4.80000000000163,-4.0698008474144,2,1,32.5651120905271
24.5000000000001,22,139.929970372141,50.6414310898328,1,-82.8199875271256,-6.40000000000175,-21.1695428927953,0,1,92.9519284629273
24.5000000000001,23,106.976530618356,193.725216547949,8,-64.3554265090292,-6.40000000000006,-4.92496940182457,1,2,65.6899039411556
24.5000000000001,24,199.532340696195,32.3018068464735,1,-97.9829076706965,-6.40000000000067,-21.1695428927953,0,2,129.840546234405
24.5000000000001,25,124.082450929235,82.0856496054185,6,-42.3088021678054,-6.41370376049455,13.8304571072047,10,2,76.3958659833993
24.5000000000001,26,160.850790270105,111.523717831346,6,-57.6047351005506,-6.42895652206773,6.62572200665409,7,2,46.372555881768
24.5000000000001,27,86.1465784658044,144.015921240596,6,-53.5619980375283,-6.41145744842287,10.6684590696764,9,2,68.3031378504855
24.5000000000001,28,156.394443307631,85.5449305822762,1,-80.1147206324682,-6.40000000000223,-20.6842635252636,0,2,68.9027929684865
24.5000000000001,29,164.694016190407,166.70944165858,8,-86.379280228401,-6.40000000000001,-21.1695428927953,0,2,32.3630893510713
24.5000000000001,30,72.2525644857934,25.1354058872385,4,-69.0446406458812,-4.8,-2.41786858296813,2,1,40.812677767904
24.5000000000001,31,121.148293921451,159.62534755357,8,-57.8018840473081,-6.40000000000043,1.62857305989654,4,2,38.4358980533822
24.5000000000001,32,45.9207310119372,86.7238949999816,6,-53.9392386538063,-6.44151029064062,10.2912184533984,8,1,43.7896665829582
24.5000000000001,33,152.565954338062,1.74891891311175,1,-81.0623891830141,-6.4000000000005,-21.1695428927953,0,1,115.759197540977
24.5000000000001,34,112.284389546398,62.1558943009161,2,-66.7797518857956,-6.40000000000227,-7.34929477859098,0,1,67.6709756647742
24.5000000000001,35,171.883004805196,49.0494974762652,1,-87.9835146758158,-6.40000000000095,-21.1695428927953,0,2,105.934507404806
24.5000000000001,36,16.2692175989827,40.9166744184269,4,-92.3253450053597,-4.80000000000001,-13.973227937087,0,1,42.1013359052375
24.5000000000001,37,86.8714529822452,83.9396233528611,6,-59.0908203870011,-6.41205013746355,5.13963672020357,6,1,55.3502671931762
24.5000000000001,38,28.7252217184892,165.505425855892,7,-63.5395823720219,-5.61269139726513,4.44649077639588,6,1,119.776331522878
24.5000000000001,39,56.4685763827971,129.214112291226,6,-46.4209775556836,-6.41706961463751,13.8304571072047,10,1,82.8792378494579
24.5000000000001,40,75.8710910175323,175.14233774745,3,-57.7641593111071,-5.60293898474755,10.2219138373106,8,2,81.7280997842103
24.5000000000001,41,180.759633387344,186.53791533064,8,-87.6609807796964,-6.4,-21.1695428927953,0,2,53.2299192450336
24.5000000000001,42,139.993634883023,47.2854028427867,1,-76.3380150547768,-6.40000000000083,-16.9075579475721,0,1,93.0509180888869
24.5000000000001,43,82.8990638603572,47.8978949965718,4,-56.0752565403489,-4.80000000000156,10.5515155225641,9,1,40.4847779830062
24.5000000000001,44,20.953626361339,125.260128685075,7,-57.2374817063485,-5.61956163947261,10.7485914420692,9,1,84.0239774781626
24.5000000000001,45,45.0864230783279,194.747174390391,7,-65.6639992196592,-5.60531872336235,2.32207392875856,4,2,116.453502473836
24.5000000000001,46,63.7987652870276,94.9397013132658,6,-58.9915594345439,-6.41679548271127,5.23889767266075,6,1,52.5569469963013
24.5000000000001,47,178.782274744571,75.4935990027466,1,-75.486775545955,-6.400000000002,-16.0563184387504,0,2,83.257871273745
24.5000000000001,48,126.099864283772,96.0376006068367,6,-46.6710341227769,-6.4154522405004,13.8304571072047,10,2,63.524853683589
24.5000000000001,49,49.7440693111472,143.1264291261,3,-59.1920916711641,-5.61285274475826,8.79398147725363,8,1,96.0460686457075
24.5000000000001,50,127.312261179395,19.1765820235121,5,-78.702547333732,-6.40000000000062,-19.2720902265273,0,1,86.4842114170222
24.5000000000001,51,137.646223360319,46.9172987000711,1,-73.0345383048898,-6.400000000001,-13.6040811976852,0,1,90.7943473825957
24.5000000000001,52,186.548927656568,179.886790477108,8,-90.0380878247701,-6.4,-21.1695428927953,0,2,52.7379783255639
24.5000000000001,53,102.403405122806,172.781674030975,8,-72.2202199842631,-6.40000000000139,-12.7897628770585,0,2,57.7640936530413
24.5000000000001,54,112.566735536082,12.0521674136875,5,-82.1262105145762,-6.40000000000027,-21.1695428927953,0,1,76.856257999208
24.5000000000001,55,190.364286762571,54.9906149453373,1,-68.0993316546549,-6.40000000000022,-8.66887454745022,0,2,105.869301000414
24.5000000000001,56,31.8629761429581,9.39178111470074,4,-82.9533625752423,-4.80000000000001,-13.973227937087,0,1,50.3013824405183
24.5000000000001,57,174.749644420921,129.166170099785,6,-69.6776194700695,-6.40019686750797,-5.44716236286482,1,2,39.9855394770803
24.5000000000001,58,18.3947499182909,84.7357510234196,4,-79.559191678601,-4.80000000000197,-12.932419615688,0,1,52.5139432140491
24.5000000000001,59,63.0987482207405,45.2150829114119,4,-72.2776795528161,-4.80000000000009,-5.65090748990307,1,1,27.3262261663592
24.5000000000001,60,30.8391618015846,159.99419876119,7,-60.4779627853284,-5.61323824727867,7.50811036308935,7,1,114.096938966749
24.5000000000001,61,5.32693621853335,190.633114212776,7,-60.4000599697207,-5.6102783090717,7.58601317869701,7,1,149.417553991513
24.5000000000001,62,158.963707599398,134.313079277755,8,-66.9999399485654,-6.40000000000013,-7.56948284136077,0,2,29.6424954360039
24.5000000000001,63,86.6326436574076,95.0320673999171,6,-46.9147310175207,-6.41234913513338,13.8304571072047,10,1,62.6265732388519
24.5000000000001,64,130.653722754702,196.255539767262,8,-82.1635087666397,-6.4,-21.1695428927953,0,2,55.3724065073272
24.5000000000001,65,187.154686493937,176.538017023399,8,-89.6017414523899,-6.4,-21.1695428927953,0,2,51.3516024676635
24.5000000000001,66,79.8129245937385,117.308255180961,6,-43.6550111910076,-6.41261040904613,13.8304571072047,10,1,77.2752333437906
24.5000000000001,67,187.124924312598,63.8888782288073,1,-79.919736552972,-6.40000000000076,-20.4892794457673,0,2,96.6728260573224
24.5000000000001,68,68.3566164287607,134.085720090364,6,-57.3544720887015,-6.40729636379422,6.87598501850317,7,2,86.4358512771336
24.5000000000001,69,87.5138167471209,59.0369364775752,4,-67.0622479703882,-4.80000000000193,-0.435475907475154,3,1,45.1796709575922
24.5000000000001,70,25.6491778072405,72.1857655341603,4,-80.0458212952048,-4.80000000000002,-13.4190492322918,0,1,40.4650557123072
24.5000000000001,71,115.732399300813,45.7379199344239,2,-84.6454913445779,-6.40000000000245,-21.1695428927953,0,1,69.9368546928366
24.5000000000001,72,153.304658808917,143.60819560662,8,-61.9196544086264,-6.40000000000007,-2.48919730142176,2,2,24.5769390536452
24.5000000000001,73,77.4143305216542,132.323560024295,6,-49.6703013242712,-6.40883561434846,13.8304571072047,10,2,78.315936716829
24.5000000000001,74,79.7865749438265,108.164870026986,6,-49.0462981080056,-6.41360585965807,13.8304571072047,10,1,69.4452457130105
24.5000000000001,75,113.829990089322,146.289394159176,8,-74.6524395621005,-6.40000000000243,-15.2219824548958,0,2,43.2930503966228
24.5000000000001,76,160.846523327615,156.695044801278,8,-77.6818341313384,-6.40000000000004,-18.2513770241338,0,2,26.7342606628202
24.5000000000001,77,187.747415694394,84.5088677110734,1,-72.6475273168516,-6.40000000000146,-13.2170702096469,0,2,79.1593696291919
24.5000000000001,78,3.44834889213744,116.663496998295,7,-73.1086166423304,-5.61732002185861,-5.12254349391261,1,1,84.6364463627214
24.5000000000001,79,33.3376090566054,70.2348764440208,4,-61.7462963177755,-4.80000000000171,4.88047574513757,6,1,35.2041971454442
24.5000000000001,80,117.83742900377,16.9171838643988,5,-70.8808335720496,-6.40000000000025,-11.4503764648449,0,1,79.0483364613291
24.5000000000001,81,113.754711377998,96.3705908765493,6,-55.4117282953652,-6.41181200534189,8.81872881183943,8,2,68.8627945281243
24.5000000000001,82,194.811654329105,121.587589634271,1,-88.6006136129772,-6.40000000000001,-21.1695428927953,0,2,58.0310212429678
24.5000000000001,83,122.714645322175,150.773409163738,8,-72.5226693516384,-6.4000000000024,-13.0922122444338,0,2,36.0185888345068
24.5000000000001,84,58.5215521460776,143.052345866806,6,-58.5545150671357,-6.40568377299558,5.67594204006894,6,2,94.7038875639078
24.5000000000001,85,31.4068462966574,191.003902785711,7,-63.6071484691334,-5.60618151149921,4.3789246792843,6,2,127.663252931158
24.5000000000001,86,123.400081280666,59.6562141179364,2,-73.2973668543184,-6.40000000000209,-13.8669097471138,0,1,77.6728034971044
24.5000000000001,87,185.165240006397,101.940578766592,1,-70.4439521134861,-6.40000000000167,-11.0134950062815,0,2,64.0199349733943
24.5000000000001,88,109.637447669173,66.9220584824371,2,-76.937922360336,-6.40000000000421,-17.5074652531313,0,1,66.2965400890303
24.5000000000001,89,4.33934729514753,102.340106478423,7,-62.8615267911357,-5.60334883198889,5.12454635728207,6,1,73.3255204659727
24.5000000000001,90,143.177546643192,52.7628431911222,1,-85.4483708815771,-6.40000000000073,-21.1695428927953,0,1,96.1350014351851
24.5000000000001,91,107.618128845909,124.878038242809,6,-42.9698879310525,-6.41276236894779,13.8304571072047,10,2,54.5855838573862
24.5000000000001,92,82.1549087796357,10.0637595849941,4,-101.051107787285,-4.80000000000082,-13.973227937087,0,1,56.4011653878875
24.5000000000001,93,78.8180186530139,190.851967970951,3,-62.7148725533542,-5.61439619385793,5.27120059506355,6,2,85.3698293051023
24.5000000000001,94,72.3800133652639,67.3418817097027,4,-68.8847629475961,-4.80000000000487,-2.25799088468303,3,1,36.7947803290455
24.5000000000001,95,192.135852812616,130.130771896215,8,-83.2982745365297,-6.4,-21.1695428927953,0,2,52.1772586256374
24.5000000000001,96,76.0133734116561,170.585703381891,3,-55.780990028545,-5.60740238239987,12.2050831198727,9,2,80.3121541091398
24.5000000000001,97,71.101304065901,129.317274729827,6,-47.9870858369367,-6.40783033337999,13.8304571072047,10,2,84.882444266779
24.5000000000001,98,177.526817656373,43.9627140031398,1,-86.1366654259396,-6.40000000000147,-21.1695428927953,0,2,112.044106100531
24.5000000000001,99,123.595188601015,184.282738666355,8,-75.4538991519139,-6.40000000000001,-16.0234420447093,0,2,49.2419560484915
24.5000000000001,100,43.5850945897793,8.92045799577039,4,-87.2606462902786,-4.80000000000004,-13.973227937087,0,1,47.7590806308009
25.0000000000001,1,2.37903004211802,173.041505879772,7,-58.5390048776294,-5.6102875400408,9.44706827078834,8,1,134.012010465075
25.0000000000001,2,198.604826556002,39.4875671941593,1,-71.3914333069818,-6.40000000000124,-11.9609761997772,0,2,122.994621708449
25.0000000000001,3,149.840879429251,3.97068126201958,1,-79.1136247039353,-6.40000000000011,-19.6831675967306,0,1,112.423971592756
25.0000000000001,4,62.6805934329796,10.0097433858977,4,-58.943437624244,-4.8,7.68333443866908,7,1,48.0860486406845
25.0000000000001,5,40.7778065399761,78.0049269571772,4,-71.4707190537314,-4.8000000000031,-4.84394699081834,1,1,37.7037768146765
25.0000000000001,6,123.124850345383,17.6821371735348,5,-76.4601445996315,-6.40000000000071,-17.0296874924269,0,1,83.3302945854922
25.0000000000001,7,80.197358908092,98.2191184446114,6,-44.3240446216613,-6.41523676664896,13.8304571072047,10,1,61.5565907811632
25.0000000000001,8,163.2300164756,125.783608358757,6,-53.9473065841343,-6.40635405853187,10.2831505230704,8,2,36.2452336185977
25.0000000000001,9,198.978368559554,160.847582066456,8,-94.4457075721674,-6.40000000000001,-21.1695428927953,0,2,55.3967564343252
25.0000000000001,10,58.4142570179584,108.85112275781,6,-48.3534588892475,-6.41970457717097,13.8304571072047,10,1,63.9257723537157
25.0000000000001,11,174.958820756633,81.5331187103297,1,-82.9486384892528,-6.4000000000006,-21.1695428927953,0,2,76.5696190867862
25.0000000000001,12,157.433973768165,136.90156629986,8,-59.7972895405416,-6.4,-0.366832433336971,3,2,27.9120570969382
25.0000000000001,13,81.9241634662748,21.9680615313993,4,-66.7387562849107,-4.80000000000007,-0.111984221997676,3,1,48.550919531239
25.0000000000001,14,186.721940900623,77.8164242884407,1,-86.8948608787463,-6.40000000000093,-21.1695428927953,0,2,84.3280472085965
25.0000000000001,15,181.95055325189,187.204645717179,8,-91.5727888627976,-6.4,-21.1695428927953,0,2,54.3808193763447
25.0000000000001,16,96.349122099073,140.076682926515,6,-55.2161272343949,-6.40975865922273,9.01432987280972,8,2,59.4065562146225
25.0000000000001,17,151.643402353367,93.2266049138915,1,-73.5405417968878,-6.40000000000265,-14.1100846896831,0,2,61.46681349231
25.0000000000001,18,87.5595652916423,27.9946344529512,4,-71.1149256069903,-4.80000000000018,-4.48815354407724,2,1,49.4692536607981
25.0000000000001,19,124.446316900548,68.5037134342352,2,-78.5922107129386,-6.40000000000127,-19.1617536057339,0,1,80.2302406260451
25.0000000000001,20,27.889811877913,168.591125016513,7,-59.0711389402531,-5.61110712455454,8.91493420816466,8,1,122.90225934244
25.0000000000001,21,71.7164948062913,48.4884636590515,4,-60.0670789795287,-4.80000000000268,6.55969308338434,7,1,32.0334339211656
25.0000000000001,22,140.87936345006,51.6761457897035,1,-69.3886439279149,-6.40000000000053,-9.95818682071024,0,1,93.8835351155703
25.0000000000001,23,106.578195341641,192.604719502939,8,-68.5147048369567,-6.40000000000068,-9.084247729752,0,2,65.2139957655779
25.0000000000001,24,198.363192436683,31.731299190597,1,-71.1629175463761,-6.40000000000032,-11.7324604391714,0,2,129.91818184462
25.0000000000001,25,124.322365962125,81.7920402211167,6,-56.2439613340826,-6.41005828949617,7.98649577312208,7,2,76.576214760073
25.0000000000001,26,162.195109969772,111.130910514906,6,-55.6888288749365,-6.41906964868059,8.54162823226821,8,2,47.029531409265
25.0000000000001,27,86.0812631994139,143.2032709846,6,-50.9787254001874,-6.41127159022348,13.2517317070173,10,2,68.4401230236429
25.0000000000001,28,156.465137022441,85.5312090965807,1,-74.8845787229501,-6.40000000000185,-15.4541216157454,0,2,68.922224262336
25.0000000000001,29,164.570928447656,166.842921304632,8,-95.6495396924818,-6.40000000000001,-21.1695428927953,0,2,32.3766266603046
25.0000000000001,30,72.9195029272866,23.8318809763578,4,-63.3876017842883,-4.8,3.23917027862477,5,1,41.98004368351
25.0000000000001,31,120.925278349502,159.861381470296,8,-62.0290311227398,-6.40000000000068,-2.59857401553511,2,2,38.6631126987549
25.0000000000001,32,45.5909407573854,87.0221579454226,6,-59.6084791968786,-6.42499647250278,4.62197791032609,6,1,44.0718729161889
25.0000000000001,33,152.641073449877,0.570850598384928,1,-88.597891938165,-6.4000000000004,-21.1695428927953,0,1,116.321454467824
25.0000000000001,34,111.421286360792,61.2911985821635,2,-74.2485516684467,-6.40000000000136,-14.818094561242,0,1,66.7256740965293
25.0000000000001,35,172.084248205396,49.9194622544459,1,-84.4287897457614,-6.40000000000147,-21.1695428927953,0,2,105.147886589493
25.0000000000001,36,15.8832920293014,41.3789257072468,4,-85.9658453844633,-4.8,-13.973227937087,0,1,42.3145682326914
25.0000000000001,37,87.6315704415596,84.6223604141205,6,-42.4975226922337,-6.41510909934905,13.8304571072047,10,1,56.2769307491384
25.0000000000001,38,28.6346057924773,165.555667996001,7,-62.2496337971339,-5.61041660628045,5.73643935128381,6,1,119.840904851578
25.0000000000001,39,56.7340745999357,129.384145414734,6,-53.4753747596119,-6.4159326406341,10.7550823475927,9,1,83.0628695865071
25.0000000000001,40,76.345767285251,175.290706913744,3,-56.5454823106564,-5.60855665747703,11.4405908377614,9,2,81.3438126288368
25.0000000000001,41,179.919627929398,186.386018882661,8,-89.4817117601803,-6.4,-21.1695428927953,0,2,52.6438648425719
25.0000000000001,42,140.696479910857,47.706868082526,1,-79.6937944392554,-6.40000000000052,-20.2633373320508,0,1,93.7195813168807
25.0000000000001,43,83.0121688694834,47.8609828236092,4,-70.8562186086316,-4.8000000000036,-4.22944654571852,2,1,40.5786728214241
25.0000000000001,44,20.7831620568988,125.236334970709,7,-62.6159151740953,-5.61645142631189,5.37015797432243,6,1,84.0617613378295
25.0000000000001,45,45.8548586293503,195.249017689722,7,-62.1965721953699,-5.6039933984727,5.78950095304787,6,2,115.956604266412
25.0000000000001,46,62.906251758671,94.3312651320318,6,-47.4110574856645,-6.42162190493941,13.8304571072047,10,1,51.8081306617474
25.0000000000001,47,179.419496518788,76.0374332016365,1,-86.1387531628325,-6.40000000000177,-21.1695428927953,0,2,82.9952894013955
25.0000000000001,48,126.108424411956,96.1873552661383,6,-47.4688933332913,-6.41707220783861,13.8304571072047,10,2,63.3944644060664
25.0000000000001,49,49.2868715487695,143.045734179064,3,-61.8885235874688,-5.60399630989953,6.09754956094892,7,1,95.970137027666
25.0000000000001,50,128.103987706718,19.3007679972751,5,-77.7303492731678,-6.40000000000037,-18.2998921659631,0,1,87.14887114156
25.0000000000001,51,136.424144138988,47.1576928061897,1,-83.8223996635927,-6.40000000000052,-21.1695428927953,0,1,89.6072619843981
25.0000000000001,52,186.663794787385,178.589354679107,8,-82.3829279157275,-6.4,-21.1695428927953,0,2,52.0944819455881
25.0000000000001,53,102.107510480608,173.059895607036,8,-88.3562533539977,-6.40000000000096,-21.1695428927953,0,2,58.1179777501978
25.0000000000001,54,113.313554100097,12.9095019164089,5,-81.2934604944088,-6.40000000000121,-21.1695428927953,0,1,77.0490829333795
25.0000000000001,55,190.002173073139,55.4173589955019,1,-82.0006586558303,-6.40000000000037,-21.1695428927953,0,2,105.348468569596
25.0000000000001,56,31.7637847935413,9.61074011158868,4,-86.2008583646841,-4.80000000000002,-13.973227937087,0,1,50.1607601556227
25.0000000000001,57,175.489263560686,129.646137741847,8,-73.450368587971,-6.4,-14.0199114807663,0,2,40.2023912931805
25.0000000000001,58,19.3287988401476,85.7255569769876,6,-70.5158645129516,-6.40813822425686,-6.28540740574693,1,1,52.624024949676
25.0000000000001,59,62.4613453954957,45.9520330141455,4,-58.1271249351391,-4.80000000000061,8.49964712777393,8,1,26.9057831289931
25.0000000000001,60,30.3240365910199,160.456298108413,7,-65.6784762218794,-5.6136101679415,2.30759692653834,4,1,114.629783773181
25.0000000000001,61,5.77586806208376,190.841031713203,7,-61.6875178860334,-5.6059344746189,6.29855526238433,7,1,149.479831615177
25.0000000000001,62,159.397252207833,132.934419285846,6,-58.4643816440179,-6.41066721055246,5.76607546318681,6,2,30.5252746780256
25.0000000000001,63,86.8001769870467,94.9640956925077,6,-46.6820507098402,-6.41254189742054,13.8304571072047,10,1,62.6759357945532
25.0000000000001,64,130.445643194499,196.774434197352,8,-80.1511724729388,-6.4,-20.7207153657341,0,2,55.8790708992127
25.0000000000001,65,187.313865925216,175.915560174902,8,-83.5231780906894,-6.4,-21.1695428927953,0,2,51.1487130773
25.0000000000001,66,80.0082500001431,118.462546684356,6,-53.9277199693598,-6.41047089030896,10.3027371378449,9,1,78.357293001856
25.0000000000001,67,186.199105810289,63.055553892322,1,-75.7659862630093,-6.40000000000049,-16.3355291558047,0,2,97.0667912853589
25.0000000000001,68,69.0859850436354,132.787148966166,6,-50.6521153419013,-6.40751147665163,13.5783417653033,10,2,85.9977328600688
25.0000000000001,69,88.3133184088389,59.158168772962,4,-68.3328758854586,-4.80000000000226,-1.70610382254552,3,1,45.8697331883577
25.0000000000001,70,25.551301286013,72.2990128030474,4,-78.4749000089548,-4.8,-11.8481279460418,0,1,40.5861409941593
25.0000000000001,71,115.730414513692,45.036663240906,2,-72.8562890529113,-6.40000000000109,-13.4258319457066,0,1,69.9812267963772
25.0000000000001,72,153.308811699182,143.606925447152,8,-65.4846191348569,-6.40000000000002,-6.0541620276522,1,2,24.5778281607409
25.0000000000001,73,77.4330829313423,132.317811490682,6,-47.761647557814,-6.40890405028866,13.8304571072047,10,2,78.2998546826781
25.0000000000001,74,79.5014017496552,107.875710506307,6,-42.4772837063043,-6.41344094243033,13.8304571072047,10,1,69.0809711266748
25.0000000000001,75,113.952981989803,145.037821992492,8,-65.7743283515411,-6.40000000000261,-6.34387124433639,1,2,43.3158252605868
25.0000000000001,76,160.646243120174,155.7236298519,8,-88.7450241138557,-6.40000000000004,-21.1695428927953,0,2,26.426358645402
25.0000000000001,77,187.762350604484,83.4069482927323,1,-79.9677383574776,-6.40000000000047,-20.5372812502729,0,2,80.0804574091758
25.0000000000001,78,3.19818477444908,116.766016134031,7,-65.4860788953122,-5.61397557823684,2.49999425310557,5,1,84.854939861014
25.0000000000001,79,33.3265337761887,70.4275011346364,4,-69.1508552417637,-4.80000000000004,-2.52408317885069,2,1,35.3204937468625
25.0000000000001,80,118.712322898898,15.8844432479917,5,-75.2135255696518,-6.4000000000006,-15.7830684624471,0,1,80.2340609134418
25.0000000000001,81,113.846497602936,96.6468183818192,6,-46.9655746346702,-6.41115267311737,13.8304571072047,10,2,68.5994732075771
25.0000000000001,82,194.665203657496,121.730115747995,1,-85.4547930230245,-6.40000000000001,-21.1695428927953,0,2,57.848221868847
25.0000000000001,83,122.640475366201,149.941704857989,8,-66.8961738838661,-6.40000000000395,-7.46571677666147,0,2,36.0665632755744
25.0000000000001,84,58.6417112771579,142.732119566945,6,-55.3491634103871,-6.4067163676703,8.88129369681752,8,2,94.6118861684691
25.0000000000001,85,32.7332436901877,190.620151420671,7,-60.3282011112291,-5.6052884723299,7.65787203718869,7,2,126.308110732696
25.0000000000001,86,122.253201333666,59.6375727334984,2,-67.7286908653088,-6.40000000000089,-8.29823375810415,0,1,76.5875832701147
25.0000000000001,87,186.015081984345,102.322397554006,1,-92.3525654295381,-6.40000000000081,-21.1695428927953,0,2,64.2066188592526
25.0000000000001,88,109.605152424797,66.9288081651039,2,-69.0546178489689,-6.40000000000144,-9.62416074176425,0,1,66.2692141305005
25.0000000000001,89,3.33678748632156,102.207992397731,7,-65.7146381574799,-5.61569610165355,2.27143499093781,4,1,73.8605434064649
25.0000000000001,90,143.674608444121,52.1560661491533,1,-69.8809992002351,-6.40000000000044,-10.4505420930304,0,1,96.6014021036904
25.0000000000001,91,107.73850732788,124.568861370929,6,-45.2456649290898,-6.41441330927081,13.8304571072047,10,2,54.6353967208678
25.0000000000001,92,82.3806861371523,10.2639965730857,4,-87.5214762842306,-4.80000000000198,-13.973227937087,0,1,56.3889067375536
25.0000000000001,93,78.8178243708743,190.842964256483,3,-68.6044747758255,-5.61424764851084,-0.618401627407774,3,2,85.36568313176
25.0000000000001,94,71.21878374355,66.7314451134949,4,-61.6765229740206,-4.80000000000453,4.95024908889247,6,1,35.811004441951
25.0000000000001,95,192.385912293001,130.219626990194,8,-71.8064729921602,-6.4,-12.3760158849555,0,2,52.3457612163298
25.0000000000001,96,75.435559325814,169.344392203204,3,-57.0657189817052,-5.61090796663031,10.9203541667126,9,2,80.5376391680658
25.0000000000001,97,71.6683399801137,130.382596484818,6,-48.2196658527981,-6.40797262568552,13.8304571072047,10,2,84.1007816976068
25.0000000000001,98,177.451015715845,44.0000958638529,1,-69.2845304241424,-6.40000000000059,-9.85407331693772,0,2,111.990124299886
25.0000000000001,99,124.445397953113,183.183303134445,8,-83.3332583667721,-6.40000000000001,-21.1695428927953,0,2,48.0251943534561
25.0000000000001,100,43.1767673760224,8.13333158766822,4,-80.3282108753113,-4.80000000000002,-13.7014388123982,0,1,48.4935503689826
25.5000000000001,1,3.17204005615736,173.481113347773,7,-70.0983971597922,-5.60922049687748,-2.11232401137445,3,1,134.136844998336
25.5000000000001,2,197.732843153503,39.8671052512649,1,-82.2904591244301,-6.40000000000051,-21.1695428927953,0,2,122.310787836776
25.5000000000001,3,149.090994107785,4.40227705136954,1,-84.7486690383139,-6.40000000000095,-21.1695428927953,0,1,111.581483461052
25.5000000000001,4,63.8409758112667,10.1427316865586,4,-68.0822818005296,-4.8,-1.45550973761657,3,1,48.2951803891209
25.5000000000001,5,39.9115367733526,76.9833189406046,4,-67.8420507781341,-4.80000000000119,-1.21527871522106,3,1,37.1769631805209
25.5000000000001,6,123.444998559142,17.4333151353228,5,-75.1840771874814,-6.40000000000024,-15.7536200802768,0,1,83.707865678367
25.5000000000001,7,80.7973469823683,97.864669454295,6,-48.7196011021652,-6.41021757944879,13.8304571072047,10,1,61.5772130184642
25.5000000000001,8,164.297774604319,125.326971354285,6,-56.1706172084271,-6.45665051871664,8.05983989877759,7,2,36.9517888766992
25.5000000000001,9,198.513990632078,160.623831758254,8,-75.5102504176336,-6.4,-16.079793310429,0,2,54.9429075338848
25.5000000000001,10,58.2760076512037,109.243927065719,6,-49.3265855415232,-6.42074494455321,13.8304571072047,10,1,64.2696288834077
25.5000000000001,11,175.519243651744,82.6035811522577,1,-91.1011011132292,-6.40000000000227,-21.1695428927953,0,2,75.800785418473
25.5000000000001,12,156.99671847731,138.194885215209,8,-69.4106004553801,-6.40000000000001,-9.98014334817541,0,2,27.2133203511224
25.5000000000001,13,81.9442276042204,21.9386792122008,4,-73.7827693929688,-4.8000000000003,-7.15599733005577,0,1,48.5810806959459
25.5000000000001,14,187.315238177375,76.9936226507733,1,-84.4799525184858,-6.40000000000117,-21.1695428927953,0,2,85.2913133554166
25.5000000000001,15,181.167382755169,187.349099149923,8,-87.1875590405195,-6.4,-21.1695428927953,0,2,54.0241701011502
25.5000000000001,16,97.1024103889385,139.147223806912,6,-53.1677149046623,-6.41127430324286,11.0627422025423,9,2,58.8913214129004
25.5000000000001,17,152.578147183838,93.3380224806952,1,-70.4012922078513,-6.40000000000152,-10.9708351006466,0,2,61.3960628973856
25.5000000000001,18,87.7587660467174,27.4761668475222,4,-72.6544412083769,-4.80000000000099,-6.02766914546384,1,1,49.8527579302429
25.5000000000001,19,125.060954136694,68.7713922484401,2,-74.517937807723,-6.40000000000101,-15.0874807005183,0,1,80.8626118973144
25.5000000000001,20,27.4536231292311,167.399917130191,7,-60.083802042374,-5.61136762235598,7.90227110604374,7,1,121.833204226822
25.5000000000001,21,70.9253995152615,48.2594691223243,4,-63.7229074820971,-4.80000000000249,2.90386458081592,5,1,31.5143109175728
25.5000000000001,22,141.82875652798,52.7108604895742,1,-78.168584580131,-6.40000000000063,-18.7381274729263,0,1,94.8267857204332
25.5000000000001,23,106.179860064926,191.48422245793,8,-76.9568013912731,-6.40000000000238,-17.5263442840684,0,2,64.7564311622288
25.5000000000001,24,197.19404417717,31.1607915347206,1,-86.1086420704514,-6.40000000000061,-21.1695428927953,0,2,130.008789220002
25.5000000000001,25,124.562280995014,81.4984308368148,6,-56.5695065008377,-6.41268954371648,7.66095060636698,7,2,76.7580127803948
25.5000000000001,26,163.539429669439,110.738103198467,6,-52.0559107056358,-6.44183510453978,12.1745464015688,9,2,47.7185781035846
25.5000000000001,27,86.0159479330235,142.390620728603,6,-53.5023006807332,-6.40944652843721,10.7281564264715,9,2,68.5865261680858
25.5000000000001,28,156.535830737251,85.5174876108853,1,-77.1858686121314,-6.4000000000024,-17.7554115049268,0,2,68.9417253007083
25.5000000000001,29,164.447840704904,166.976400950685,8,-79.1047232503387,-6.4,-19.674266143134,0,2,32.3911761174663
25.5000000000001,30,73.5864413687798,22.528356065477,4,-66.0738025153095,-4.8,0.552969547603592,4,1,43.1655121237789
25.5000000000001,31,120.702262777553,160.097415387022,8,-74.6611069215005,-6.40000000000265,-15.2306498142958,0,2,38.8917112487173
25.5000000000001,32,45.2611505028336,87.3204208908636,6,-54.839880621,-6.44441328866335,9.39057648620468,8,1,44.3567414270706
25.5000000000001,33,152.716192561692,0.471227325890729,1,-86.1178745156521,-6.40000000000057,-21.1695428927953,0,1,116.430088623921
25.5000000000001,34,110.558183175186,60.4265028634109,2,-60.6239028792738,-6.40000000000109,-1.19344577206912,3,1,65.7894787290497
25.5000000000001,35,172.285491605596,50.7894270326266,1,-68.6940205320662,-6.40000000000083,-9.26356342486149,0,2,104.362976790707
25.5000000000001,36,15.4973664596202,41.8411769960667,4,-94.4323795233679,-4.80000000000001,-13.973227937087,0,1,42.5352573053374
25.5000000000001,37,88.391687900874,85.30509747538,6,-47.015307590784,-6.41374002919579,13.8304571072047,10,1,57.206831826489
25.5000000000001,38,28.5439898664655,165.605910136111,7,-60.7203198917272,-5.61198194786256,7.26575325669058,7,1,119.90553293843
25.5000000000001,39,56.9995728170743,129.554178538242,6,-51.3248105106748,-6.41599692329395,12.9056465965299,10,1,83.2472903013423
25.5000000000001,40,76.8204435529697,175.439076080038,3,-58.8321047006057,-5.60592674793858,9.15396844781208,8,2,80.9607563798046
25.5000000000001,41,179.079622471452,186.234122434682,8,-89.185981028345,-6.4,-21.1695428927953,0,2,52.0652098016874
25.5000000000001,42,141.399324938691,48.1283333222652,1,-79.4833675050157,-6.40000000000071,-20.0529103978111,0,1,94.3906231328144
25.5000000000001,43,83.1252738786095,47.8240706506466,4,-70.2440888125326,-4.80000000000359,-3.61731674961958,2,1,40.6726989277361
25.5000000000001,44,20.6126977524585,125.212541256343,7,-57.5035835912127,-5.61019880639285,10.482489557205,9,1,84.0998804733128
25.5000000000001,45,46.6232941803727,195.750860989053,7,-59.4942513739347,-5.6077068455631,8.49182177448305,8,2,115.464862998911
25.5000000000001,46,62.0137382303143,93.7228289507978,6,-47.4204966455092,-6.42095058915356,13.8304571072047,10,1,51.0711824586746
25.5000000000001,47,180.056718293006,76.5812674005264,1,-80.8387298065987,-6.40000000000052,-21.1695428927953,0,2,82.7403566046105
25.5000000000001,48,126.116984540141,96.33710992544,6,-50.1761347547427,-6.41658939121384,13.8304571072047,10,2,63.2641620398958
25.5000000000001,49,48.8296737863919,142.965039232028,3,-59.8779701264919,-5.61130211839913,8.10810302192589,8,1,95.8963929606261
25.5000000000001,50,128.895714234041,19.424953971038,5,-85.3505698531404,-6.40000000000049,-21.1695428927953,0,1,87.8158138615851
25.5000000000001,51,135.202064917657,47.3980869123083,1,-75.6255695526159,-6.40000000000081,-16.1951124454112,0,1,88.4217836166439
25.5000000000001,52,186.778661918201,177.291918881105,8,-84.3382589906946,-6.4,-21.1695428927953,0,2,51.4759051276043
25.5000000000001,53,101.81161583841,173.338117183097,8,-69.6310630408373,-6.40000000000039,-10.2006059336327,0,2,58.4725412630321
25.5000000000001,54,114.060372664112,13.7668364191302,5,-68.3036152362233,-6.40000000000028,-8.87315812901862,0,1,77.2581613096182
25.5000000000001,55,189.640059383707,55.8441030456665,1,-71.5913345726023,-6.40000000000031,-12.1608774653977,0,2,104.828036513229
25.5000000000001,56,31.6645934441245,9.82969910847661,4,-68.6344689818181,-4.8,-2.00769691890509,3,1,50.0208977057066
25.5000000000001,57,176.228882700451,130.126105383909,8,-74.7826454582836,-6.4,-15.352188351079,0,2,40.4373091949193
25.5000000000001,58,20.2628477620042,86.7153629305556,6,-62.0045950413041,-6.40709898344056,2.22586206590057,4,1,52.768988036044
25.5000000000001,59,61.8239425702508,46.6889831168792,4,-66.3129338295176,-4.80000000000025,0.313838233395441,4,1,26.5144951056003
25.5000000000001,60,29.8089113804551,160.918397455637,7,-62.0455510497768,-5.61040811705699,5.94052209864091,7,1,115.164321531319
25.5000000000001,61,6.22479990563417,191.04894921363,7,-62.4354111232639,-5.6070321918605,5.55066202515389,6,1,149.543720087375
25.5000000000001,62,159.830796816267,131.555759293938,6,-58.4941281346007,-6.47577380209379,5.73632897260401,6,2,31.449715122174
25.5000000000001,63,86.9677103166858,94.8961239850983,6,-46.8752951807935,-6.40869929783907,13.8304571072047,10,1,62.7257806244268
25.5000000000001,64,130.237563634295,197.293328627441,8,-73.7731726580051,-6.40000000000001,-14.3427155508005,0,2,56.3867255989536
25.5000000000001,65,187.473045356495,175.293103326405,8,-83.3952250243937,-6.4,-21.1695428927953,0,2,50.9531177080475
25.5000000000001,66,80.2035754065478,119.616838187751,6,-52.9015019345535,-6.411501676017,11.3289551726512,9,1,79.4418663338073
25.5000000000001,67,185.27328730798,62.2222295558366,1,-73.0500588308691,-6.40000000000023,-13.6196017236644,0,2,97.4750828758793
25.5000000000001,68,69.8153536585101,131.488577841968,6,-60.2114353568919,-6.40657820075074,4.01902175031279,5,2,85.5832942765275
25.5000000000001,69,89.1128200705569,59.2794010683488,4,-66.6994678235709,-4.80000000000316,-0.0726957606578543,3,1,46.5636121672173
25.5000000000001,70,25.4534247647855,72.4122600719345,4,-71.7574337620775,-4.8,-5.13066169916442,1,1,40.7074164902426
25.5000000000001,71,115.728429726571,44.3354065473882,2,-79.7530300905046,-6.400000000001,-20.3225729833,0,1,70.0325930785386
25.5000000000001,72,153.312964589447,143.605655287685,8,-69.1289794181072,-6.40000000000009,-9.69852231090249,0,2,24.5787180029967
25.5000000000001,73,77.4518353410304,132.312062957069,6,-54.2524681883687,-6.40738924783737,9.97798891883599,8,2,78.283774258908
25.5000000000001,74,79.216228555484,107.586550985629,6,-46.692904888695,-6.41341886533365,13.8304571072047,10,1,68.7171657260884
25.5000000000001,75,114.075973890284,143.786249825807,6,-48.4827538318325,-6.42303317004009,13.8304571072047,10,2,43.3750659153259
25.5000000000001,76,160.445962912734,154.752214902521,8,-64.1520283638244,-6.4,-4.72157125661974,1,2,26.1524700105735
25.5000000000001,77,187.777285514575,82.3050288743912,1,-85.3789846698506,-6.40000000000181,-21.1695428927953,0,2,81.0060640726774
25.5000000000001,78,2.94802065676072,116.868535269767,7,-59.8849352013988,-5.61990432312807,8.10113794701893,8,1,85.0737313701517
25.5000000000001,79,33.315458495772,70.6201258252521,4,-64.883499121816,-4.80000000000005,1.74327294109703,4,1,35.4374591958218
25.5000000000001,80,119.587216794026,14.8517026315845,5,-69.9964999722366,-6.40000000000019,-10.5660428650319,0,1,81.4250179554005
25.5000000000001,81,113.938283827874,96.9230458870891,6,-48.9878445870687,-6.41227566400343,13.8304571072047,10,2,68.3363770709497
25.5000000000001,82,194.518752985887,121.87264186172,1,-65.5520447484616,-6.4,-6.12158764125691,1,2,57.6655672239295
25.5000000000001,83,122.566305410228,149.11000055224,8,-67.6519962029736,-6.40000000000286,-8.22153909576896,0,2,36.1337750292148
25.5000000000001,84,58.7618704082383,142.411893267083,6,-58.6206199829619,-6.40456631315097,5.60983712424278,6,2,94.5210328720187
25.5000000000001,85,34.0596410837181,190.23640005563,7,-64.2741172591185,-5.60603112338229,3.71195588929923,5,2,124.953530222531
25.5000000000001,86,121.106321386666,59.6189313490604,2,-79.9022733025206,-6.40000000000075,-20.4718161953159,0,1,75.5041904892822
25.5000000000001,87,186.864923962294,102.704216341421,1,-77.2531114392148,-6.40000000000027,-17.8226543320101,0,2,64.4062401528365
25.5000000000001,88,109.57285718042,66.9355578477707,2,-61.5000469245966,-6.40000000000139,-2.06958981739198,3,1,66.241893332346
25.5000000000001,89,2.33422767749559,102.07587831704,7,-66.2954923326124,-5.60897200764678,1.69058081580531,4,1,74.405463197214
25.5000000000001,90,144.171670245049,51.5492891071844,1,-75.2032744775842,-6.40000000000064,-15.7728173703795,0,1,97.0719000199334
25.5000000000001,91,107.858885809852,124.25968449905,6,-42,-6.41567916878769,13.8304571072047,10,2,54.6871771741378
25.5000000000001,92,82.6064634946689,10.4642335611772,4,-72.8896380552914,-4.80000000000006,-6.26286599237837,1,1,56.3782607884841
25.5000000000001,93,78.8176300887347,190.833960542015,3,-61.1232549845491,-5.60764114810716,6.8628181638686,7,2,85.3615377071609
25.5000000000001,94,70.057554121836,66.1210085172872,4,-64.2983895618388,-4.80000000000748,2.32838250107428,4,1,34.848850669209
25.5000000000001,95,192.635971773386,130.308482084172,8,-76.2568800217276,-6.4,-16.8264229145229,0,2,52.5150641900997
25.5000000000001,96,74.8577452399719,168.103081024516,3,-56.2700720388736,-5.60705776772321,11.7160011095441,9,2,80.7857041375588
25.5000000000001,97,72.2353758943263,131.447918239809,6,-60.3709952237619,-6.407249346287,3.85946188344278,5,2,83.3292655669876
25.5000000000001,98,177.375213775317,44.0374777245661,1,-77.8818152962501,-6.40000000000058,-18.4513581890454,0,2,111.93618028241
25.5000000000001,99,125.29560730521,182.083867602534,8,-94.0035477066324,-6.40000000000001,-21.1695428927953,0,2,46.8180689344973
25.5000000000001,100,42.7684401622655,7.34620517956606,4,-75.9974557456577,-4.8,-9.37068368274466,0,1,49.2330343394596
26.0000000000001,1,3.9650500701967,173.920720815774,7,-61.7215553973751,-5.60617893060629,6.26451775104269,7,1,134.267686591155
26.0000000000001,2,196.860859751004,40.2466433083704,1,-79.3169992804394,-6.40000000000176,-19.8865421732347,0,2,121.630545019264
26.0000000000001,3,148.341108786318,4.83387284071949,1,-76.53016877678,-6.4000000000004,-17.0997116695753,0,1,110.739345852731
26.0000000000001,4,65.0013581895538,10.2757199872196,4,-60.7060070203636,-4.8,5.92076504254943,7,1,48.5315275884149
26.0000000000001,5,39.0452670067291,75.9617109240321,4,-66.4494384017457,-4.80000000000069,0.177333661167364,3,1,36.6915059524254
26.0000000000001,6,123.7651467729,17.1844930971108,5,-77.9103708805577,-6.40000000000062,-18.4799137733531,0,1,84.085696594136
26.0000000000001,7,81.3973350566446,97.5102204639787,6,-47.3249532110126,-6.41474530873002,13.8304571072047,10,1,61.6057115630934
26.0000000000001,8,165.365532733037,124.870334349814,6,-58.9758107123031,-6.41311717283036,5.25464639490158,6,2,37.6808929281163
26.0000000000001,9,198.049612704602,160.400081450051,8,-91.533449266458,-6.40000000000001,-21.1695428927953,0,2,54.4901548468158
26.0000000000001,10,58.137758284449,109.636731373627,6,-47.1582880880002,-6.42203710828693,13.8304571072047,10,1,64.6143392663445
26.0000000000001,11,176.079666546855,83.6740435941856,1,-75.2951272743022,-6.40000000000125,-15.8646701670976,0,2,75.0435307027936
26.0000000000001,12,156.559463186454,139.488204130559,8,-65.5777803795909,-6.40000000000001,-6.14732327238623,1,2,26.5664150704465
26.0000000000001,13,81.964291742166,21.9092968930022,4,-64.1958911041168,-4.80000000000015,2.43088095879626,5,1,48.6112491880614
26.0000000000001,14,187.908535454126,76.170821013106,1,-86.8704895623052,-6.40000000000085,-21.1695428927953,0,2,86.2557518670816
26.0000000000001,15,180.384212258449,187.493552582667,8,-81.1115253317314,-6.40000000000001,-21.1695428927953,0,2,53.6769674985065
26.0000000000001,16,97.8556986788039,138.21776468731,6,-51.515930801804,-6.40724691184269,12.7145263054007,10,2,58.3960549116059
26.0000000000001,17,153.512892014309,93.4494400474989,1,-74.2454119910784,-6.40000000000193,-14.8149548838738,0,2,61.3396791746225
26.0000000000001,18,87.9579668017926,26.9576992420932,4,-60.4844851009201,-4.80000000000027,6.14228696199291,7,1,50.2394751957444
26.0000000000001,19,125.67559137284,69.039071062645,2,-71.572829861577,-6.40000000000118,-12.1423727543723,0,1,81.4955910252667
26.0000000000001,20,27.0174343805491,166.20870924387,7,-61.0944950269434,-5.60952674576481,6.89157812147431,7,1,120.768010775116
26.0000000000001,21,70.1343042242318,48.030474585597,4,-75.0956979217682,-4.80000000000239,-8.46892585885518,0,1,31.0083736586087
26.0000000000001,22,142.778149605899,53.7455751894448,1,-84.3695664054939,-6.40000000000084,-21.1695428927953,0,1,95.7813362706662
26.0000000000001,23,105.781524788211,190.363725412921,8,-87.8898157918572,-6.40000000000025,-21.1695428927953,0,2,64.3176016286774
26.0000000000001,24,196.024895917658,30.5902838788441,1,-74.1289962402698,-6.40000000000032,-14.6985391330652,0,2,130.112341260798
26.0000000000001,25,124.802196027904,81.204821452513,6,-48.5696297932851,-6.41358054314458,13.8304571072047,10,2,76.9412497714768
26.0000000000001,26,164.883749369106,110.345295882028,6,-54.881962228804,-6.42425812442423,9.34849487840065,8,2,48.4383273241995
26.0000000000001,27,85.950632666633,141.577970472607,6,-54.5956824484455,-6.40916737375672,9.63477465875912,8,2,68.7422871103723
26.0000000000001,28,156.606524452061,85.5037661251899,1,-70.5876649963007,-6.40000000000252,-11.1572078890961,0,2,68.9612960244359
26.0000000000001,29,164.324752962153,167.109880596738,8,-79.264179768454,-6.40000000000001,-19.8337226612494,0,2,32.4067363593025
26.0000000000001,30,74.253379810273,21.2248311545963,4,-59.2180806714209,-4.8,7.4086913914922,7,1,44.3676320565212
26.0000000000001,31,120.479247205605,160.333449303748,8,-61.8230815914399,-6.40000000000347,-2.39262448423527,2,2,39.1216694436848
26.0000000000001,32,44.9313602482818,87.6186838363046,6,-57.2033169303261,-6.41568889758497,7.02714017687862,7,1,44.6442211546864
26.0000000000001,33,152.791311673507,1.64929564061755,1,-85.1406226521793,-6.40000000000054,-21.1695428927953,0,1,116.00040675622
26.0000000000001,34,109.69507998958,59.5618071446583,2,-72.2760086926327,-6.40000000000124,-12.8455515854281,0,1,64.8627838658964
26.0000000000001,35,172.486735005795,51.6593918108073,1,-78.4342996813583,-6.40000000000085,-19.0038425741536,0,2,103.57981690581
26.0000000000001,36,15.1114408899389,42.3034282848867,4,-92.1556660967628,-4.80000000000001,-13.973227937087,0,1,42.7632876769562
26.0000000000001,37,89.1518053601884,85.9878345366394,6,-49.8662444047388,-6.4138878902382,13.8304571072047,10,1,58.1398150805333
26.0000000000001,38,28.4533739404536,165.656152276221,7,-60.4095062830419,-5.6089773554375,7.57656686537584,7,1,119.970215694939
26.0000000000001,39,57.265071034213,129.72421166175,6,-52.5091166296423,-6.41386505579958,11.7213404775624,9,1,83.4324947620507
26.0000000000001,40,77.2951198206884,175.587445246332,3,-58.861446959035,-5.60944832101505,9.12462618938276,8,2,80.5789485915653
26.0000000000001,41,178.239617013506,186.082225986703,8,-81.0719863750583,-6.4,-21.1695428927953,0,2,51.4942035691887
26.0000000000001,42,142.102169966525,48.5497985620045,1,-72.1593970062253,-6.40000000000055,-12.7289398990207,0,1,95.0639931664639
26.0000000000001,43,83.2383788877356,47.787158477684,4,-76.4779576349818,-4.80000000000259,-9.85118557206876,0,1,40.7668553936596
26.0000000000001,44,20.4422334480183,125.188747541977,7,-62.6344736036775,-5.61608804082082,5.35159954474028,6,1,84.1383344289192
26.0000000000001,45,47.3917297313952,196.252704288384,7,-69.6952684603246,-5.60939073079535,-1.70919531190689,3,2,114.978344837207
26.0000000000001,46,61.1212247019576,93.1143927695638,6,-51.3946016223638,-6.4239874089769,12.8358554848409,10,1,50.346623548751
26.0000000000001,47,180.693940067223,77.1251015994162,1,-76.1330792125253,-6.40000000000053,-16.7026221053207,0,2,82.4931437984132
26.0000000000001,48,126.125544668325,96.4868645847416,6,-46.9716091261287,-6.41652646124165,13.8304571072047,10,2,63.1339471232072
26.0000000000001,49,48.3724760240142,142.884344284993,3,-50.2928576172483,-5.61362198333266,17.5860731484177,12,1,95.8248414950188
26.0000000000001,50,129.687440761364,19.549139944801,5,-82.5049596697416,-6.40000000000044,-21.1695428927953,0,1,88.4849879538738
26.0000000000001,51,133.979985696327,47.6384810184269,1,-77.7543756534482,-6.40000000000127,-18.3239185462435,0,1,87.2379777932498
26.0000000000001,52,186.893529049017,175.994483083103,8,-90.8423318460896,-6.40000000000001,-21.1695428927953,0,2,50.8831567067964
26.0000000000001,53,101.515721196211,173.616338759158,8,-77.3887282778091,-6.40000000000106,-17.9582711706045,0,2,58.8277719067349
26.0000000000001,54,114.807191228127,14.6241709218515,5,-77.1378740611983,-6.40000000000087,-17.7074169539936,0,1,77.4833615548875
26.0000000000001,55,189.277945694275,56.2708470958312,1,-86.6947302977389,-6.40000000000123,-21.1695428927953,0,2,104.308010824171
26.0000000000001,56,31.5654020947078,10.0486581053645,4,-72.4019345406331,-4.8,-5.77516247772003,1,1,49.8818014822225
26.0000000000001,57,176.968501840216,130.606073025971,8,-87.3857149564388,-6.40000000000001,-21.1695428927953,0,2,40.689980277455
26.0000000000001,58,21.1968966838608,87.7051688841236,6,-59.5484954681763,-6.41612169104741,4.68196163902837,6,1,52.9485459783408
26.0000000000001,59,61.186539745006,47.4259332196128,4,-53.8419003239773,-4.8000000000003,12.7848717389357,10,1,26.1536707032969
26.0000000000001,60,29.2937861698903,161.380496802861,7,-59.8669676980956,-5.60609929870198,8.11910545032216,8,1,115.700528776796
26.0000000000001,61,6.67373174918458,191.256866714058,7,-61.7833004044426,-5.61035898641096,6.20277274397511,7,1,149.609217344436
26.0000000000001,62,160.264341424701,130.177099302029,6,-62.9312943721924,-6.43444634375855,1.29916273501224,4,2,32.4122522661488
26.0000000000001,63,87.1352436463249,94.8281522776889,6,-47.2551289026374,-6.41245927914308,13.8304571072047,10,1,62.7761065796819
26.0000000000001,64,130.029484074092,197.812223057531,8,-83.2600776129221,-6.4,-21.1695428927953,0,2,56.8953440981777
26.0000000000001,65,187.632224787775,174.670646477908,8,-91.3327620309041,-6.40000000000001,-21.1695428927953,0,2,50.7649006707932
26.0000000000001,66,80.3989008129524,120.771129691146,6,-56.7390719649662,-6.40792512718824,7.49138514223845,7,2,79.062569320615
26.0000000000001,67,184.347468805671,61.3889052193513,1,-81.0454521122116,-6.40000000000092,-21.1695428927953,0,2,97.8975215803835
26.0000000000001,68,70.5447222733848,130.19000671777,6,-46.8120431586272,-6.40752910023514,13.8304571072047,10,2,85.192881113715
26.0000000000001,69,89.9123217322748,59.4006333637355,4,-64.4571653547014,-4.80000000000205,2.16960670821161,4,1,47.2611397841821
26.0000000000001,70,25.355548243558,72.5255073408216,4,-81.857112566861,-4.80000000000005,-13.973227937087,0,1,40.8288805055564
26.0000000000001,71,115.72644493945,43.6341498538703,2,-66.3491259084423,-6.40000000000158,-6.91866880123763,0,1,70.09093816223
26.0000000000001,72,153.317117479712,143.604385128218,8,-69.8073808859856,-6.40000000000003,-10.3769237787809,0,2,24.5796085803327
26.0000000000001,73,77.4705877507186,132.306314423456,6,-46.5764089934221,-6.4085772006195,13.8304571072047,10,2,78.2676954465112
26.0000000000001,74,78.9310553613127,107.29739146495,6,-47.5796390363906,-6.41418248849692,13.8304571072047,10,1,68.3538370028125
26.0000000000001,75,114.198965790765,142.534677659122,6,-51.5578033793468,-6.41488882299559,12.6726537278579,10,2,43.4706232771518
26.0000000000001,76,160.245682705293,153.780799953143,8,-77.1607434107048,-6.40000000000004,-17.7302863035001,0,2,25.9136732707507
26.0000000000001,77,187.792220424666,81.2031094560501,1,-80.5822571109281,-6.40000000000054,-21.1518000037235,0,2,81.936036474452
26.0000000000001,78,2.69785653907237,116.971054405504,7,-59.7158366188298,-5.60361918939104,8.27023652958794,8,1,85.2928185967794
26.0000000000001,79,33.3043832153553,70.8127505158678,4,-70.2282597397331,-4.80000000000029,-3.60148767682002,2,1,35.5550868914065
26.0000000000001,80,120.462110689154,13.8189620151774,5,-76.4749407316547,-6.40000000000072,-17.0444836244501,0,1,82.6209813088039
26.0000000000001,81,114.030070052812,97.1992733923591,6,-44.3800234753228,-6.41189113542467,13.8304571072047,10,2,68.0735087291705
26.0000000000001,82,194.372302314279,122.015167975445,6,-63.7302849319462,-6.40000306325692,0.500172175258454,4,2,57.4830586878632
26.0000000000001,83,122.492135454254,148.278296246491,8,-63.917230676486,-6.4000000000033,-4.48677356928136,2,2,36.2201170025987
26.0000000000001,84,58.8820295393186,142.091666967222,6,-53.4102895479348,-6.40539899030747,10.8201675592698,9,2,94.431330988348
26.0000000000001,85,35.3860384772485,189.85264869059,7,-61.9638282213911,-5.60633803341071,6.02224492702664,7,2,123.599529868015
26.0000000000001,86,119.959441439666,59.6002899646224,2,-76.2196369005206,-6.4000000000007,-16.7891797933159,0,1,74.4227049626318
26.0000000000001,87,187.714765940242,103.086035128835,1,-86.817980812406,-6.40000000000203,-21.1695428927953,0,2,64.6186789547742
26.0000000000001,88,109.540561936043,66.9423075304375,2,-71.0893402206396,-6.40000000000102,-11.658883113435,0,1,66.2145777009544
26.0000000000001,89,1.33166786866963,101.943764236348,7,-59.9455849515074,-5.6053644371999,8.04048819691033,7,1,74.9600640040204
26.0000000000001,90,144.668732045978,50.9425120652156,1,-83.323923962012,-6.40000000000247,-21.1695428927953,0,1,97.5464358968906
26.0000000000001,91,107.979264291824,123.95050762717,6,-46.4280393626715,-6.41445281103851,13.8304571072047,10,2,54.7409196336573
26.0000000000001,92,82.8322408521855,10.6644705492688,4,-74.6977065465905,-4.80000000000007,-8.07093448367747,0,1,56.3692284544082
26.0000000000001,93,78.8174358065951,190.824956827547,3,-63.1316352179379,-5.60595192567067,4.85443793047989,6,2,85.3573930314141
26.0000000000001,94,68.8963245001221,65.5105719210795,4,-66.4488188333303,-4.80000000000706,0.177953229582781,3,1,33.9101595533388
26.0000000000001,95,192.88603125377,130.397337178151,8,-101.949109413676,-6.40000000000001,-21.1695428927953,0,2,52.6851598308905
26.0000000000001,96,74.2799311541297,166.861769845829,3,-56.6518420674645,-5.61085093413076,11.3342310809533,9,2,81.0561417065792
26.0000000000001,97,72.8024118085389,132.5132399948,6,-46.5863645997417,-6.40790507371015,13.8304571072047,10,2,82.5681803000277
26.0000000000001,98,177.299411834789,44.0748595852792,1,-76.5232000808185,-6.40000000000046,-17.0927429736138,0,2,111.882274102754
26.0000000000001,99,126.145816657307,180.984432070624,8,-70.9861652194162,-6.4,-11.5557081122116,0,2,45.621344715888
26.0000000000001,100,42.3601129485086,6.55907877146389,4,-91.5128750396965,-4.80000000000002,-13.973227937087,0,1,49.9773099650574
26.5000000000001,1,4.75806008423604,174.360328283775,7,-59.8005341814809,-5.61155058399345,8.18553896693689,8,1,134.404517700076
26.5000000000001,2,195.988876348505,40.626181365476,1,-102.149463266346,-6.40000000000121,-21.1695428927953,0,2,120.953953843997
26.5000000000001,3,147.591223464852,5.26546863006945,1,-83.1757393489221,-6.40000000000066,-21.1695428927953,0,1,109.897566825904
26.5000000000001,4,66.1617405678409,10.4087082878806,4,-86.0015090271059,-4.80000000000002,-13.973227937087,0,1,48.7946947691686
26.5000000000001,5,38.1789972401056,74.9401029074595,4,-74.8373805214839,-4.80000000000311,-8.21060845857082,0,1,36.2490667367327
26.5000000000001,6,124.085294986659,16.9356710588987,5,-82.5047037602524,-6.40000000000078,-21.1695428927953,0,1,84.4637838460106
26.5000000000001,7,81.9973231309208,97.1557714736624,6,-46.2095112213112,-6.41466705513889,13.8304571072047,10,1,61.6420754908596
26.5000000000001,8,166.433290861755,124.413697345343,6,-57.8927243059453,-6.40864351589009,6.33773280125939,7,2,38.4312624315515
26.5000000000001,9,197.585234777126,160.176331141849,8,-93.9963420605948,-6.4,-21.1695428927953,0,2,54.0385259264427
26.5000000000001,10,57.9995089176944,110.029535681536,6,-55.1873021904608,-6.4177950724981,9.04315491674383,8,1,64.9598899095821
26.5000000000001,11,176.640089441966,84.7445060361136,1,-70.1364233231236,-6.40000000000171,-10.7059662159189,0,2,74.298208982093
26.5000000000001,12,156.122207895599,140.781523045909,8,-64.4371267741165,-6.40000000000001,-5.00666966691187,1,2,25.9752140870879
26.5000000000001,13,81.9843558801116,21.8799145738037,4,-77.3313053771263,-4.80000000000214,-10.7045333142132,0,1,48.6414249939515
26.5000000000001,14,188.501832730877,75.3480193754387,1,-74.1286399905772,-6.40000000000028,-14.6981828833725,0,2,87.2213238537821
26.5000000000001,15,179.601041761729,187.638006015412,8,-97.0588186097051,-6.4,-21.1695428927953,0,2,53.3393960426603
26.5000000000001,16,98.6089869686693,137.288305567708,6,-51.7972334795036,-6.41478652457108,12.433223627701,10,2,57.9212689409199
26.5000000000001,17,154.44763684478,93.5608576143025,1,-68.3627779097421,-6.40000000000208,-8.93232080253739,0,2,61.2977019694546
26.5000000000001,18,88.1571675568677,26.4392316366643,4,-71.6950448352987,-4.80000000000138,-5.06827277238561,1,1,50.6293318327789
26.5000000000001,19,126.290228608986,69.3067498768499,2,-74.0331513418371,-6.40000000000093,-14.6026942346324,0,1,82.1291639554345
26.5000000000001,20,26.5812456318672,165.017501357548,7,-62.9580682105435,-5.61312031501517,5.0280049378742,6,1,119.706782074737
26.5000000000001,21,69.3432089332021,47.8014800488698,4,-73.9056179539528,-4.80000000000095,-7.27884589103978,0,1,30.516277980924
26.5000000000001,22,143.727542683819,54.7802898893155,1,-71.7072310195267,-6.40000000000046,-12.276773912322,0,1,96.7468522949092
26.5000000000001,23,105.383189511496,189.243228367912,8,-58.8132001199824,-6.40000000000011,0.617256987222288,4,2,63.8978931648229
26.5000000000001,24,194.855747658145,30.0197762229677,1,-93.5678215027495,-6.40000000000057,-21.1695428927953,0,2,130.228807087979
26.5000000000001,25,125.042111060794,80.9112120682112,6,-45.9139053514085,-6.41270803209532,13.8304571072047,10,2,77.1259154771302
26.5000000000001,26,166.228069068774,109.952488565589,6,-58.2273912313915,-6.40540314277584,6.00306587581319,7,2,49.1874312989629
26.5000000000001,27,85.8853174002426,140.76532021661,6,-52.0907565018757,-6.40888216759316,12.139700605329,9,2,68.9073423922979
26.5000000000001,28,156.677218166871,85.4900446394944,1,-65.361527109717,-6.4000000000009,-5.93107000251233,1,2,68.9809363742071
26.5000000000001,29,164.201665219401,167.243360242791,8,-86.7329372047383,-6.40000000000001,-21.1695428927953,0,2,32.4233059305589
26.5000000000001,30,74.9203182517662,19.9213062437156,4,-64.5586849667468,-4.8,2.06808709616624,4,1,45.5850861560407
26.5000000000001,31,120.256231633656,160.569483220474,8,-81.7434853173993,-6.40000000000049,-21.1695428927953,0,2,39.3529634484956
26.5000000000001,32,44.60156999373,87.9169467817456,6,-56.9544802807789,-6.43782630632263,7.27597682642577,7,1,44.9342619810577
26.5000000000001,33,152.866430785322,2.82736395534438,1,-84.0923493051405,-6.40000000000082,-21.1695428927953,0,1,115.581184342058
26.5000000000001,34,108.831976803974,58.6971114259057,2,-75.85565462322,-6.40000000000125,-16.4251975160154,0,1,63.9460025476023
26.5000000000001,35,172.687978405995,52.5293565889881,1,-83.299607401391,-6.40000000000231,-21.1695428927953,0,2,102.798446929453
26.5000000000001,36,14.7255153202576,42.7656795737066,4,-82.730354461006,-4.80000000000001,-13.973227937087,0,1,42.9985425503199
26.5000000000001,37,89.9119228195028,86.6705715978988,6,-47.0890865314117,-6.41215049339809,13.8304571072047,10,1,59.0757344809742
26.5000000000001,38,28.3627580144417,165.70639441633,7,-63.5785364742663,-5.61340035952944,4.40753667415146,6,1,120.034953032727
26.5000000000001,39,57.5305692513516,129.894244785258,6,-58.849915258947,-6.4098490611683,5.38054184825769,6,1,83.6184777609355
26.5000000000001,40,77.7697960884071,175.735814412626,3,-61.0341094577565,-5.61065561255279,6.95196369066128,7,2,80.1984070951004
26.5000000000001,41,177.39961155556,185.930329538724,8,-96.6503416455521,-6.40000000000001,-21.1695428927953,0,2,50.931103406042
26.5000000000001,42,142.80501499436,48.9712638017438,1,-77.1032476772574,-6.40000000000088,-17.6727905700527,0,1,95.7396422923593
26.5000000000001,43,83.3514838968618,47.7502463047214,4,-66.3169871203584,-4.80000000000134,0.309784942554654,4,1,40.8611413180304
26.5000000000001,44,20.271769143578,125.164953827611,7,-57.9621107538249,-5.61386689287651,10.0239623945929,8,1,84.1771227457892
26.5000000000001,45,48.1601652824176,196.754547587715,7,-64.3986662268786,-5.60730110546142,3.58740692153913,5,2,114.497116362974
26.5000000000001,46,60.2287111736009,92.5059565883298,6,-49.9338680589144,-6.42923383800635,13.8304571072047,10,1,49.6349965020844
26.5000000000001,47,181.33116184144,77.6689357983061,1,-71.3436245354944,-6.40000000000047,-11.9131674282897,0,2,82.2537205899167
26.5000000000001,48,126.134104796509,96.6366192440432,6,-43.1981230277241,-6.41575777954804,13.8304571072047,10,2,63.0038201982167
26.5000000000001,49,47.9152782616365,142.803649337957,3,-60.0034096991483,-5.61445089313119,7.98266344926941,7,1,95.755487545983
26.5000000000001,50,130.479167288687,19.6733259185639,5,-77.1489268531948,-6.40000000000058,-17.7184697459901,0,1,89.1563431749088
26.5000000000001,51,132.757906474996,47.8788751245454,1,-75.5106502934931,-6.40000000000054,-16.0801931862884,0,1,86.0559135380099
26.5000000000001,52,187.008396179833,174.697047285101,8,-68.5339525516789,-6.4,-9.10349544447419,0,2,50.317149486095
26.5000000000001,53,101.219826554013,173.894560335219,8,-61.8577688034782,-6.40000000000049,-2.42731169627352,2,2,59.1836576685998
26.5000000000001,54,115.554009792142,15.4815054245729,5,-82.0746103785758,-6.40000000000107,-21.1695428927953,0,1,77.7245435340863
26.5000000000001,55,188.915832004842,56.6975911459958,1,-74.5797441003927,-6.40000000000029,-15.149286993188,0,2,103.788397610662
26.5000000000001,56,31.466210745291,10.2676171022525,4,-87.9186315468392,-4.80000000000001,-13.973227937087,0,1,49.7434779129002
26.5000000000001,57,177.70812097998,131.086040668033,8,-74.9900885221954,-6.40000000000002,-15.5596314149907,0,2,40.9600759991057
26.5000000000001,58,22.1309456057175,88.6949748376916,6,-61.1823644746295,-6.42157230851468,3.04809263257513,5,1,53.162348241223
26.5000000000001,59,60.5491369197611,48.1628833223465,4,-63.4259963071249,-4.80000000000028,3.20077575578813,5,1,25.8245868783836
26.5000000000001,60,28.7786609593256,161.842596150084,7,-61.77267712127,-5.61025061754987,6.21339602714777,7,1,116.238382405598
26.5000000000001,61,7.12266359273499,191.464784214485,7,-61.6011125673011,-5.60997398129581,6.38496058111665,7,1,149.676321274384
26.5000000000001,62,160.697886033136,128.79843931012,6,-58.2812248898769,-6.41548048945304,5.94923221732774,7,2,33.4095935513234
26.5000000000001,63,87.302776975964,94.7601805702795,6,-46.0375750487769,-6.41245302803336,13.8304571072047,10,1,62.8269125041374
26.5000000000001,64,129.821404513888,198.33111748762,8,-70.1725912192278,-6.4,-10.7421341120232,0,2,57.4049007785425
26.5000000000001,65,187.791404219054,174.048189629411,8,-70.2755432484798,-6.4,-10.8450861412752,0,2,50.5841443270519
26.5000000000001,66,80.594226219357,121.925421194541,6,-50.7668120178546,-6.40827766422194,13.46364508935,10,2,78.4703345806154
26.5000000000001,67,183.421650303362,60.555580882866,1,-79.7513367653034,-6.40000000000054,-20.3208796580987,0,2,98.3339250726917
26.5000000000001,68,71.2740908882595,128.891435593571,6,-54.4299577602906,-6.40781387735617,9.8004993469141,8,2,84.8268251013226
26.5000000000001,69,90.7118233939928,59.5218656591223,4,-71.4826330582154,-4.80000000000228,-4.85586099530234,1,1,47.9621568498961
26.5000000000001,70,25.2576717223305,72.6387546097087,4,-76.6363144706718,-4.8,-10.0095424077587,0,1,40.9505313625913
26.5000000000001,71,115.724460152329,42.9328931603525,2,-67.4605897104634,-6.40000000000058,-8.03013260325874,0,1,70.156244635799
26.5000000000001,72,153.321270369977,143.603114968751,8,-62.6129312044963,-6.40000000000001,-3.18247409729161,2,2,24.580499892669
26.5000000000001,73,77.4893401604067,132.300565889842,6,-52.3828926258707,-6.40900057643346,11.8475644813339,9,2,78.2516182464811
26.5000000000001,74,78.6458821671414,107.008231944271,6,-42,-6.41431410405968,13.8304571072047,10,1,67.9909925986198
26.5000000000001,75,114.321957691246,141.283105492437,6,-44.1332529382472,-6.41991332844105,13.8304571072047,10,2,43.602258575001
26.5000000000001,76,160.045402497852,152.809385003764,8,-65.7143368168351,-6.4,-6.28387970963046,1,2,25.7109462183566
26.5000000000001,77,187.807155334756,80.101190037709,1,-75.3543666710584,-6.40000000000057,-15.9239095638537,0,2,82.8702276372574
26.5000000000001,78,2.44769242138401,117.07357354124,7,-66.6413565323117,-5.61204149695119,1.34471661610601,4,1,85.5121992679608
26.5000000000001,79,33.2933079349385,71.0053752064834,4,-69.5228192443624,-4.80000000000013,-2.89604718144931,2,1,35.6733702826343
26.5000000000001,80,121.337004584282,12.7862213987702,5,-88.9992227335958,-6.40000000000103,-21.1695428927953,0,1,83.8217366846999
26.5000000000001,81,114.12185627775,97.475500897629,6,-50.083569235374,-6.41207681364056,13.8304571072047,10,2,67.8108708313749
26.5000000000001,82,194.22585164267,122.157694089169,6,-65.4930944973023,-6.40001116504136,-1.26263739009761,3,2,57.3006976567628
26.5000000000001,83,122.417965498281,147.446591940743,8,-59.6839995463298,-6.40000000000126,-0.253542439125117,3,2,36.325452784117
26.5000000000001,84,59.0021886703989,141.77144066736,6,-54.6461576618252,-6.40708589958807,9.58429944537951,8,2,94.3427838017749
26.5000000000001,85,36.7124358707789,189.468897325549,7,-72.8489144354436,-5.60759713346171,-4.86284128702587,1,2,122.246128946593
26.5000000000001,86,118.812561492667,59.5816485801844,2,-64.5468360375472,-6.40000000000083,-5.11637893034257,1,1,73.3432110607121
26.5000000000001,87,188.564607918191,103.467853916249,1,-67.8731602591232,-6.40000000000023,-8.44270315191851,0,2,64.8438092884996
26.5000000000001,88,109.508266691667,66.9490572131043,2,-75.1716772447472,-6.40000000000149,-15.7412201375426,0,1,66.1872672427228
26.5000000000001,89,0.329108059843656,101.811650155657,7,-66.0596505331521,-5.6060614252416,1.92642261526561,4,1,75.5241325536604
26.5000000000001,90,145.165793846906,50.3357350232467,1,-73.9753141720783,-6.40000000000056,-14.5448570648736,0,1,98.0249510916362
26.5000000000001,91,108.099642773795,123.641330755291,6,-42,-6.41530558860382,13.8304571072047,10,2,54.7966183266409
26.5000000000001,92,83.0580182097021,10.8647075373603,4,-63.5153048284483,-4.8000000000001,3.11146723446479,5,1,56.3618105111017
26.5000000000001,93,78.8172415244555,190.815953113079,3,-62.3383639474459,-5.6169646391333,5.64770920097183,6,2,85.3532491046285
26.5000000000001,94,67.7350948784081,64.9001353248718,4,-66.3062647992774,-4.80000000001679,0.320507263635688,4,1,32.9969335400372
26.5000000000001,95,193.136090734155,130.486192272129,8,-70.1756521080035,-6.4,-10.7451950007988,0,2,52.8560404860748
26.5000000000001,96,73.7021170682876,165.620458667142,3,-57.6733555482277,-5.60277426554713,10.31271760019,9,2,81.3487287474929
26.5000000000001,97,73.3694477227515,133.578561749791,6,-54.4916410103788,-6.40846241202766,9.73881609682588,8,2,81.8178169870203
26.5000000000001,98,177.223609894261,44.1122414459923,1,-87.5800391572831,-6.40000000000107,-21.1695428927953,0,2,111.828405815637
26.5000000000001,99,126.996026009405,179.884996538713,8,-88.1398598113139,-6.40000000000001,-21.1695428927953,0,2,44.4358620652157
26.5000000000001,100,41.9517857347517,5.77195236336172,4,-93.032901582243,-4.8,-13.973227937087,0,1,50.7261663306827
27.0000000000001,1,5.55107009827537,174.799935751777,7,-63.5958834265229,-5.60208216287404,4.3901897218948,6,1,134.547320051557
27.0000000000001,2,195.116892946006,41.0057194225815,1,-80.0845631651596,-6.40000000000136,-20.654106057955,0,2,120.281075933375
27.0000000000001,3,146.841338143386,5.69706441941941,1,-85.5638997397033,-6.40000000000014,-21.1695428927953,0,1,109.056154683991
27.0000000000001,4,67.322122946128,10.5416965885415,4,-88.0550961983797,-4.8,-13.973227937087,0,1,49.0842505440543
27.0000000000001,5,37.3127274734821,73.918494890887,4,-72.0374382638063,-4.80000000000108,-5.41066620089324,1,1,35.8512382213993
27.0000000000001,6,124.405443200417,16.6868490206867,5,-69.1089207665124,-6.40000000000044,-9.67846365930768,0,1,84.8421240070112
27.0000000000001,7,82.5973112051971,96.8013224833461,6,-42,-6.41459307105205,13.8304571072047,10,1,61.686290891888
27.0000000000001,8,167.501048990474,123.957060340871,6,-53.0886259709058,-6.4017132007582,11.1418311362989,9,2,39.2016762633435
27.0000000000001,9,197.120856849651,159.952580833647,8,-98.2075589027316,-6.4,-21.1695428927953,0,2,53.588049185388
27.0000000000001,10,57.8612595509397,110.422339989444,6,-55.3903372315336,-6.41853109509356,8.84011987567109,8,1,65.306267475084
27.0000000000001,11,177.200512337077,85.8149684780415,1,-71.0713620661181,-6.4000000000002,-11.6409049589134,0,2,73.5651829527683
27.0000000000001,12,155.684952604744,142.074841961258,8,-75.2384196664504,-6.40000000000001,-15.8079625592458,0,2,25.4436006897062
27.0000000000001,13,82.0044200180572,21.8505322546051,4,-69.8523675856306,-4.8000000000002,-3.22559552271757,2,1,48.671608100013
27.0000000000001,14,189.095130007629,74.5252177377714,1,-76.1821211389994,-6.40000000000038,-16.7516640317947,0,2,88.1879920842073
27.0000000000001,15,178.817871265008,187.782459448156,8,-80.2994860526951,-6.4,-20.8690289454904,0,2,53.0116397237261
27.0000000000001,16,99.3622752585347,136.358846448106,6,-47.3136608854245,-6.41440008293521,13.8304571072047,10,2,57.4674711225296
27.0000000000001,17,155.382381675251,93.6722751811062,1,-68.146099185207,-6.40000000000188,-8.71564207800235,0,2,61.2701608923226
27.0000000000001,18,88.3563683119429,25.9207640312353,4,-65.903724402652,-4.80000000000108,0.723047660261,4,1,51.0222558783995
27.0000000000001,19,126.904865845133,69.5744286910548,2,-74.2837138883743,-6.40000000000082,-14.8532567811697,0,1,82.7633170507262
27.0000000000001,20,26.1450568831853,163.826293471226,7,-61.8763216186273,-5.61137627312943,6.10975152979049,7,1,118.649624510591
27.0000000000001,21,68.5521136421724,47.5724855121425,4,-59.9159280726417,-4.80000000000237,6.71084399027138,7,1,30.0387041528232
27.0000000000001,22,144.676935761738,55.8150045891862,1,-83.2568010729929,-6.40000000000107,-21.1695428927953,0,2,97.2183026668316
27.0000000000001,23,104.984854234782,188.122731322903,8,-81.0592573041457,-6.40000000000158,-21.1695428927953,0,2,63.497684932461
27.0000000000001,24,193.686599398633,29.4492685670912,1,-81.5081063423345,-6.40000000000092,-21.1695428927953,0,2,130.358152088874
27.0000000000001,25,125.282026093683,80.6176026839094,6,-44.7059829107199,-6.41313363725031,13.8304571072047,10,2,77.311999659569
27.0000000000001,26,167.572388768441,109.559681249149,6,-62.0606872503763,-6.42857878936234,2.16976985682839,4,2,49.9645697239517
27.0000000000001,27,85.8200021338522,139.952669960614,6,-52.3098034885085,-6.40827927286283,11.9206536186962,9,2,69.0816253935813
27.0000000000001,28,156.74791188168,85.476323153799,1,-73.764832125571,-6.40000000000258,-14.3343750183663,0,2,69.0006462905667
27.0000000000001,29,164.07857747665,167.376839888844,8,-76.5235309440883,-6.40000000000001,-17.0930738368836,0,2,32.440883284654
27.0000000000001,30,75.5872566932594,18.6177813328348,4,-79.3289846898628,-4.8,-12.7022126269497,0,1,46.816678155979
27.0000000000001,31,120.033216061707,160.805517137201,8,-64.2607393938339,-6.40000000000144,-4.83028228662925,1,2,39.5855698481994
27.0000000000001,32,44.2717797391782,88.2152097271866,6,-50.44410391962,-6.44178559521827,13.7863531875846,10,1,45.2268146330178
27.0000000000001,33,152.941549897137,4.0054322700712,1,-85.1476611274722,-6.40000000000015,-21.1695428927953,0,1,115.172535597197
27.0000000000001,34,107.968873618368,57.8324157071531,2,-70.1317257961794,-6.40000000000109,-10.7012686889748,0,1,63.0395672922332
27.0000000000001,35,172.889221806195,53.3993213671688,1,-74.7455462739071,-6.40000000000094,-15.3150891667024,0,2,102.018907988748
27.0000000000001,36,14.3395897505763,43.2279308625265,4,-94.4396191764303,-4.8,-13.973227937087,0,1,43.2409040095131
27.0000000000001,37,90.6720402788172,87.3533086591582,6,-55.0927202914442,-6.41101317931591,9.13773681576047,8,1,60.0144526612388
27.0000000000001,38,28.2721420884298,165.75663655644,7,-62.8404349877326,-5.60917136945546,5.1456381606851,6,1,120.09974486353
27.0000000000001,39,57.7960674684902,130.064277908766,6,-52.089961212452,-6.41559311557121,12.1404958947527,9,1,83.8052341147335
27.0000000000001,40,78.2444723561258,175.884183578921,3,-56.3111772959944,-5.61076007319815,11.6748958524233,9,2,79.8191500017261
27.0000000000001,41,176.559606097615,185.778433090746,8,-77.5898938688576,-6.4,-18.159436761653,0,2,50.3761744328548
27.0000000000001,42,143.507860022194,49.392729041483,1,-75.8186260355855,-6.40000000000068,-16.3881689283809,0,1,96.4175225980592
27.0000000000001,43,83.4645889059879,47.7133341317588,4,-69.0075940474263,-4.80000000000132,-2.38082198451322,2,1,40.9555558067492
27.0000000000001,44,20.1013048391378,125.141160113245,7,-58.8038816793556,-5.62120357857105,9.18219146906212,8,1,84.2162449619225
27.0000000000001,45,48.92860083344,197.256390887046,7,-64.1471775158604,-5.6099232371183,3.83889563255739,5,2,114.021244551861
27.0000000000001,46,59.3361976452443,91.8975204070958,6,-47.2084458376062,-6.42840603952687,13.8304571072047,10,1,48.9368654772052
27.0000000000001,47,181.968383615657,78.2127699971959,1,-76.0395310201009,-6.4000000000016,-16.6090739128962,0,2,82.0221551928095
27.0000000000001,48,126.142664924694,96.7863739033449,6,-45.3553919684551,-6.41674006284405,13.8304571072047,10,2,62.873781811261
27.0000000000001,49,47.4580804992588,142.722954390921,3,-57.8944571887022,-5.6144841544543,10.0916159597156,8,1,95.6883358917332
27.0000000000001,50,131.27089381601,19.7975118923269,5,-87.3702911633288,-6.40000000000081,-21.1695428927953,0,1,89.8298306218336
27.0000000000001,51,131.535827253665,48.119269230664,1,-65.5245762408413,-6.40000000000104,-6.09411913363667,1,1,84.875663615469
27.0000000000001,52,187.123263310649,173.3996114871,8,-90.4402763341021,-6.40000000000001,-21.1695428927953,0,2,49.7787956521551
27.0000000000001,53,100.923931911815,174.17278191128,8,-62.1671589394195,-6.40000000000025,-2.73670183221485,2,2,59.5401868012397
27.0000000000001,54,116.300828356157,16.3388399272942,5,-79.3884799726694,-6.40000000000038,-19.9580228654647,0,1,77.9815589620581
27.0000000000001,55,188.55371831541,57.1243351961604,1,-79.8537020056579,-6.40000000000092,-20.4232448984532,0,2,103.269203098984
27.0000000000001,56,31.3670193958742,10.4865760991404,4,-99.3779590163922,-4.80000000000001,-13.973227937087,0,1,49.6059334612579
27.0000000000001,57,178.447740119745,131.566008310096,8,-65.4050725791489,-6.4,-5.97461547194421,1,2,41.2472540606526
27.0000000000001,58,23.0649945275741,89.6847807912596,6,-65.1095844868247,-6.40678250754823,-0.879127379620003,3,1,53.4099835821913
27.0000000000001,59,59.9117340945163,48.8998334250801,4,-64.1129392750916,-4.80000000000203,2.51383278782144,5,1,25.5284711499331
27.0000000000001,60,28.2635357487608,162.304695497308,7,-59.3670011663252,-5.60987347587516,8.61907198209258,8,1,116.777859669067
27.0000000000001,61,7.5715954362854,191.672701714912,7,-61.6574534511124,-5.6095445121494,6.32861969730539,7,1,149.745029717266
27.0000000000001,62,161.13143064157,127.419779318211,6,-53.6679669050992,-6.40415339031366,10.5624902021054,9,2,34.4387153385019
27.0000000000001,63,87.470310305603,94.6922088628702,6,-47.8411809171238,-6.41228071337557,13.8304571072047,10,1,62.8781972343402
27.0000000000001,64,129.613324953685,198.85001191771,8,-81.1754471063202,-6.4,-21.1695428927953,0,2,57.915370876862
27.0000000000001,65,187.950583650333,173.425732780914,8,-91.5469790795885,-6.40000000000001,-21.1695428927953,0,2,50.4109289313707
27.0000000000001,66,80.7895516257616,123.079712697936,6,-49.1497435218868,-6.4088702553564,13.8304571072047,10,2,77.8911935496484
27.0000000000001,67,182.495831801053,59.7222565463807,1,-81.2347013515509,-6.40000000000076,-21.1695428927953,0,2,98.7841082741543
27.0000000000001,68,72.0034595031342,127.592864469373,6,-51.6150088535325,-6.41313358726233,12.6154482536722,10,1,84.0062786145691
27.0000000000001,69,91.5113250557108,59.6430979545091,4,-78.6745126750576,-4.80000000000229,-12.0477406121446,0,1,48.6665125732381
27.0000000000001,70,25.159795201103,72.7520018785958,4,-54.9001093203559,-4.8,11.7266627425571,9,1,41.0723674011466
27.0000000000001,71,115.722475365208,42.2316364668346,2,-67.1054871314503,-6.40000000000183,-7.67503002424566,0,1,70.2284930787624
27.0000000000001,72,153.325423260242,143.601844809284,8,-72.1559842433815,-6.40000000000001,-12.7255271361768,0,2,24.5813919399257
27.0000000000001,73,77.5080925700949,132.294817356229,6,-51.0075578573993,-6.4074827228338,13.2228992498054,10,2,78.2355426598117
27.0000000000001,74,78.3607089729702,106.719072423592,6,-43.6655135130571,-6.41408336223094,13.8304571072047,10,1,67.6286403089862
27.0000000000001,75,114.444949591727,140.031533325753,6,-52.2888211469454,-6.42397610124929,11.9416359602593,9,2,43.7696463016374
27.0000000000001,76,159.845122290411,151.837970054386,8,-82.1711305111633,-6.4000000000001,-21.1695428927953,0,2,25.5451476181675
27.0000000000001,77,187.822090244847,78.9992706193679,1,-77.8495522093722,-6.40000000000055,-18.4190951021675,0,2,83.8084964849693
27.0000000000001,78,2.19752830369566,117.176092676976,7,-63.256277013413,-5.60458493933742,4.72979613500472,6,1,85.7318711309959
27.0000000000001,79,33.2822326545218,71.1979998970991,4,-64.7778375826339,-4.80000000000014,1.84893448027917,4,1,35.7923028688425
27.0000000000001,80,122.21189847941,11.753480782363,5,-75.4924045283164,-6.40000000000025,-16.0619474211117,0,1,85.0270810640094
27.0000000000001,81,114.213642502688,97.751728402899,6,-48.1799302651321,-6.41271327182352,13.8304571072047,10,2,67.5484660655583
27.0000000000001,82,194.079400971061,122.300220202894,6,-62.8847328703408,-6.40000382620306,1.34572423686383,4,2,57.1184855434365
27.0000000000001,83,122.343795542307,146.614887634994,8,-66.9286532164591,-6.40000000000351,-7.49819610925438,0,2,36.4496177034743
27.0000000000001,84,59.1223478014793,141.451214367499,6,-51.5838208727472,-6.40599959393878,12.6466362344575,10,2,94.2553945666016
27.0000000000001,85,38.0388332643093,189.085145960508,7,-61.0522187406976,-5.60784018050652,6.93385440772011,7,2,120.893347590227
27.0000000000001,86,117.665681545667,59.5630071957464,2,-73.5348129222482,-6.4000000000016,-14.1043558150436,0,1,72.265798035208
27.0000000000001,87,189.414449896139,103.849672703663,1,-76.0908263802667,-6.4000000000005,-16.660369273062,0,2,65.0814994462655
27.0000000000001,88,109.47597144729,66.955806895771,2,-70.5687653025115,-6.4000000000015,-11.1383081953069,0,1,66.1599619640575
27.0000000000001,89,0.601535885295582,101.679536074965,7,-62.3417719827387,-5.62002195019669,5.64430116567903,6,1,75.2544530630274
27.0000000000001,90,145.662855647834,49.7289579812778,1,-73.8488115501744,-6.40000000000058,-14.4183544429697,0,1,98.5073876136929
27.0000000000001,91,108.220021255767,123.332153883411,6,-43.6041407667273,-6.41555652120824,13.8304571072047,10,2,54.854267294046
27.0000000000001,92,83.2837955672187,11.0649445254519,4,-91.5939695592697,-4.80000000000252,-13.973227937087,0,1,56.3560075960545
27.0000000000001,93,78.8170472423159,190.806949398611,3,-64.165459296758,-5.60803728982639,3.82061385165977,5,2,85.3491059269134
27.0000000000001,94,66.5738652566941,64.2896987286641,4,-53.4714219979324,-4.80000000000649,13.1553500649807,10,1,32.1113453362365
27.0000000000001,95,193.38615021454,130.575047366108,8,-93.7352577383422,-6.40000000000001,-21.1695428927953,0,2,53.0276985665755
27.0000000000001,96,73.1243029824455,164.379147488455,3,-57.5914311447589,-5.60744299934794,10.3946420036589,9,2,81.6632271859837
27.0000000000001,97,73.9364836369641,134.643883504782,6,-54.2913474510593,-6.40623999108829,9.93910965614533,8,2,81.0784733164392
27.0000000000001,98,177.147807953733,44.1496233067055,1,-86.2988986344241,-6.4000000000006,-21.1695428927953,0,2,111.774575475844
27.0000000000001,99,127.846235361502,178.785561006803,8,-68.4444305333595,-6.4,-9.01397342615484,0,2,43.2625451185469
27.0000000000001,100,41.5434585209948,4.98482595525955,4,-91.8099991532223,-4.80000000000002,-13.973227937087,0,1,51.4794035325237
27.5000000000001,1,6.34408011231471,175.239543219778,7,-59.6873513001583,-5.60621324409613,8.29872184825942,8,1,134.696074653787
27.5000000000001,2,194.244909543507,41.3852574796871,1,-75.5252520355222,-6.40000000000048,-16.0947949283175,0,2,119.611973954395
27.5000000000001,3,146.091452821919,6.12866020876936,1,-82.8783840915228,-6.40000000000014,-21.1695428927953,0,1,108.215117984987
27.5000000000001,4,68.4825053244151,10.6746848892025,4,-79.9481980272075,-4.80000000000001,-13.3214259642944,0,1,49.3997308862159
27.5000000000001,5,36.4464577068586,72.8968868743144,4,-75.1265401964544,-4.80000000000192,-8.49976813354133,0,1,35.4995202393937
27.5000000000001,6,124.725591414176,16.4380269824747,5,-82.5890004113811,-6.40000000000079,-21.1695428927953,0,1,85.2207137087425
27.5000000000001,7,83.1972992794733,96.4468734930298,6,-45.5123564694387,-6.41418849463571,13.8304571072047,10,1,61.7383408971154
27.5000000000001,8,168.568807119192,123.5004233364,6,-61.9301845172094,-6.4114613261614,2.3002725899953,4,2,39.9909759968394
27.5000000000001,9,196.656478922175,159.728830525445,8,-60.4166243562888,-6.4,-0.986167249084179,3,2,53.1387539260021
27.5000000000001,10,57.723010184185,110.815144297353,6,-57.5076071748369,-6.41301294962073,6.72284993236776,7,1,65.6534588747071
27.5000000000001,11,177.760935232188,86.8854309199695,1,-71.7629372592748,-6.400000000002,-12.3324801520701,0,2,72.8448238046031
27.5000000000001,12,155.247697313888,143.368160876608,8,-66.3654775935375,-6.40000000000001,-6.93502048633288,0,2,24.975380222466
27.5000000000001,13,82.0244841560028,21.8211499354066,4,-69.7236859123282,-4.8000000000015,-3.09691384941515,2,1,48.7017984926729
27.5000000000001,14,189.68842728438,73.702416100104,1,-72.2813798982294,-6.40000000000017,-12.8509227910247,0,2,89.1557209003953
27.5000000000001,15,178.034700768288,187.9269128809,8,-101.838993987191,-6.40000000000001,-21.1695428927953,0,2,52.6938816926865
27.5000000000001,16,100.1155635484,135.429387328503,6,-48.9088553676671,-6.41364893500362,13.8304571072047,10,2,57.03516243263
27.5000000000001,17,156.317126505722,93.7836927479099,1,-70.2321401988434,-6.40000000000298,-10.8016830916388,0,2,61.2570754146057
27.5000000000001,18,88.555569067018,25.4022964258063,4,-75.5319282470967,-4.80000000000267,-8.9051561841837,0,1,51.4181770116901
27.5000000000001,19,127.519503081279,69.8421075052597,2,-71.4232077867257,-6.40000000000112,-11.9927506795211,0,1,83.3980370765323
27.5000000000001,20,25.7088681345034,162.635085584905,7,-56.5688770611426,-5.61400838313982,11.4171960872751,9,1,117.596647877504
27.5000000000001,21,67.7610183511427,47.3434909754153,4,-74.0952843921115,-4.80000000000342,-7.46851232919846,0,1,29.5763556420889
27.5000000000001,22,145.626328839658,56.8497192890568,1,-87.8556110039534,-6.40000000000143,-21.1695428927953,0,2,96.1683617201953
27.5000000000001,23,104.586518958067,187.002234277893,8,-71.4990092641945,-6.40000000000194,-12.0685521569898,0,2,63.1173478680953
27.5000000000001,24,192.517451139121,28.8787609112148,1,-83.2332439874382,-6.40000000000028,-21.1695428927953,0,2,130.50033796803
27.5000000000001,25,125.521941126573,80.3239932996076,2,-75.8413603662766,-6.40000000000171,-16.4109032590719,0,2,77.4994921010717
27.5000000000001,26,168.916708468108,109.16687393271,6,-56.9184409510724,-6.43127195970846,7.31201615613227,7,2,50.7684552029564
27.5000000000001,27,85.7546868674617,139.140019704617,6,-47.2805434918312,-6.40911702810502,13.8304571072047,10,2,69.265066458598
27.5000000000001,28,156.81860559649,85.4626016681035,1,-80.7790629488941,-6.40000000000311,-21.1695428927953,0,2,69.0204257139172
27.5000000000001,29,163.955489733898,167.510319534897,8,-74.4381429160041,-6.40000000000001,-15.0076858087994,0,2,32.4594667843932
27.5000000000001,30,76.2541951347526,17.3142564219541,4,-73.5456253387495,-4.80000000000001,-6.91885327583649,0,1,48.061321199312
27.5000000000001,31,119.810200489758,161.041551053927,8,-74.9591581308193,-6.40000000000339,-15.5287010236146,0,2,39.8194656436406
27.5000000000001,32,43.9419894846264,88.5134726726277,6,-55.8644238282484,-6.43610708464493,8.36603327895626,8,1,45.5218306827572
27.5000000000001,33,153.016669008951,5.18350058479802,1,-79.8350551225073,-6.40000000000022,-20.4045980153027,0,1,114.774573462647
27.5000000000001,34,107.105770432762,56.9677199884005,2,-64.414240346337,-6.40000000000126,-4.98378323913237,1,1,62.1439308263976
27.5000000000001,35,173.090465206395,54.2692861453495,1,-82.5201564611498,-6.40000000000109,-21.1695428927953,0,2,101.241242379619
27.5000000000001,36,13.953664180895,43.6901821513464,4,-78.108584612418,-4.8,-11.4818125495049,0,1,43.4902532444556
27.5000000000001,37,91.4321577381316,88.0360457204177,6,-46.3085697246998,-6.41316800117086,13.8304571072047,10,1,60.9558403180788
27.5000000000001,38,28.1815261624179,165.806878696549,7,-56.0691001570884,-5.61246577740613,11.9169729913294,9,1,120.164591099202
27.5000000000001,39,58.0615656856288,130.234311032273,6,-54.2569989638999,-6.41598279749669,9.97345814330476,8,1,83.9927586648237
27.5000000000001,40,78.7191486238445,176.032552745215,3,-61.8922483716565,-5.61305483941532,6.09382477676128,7,2,79.4411957068998
27.5000000000001,41,175.719600639669,185.626536642767,8,-94.0549358902618,-6.40000000000001,-21.1695428927953,0,2,49.829689646058
27.5000000000001,42,144.210705050028,49.8141942812223,1,-74.2146654090708,-6.40000000000057,-14.7842083018662,0,1,97.0975873530775
27.5000000000001,43,83.5776939151141,47.6764219587961,4,-81.7950354067223,-4.80000000000323,-13.973227937087,0,1,41.0500979727291
27.5000000000001,44,19.9308405346976,125.117366398879,7,-61.5880372921688,-5.62246071027978,6.3980358562489,7,1,84.2557006122036
27.5000000000001,45,49.6970363844625,197.758234186377,7,-62.5939111002989,-5.60760663657105,5.39216204811888,6,2,113.550796750444
27.5000000000001,46,58.4436841168876,91.2890842258618,6,-52.5957790052985,-6.41888544454471,11.6346781019062,9,1,48.2528162667848
27.5000000000001,47,182.605605389875,78.7566041960858,1,-76.7215648213259,-6.40000000000026,-17.2911077141212,0,2,81.7985143417251
27.5000000000001,48,126.151225052878,96.9361285626465,6,-55.7592287321287,-6.41699042702293,8.47122837507592,8,2,62.7438325128332
27.5000000000001,49,47.0008827368812,142.642259443886,3,-54.6228454744553,-5.61512617688273,13.3632276739624,10,1,95.6233911719627
27.5000000000001,50,132.062620343333,19.9216978660899,5,-93.4964979224031,-6.40000000000073,-21.1695428927953,0,1,90.5054026943852
27.5000000000001,51,130.313748032334,48.3596633367826,2,-71.0958686907284,-6.40000000000101,-11.6654115835237,0,1,83.6973047796045
27.5000000000001,52,187.238130441466,172.102175689098,8,-86.6203587660364,-6.40000000000001,-21.1695428927953,0,2,49.2690017045948
27.5000000000001,53,100.628037269616,174.451003487341,8,-70.125942111541,-6.40000000000022,-10.6954850043364,0,2,59.897347815979
27.5000000000001,54,117.047646920172,17.1961744300155,5,-71.7085512908542,-6.40000000000042,-12.2780941836496,0,1,78.2542518305431
27.5000000000001,55,188.191604625978,57.551079246325,1,-80.8827389602129,-6.40000000000033,-21.1695428927953,0,2,102.750433636196
27.5000000000001,56,31.2678280464574,10.7055350960283,4,-90.2857143394844,-4.80000000000001,-13.973227937087,0,1,49.4691746260896
27.5000000000001,57,179.18735925951,132.045975952158,8,-96.9999606735653,-6.40000000000002,-21.1695428927953,0,2,41.5511602732607
27.5000000000001,58,23.9990434494307,90.6745867448276,6,-60.1409408171499,-6.42655938366478,4.0895162900548,5,1,53.6909838651435
27.5000000000001,59,59.2743312692714,49.6367835278138,4,-60.6193146382796,-4.80000000000197,6.0074574246334,7,1,25.26648267365
27.5000000000001,60,27.748410538196,162.766794844531,7,-57.8539628740472,-5.61349106519751,10.1321102743706,8,1,117.31893816893
27.5000000000001,61,8.02052727983581,191.88061921534,7,-64.2822644665378,-5.60675470389388,3.70380868187995,5,1,149.815340465492
27.5000000000001,62,161.564975250004,126.041119326302,6,-61.7353046873591,-6.43394440315333,2.49515241984556,5,2,35.4968536023926
27.5000000000001,63,87.6378436352421,94.6242371554608,6,-46.324707392338,-6.41317287743524,13.8304571072047,10,1,62.9299595996831
27.5000000000001,64,129.405245393481,199.3689063478,8,-74.6187452853544,-6.40000000000001,-15.1882881781497,0,2,58.4267304517422
27.5000000000001,65,188.109763081612,172.803275932416,8,-85.8948612603101,-6.40000000000001,-21.1695428927953,0,2,50.2453324736393
27.5000000000001,66,80.9848770321662,124.234004201331,6,-46.1661010327996,-6.40783997746879,13.8304571072047,10,2,77.3254404304447
27.5000000000001,67,181.570013298744,58.8889322098953,1,-82.3019162674723,-6.4000000000006,-21.1695428927953,0,2,99.2478836728316
27.5000000000001,68,72.7328281180089,126.294293345175,6,-46.4003435080218,-6.41250573250931,13.8304571072047,10,1,83.0051243676111
27.5000000000001,69,92.3108267174288,59.7643302498958,4,-84.8262597870146,-4.80000000000799,-13.973227937087,0,1,49.3740640695225
27.5000000000001,70,25.0619186798755,72.8652491474829,4,-88.7666706324422,-4.80000000000014,-13.973227937087,0,1,41.1943869781504
27.5000000000001,71,115.720490578087,41.5303797733168,2,-71.8883290005842,-6.40000000000065,-12.4578718933796,0,1,70.3076620903344
27.5000000000001,72,153.329576150507,143.600574649817,8,-66.4218843576438,-6.40000000000001,-6.99142725043913,0,2,24.5822847220226
27.5000000000001,73,77.526844979783,132.289068822616,6,-48.2188413878755,-6.40698731058513,13.8304571072047,10,2,78.2194686874977
27.5000000000001,74,78.0755357787989,106.429912902914,6,-47.3458253562351,-6.41047407883704,13.8304571072047,10,1,67.2667880866705
27.5000000000001,75,114.567941492208,138.779961159068,6,-42,-6.42292451701472,13.8304571072047,10,2,43.972378167341
27.5000000000001,76,159.64484208297,150.866555105007,8,-68.6872431929261,-6.40000000000001,-9.25678608572146,0,2,25.4170001486299
27.5000000000001,77,187.837025154938,77.8973512010269,1,-77.4169253850002,-6.40000000000021,-17.9864682777955,0,2,84.7507075864471
27.5000000000001,78,1.9473641860073,117.278611812713,7,-68.7744924374589,-5.6094877740449,-0.788419289041169,3,1,85.9518319532393
27.5000000000001,79,33.2711573741051,71.3906245877147,4,-77.0343131379193,-4.80000000000142,-10.4075410750062,0,1,35.91187820004
27.5000000000001,80,123.086792374538,10.7207401659559,5,-72.5423125418053,-6.40000000000034,-13.1118554346006,0,1,86.2368220234786
27.5000000000001,81,114.305428727625,98.0279559081689,6,-52.0507317281204,-6.4127925220795,12.1797253790843,9,2,67.2862971592423
27.5000000000001,82,193.932950299453,122.442746316619,6,-70.0516033298291,-6.40004640758914,-5.82114622262441,1,2,56.9364237776172
27.5000000000001,83,122.269625586333,145.783183329245,8,-65.1233291980633,-6.40000000000211,-5.69287209085868,1,2,36.5924200888228
27.5000000000001,84,59.2425069325596,141.130988067637,6,-52.7203421242849,-6.40555590489082,11.5101149829197,9,2,94.1691665065741
27.5000000000001,85,39.3652306578397,188.701394595468,7,-53.7760210042466,-5.60618084112836,14.2100521441712,11,2,119.541206832737
27.5000000000001,86,116.518801598667,59.5443658113084,2,-66.0643479857077,-6.40000000000123,-6.63389087850302,1,1,71.190560363456
27.5000000000001,87,190.264291874087,104.231491491077,1,-66.7908575567389,-6.40000000000232,-7.36040044953421,0,2,65.3316123423647
27.5000000000001,88,109.443676202913,66.9625565784378,2,-77.6427089991622,-6.40000000000127,-18.2122518919575,0,1,66.1326618713743
27.5000000000001,89,1.60409569412155,101.547421994274,7,-62.2315836052165,-5.60346002040427,5.75448954320121,6,1,74.5087261187541
27.5000000000001,90,146.159917448763,49.1221809393089,1,-72.9535961366397,-6.40000000000057,-13.523139029435,0,1,98.9936881324067
27.5000000000001,91,108.340399737738,123.022977011532,6,-52.3562618409574,-6.41443334733009,11.8741952662473,9,2,54.9138603936364
27.5000000000001,92,83.5095729247353,11.2651815135434,4,-80.8842294007922,-4.8000000000008,-13.973227937087,0,1,56.3518202081964
27.5000000000001,93,78.8168529601763,190.797945684143,3,-64.1049206848294,-5.61057561085949,3.88115246358833,5,2,85.3449634983779
27.5000000000001,94,65.4126356349802,63.6792621324564,4,-64.6054455593099,-4.80000000001034,2.02132650360317,4,1,31.2557442673361
27.5000000000001,95,193.636209694925,130.663902460086,8,-93.1456445457459,-6.40000000000001,-21.1695428927953,0,2,53.2001265469597
27.5000000000001,96,72.5464888966034,163.137836309768,3,-55.4027111842788,-5.60958104810467,12.583361964139,10,2,81.9993849071213
27.5000000000001,97,74.5035195511767,135.709205259772,6,-52.2413356836261,-6.40693489875946,11.9891214235786,9,2,80.350453480157
27.5000000000001,98,177.072006013205,44.1870051674186,1,-78.6209884808624,-6.40000000000067,-19.1905313736577,0,2,111.720783138228
27.5000000000001,99,128.6964447136,177.686125474892,8,-69.1771599833122,-6.4,-9.74670287610751,0,2,42.102410995716
27.5000000000001,100,41.1351313072379,4.19769954715738,4,-82.5928893306101,-4.80000000000002,-13.973227937087,0,1,52.2368320604569
28.0000000000001,1,7.13709012635405,175.679150687779,7,-62.027869950354,-5.60798412545623,5.95820319806372,7,1,134.850761808889
28.0000000000001,2,193.372926141008,41.7647955367926,1,-82.6267119270637,-6.40000000000043,-21.1695428927953,0,2,118.946711628467
28.0000000000001,3,145.341567500453,6.56025599811932,1,-86.3131029049231,-6.40000000000019,-21.1695428927953,0,1,107.374465551137
28.0000000000001,4,69.6428877027022,10.8076731898634,4,-96.9798724756936,-4.8,-13.973227937087,0,1,49.7406425179
28.0000000000001,5,35.580187940235,71.8752788577419,4,-67.3684673174447,-4.8000000000006,-0.741695254531638,3,1,35.195295210339
28.0000000000001,6,125.045739627934,16.1892049442626,5,-81.9616600752006,-6.4000000000003,-21.1695428927953,0,1,85.5995496401985
28.0000000000001,7,83.7972873537496,96.0924245027135,6,-52.0394472951554,-6.41155615942378,12.1910098120493,9,1,61.7982057102814
28.0000000000001,8,169.636565247911,123.043786331929,6,-52.767433237471,-6.4015457034422,11.4630238697337,9,2,40.7980655185289
28.0000000000001,9,196.192100994699,159.505080217243,8,-81.6443462961782,-6.4,-21.1695428927953,0,2,52.6906703719049
28.0000000000001,10,57.5847608174303,111.207948605261,6,-42,-6.42194720554863,13.8304571072047,10,1,66.0014512652708
28.0000000000001,11,178.321358127299,87.9558933618974,1,-81.1099874107247,-6.40000000000063,-21.1695428927953,0,2,72.1375110098412
28.0000000000001,12,154.810442023033,144.661479791957,8,-67.1424089580929,-6.40000000000001,-7.71195185088823,0,2,24.5741764962458
28.0000000000001,13,82.0445482939484,21.791767616208,4,-72.2776623532811,-4.8000000000009,-5.65089029036807,1,1,48.7319961583886
28.0000000000001,14,190.281724561131,72.8796144624367,1,-76.843298268092,-6.40000000000099,-17.4128411608873,0,2,90.1244761376245
28.0000000000001,15,177.251530271567,188.071366313645,8,-64.5131319618294,-6.4,-5.08267485462477,1,2,52.3863038888016
28.0000000000001,16,100.868851838266,134.499928208901,6,-45.7946297849876,-6.41412291225419,13.8304571072047,10,2,56.6248350568858
28.0000000000001,17,157.251871336192,93.8951103147135,1,-83.6338188191376,-6.40000000000189,-21.1695428927953,0,2,61.2584547999283
28.0000000000001,18,88.7547698220931,24.8838288203773,4,-76.2885523070862,-4.80000000000141,-9.66178024417312,0,1,51.817026532671
28.0000000000001,19,128.134140317425,70.1097863194646,2,-65.1066039958059,-6.40000000000067,-5.67614688860123,1,1,84.033311186443
28.0000000000001,20,25.2726793858214,161.443877698583,7,-57.2853213368285,-5.61258966806541,10.7007518115892,9,1,116.547965495984
28.0000000000001,21,66.9699230601129,47.1144964386881,4,-63.4518443698997,-4.800000000001,3.17492769301337,5,1,29.1299574230464
28.0000000000001,22,146.575721917577,57.8844339889275,1,-79.8299253066344,-6.40000000000121,-20.3994681994298,0,2,95.1275626825686
28.0000000000001,23,104.188183681352,185.881737232884,8,-83.5910020371502,-6.40000000000066,-21.1695428927953,0,2,62.7572432573589
28.0000000000001,24,191.348302879608,28.3082532553383,1,-67.6808603904512,-6.40000000000038,-8.25040328324654,0,2,130.655322803132
28.0000000000001,25,125.761856159463,80.0303839153058,2,-74.810815954739,-6.40000000000138,-15.3803588475343,0,2,77.6883826055998
28.0000000000001,26,170.261028167775,108.774066616271,6,-59.3153052324708,-6.43104320267636,4.9151518747339,6,2,51.5978376075497
28.0000000000001,27,85.6893716010713,138.327369448621,6,-52.3478015762484,-6.41071261986722,11.8826555309563,9,2,69.4575930266381
28.0000000000001,28,156.8892993113,85.4488801824081,1,-72.4606772463515,-6.40000000000097,-13.0302201391468,0,2,69.040274584519
28.0000000000001,29,163.832401991146,167.64379918095,8,-85.2476712075128,-6.40000000000001,-21.1695428927953,0,2,32.4790547027212
28.0000000000001,30,76.9211335762458,16.0107315110734,4,-78.6215343697982,-4.8,-11.9947623068852,0,1,49.3180271852232
28.0000000000001,31,119.587184917809,161.277584970653,8,-62.4250187542477,-6.40000000000083,-2.99456164704306,2,2,40.0546282468559
28.0000000000001,32,43.6121992300746,88.8117356180687,6,-54.9112521416274,-6.43144468994851,9.31920496557731,8,1,45.8192625471332
28.0000000000001,33,153.091788120766,6.36156889952484,1,-70.1548528261331,-6.40000000000016,-10.7243957189285,0,1,114.387409476952
28.0000000000001,34,106.242667247156,56.1030242696479,2,-78.0107921156687,-6.40000000000122,-18.580335008464,0,1,61.2595667982582
28.0000000000001,35,173.291708606594,55.1392509235302,1,-73.6953354383487,-6.40000000000085,-14.2648783311441,0,2,100.465493604339
28.0000000000001,36,13.5677386112137,44.1524334401664,4,-91.1259028064595,-4.80000000000001,-13.973227937087,0,1,43.746470767052
28.0000000000001,37,92.1922751974459,88.7187827816771,6,-46.176726373497,-6.41245290955331,13.8304571072047,10,1,61.8997756573617
28.0000000000001,38,28.090910236406,165.857120836659,7,-59.6654734881395,-5.61083797121061,8.32059966027828,8,1,120.229491651713
28.0000000000001,39,58.3270639027674,130.404344155781,6,-46.8270550665922,-6.41205963352051,13.8304571072047,10,1,84.1810462774259
28.0000000000001,40,79.1938248915632,176.180921911509,3,-56.5721582159268,-5.61373316211901,11.4139149324909,9,2,79.0645628940243
28.0000000000001,41,174.879595181723,185.474640194788,8,-70.4286628341636,-6.4,-10.9982057269589,0,2,49.2919299009085
28.0000000000001,42,144.913550077862,50.2356595209616,1,-76.2173694557009,-6.40000000000069,-16.7869123484963,0,1,97.779790978467
28.0000000000001,43,83.6907989242402,47.6395097858335,4,-50.6001317347111,-4.80000000000137,16.0266403282019,12,1,41.1447669358421
28.0000000000001,44,19.7603762302573,125.093572684513,7,-60.1293008005455,-5.61431391416851,7.85677234787224,7,1,84.2954892284272
28.0000000000001,45,50.4654719354849,198.260077485708,7,-61.4959966676702,-5.60280470229466,6.49007648074755,7,2,113.085840651924
28.0000000000001,46,57.5511705885309,90.6806480446278,6,-58.9182327621999,-6.43247321473823,5.31222434500473,6,1,47.5834561858213
28.0000000000001,47,183.242827164092,79.3004383949756,1,-69.6332348877315,-6.40000000000052,-10.2027777805269,0,2,81.5828632067073
28.0000000000001,48,126.159785181062,97.0858832219482,6,-45.4717339343828,-6.41733804061471,13.8304571072047,10,2,62.6139728576171
28.0000000000001,49,46.5436849745035,142.56156449685,3,-61.3167629765699,-5.61418603814956,6.66931017184781,7,1,95.5606578862873
28.0000000000001,50,132.854346870656,20.0458838398528,1,-82.9085935853129,-6.40000000000102,-21.1695428927953,0,1,91.1830130577983
28.0000000000001,51,129.091668811004,48.6000574429012,2,-69.4039173219664,-6.40000000000092,-9.97346021476172,0,1,82.5209180418679
28.0000000000001,52,187.352997572282,170.804739891096,8,-90.1413242183173,-6.40000000000001,-21.1695428927953,0,2,48.7886629205091
28.0000000000001,53,100.332142627418,174.729225063402,8,-61.0269125771824,-6.40000000000017,-1.5964554699777,3,2,60.255129476415
28.0000000000001,54,117.794465484187,18.0535089327368,2,-85.1855972097331,-6.40000000000105,-21.1695428927953,0,1,78.5424588474119
28.0000000000001,55,187.829490936545,57.9778232964897,1,-87.6004504477529,-6.40000000000162,-21.1695428927953,0,2,102.232095692939
28.0000000000001,56,31.1686366970406,10.9244940929163,4,-91.2808119351437,-4.80000000000001,-13.973227937087,0,1,49.3332079409254
28.0000000000001,57,179.926978399275,132.52594359422,8,-74.4898437646289,-6.4,-15.0593866574242,0,2,41.871430395713
28.0000000000001,58,24.9330923712874,91.6643926983956,6,-56.4028164077477,-6.40816748499294,7.82764069945693,7,1,54.0048282748175
28.0000000000001,59,58.6369284440266,50.3737336305474,4,-67.030806949909,-4.8000000000012,-0.404034886995961,3,1,25.0396926852914
28.0000000000001,60,27.2332853276313,163.228894191755,7,-57.0974481961429,-5.61167133851481,10.8886249522749,9,1,117.861595852341
28.0000000000001,61,8.46945912338622,192.088536715767,7,-62.546388629929,-5.60480076966749,5.43968451848879,6,2,149.514510746286
28.0000000000001,62,161.998519858439,124.662459334394,6,-58.4194012531486,-6.45003537657037,5.81105585405606,6,2,36.5814904804957
28.0000000000001,63,87.8053769648812,94.5562654480514,6,-51.1874989200834,-6.41093416077844,13.0429581871213,10,1,62.9821984225225
28.0000000000001,64,129.197165833278,199.887800777889,8,-100.467926900772,-6.4,-21.1695428927953,0,2,58.9389563516569
28.0000000000001,65,188.268942512892,172.180819083919,8,-92.1209863447467,-6.40000000000001,-21.1695428927953,0,2,50.0874305219241
28.0000000000001,66,81.1802024385709,125.388295704726,6,-43.7084789302013,-6.40816462148477,13.8304571072047,10,2,76.7733711954483
28.0000000000001,67,180.644194796435,58.05560787341,1,-78.9907495189216,-6.40000000000122,-19.560292411717,0,2,99.7250616357292
28.0000000000001,68,73.4621967328836,124.995722220977,6,-53.8295419866717,-6.41267057400425,10.400915120533,9,1,82.0187967906046
28.0000000000001,69,93.1103283791468,59.8855625452826,4,-71.3069548779873,-4.8000000000035,-4.68018281507426,2,1,50.0846758978688
28.0000000000001,70,24.9640421586479,72.97849641637,4,-84.1291261327142,-4.80000000000006,-13.973227937087,0,1,41.3165884674798
28.0000000000001,71,115.718505790966,40.8291230797989,2,-70.0210184824063,-6.40000000000098,-10.5905613752017,0,1,70.3937283206585
28.0000000000001,72,153.333729040772,143.59930449035,8,-64.13283301767,-6.40000000000001,-4.70237591046537,1,2,24.5831782388799
28.0000000000001,73,77.5455973894712,132.283320289003,6,-51.602722027549,-6.40823448312912,12.6277350796557,10,2,78.2033963305345
28.0000000000001,74,77.7903625846276,106.140753382235,6,-47.1551677599485,-6.41495033725497,13.8304571072047,10,1,66.9054440453839
28.0000000000001,75,114.690933392688,137.528388992383,6,-51.8212574129357,-6.4204669409101,12.409199694269,10,2,44.2099679462094
28.0000000000001,76,159.44456187553,149.895140155629,8,-66.2830530280369,-6.4,-6.85259592083226,0,2,25.3270753267658
28.0000000000001,77,187.851960065029,76.7954317826858,1,-75.682832710186,-6.40000000000071,-16.2523756029813,0,2,85.696730909924
28.0000000000001,78,1.69720006831894,117.381130948449,7,-67.4192821083546,-5.61857221105363,0.566791040063127,4,1,86.1720795219196
28.0000000000001,79,33.2600820936884,71.5832492783304,4,-72.0104874127509,-4.80000000000088,-5.38371534983782,1,1,36.0320898772275
28.0000000000001,80,123.961686269666,9.68799954954874,5,-81.8851964784282,-6.40000000000014,-21.1695428927953,0,1,87.4507771044352
28.0000000000001,81,114.397214952563,98.3041834134389,6,-45.1337339643745,-6.41204310365148,13.8304571072047,10,2,67.024366880153
28.0000000000001,82,193.786499627844,122.585272430343,6,-76.2588033722801,-6.40002436431623,-12.0283462650754,0,2,56.7545138061959
28.0000000000001,83,122.19545563036,144.951479023497,8,-64.6340218353253,-6.40000000000373,-5.20356472812059,1,2,36.7536426991051
28.0000000000001,84,59.3626660636399,140.810761767776,6,-55.8550415110677,-6.40684099662685,8.37541559613701,8,2,94.0841028143427
28.0000000000001,85,40.6916280513701,188.317643230427,7,-62.9169444236477,-5.60678480797332,5.06912872477006,6,2,118.189728660296
28.0000000000001,86,115.371921651667,59.5257244268704,2,-66.903990971476,-6.40000000000103,-7.47353386427136,0,1,70.1175981212161
28.0000000000001,87,191.114133852036,104.613310278492,1,-79.0374205312611,-6.40000000000009,-19.6069634240564,0,2,65.5940058715702
28.0000000000001,88,109.411380958537,66.9693062611046,2,-73.3433786718851,-6.40000000000211,-13.9129215646804,0,1,66.1053669710981
28.0000000000001,89,2.60665550294752,101.415307913583,7,-66.1660876690733,-5.60164478215786,1.81998547934448,4,1,73.76932282775
28.0000000000001,90,146.656979249691,48.5154038973401,1,-75.941120851595,-6.40000000000079,-16.5106637443903,0,1,99.4837959833826
28.0000000000001,91,108.46077821971,122.713800139652,6,-46.7771504245604,-6.41537663097656,13.8304571072047,10,2,54.9753913031184
28.0000000000001,92,83.7353502822519,11.465418501635,4,-64.77004647325,-4.80000000000007,1.85672558966301,4,1,56.3492487076835
28.0000000000001,93,78.8166586780367,190.788941969675,3,-65.7149081439516,-5.60844381481994,2.27116500446619,4,2,85.3408218191309
28.0000000000001,94,64.2514060132662,63.0688255362487,4,-76.5102639945786,-4.80000000000959,-9.88349193166551,0,1,30.4326596644438
28.0000000000001,95,193.88626917531,130.752757554064,8,-68.9343526382103,-6.4,-9.50389553100563,0,2,53.3733169655059
28.0000000000001,96,71.9686748107613,161.896525131081,3,-58.4987959289537,-5.61070365474077,9.48727721946401,8,2,82.3569366901365
28.0000000000001,97,75.0705554653893,136.774527014763,6,-55.3850835433531,-6.40864439171832,8.84537356385161,8,2,79.6340680484711
28.0000000000001,98,176.996204072677,44.2243870281317,1,-82.9913367453713,-6.40000000000041,-21.1695428927953,0,2,111.667028857708
28.0000000000001,99,129.546654065697,176.586689942981,8,-68.4958030746561,-6.4,-9.0653459674514,0,2,40.9565799601541
28.0000000000001,100,40.726804093481,3.41057313905522,4,-88.9813159604207,-4.80000000000002,-13.973227937087,0,1,52.9982722128939
28.5000000000001,1,7.93010014039339,176.11875815578,7,-63.5403604705308,-5.60552267807631,4.44571267788691,6,1,135.011361125475
28.5000000000001,2,192.500942738509,42.1443335938981,1,-83.8214977601563,-6.4000000000017,-21.1695428927953,0,2,118.285353740716
28.5000000000001,3,144.591682178987,6.99185178746928,1,-76.758838523929,-6.40000000000039,-17.3283814167243,0,1,106.534206479053
28.5000000000001,4,70.8032700809893,10.9406614905244,4,-86.9885233740229,-4.80000000000001,-13.973227937087,0,1,50.1064663577506
28.5000000000001,5,34.7139181736115,70.8536708411693,4,-63.7132105113294,-4.80000000000029,2.91356155158369,5,1,34.9398037366394
28.5000000000001,6,125.365887841693,15.9403829060506,5,-63.2857254544288,-6.40000000000018,-3.85526834722409,2,1,85.9786285465934
28.5000000000001,7,84.3972754280258,95.7379755123972,6,-48.6513236879556,-6.41413550519032,13.8304571072047,10,1,61.8658626452756
28.5000000000001,8,170.704323376629,122.587149327457,6,-63.3328429565667,-6.43396732949155,0.897614150637932,4,2,41.6219099571267
28.5000000000001,9,195.727723067224,159.281329909041,8,-78.2668680685252,-6.4,-18.8364109613206,0,2,52.2438297006753
28.5000000000001,10,57.4465114506756,111.60075291317,6,-50.1219981778297,-6.42050392448893,13.8304571072047,10,1,66.350232043712
28.5000000000001,11,178.88178102241,89.0263558038254,1,-70.1066603970212,-6.40000000000039,-10.6762032898165,0,2,71.4436320576448
28.5000000000001,12,154.373186732178,145.954798707307,8,-58.1451977906142,-6.40000000000001,1.28525931659045,4,2,24.2433169284424
28.5000000000001,13,82.064612431894,21.7623852970095,4,-75.5500961991379,-4.8000000000017,-8.92332413622482,0,1,48.762201083648
28.5000000000001,14,190.875021837883,72.0568128247694,1,-79.1932062406595,-6.40000000000089,-19.7627491334549,0,2,91.094225049014
28.5000000000001,15,176.468359774847,188.215819746389,8,-85.8256333945314,-6.40000000000001,-21.1695428927953,0,2,52.089086650269
28.5000000000001,16,101.622140128131,133.570469089299,6,-54.5808371492393,-6.40611946158632,9.64961995796534,8,2,56.2369701506748
28.5000000000001,17,158.186616166663,94.0065278815172,1,-76.8532122554225,-6.40000000000143,-17.4227551482179,0,2,61.2742980714066
28.5000000000001,18,88.9539705771683,24.3653612149483,4,-83.446312547602,-4.8000000000014,-13.973227937087,0,1,52.2187373398378
28.5000000000001,19,128.748777553571,70.3774651336695,2,-70.6226419628093,-6.40000000000091,-11.1921848556047,0,1,84.6691269085476
28.5000000000001,20,24.8364906371395,160.252669812261,7,-60.6820516494183,-5.61363200112239,7.30402149899948,7,1,115.503694331334
28.5000000000001,21,66.1788277690832,46.8855019019608,4,-73.7214056965098,-4.80000000000239,-7.09463363359673,0,1,28.7002537686402
28.5000000000001,22,147.525114995497,58.9191486887982,1,-75.5741236380399,-6.40000000000363,-16.1436665308352,0,2,94.0962089106611
28.5000000000001,23,103.789848404637,184.761240187875,8,-69.4303977318781,-6.40000000000008,-9.99994062467339,0,2,62.4177212806234
28.5000000000001,24,190.179154620096,27.7377455994619,1,-88.6219695053982,-6.40000000000118,-21.1695428927953,0,2,130.823061105783
28.5000000000001,25,126.001771192352,79.736774531004,2,-89.1571300816894,-6.40000000000204,-21.1695428927953,0,2,77.878661000374
28.5000000000001,26,171.605347867443,108.381259299832,6,-53.9735464654053,-6.43655500313822,10.2569106417994,8,2,52.4515074515602
28.5000000000001,27,85.6240563346808,137.514719192624,6,-53.1824365624213,-6.4090139040311,11.0480205447834,9,2,69.6591297651598
28.5000000000001,28,156.95999302611,85.4351586967126,1,-80.0714062243277,-6.40000000000166,-20.640949117123,0,2,69.060192842492
28.5000000000001,29,163.709314248395,167.777278827003,8,-88.6064634087132,-6.40000000000002,-21.1695428927953,0,2,32.4996452235134
28.5000000000001,30,77.588072017739,14.7072066001926,4,-83.5603599478906,-4.80000000000001,-13.973227937087,0,1,50.5858970822644
28.5000000000001,31,119.364169345861,161.513618887379,8,-80.6161291563586,-6.40000000000211,-21.1695428927953,0,2,40.2910354763057
28.5000000000001,32,43.2824089755228,89.1099985635097,6,-54.4141052566202,-6.43489138680713,9.81635185058442,8,1,46.1190634858284
28.5000000000001,33,153.166907232581,7.53963721425166,1,-91.9518918861723,-6.40000000000069,-21.1695428927953,0,1,114.011153646621
28.5000000000001,34,105.37956406155,55.2383285508953,2,-68.5031621369373,-6.40000000000104,-9.07270502973268,0,1,60.3869704626295
28.5000000000001,35,173.492952006794,56.0092157017109,1,-82.9031147955066,-6.4000000000016,-21.1695428927953,0,2,99.691706410318
28.5000000000001,36,13.1818130415324,44.6146847289863,4,-74.7499580542727,-4.8,-8.12318599135962,0,1,44.00943661849
28.5000000000001,37,92.9523926567603,89.4015198429365,6,-42,-6.41252304812647,13.8304571072047,10,1,62.8461438822927
28.5000000000001,38,28.0002943103941,165.907362976768,7,-59.6204917356565,-5.60872842551311,8.36558141276126,8,1,120.294446433149
28.5000000000001,39,58.592562119906,130.574377279289,6,-56.7533450390135,-6.4149699470314,7.47711206819122,7,1,84.3700918437909
28.5000000000001,40,79.6685011592819,176.329291077803,3,-59.1258922270386,-5.60515039917624,8.8601809213791,8,2,78.6892705382481
28.5000000000001,41,174.039589723777,185.322743746809,8,-83.4419606099426,-6.40000000000001,-21.1695428927953,0,2,48.7631838571916
28.5000000000001,42,145.616395105697,50.6571247607008,1,-69.2102994369445,-6.40000000000037,-9.77984232973987,0,1,98.4640890170614
28.5000000000001,43,83.8039039333664,47.6025976128709,4,-66.9174912696195,-4.80000000000307,-0.290719206706458,3,1,41.2395618228671
28.5000000000001,44,19.5899119258171,125.069778970147,7,-58.7461205109961,-5.61017161485786,9.2399526374216,8,1,84.3356103393244
28.5000000000001,45,51.2339074865073,198.761920785039,3,-62.3824571708124,-5.60551522527122,5.6036159776053,6,2,112.626444270563
28.5000000000001,46,56.6586570601742,90.0722118633938,6,-56.2259752843839,-6.41751239614995,8.00448182282072,7,1,46.9294137771795
28.5000000000001,47,183.880048938309,79.8442725938655,1,-69.3180448870009,-6.40000000000024,-9.88758777979627,0,2,81.3752653079919
28.5000000000001,48,126.168345309247,97.2356378812498,6,-50.8776388962283,-6.41649554015724,13.3528182109764,10,2,62.4842034045239
28.5000000000001,49,46.0864872121258,142.480869549815,3,-53.5956479627425,-5.61451099774693,14.3904251856752,11,1,95.5001403927276
28.5000000000001,50,133.646073397979,20.1700698136158,1,-80.3786439065016,-6.40000000000038,-20.948186799297,0,1,91.8626166066736
28.5000000000001,51,127.869589589673,48.8404515490198,2,-74.97167308034,-6.40000000000083,-15.5412159731353,0,1,81.3465889602894
28.5000000000001,52,187.467864703098,169.507304093094,8,-85.1666107589624,-6.40000000000001,-21.1695428927953,0,2,48.3386573912653
28.5000000000001,53,100.03624798522,175.007446639463,8,-76.7404003215434,-6.40000000000039,-17.3099432143388,0,2,60.6135207921471
28.5000000000001,54,118.541284048202,18.9108434354581,2,-84.0639503858854,-6.4000000000011,-21.1695428927953,0,1,78.8460098855418
28.5000000000001,55,187.467377247113,58.4045673466543,1,-84.2608781829336,-6.4000000000021,-21.1695428927953,0,2,101.714195866315
28.5000000000001,56,31.0694453476238,11.1434530898042,4,-90.0667626287889,-4.80000000000001,-13.973227937087,0,1,49.1980399734669
28.5000000000001,57,180.666597539039,133.005911236282,8,-93.5202548252836,-6.40000000000002,-21.1695428927953,0,2,42.2076919237541
28.5000000000001,58,25.867141293144,92.6541986519636,6,-57.0427296976805,-6.4150338693902,7.18772740952421,7,1,54.3509478482781
28.5000000000001,59,57.9995256187817,51.1106837332811,4,-84.3227611866804,-4.80000000000398,-13.973227937087,0,1,24.8490649417824
28.5000000000001,60,26.7181601170665,163.690993538978,7,-60.4145610727025,-5.61060455018304,7.57151207571526,7,1,118.405811006954
28.5000000000001,61,8.91839096693663,192.296454216194,7,-64.5490525510903,-5.60407680781596,3.43702059732745,5,2,149.148451036612
28.5000000000001,62,162.432064466873,123.283799342485,6,-56.4277323174831,-6.42528291774329,7.80272478972153,7,2,37.6903383439455
28.5000000000001,63,87.9729102945203,94.488293740642,6,-45.98313862635,-6.41312474833358,13.8304571072047,10,1,63.0349125182968
28.5000000000001,64,128.989086273074,199.688663341946,8,-77.4341393435244,-6.4,-18.0036822363198,0,2,58.8444709411988
28.5000000000001,65,188.428121944171,171.558362235422,8,-79.2240537082539,-6.4,-19.7935966010492,0,2,49.9372960664648
28.5000000000001,66,81.3755278449755,126.542587208121,6,-51.3225961359344,-6.40911165196476,12.9078609712703,10,2,76.2352831269376
28.5000000000001,67,179.718376294126,57.2222835369247,1,-85.8916991127099,-6.40000000000214,-21.1695428927953,0,2,100.215450713261
28.5000000000001,68,74.1915653477583,123.697151096779,6,-53.6098233458983,-6.41123945451066,10.6206337613064,9,1,81.0478371935755
28.5000000000001,69,93.9098300408648,60.0067948406694,4,-60.8242791435586,-4.80000000000263,5.80249291935446,6,1,50.7982196262908
28.5000000000001,70,24.8661656374204,73.0917436852571,4,-62.4918716989103,-4.8,4.13490036400277,5,1,41.4389702597832
28.5000000000001,71,115.716521003845,40.127866386281,2,-64.5746268536564,-6.4000000000007,-5.14416974645174,1,1,70.4866665046368
28.5000000000001,72,153.337881931038,143.598034330883,8,-59.9896141814391,-6.40000000000001,-0.559157074234438,3,2,24.5840724904174
28.5000000000001,73,77.5643497991593,132.27757175539,6,-52.5401428114371,-6.40829601181224,11.6903142957675,9,2,78.1873255899184
28.5000000000001,74,77.5051893904564,105.851593861556,6,-44.1573400971714,-6.41461795910693,13.8304571072047,10,1,66.5446164635509
28.5000000000001,75,114.813925293169,136.276816825699,6,-45.5248525479621,-6.41529665000219,13.8304571072047,10,2,44.4818570847721
28.5000000000001,76,159.244281668089,148.92372520625,8,-66.7406318288196,-6.40000000000001,-7.31017472161492,0,2,25.2757811153409
28.5000000000001,77,187.866894975119,75.6935123643447,1,-72.2776022968348,-6.40000000000059,-12.8471451896301,0,2,86.6464415876642
28.5000000000001,78,1.44703595063059,117.483650084185,7,-65.7878105323804,-5.61911281956757,2.19826261603734,4,1,86.3926116439602
28.5000000000001,79,33.2490068132717,71.7758739689461,4,-63.8574215376792,-4.80000000000027,2.76935052523389,5,1,36.1529315526866
28.5000000000001,80,124.836580164794,8.65525893314158,5,-66.7750808961785,-6.40000000000032,-7.34462378897384,0,1,88.6687732217331
28.5000000000001,81,114.489001177501,98.5804109187088,6,-46.0857167581836,-6.41237083293731,13.8304571072047,10,2,66.7626780369119
28.5000000000001,82,193.640048956235,122.727798544068,6,-57.8140893060026,-6.40000598840758,6.4163678012021,7,2,56.5727570934594
28.5000000000001,83,122.121285674386,144.119774717748,8,-67.6222388944496,-6.4000000000023,-8.19178178724495,0,2,36.9330443074926
28.5000000000001,84,59.4828251947203,140.490535467915,6,-56.9149770291754,-6.41347925061855,7.31548007802928,7,1,93.9718627193456
28.5000000000001,85,42.0180254449004,187.933891865387,7,-71.9338490431712,-5.60701755043025,-3.94777589475346,2,2,116.838936065308
28.5000000000001,86,114.225041704667,59.5070830424324,2,-81.9625461429718,-6.40000000000145,-21.1695428927953,0,1,69.047017386285
28.5000000000001,87,191.963975829984,104.995129065906,1,-75.5606009978843,-6.40000000000005,-16.1301438906797,0,2,65.8685332708568
28.5000000000001,88,109.37908571416,66.9760559437714,2,-68.4386317647731,-6.40000000000275,-9.00817465756839,0,1,66.0780772696636
28.5000000000001,89,3.60921531177349,101.283193832891,7,-62.797592375526,-5.60539717666724,5.18848077289175,6,1,73.0364352476986
28.5000000000001,90,147.15404105062,47.9086268553712,1,-72.082033742061,-6.40000000000034,-12.6515766348563,0,1,99.9776551740216
28.5000000000001,91,108.581156701681,122.404623267773,6,-50.9998254475304,-6.41304817776932,13.2306316596743,10,2,55.0388535233451
28.5000000000001,92,83.9611276397685,11.6656554897266,4,-82.069872058143,-4.80000000000079,-13.973227937087,0,1,56.3482933157428
28.5000000000001,93,78.8164643958971,190.779938255207,3,-63.5497627469698,-5.60740637118804,4.43631040144796,6,2,85.3366808892816
28.5000000000001,94,63.0901763915523,62.458388940041,4,-65.8099785133667,-4.80000000000723,0.816793549546372,4,1,29.644800099567
28.5000000000001,95,194.136328655695,130.841612648043,8,-85.6156612039797,-6.40000000000001,-21.1695428927953,0,2,53.5472624242464
28.5000000000001,96,71.3908607249191,160.655213952394,3,-53.520684394434,-5.60921533835455,14.4653887539838,11,2,82.735605164526
28.5000000000001,97,75.6375913796019,137.839848769754,6,-50.3049597055361,-6.40687380290802,13.8304571072047,10,2,78.929633812463
28.5000000000001,98,176.920402132149,44.2617688888449,1,-83.8882057909662,-6.40000000000176,-21.1695428927953,0,2,111.61331268927
28.5000000000001,99,130.396863417794,175.487254411071,8,-87.7265460612676,-6.40000000000001,-21.1695428927953,0,2,39.8262865614566
28.5000000000001,100,40.3184768797241,2.62344673095305,4,-85.5280142425241,-4.80000000000001,-13.973227937087,0,1,53.7635535431139
29.0000000000001,1,8.72311015443273,176.558365623782,7,-56.8101793070462,-5.61228797662555,11.1758938413716,9,1,135.17785153155
29.0000000000001,2,191.62895933601,42.5238716510037,1,-67.5951864338058,-6.40000000000033,-8.16472932660118,0,2,117.62796614874
29.0000000000001,3,143.84179685752,7.42344757681923,1,-77.0942598860897,-6.40000000000038,-17.663802778885,0,1,105.694350150289
29.0000000000001,4,71.9636524592765,11.0736497911853,4,-89.1782640557817,-4.80000000000001,-13.973227937087,0,1,50.4966609780406
29.0000000000001,5,33.847648406988,69.8320628245967,4,-68.792136518583,-4.80000000000016,-2.16536445566993,3,1,34.7341212334936
29.0000000000001,6,125.686036055451,15.6915608678386,5,-73.9230081434136,-6.40000000000039,-14.492551036209,0,1,86.3579472282217
29.0000000000001,7,84.9972635023021,95.3835265220808,6,-48.6417587631867,-6.41321912372734,13.8304571072047,10,1,61.9412861686774
29.0000000000001,8,171.772081505348,122.130512322986,6,-58.3611465416405,-6.41309758309463,5.86931056556415,6,2,42.4615340803267
29.0000000000001,9,195.263345139748,159.057579600839,8,-84.3698324897351,-6.40000000000001,-21.1695428927953,0,2,51.7982640777225
29.0000000000001,10,57.3082620839209,111.993557221078,6,-61.4116736250764,-6.41346060864323,2.81878348212829,5,1,66.6997888423223
29.0000000000001,11,179.442203917521,90.0968182457533,1,-69.5342015406631,-6.40000000000066,-10.1037444334584,0,2,70.7635821295332
29.0000000000001,12,153.935931441322,147.248117622657,8,-77.6187956761682,-6.40000000000078,-18.1883385689635,0,2,23.9857126833772
29.0000000000001,13,82.0846765698397,21.733002977811,4,-79.725221452845,-4.80000000000155,-13.098449389932,0,1,48.7924132549689
29.0000000000001,14,191.468319114634,71.2340111871021,1,-72.2082699663314,-6.40000000000028,-12.7778128591268,0,2,92.0649362345224
29.0000000000001,15,175.685189278127,188.360273179133,8,-102.323264983449,-6.40000000000001,-21.1695428927953,0,2,51.8024083091793
29.0000000000001,16,102.375428417996,132.641009969696,6,-51.5395934878302,-6.41506046739862,12.6908636193745,10,2,55.872035520836
29.0000000000001,17,159.121360997134,94.1179454483209,1,-77.8967613255128,-6.40000000000331,-18.4663042183082,0,2,61.3045940151053
29.0000000000001,18,89.1531713322434,23.8468936095193,4,-86.3520252194452,-4.80000000000136,-13.973227937087,0,1,52.6232439065078
29.0000000000001,19,129.363414789717,70.6451439478744,2,-93.9322424023065,-6.40000000000205,-21.1695428927953,0,2,85.2954384958237
29.0000000000001,20,24.4003018884576,159.061461925939,7,-58.0546588659049,-5.61365695323492,9.93141428251284,8,1,114.46395511612
29.0000000000001,21,65.3877324780535,46.6565073652336,4,-72.5810185509956,-4.80000000000423,-5.95424648808256,1,1,28.2880054760826
29.0000000000001,22,148.474508073416,59.9538633886688,1,-75.2968675849218,-6.40000000000168,-15.8664104777172,0,2,93.0746143921348
29.0000000000001,23,103.391513127922,183.640743142866,8,-81.6496733814629,-6.40000000000025,-21.1695428927953,0,2,62.0991195405293
29.0000000000001,24,189.010006360583,27.1672379435854,1,-85.1750736777364,-6.4000000000008,-21.1695428927953,0,2,131.003503886959
29.0000000000001,25,126.241686225242,79.4431651467022,2,-87.4457370809587,-6.40000000000184,-21.1695428927953,0,2,78.0703171374075
29.0000000000001,26,172.94966756711,107.988451983392,1,-65.3232571908836,-6.40000000000106,-5.89280008367895,1,2,53.328298380809
29.0000000000001,27,85.5587410682904,136.702068936628,6,-48.2301107098231,-6.41108091968205,13.8304571072047,10,2,69.869598705516
29.0000000000001,28,157.03068674092,85.4214372110172,1,-79.2133964599781,-6.40000000000284,-19.7829393527735,0,2,69.0801804278154
29.0000000000001,29,163.586226505643,167.910758473055,8,-84.1588642835161,-6.40000000000001,-21.1695428927953,0,2,32.5212364424044
29.0000000000001,30,78.2550104592322,13.4036816893119,4,-80.0894464461093,-4.80000000000001,-13.4626743831963,0,1,51.8641121581053
29.0000000000001,31,119.141153773912,161.749652804106,8,-51.7116074447696,-6.40000000000032,7.71884966243505,7,2,40.528665551957
29.0000000000001,32,42.952618720971,89.4082615089507,6,-54.8600169331732,-6.42668188927819,9.37044017403148,8,1,46.4211875984432
29.0000000000001,33,153.242026344396,8.71770552897849,1,-87.8703610363588,-6.40000000000101,-21.1695428927953,0,1,113.645914314986
29.0000000000001,34,104.516460875944,54.3736328321427,2,-63.5235751978168,-6.40000000000154,-4.0931180906121,2,1,59.5266593266309
29.0000000000001,35,173.694195406994,56.8791804798917,1,-85.2240622927931,-6.40000000000079,-21.1695428927953,0,2,98.9199268301458
29.0000000000001,36,12.7958874718511,45.0769360178062,4,-90.2158865509648,-4.8,-13.973227937087,0,1,44.2790305673006
29.0000000000001,37,93.7125101160747,90.084256904196,6,-46.3701959201253,-6.41080189284636,13.8304571072047,10,1,63.7948367206118
29.0000000000001,38,27.9096783843823,165.957605116878,7,-57.9973795244819,-5.61341618033409,9.98869362393589,8,1,120.35945535571
29.0000000000001,39,58.8580603370446,130.744410402797,6,-52.9246003316384,-6.41596978918823,11.3058567755663,9,1,84.5598902803811
29.0000000000001,40,80.1431774270006,176.477660244097,3,-58.8770218964675,-5.60789815554409,9.10905125195024,8,2,78.3153379102545
29.0000000000001,41,173.199584265831,185.17084729883,8,-94.176086781698,-6.40000000000001,-21.1695428927953,0,2,48.2437478832755
29.0000000000001,42,146.319240133531,51.0785900004401,1,-70.77709775574,-6.40000000000108,-11.3466406485353,0,1,99.1504381043766
29.0000000000001,43,83.9170089424925,47.5656854399083,4,-66.3039773972098,-4.80000000000306,0.32279466570321,4,1,41.3344817674371
29.0000000000001,44,19.4194476213768,125.045985255782,7,-69.5615800468342,-5.61666289941559,-1.57550689841649,3,1,84.376063470588
29.0000000000001,45,52.0023430375298,199.26376408437,3,-64.6365678331339,-5.60673764437464,3.3495053152839,5,2,112.172675914834
29.0000000000001,46,55.7661435318176,89.4637756821598,6,-48.9199367314622,-6.43315525374288,13.8304571072047,10,1,46.2913383077369
29.0000000000001,47,184.517270712526,80.3881067927553,1,-66.9268202315907,-6.40000000000038,-7.49636312438604,0,2,81.1757824313303
29.0000000000001,48,126.176905437431,97.3853925405514,6,-55.0938396848218,-6.40613128120953,9.13661742238291,8,2,62.3545247167275
29.0000000000001,49,45.6292894497481,142.400174602779,3,-55.6037028786007,-5.61559541487559,12.382370269817,10,1,95.4418429062333
29.0000000000001,50,134.437799925302,20.2942557873788,1,-78.1257594373807,-6.40000000000065,-18.695302330176,0,1,92.5441694297976
29.0000000000001,51,126.647510368342,49.0808456551384,2,-66.9493567576948,-6.40000000000054,-7.51889965049016,0,1,80.174407951508
29.0000000000001,52,187.582731833914,168.209868295093,8,-81.5263798686019,-6.40000000000001,-21.1695428927953,0,2,47.9198396848794
29.0000000000001,53,99.7403533430214,175.285668215524,8,-73.6043746191756,-6.4000000000005,-14.173917511971,0,2,60.9725110126678
29.0000000000001,54,119.288102612217,19.7681779381794,2,-78.1943228825363,-6.40000000000024,-18.7638657753316,0,1,79.1647284387356
29.0000000000001,55,187.105263557681,58.8313113968189,1,-83.0862782625502,-6.40000000000049,-21.1695428927953,0,2,101.19674088284
29.0000000000001,56,30.970253998207,11.3624120866922,4,-72.7602397963719,-4.80000000000001,-6.13346773345888,1,1,49.0636773249962
29.0000000000001,57,181.406216678804,133.485878878344,8,-62.271000713917,-6.4,-2.84054360671236,2,2,42.5595658165907
29.0000000000001,58,26.8011902150007,93.6440046055316,6,-63.3362494245257,-6.42937438884728,0.894207682679008,4,1,54.7287302378581
29.0000000000001,59,57.3621227935369,51.8476338360147,4,-71.9030561721567,-4.80000000000541,-5.27628410924369,1,1,24.6954368825316
29.0000000000001,60,26.2030349065017,164.153092886202,7,-57.2789189274605,-5.61379916323237,10.7071542209573,9,1,118.951562256017
29.0000000000001,61,9.36732281048703,192.504371716622,7,-63.5633055856079,-5.60167904985437,4.42276756280983,6,2,148.783135833718
29.0000000000001,62,162.865609075307,121.905139350576,6,-61.7958764071036,-6.45118203063013,2.43458070010111,5,2,38.8213226434799
29.0000000000001,63,88.1404436241594,94.4203220332326,6,-47.8094622841261,-6.41201587588753,13.8304571072047,10,1,63.0881006956444
29.0000000000001,64,128.781006712871,199.169768911857,8,-70.1117933867376,-6.4,-10.681336279533,0,2,58.4821498490319
29.0000000000001,65,188.58730137545,170.935905386925,8,-83.2248754459143,-6.40000000000001,-21.1695428927953,0,2,49.7949993654997
29.0000000000001,66,81.5708532513801,127.696878711516,6,-46.5480678671812,-6.40890924271917,13.8304571072047,10,2,75.7114743216178
29.0000000000001,67,178.792557791817,56.3889592004394,1,-89.6972695452358,-6.40000000000061,-21.1695428927953,0,2,100.718857935206
29.0000000000001,68,74.920933962633,122.398579972581,6,-44.3927557009995,-6.41312112023386,13.8304571072047,10,1,80.0928044933881
29.0000000000001,69,94.7093317025827,60.1280271360561,4,-45.1415285087191,-4.80000000000197,21.026772062913,14,1,51.5145734230641
29.0000000000001,70,24.7682891161929,73.2049909541442,4,-69.0913375615758,-4.80000000000003,-2.4645654986628,2,1,41.561530762304
29.0000000000001,71,115.714536216724,39.4266096927632,2,-89.0251144256166,-6.40000000000056,-21.1695428927953,0,1,70.5864494982447
29.0000000000001,72,153.342034821303,143.596764171416,8,-83.3538797626638,-6.40000000000029,-21.1695428927953,0,2,24.5849674765548
29.0000000000001,73,77.5831022088475,132.271823221777,6,-47.8181088414147,-6.40877455072877,13.8304571072047,10,2,78.1712564666462
29.0000000000001,74,77.2200161962851,105.562434340877,6,-49.0005899228161,-6.41441285054841,13.8304571072047,10,1,66.1843137881653
29.0000000000001,75,114.93691719365,135.025244659014,6,-49.0608615015924,-6.42106651759658,13.8304571072047,10,2,44.7874209282843
29.0000000000001,76,159.044001460648,147.952310256872,8,-77.6709560773384,-6.40000000000003,-18.2404989701337,0,2,25.263352819931
29.0000000000001,77,187.88182988521,74.5915929460036,1,-73.5468661362086,-6.40000000000039,-14.1164090290039,0,2,87.5997196906086
29.0000000000001,78,1.19687183294223,117.586169219922,7,-64.8875329908051,-5.60143098638257,3.09854015761262,5,1,86.6134261458012
29.0000000000001,79,33.2379315328549,71.9684986595617,4,-68.4484765808241,-4.80000000000027,-1.82170451791105,3,1,36.2743969302375
29.0000000000001,80,125.711474059921,7.62251831673443,5,-84.0241739778871,-6.40000000000084,-21.1695428927953,0,1,89.8906461103805
29.0000000000001,81,114.580787402439,98.8566384239788,6,-51.7044375842505,-6.40702275979119,12.5260195229542,10,2,66.5012334797398
29.0000000000001,82,193.493598284627,122.870324657792,6,-60.4170358569545,-6.4000063521509,3.81342125025018,5,2,56.3911551213313
29.0000000000001,83,122.047115718413,143.288070411999,8,-50.7544372708489,-6.40000000000266,8.67601983635575,8,2,37.1303614102272
29.0000000000001,84,59.6029843258006,140.170309168053,6,-47.7525512227541,-6.41371052920839,13.8304571072047,10,1,93.6757810932146
29.0000000000001,85,43.3444228384308,187.550140500346,7,-58.7480307811718,-5.6029013337874,9.2380423672459,8,2,115.488853103939
29.0000000000001,86,113.078161757667,59.4884416579944,2,-66.9257955320018,-6.40000000000114,-7.49533842479713,0,1,67.9789306757881
29.0000000000001,87,192.813817807933,105.37694785332,1,-91.9077309745941,-6.40000000000154,-21.1695428927953,0,2,66.1550434825355
29.0000000000001,88,109.346790469783,66.9828056264382,2,-61.3372607706313,-6.40000000000119,-1.90680366342668,3,1,66.0507927735146
29.0000000000001,89,4.61177512059946,101.1510797522,7,-67.2214893832743,-5.61230912461395,0.764583765143488,4,1,72.3102614953017
29.0000000000001,90,147.651102851548,47.3018498134023,1,-68.4874605429906,-6.40000000000064,-9.05700343578592,0,1,100.4752103882
29.0000000000001,91,108.701535183653,122.095446395893,6,-48.9860569467015,-6.41157315920299,13.8304571072047,10,2,55.1042403815853
29.0000000000001,92,84.1869049972851,11.8658924778181,4,-77.9674431344556,-4.80000000000045,-11.3406710715425,0,1,56.3489541145772
29.0000000000001,93,78.8162701137575,190.770934540739,3,-61.3734554273421,-5.6099400183727,6.61261772107563,7,2,85.3325407089391
29.0000000000001,94,61.9289467698383,61.8479523438333,4,-61.1959846208631,-4.80000000000756,5.43078744204999,6,1,28.8950470804147
29.0000000000001,95,194.386388136079,130.930467742021,8,-65.7351536844561,-6.4,-6.30469657725139,1,2,53.7219555889841
29.0000000000001,96,70.813046639077,159.413902773706,3,-56.8038373363584,-5.6076493307338,11.1822358120593,9,2,83.1351017802817
29.0000000000001,97,76.2046272938145,138.905170524745,6,-49.1510455995091,-6.40886398750602,13.8304571072047,10,2,78.237473591175
29.0000000000001,98,176.844600191621,44.299150749558,1,-88.1560613276887,-6.40000000000157,-21.1695428927953,0,2,111.559634687967
29.0000000000001,99,131.247072769892,174.38781887916,8,-76.1330054888544,-6.4,-16.7025483816497,0,2,38.7128917723858
29.0000000000001,100,39.9101496659672,1.83632032285089,4,-97.2256835174213,-4.80000000000002,-13.973227937087,0,1,54.5325143360015
29.5000000000001,1,9.51612016847207,176.997973091783,7,-58.8577306902016,-5.61129195846734,9.12834245821617,8,1,135.350211287736
29.5000000000001,2,190.756975933511,42.9034097081092,1,-80.7527837232133,-6.40000000000041,-21.1695428927953,0,2,116.974615790751
29.5000000000001,3,143.091911536054,7.85504336616919,1,-77.6855663542474,-6.40000000000074,-18.2551092470427,0,1,104.854906242407
29.5000000000001,4,73.1240348375636,11.2066380918463,4,-80.9837551110537,-4.8,-13.973227937087,0,1,50.9106660269324
29.5000000000001,5,32.9813786403645,68.8104548080242,4,-71.1382927553075,-4.80000000000013,-4.5115206923945,2,1,34.579136528655
29.5000000000001,6,126.00618426921,15.4427388296266,5,-70.9129905060857,-6.40000000000037,-11.482533398881,0,1,86.7375025393429
29.5000000000001,7,85.5972515765783,95.0290775317645,6,-44.5804920172603,-6.41321017462289,13.8304571072047,10,1,62.0244479473044
29.5000000000001,8,172.839839634066,121.673875318514,6,-59.9830722136876,-6.43943377071723,4.24738489351705,5,2,43.3160202925075
29.5000000000001,9,194.798967212272,158.833829292636,8,-79.0798657762559,-6.40000000000001,-19.6494086690512,0,2,51.3540066913741
29.5000000000001,10,57.1700127171662,112.386361528987,6,-49.6139376170959,-6.42032186471465,13.8304571072047,10,1,67.0501095240699
29.5000000000001,11,180.002626812632,91.1672806876812,1,-90.4929865846696,-6.40000000000119,-21.1695428927953,0,2,70.0977637114062
29.5000000000001,12,153.498676150467,148.541436538006,8,-67.9544148100179,-6.40000000000272,-8.52395770281324,0,2,23.8037421885406
29.5000000000001,13,82.1047407077853,21.7036206586124,4,-84.7935222210803,-4.80000000000038,-13.973227937087,0,1,48.8226326588994
29.5000000000001,14,192.061616391385,70.4112095494347,1,-85.2612773153833,-6.40000000000289,-21.1695428927953,0,2,93.0365795740581
29.5000000000001,15,174.902018781406,188.504726611878,8,-99.4905234006267,-6.40000000000001,-21.1695428927953,0,2,51.5264447720289
29.5000000000001,16,103.128716707862,131.711550850094,6,-50.0484958496709,-6.41335253795291,13.8304571072047,10,2,55.5304832480374
29.5000000000001,17,160.056105827605,94.2293630151245,1,-71.2366404560348,-6.40000000000219,-11.8061833488302,0,2,61.3493212196741
29.5000000000001,18,89.3523720873186,23.3284260040903,4,-84.4204947135265,-4.80000000000172,-13.973227937087,0,1,53.0304822561332
29.5000000000001,19,129.978052025864,70.9128227620793,2,-83.9774849708344,-6.40000000000405,-21.1695428927953,0,2,84.8994110941961
29.5000000000001,20,23.9641131397757,157.870254039618,7,-62.3126066869214,-5.61488700488418,5.67346646149636,6,1,113.428872475971
29.5000000000001,21,64.5966371870238,46.4275128285063,4,-72.9335432401823,-4.8000000000034,-6.30677117726929,1,1,27.893986480245
29.5000000000001,22,149.423901151336,60.9885780885395,1,-70.0325573797853,-6.40000000000136,-10.6021002725806,0,2,92.0631040134074
29.5000000000001,23,102.993177851207,182.520246097857,8,-78.6325645424221,-6.40000000000122,-19.2021074352174,0,2,61.8017615832544
29.5000000000001,24,187.840858101071,26.596730287709,1,-86.3218608510435,-6.40000000000137,-21.1695428927953,0,2,131.19659872691
29.5000000000001,25,126.481601258132,79.1495557624004,2,-74.6384599686235,-6.40000000000264,-15.2080028614188,0,2,78.2633408949983
29.5000000000001,26,174.293987266777,107.595644666953,1,-63.6118087263636,-6.40000000000052,-4.18135161915892,2,2,54.2270888812008
29.5000000000001,27,85.4934258018999,135.889418680631,6,-51.3459163889191,-6.40965093279213,12.8845407182856,10,2,70.0889193806375
29.5000000000001,28,157.101380455729,85.4077157253218,1,-70.2606346004056,-6.40000000000128,-10.8301774932009,0,2,69.1002372803297
29.5000000000001,29,163.463138762892,168.044238119108,8,-103.576631766537,-6.40000000000002,-21.1695428927953,0,2,32.5438263676532
29.5000000000001,30,78.9219489007254,12.1001567784311,4,-74.2288608304118,-4.8,-7.60208876749872,0,1,53.1519260651547
29.5000000000001,31,118.918138201963,161.985686720832,8,-81.0291327248852,-6.4000000000023,-21.1695428927953,0,2,40.7674970902335
29.5000000000001,32,42.6228284664192,89.7065244543917,6,-59.041429475583,-6.43215067417401,5.18902763162165,6,1,46.7255898206013
29.5000000000001,33,153.317145456211,9.89577384370531,1,-83.1734982631817,-6.40000000000076,-21.1695428927953,0,1,113.291798029757
29.5000000000001,34,103.653357690339,53.5089371133901,2,-80.9987144317358,-6.40000000000389,-21.1695428927953,0,1,58.6791737425906
29.5000000000001,35,173.895438807194,57.7491452580724,1,-74.0762092843439,-6.4000000000006,-14.6457521771392,0,2,98.1502022229428
29.5000000000001,36,12.4099619021698,45.5391873066262,4,-72.0118843715543,-4.8,-5.38511230864127,1,1,44.5551322978811
29.5000000000001,37,94.4726275753891,90.7669939654554,6,-43.5378566275875,-6.41187940410127,13.8304571072047,10,1,64.7457519875917
29.5000000000001,38,27.8190624583704,166.007847256988,7,-58.8974203405502,-5.60838220597426,9.08865280786758,8,1,120.424518331718
29.5000000000001,39,59.1235585541832,130.914443526305,6,-57.6040398738623,-6.41512700477438,6.62641723334232,7,1,84.7504365290425
29.5000000000001,40,80.6178536947193,176.626029410391,3,-62.4923010386167,-5.61257490710605,5.49377210980103,6,2,77.9427845800391
29.5000000000001,41,172.359578807886,185.018950850851,8,-87.9427639717272,-6.40000000000001,-21.1695428927953,0,2,47.7339259139702
29.5000000000001,42,147.022085161365,51.5000552401793,1,-72.2938077564857,-6.40000000000071,-12.863350649281,0,1,99.8387959401692
29.5000000000001,43,84.0301139516187,47.5287732669457,4,-63.8568752393829,-4.80000000000194,2.76989682353012,5,1,41.4295259099873
29.5000000000001,44,19.2489833169366,125.022191541416,7,-54.8319411225756,-5.6152462915985,13.1541320258421,10,1,84.4168481448987
29.5000000000001,45,52.7707785885522,199.765607383701,3,-67.0231497990385,-5.60771303870466,0.962923349379213,4,2,111.724604159267
29.5000000000001,46,54.8736300034609,88.8553395009258,6,-46.7027911097214,-6.43544137058658,13.8304571072047,10,1,45.6698990270708
29.5000000000001,47,185.154492486744,80.9319409916452,1,-84.7520830430544,-6.40000000000048,-21.1695428927953,0,2,80.9844745440884
29.5000000000001,48,126.185465565615,97.5351471998531,6,-53.47628772198,-6.41697454109871,10.7541693852247,9,2,62.2249373617008
29.5000000000001,49,45.1720916873705,142.319479655743,3,-57.7411368692069,-5.61516230305695,10.2449362792108,8,1,95.3857694972493
29.5000000000001,50,135.229526452626,20.4184417611417,1,-87.0011523102997,-6.40000000000052,-21.1695428927953,0,1,93.227628775904
29.5000000000001,51,125.425431147012,49.321239761257,2,-63.4440713333589,-6.40000000000059,-4.01361422615422,2,1,79.0044706277708
29.5000000000001,52,187.697598964731,166.912432497091,8,-83.1532275035456,-6.40000000000001,-21.1695428927953,0,2,47.5330342043753
29.5000000000001,53,99.4444587008231,175.563889791585,8,-80.3200085252853,-6.40000000000137,-20.8895514180807,0,2,61.3320896214134
29.5000000000001,54,120.034921176232,20.6255124409008,2,-67.5458831915875,-6.40000000000032,-8.11542608438281,0,1,79.4984320821535
29.5000000000001,55,186.743149868249,59.2580554469836,1,-81.4764772392208,-6.40000000000148,-21.1695428927953,0,2,100.679737601482
29.5000000000001,56,30.8710626487902,11.5813710835801,4,-96.7857261889597,-4.80000000000001,-13.973227937087,0,1,48.9301266297573
29.5000000000001,57,182.145835818569,133.965846520406,8,-68.433726113176,-6.40000000000002,-9.00326900597129,0,2,42.9266681479188
29.5000000000001,58,27.7352391368573,94.6338105590996,6,-57.4514268173432,-6.40104598367006,6.77903028986148,7,1,55.1375246208834
29.5000000000001,59,56.724719968292,52.5845839387484,4,-64.8808017768145,-4.80000000000616,1.74597028609859,4,1,24.5795022892731
29.5000000000001,60,25.687909695937,164.615192233425,7,-60.2803828365602,-5.60860715755861,7.7056903118576,7,1,119.498828553497
29.5000000000001,61,9.81625465403744,192.712289217049,7,-63.3323898691106,-5.60487016716288,4.65368327930713,6,2,148.418570635155
29.5000000000001,62,163.299153683742,120.526479358668,6,-59.0537907062769,-6.40778604968916,5.17666640092778,6,2,39.9725644373591
29.5000000000001,63,88.3079769537985,94.3523503258232,6,-45.0862842212185,-6.41255554091233,13.8304571072047,10,1,63.1417617565214
29.5000000000001,64,128.572927152667,198.650874481767,8,-82.8592336354569,-6.4,-21.1695428927953,0,2,58.1229476080279
29.5000000000001,65,188.74648080673,170.313448538428,8,-88.6809114285568,-6.4,-21.1695428927953,0,2,49.6606077935987
29.5000000000001,66,81.7661786577847,128.851170214911,6,-43.5438234208327,-6.40894323687849,13.8304571072047,10,2,75.2022431596293
29.5000000000001,67,177.866739289508,55.555634863954,1,-74.6396852273106,-6.40000000000044,-15.2092281201059,0,2,101.235089097507
29.5000000000001,68,75.6503025775077,121.100008848383,6,-50.7493432952107,-6.41300493933866,13.4811138119939,10,1,79.1542751881273
29.5000000000001,69,95.5088333643007,60.2492594314429,4,-60.5257929334471,-4.80000000000201,6.10097912946592,7,1,52.2336216729485
29.5000000000001,70,24.6704125949654,73.3182382230312,4,-85.1747148475721,-4.8000000000001,-13.973227937087,0,1,41.6842683987056
29.5000000000001,71,115.712551429603,38.7253529992453,2,-82.5268766720142,-6.4000000000005,-21.1695428927953,0,1,70.6930483172128
29.5000000000001,72,153.346187711568,143.595494011949,8,-64.921785637264,-6.40000000000031,-5.49132853005934,1,2,24.585863197212
29.5000000000001,73,77.6018546185356,132.266074688164,6,-43.60858350252,-6.4086355928802,13.8304571072047,10,2,78.1551889617154
29.5000000000001,74,76.9348430021139,105.273274820199,6,-54.3340349931665,-6.41516488588112,9.89642211403815,8,1,65.8245446387419
29.5000000000001,75,115.059909094131,133.773672492329,6,-49.4687567586149,-6.42043052113177,13.8304571072047,10,2,45.1259754121343
29.5000000000001,76,158.843721253207,146.980895307494,8,-75.2915200771562,-6.40000000000081,-15.8610629699515,0,2,25.2898477407189
29.5000000000001,77,187.896764795301,73.4896735276625,1,-83.0588899983702,-6.40000000000073,-21.1695428927953,0,2,88.5564500127123
29.5000000000001,78,0.946707715253875,117.688688355658,7,-68.51537426802,-5.60843937070655,-0.529301119602277,3,1,86.8345208732226
29.5000000000001,79,33.2268562524382,72.1611233501774,4,-67.1198165652869,-4.80000000000114,-0.49304450237388,3,1,36.3964797654684
29.5000000000001,80,126.586367955049,6.58977770032727,5,-72.4548401914808,-6.40000000000009,-13.0243830842762,0,1,91.1162398074747
29.5000000000001,81,114.672573627377,99.1328659292487,6,-51.6437284880261,-6.41299152680562,12.5867286191785,10,2,66.2400361011745
29.5000000000001,82,193.347147613018,123.012850771517,6,-67.3935767004758,-6.40002077497307,-3.16311959327112,2,2,56.2097093896167
29.5000000000001,83,121.972945762439,142.456366106251,6,-49.8564254515499,-6.43055080754872,13.8304571072047,10,2,37.3453100343016
29.5000000000001,84,59.7231434568809,139.850082868192,6,-48.5630874966464,-6.41312803737432,13.8304571072047,10,1,93.3800134402646
29.5000000000001,85,44.6708202319612,187.166389135305,7,-57.9062364165799,-5.60813502253237,10.0798367318378,8,2,114.139504957595
29.5000000000001,86,111.931281810667,59.4698002735564,2,-65.0471619455511,-6.40000000000125,-5.61670483834647,1,1,66.9134574202631
29.5000000000001,87,193.663659785881,105.758766640734,1,-79.2605704241766,-6.40000000000061,-19.8301133169719,0,2,66.4533815170167
29.5000000000001,88,109.314495225407,66.989555309105,2,-69.6688546380558,-6.4000000000014,-10.2383975308511,0,1,66.0235134891044
29.5000000000001,89,5.61433492942543,101.018965671508,7,-61.8169870558484,-5.60142901521146,6.16908609256936,7,1,71.5910058732781
29.5000000000001,90,148.148164652477,46.6950727714334,1,-82.541393744341,-6.40000000000045,-21.1695428927953,0,1,100.976406990127
29.5000000000001,91,108.821913665624,121.786269524014,6,-49.5228186716197,-6.4116290159079,13.8304571072047,10,2,55.1715450348538
29.5000000000001,92,84.4126823548017,12.0661294659097,4,-78.6295142147666,-4.80000000000013,-12.0027421518535,0,1,56.3512310473304
29.5000000000001,93,78.8160758316179,190.761930826271,3,-61.2859896627118,-5.60547899249319,6.70008348570598,7,2,85.3284012782126
29.5000000000001,94,60.7677171481244,61.2375157476256,4,-56.6696595088575,-4.80000000001044,9.95711255405558,8,1,28.1864416477168
29.5000000000001,95,194.636447616464,131.019322836,8,-64.4736546620014,-6.4,-5.04319755479675,1,2,53.8973891892859
29.5000000000001,96,70.2352325532349,158.172591595019,3,-50.4897490414021,-5.60717952203126,17.4963241070156,12,2,83.5551277852862
29.5000000000001,97,76.7716632080271,139.970492279736,6,-50.4363525561022,-6.40939849580002,13.7941045511025,10,2,77.5579160010727
29.5000000000001,98,176.768798251093,44.3365326102711,1,-89.2577272458765,-6.40000000000071,-21.1695428927953,0,2,111.50599490892
29.5000000000001,99,132.097282121989,173.28838334725,8,-72.0474104781355,-6.4,-12.6169533709308,0,2,37.6178960914629
29.5000000000001,100,39.5018224522103,1.04919391474872,4,-91.0195081355908,-4.80000000000001,-13.973227937087,0,1,55.3050011140113
