timestamp,ue_id,x,y,area_id,rsrp,rsrq,sinr,cqi,serving_bs,distance
0,1,17.8049486117402,175.650793461212,4,-66.623120413098,-5.60514811694031,1.36295273531973,4,1,131.821444504772
0,2,189.455812259633,8.17312183418674,7,-85.5291452923338,-6.40000000000027,-21.1695428927953,0,1,147.477663766727
0,3,159.547242802859,34.5565790850847,7,-76.3571163565347,-6.40000000000056,-16.92665924933,0,1,113.098840203001
0,4,54.3922661429918,10.6161131156704,5,-62.9413959220344,-7.40021328691481,1.00427093576514,4,1,46.0720365079355
0,5,71.0087962538291,80.785667080865,2,-45.3630559806217,-4.82540925791418,21.026772062913,14,1,44.0610578362431
0,6,117.138180858962,45.3815098605332,6,-52.9511207045242,-5.61025549798069,15.0349524438935,11,1,71.2819456820523
0,7,56.4601643972696,91.5917148815842,2,-45.9709577553725,-4.82657864635463,21.026772062913,14,1,48.2063737573232
0,8,153.925514744527,133.263385163767,8,-59.347341243584,-6.47137937644179,4.8831158636207,6,2,29.1165578698086
0,9,198.558522690351,138.069115225581,1,-65.7221773206995,-5.6000122561675,2.26389582771828,4,2,55.2496709254435
0,10,82.8759870448533,78.4934554018851,2,-44.3774881112898,-4.81779922437454,21.026772062913,14,1,49.4465117567719
0,11,155.41049161055,69.9317625991657,7,-73.5546207174315,-6.40000000000087,-14.1241636102268,0,2,83.6208470415373
0,12,139.165500334638,127.763479449518,8,-49.4175473211744,-6.44506164203687,13.8304571072047,10,2,34.1188984170172
0,13,96.4948870501561,30.5785168032867,6,-55.2234418800466,-5.60648571600559,12.7626312683712,10,1,55.5987277855077
0,14,179.066327334611,107.609729258782,1,-66.4415416615771,-5.61740552826925,1.54453148684064,4,2,56.5158069767788
0,15,184.603226827451,193.956453434315,1,-70.5868161097483,-5.60002408141865,-2.60074296133059,2,2,60.6778633885132
0,16,92.9073668427632,134.008537149051,2,-48.6771523328804,-4.8123969768266,21.026772062913,14,2,63.7773129328925
0,17,158.029338406687,114.54496402095,8,-60.2912750706364,-6.42670797181602,3.93918203656825,5,2,43.2871788353648
0,18,55.2055118436906,18.1538128078427,5,-61.0321090362064,-7.40028410878421,2.91355782159312,5,1,39.9190054013464
0,19,117.039582112804,50.9491982335685,6,-54.1863470081145,-5.60947343935243,13.7997261403032,10,1,71.045454092053
0,20,54.9415453836249,197.543268838123,4,-58.6386590955377,-5.61048459798472,9.34741405288006,8,2,108.851836024329
0,21,105.451712896603,80.400146886245,8,-64.0453978550052,-6.40395418465681,0.185059252199463,3,2,85.9123939679425
0,22,145.093664188716,30.2908444238823,6,-61.391159925494,-5.60480117041354,6.59491322292377,7,1,99.9174948763224
0,23,129.691302967214,181.211188911373,8,-66.6410087893322,-6.40006022373972,-2.41055168212753,2,2,44.0321642487725
0,24,190.11977358531,57.904773900504,7,-78.2274227063221,-6.40000000000015,-18.7969655991174,0,2,103.16674320174
0,25,112.03699545009,95.3881519463836,8,-49.5902734779517,-6.40858334732449,13.8304571072047,10,2,70.5400146178592
0,26,133.396604664761,125.907546366175,8,-49.1782474926517,-6.43426754076047,13.8304571072047,10,2,37.5282434808272
0,27,72.7999472123524,158.092364531011,2,-60.4539275975979,-4.80941539593397,10.9728444653152,9,2,81.1023089321034
0,28,144.911271768318,60.3847176538263,6,-49.0656905179008,-5.60456373323073,17.5860731484177,12,1,98.3272183549865
0,29,139.435738883592,198.405897062671,1,-66.2973082386633,-5.60003088520732,1.68876490975442,4,2,54.8359780014683
0,30,53.2965185171399,18.1327163989712,5,-61.1711370833072,-7.40029111545939,2.77452977449237,5,1,39.7321129370468
0,31,141.617042834152,144.889762895684,8,-63.0059615802083,-6.42732909372106,1.2244955269964,4,2,25.4683822436128
0,32,47.2152451092798,99.3278549061097,2,-49.7485437625728,-4.82670417711578,21.026772062913,14,1,54.7105303341103
0,33,183.49361734499,9.62438564873564,7,-84.6654444397974,-6.40000000000048,-21.1695428927953,0,1,141.431913322605
0,34,124.71419796336,24.6118467780257,6,-53.9033034519184,-5.61356918339139,14.0827696964994,10,1,82.3348024915988
0,35,154.901875448373,65.8468583476935,7,-76.0588299878168,-6.40000000000117,-16.6283728806121,0,2,87.5101687397786
0,36,13.0372275231884,25.248970491481,5,-73.9984362747848,-7.40002989064421,-10.0527694169853,0,1,50.3101382516896
0,37,86.7158063157312,92.0395882110864,2,-50.1765492972699,-4.81232784284685,21.026772062913,14,1,60.5609396424131
0,38,36.9258412549757,162.244024902139,3,-59.6617600715887,-4.80981714686162,11.7650119913244,9,1,115.420556025009
0,39,58.8344302940277,104.410101908257,2,-52.9373895479262,-4.8206455971265,18.4893825149868,13,1,59.9229200580793
0,40,84.5112016459559,175.484477032514,4,-61.2179901167587,-5.61370288070249,6.76808303165908,7,2,74.0978493579766
0,41,181.237362652155,186.860735931166,1,-70.5761217769552,-5.6000182618583,-2.59004862853747,2,2,53.7283600982704
0,42,126.46809921723,21.2103917104938,6,-58.9904074005472,-5.61262546642462,8.99566574787059,8,1,85.0203607576401
0,43,76.7862859124167,41.3964722168721,6,-59.8117671694177,-5.64523778662138,8.17430597900006,8,1,36.6575476988953
0,44,65.4392761092793,128.754876488935,2,-55.9953534672727,-4.81178548276178,15.4314185956403,11,1,83.6238710989036
0,45,50.5202957116367,189.468279070547,4,-64.0756209907027,-5.60388013531202,3.91045215771507,5,2,109.572837045003
0,46,91.9251540183793,121.807277896091,2,-48.6379210344624,-4.81067141372643,21.026772062913,14,2,68.7005627008776
0,47,189.051336226285,71.9683390992305,7,-78.6595781533515,-6.4000000000005,-19.2291210461468,0,2,90.3670125875092
0,48,132.634769261839,66.4662814311707,6,-54.3623270743171,-5.60753776398215,13.6237460741006,10,1,87.475102258459
0,49,65.3679524390814,174.111209781414,4,-61.1138401237354,-5.60484792643593,6.87223302468232,7,2,91.0833898769524
0,50,117.432632293034,12.9976021769294,6,-59.9037450549149,-5.61701254559154,8.0823280935029,7,1,80.4275285124706
0,51,134.211326191309,26.3913226588457,6,-53.7190189271548,-5.60954614521911,14.2670542212629,11,1,90.5602954097308
0,52,176.593543144863,188.429227304226,1,-70.4931939587947,-5.60004504912934,-2.50712081037697,2,2,52.3093877635509
0,53,105.093386528249,146.719693844519,8,-50.9948220330202,-6.41838621749595,13.2356350741845,10,2,50.7899039374456
0,54,109.209278454514,4.16260861720836,5,-57.4949240593776,-7.40807205867627,6.45074279842191,7,1,78.4796477048884
0,55,199.768826821124,36.5032990777733,7,-82.2800547265786,-6.40000000000077,-21.1695428927953,0,2,126.137572687048
0,56,42.3877617414101,15.7817935136329,5,-63.989793645895,-7.40019659995457,-0.0441267880954781,3,1,42.2028651450253
0,57,153.988578322584,122.973401848047,8,-56.8987260620405,-6.4524626947524,7.33173104516414,7,2,36.0360342532658
0,58,32.4794223290095,98.3750007076388,2,-50.4556310564466,-4.8317180342696,20.9711410064665,14,1,56.5628971622677
0,59,53.1739301400298,25.9493561130384,5,-61.0206327938728,-7.40042707178245,2.92503406392675,5,1,33.7750988734486
0,60,30.4082978841446,170.444741554055,3,-51.4545727047893,-4.80554568269318,19.9721993581237,14,2,123.581603291831
0,61,17.2170054971881,167.610177841308,3,-59.6333896673496,-4.80617342116243,11.7933823955634,9,1,124.33474438159
0,62,176.346496652269,120.583974904153,1,-65.5148204283304,-5.60567387415833,2.47125272008738,5,2,45.9531328451883
0,63,114.54140434777,105.867362740922,8,-53.9173996602107,-6.4140017459727,10.313057446994,9,2,61.2964246679179
0,64,135.310597583096,152.688108017155,8,-61.7382981905675,-6.46278339503717,2.49215891663712,5,2,27.8433918206394
0,65,145.820120477253,169.599991450364,8,-63.8906395558212,-6.4006643633344,0.339817551383502,4,2,30.8849649130286
0,66,107.775619335097,87.7396581361377,8,-48.3817755409154,-6.40880549570906,13.8304571072047,10,2,78.8130604122164
0,67,193.987106996336,88.054792858138,7,-75.4973214950585,-6.40000000000042,-16.0668643878538,0,2,79.5256202098124
0,68,44.15858824066,149.100226151292,3,-61.4923891376225,-4.81225679278533,9.93438292529055,8,1,102.015816982365
0,69,75.521579570552,67.434237797525,6,-49.9275409287629,-5.62684573980537,17.5860731484177,12,1,38.827228478951
0,70,12.0147979666118,75.8498522584481,2,-59.340014593455,-4.80001323009991,12.086757469458,9,1,51.6075618034888
0,71,116.72703055913,53.4005561269156,6,-55.1798756872325,-5.60834780793538,12.8061974611853,10,1,70.8259160845191
0,72,153.185038483585,139.392738465499,8,-64.6128623728481,-6.40333157639182,-0.382405265643472,3,2,25.9790005081646
0,73,103.596107235127,161.531466879458,8,-58.3895656056324,-6.42207944059182,5.84089150157227,6,2,53.2780066455747
0,74,109.275260043886,83.0013202761647,8,-55.5454246153243,-6.40833034338677,8.68503249188038,8,2,81.8509470270818
0,75,78.1863388070715,158.197077682968,2,-53.9076429350643,-4.8084262374348,17.5191291278488,12,2,76.0042368323854
0,76,161.790407555245,163.038870141239,1,-59.5895870869112,-5.60005255387193,8.39648606150655,8,2,29.3475015099905
0,77,164.729530312418,78.572250256951,7,-74.5241686043756,-6.40000000000202,-15.093711497171,0,2,76.6233156198561
0,78,28.6746142272018,110.526956890099,3,-58.6253775938863,-4.82343610194091,12.8013944690267,10,1,68.3413095333602
0,79,54.6240950383151,67.073461476534,2,-60.7787668864496,-4.88169359067176,10.6480051764635,9,1,29.4131831278776
0,80,104.062964763822,40.1896130590518,6,-58.2118370470538,-5.61226222138461,9.77423610136391,8,1,59.7603367710175
0,81,136.365968470884,97.8032884399701,8,-45.0054663639311,-6.42223380299515,13.8304571072047,10,2,58.844145957078
0,82,198.746685033487,136.996643505328,1,-66.126405267327,-5.60001280327574,1.85966788109072,4,2,55.6558764361997
0,83,144.180899594046,146.026171691627,8,-64.6699513442852,-6.42707747386358,-0.439494237080554,3,2,24.5337164114816
0,84,41.7849752020378,134.170389484384,3,-53.9109245382911,-4.81679860116152,17.515847524622,12,1,87.7746609129538
0,85,0.471919299341184,164.571265168647,3,-59.9988455086671,-4.81004733798611,11.4279265542459,9,1,127.011241944308
0,86,154.284183763933,79.3651640124541,7,-80.5049672475897,-6.4000000000016,-21.074510140385,0,2,74.5646315991077
0,87,180.670103612472,86.1672350978418,7,-71.8133015660599,-6.40000000000168,-12.3828444588552,0,2,74.6158638002266
0,88,101.181409398835,93.8833442601811,8,-42.9576367270368,-6.407661757764,13.8304571072047,10,2,78.0037424724319
0,89,24.0782720192362,126.868530773688,3,-61.2451588800634,-4.81672561756073,10.1816131828496,8,1,84.4568351574584
0,90,137.966369912266,49.2722453504273,6,-59.3990482861001,-5.60169265003214,8.58702486231767,8,1,91.0541699340098
0,91,106.420125409673,164.512546436419,8,-55.4990941140523,-6.42522551093581,8.73136299315236,8,2,51.5952466161161
0,92,110.22614160021,9.14261311703414,5,-57.1205627519866,-7.40769177895918,6.82510410581299,7,1,76.4772135668717
0,93,97.2236758493296,169.004915579018,8,-56.4942249895771,-6.41887146918563,7.73623211762758,7,2,60.817573176034
0,94,96.3373897884053,65.2657076041436,6,-49.7602441775301,-5.61323733449308,17.5860731484177,12,1,54.1520592503906
0,95,194.067337164228,134.260756552247,1,-62.0682825319591,-5.60000265180938,5.91779061645866,7,2,52.3631930754165
0,96,56.5119017591404,182.324861354364,4,-60.5933874450452,-5.60817923988555,7.3926857033726,7,2,101.671879958381
0,97,94.9662273354351,95.0829802204548,2,-50.2743222833051,-4.81095756412758,21.026772062913,14,1,67.8725769831966
0,98,170.08657886344,40.9151556767722,7,-78.9504313533005,-6.40000000000112,-19.5199742460959,0,2,113.380879831919
0,99,109.195790836528,151.91347268342,8,-58.2361274038393,-6.42425495854221,5.99432970336538,7,2,47.1263712072825
0,100,36.5369155482093,21.4853540396865,5,-63.8759671000875,-7.40013096268545,0.0696997577120362,3,1,39.3267043775355
0.5,1,17.931091720805,175.607554839012,4,-60.5300302636995,-5.60403136332818,7.4560428847182,7,1,131.749469489842
0.5,2,189.291539085879,9.35909042585934,7,-81.7864131835706,-6.40000000000028,-21.1695428927953,0,1,146.990021402564
0.5,3,159.089056644912,34.2813695514976,6,-58.6339555527365,-5.60647952984847,9.3521175956813,8,1,112.693156947765
0.5,4,54.4478057535834,10.1971877377449,5,-65.04912326261,-7.40018273755578,-1.10345640481042,3,1,46.4359434060075
0.5,5,69.7290528558802,81.547748883878,2,-45.6802449767796,-4.82643465324722,21.026772062913,14,1,44.0084762998032
0.5,6,116.742600906646,44.2849193086617,6,-48.8695188511076,-5.61149493655024,17.5860731484177,12,1,70.9893437291283
0.5,7,57.0336788169837,91.149270226037,2,-53.1032847608596,-4.81993234590704,18.3234873020535,13,1,47.9060025240668
0.5,8,152.575236954968,133.570141720953,8,-56.5823670718817,-6.49291818684457,7.64809003532301,7,2,28.7892703701187
0.5,9,198.373159643039,139.241245802922,1,-72.513756544186,-5.60006310129905,-4.52768339576827,2,2,54.8449028235451
0.5,10,82.7382009388106,79.3599745155928,2,-43.9508776241877,-4.81823486084292,21.026772062913,14,1,49.8602838365989
0.5,11,155.290199775479,69.1486853628408,7,-78.0566395611495,-6.40000000000131,-18.6261824539448,0,2,84.3633290726569
0.5,12,140.093588901002,127.470495752828,8,-49.8366928236821,-6.44728968319605,13.8304571072047,10,2,34.0288927602075
0.5,13,96.0724790069855,29.8514038875206,6,-64.8702164000529,-5.61996718344358,3.11585674836485,5,1,55.505758684599
0.5,14,178.978036289411,107.069768192301,1,-53.0190304577443,-5.61624785937252,14.9670426906734,11,2,56.8768968057611
0.5,15,184.496714880969,194.995878683937,1,-64.0048500328042,-5.60000159273201,3.98122311561355,5,2,61.3750962208484
0.5,16,92.9976236817067,135.066680282784,2,-47.0838687213952,-4.81249328654862,21.026772062913,14,2,63.4391436237039
0.5,17,157.044758949084,113.58116723766,8,-49.8481465381993,-6.42278205552499,13.8304571072047,10,2,43.9113881404581
0.5,18,56.2707172951176,18.6155457280556,5,-64.4692055213918,-7.40022165396814,-0.5235386635923,3,1,39.705866888195
0.5,19,117.300502551004,51.5461533650486,6,-48.4990626748773,-5.60948929072467,17.5860731484177,12,1,71.3021614949083
0.5,20,54.5519956695109,197.748073690918,4,-64.5200737673795,-5.61033894286465,3.46599938103828,5,2,109.281517521795
0.5,21,104.535187035448,79.3984223939844,8,-53.9834928456104,-6.40854695445013,10.2469642615943,8,2,87.2002407012731
0.5,22,144.820826311472,30.7980091496313,6,-56.2102158669483,-5.60834643517923,11.7758572814695,9,1,99.5588045077279
0.5,23,129.323981571519,181.304560187235,8,-59.618247843037,-6.40000253739863,4.61220926416766,6,2,44.2687612947452
0.5,24,189.385664695355,56.6904543128803,7,-92.7983128649988,-6.40000000000051,-21.1695428927953,0,2,103.971880332288
0.5,25,111.618429995956,95.134097584612,8,-46.3641956177658,-6.41121924550376,13.8304571072047,10,2,70.9623996481957
0.5,26,134.14063495692,125.232431200606,8,-44.9466053264362,-6.43510541711443,13.8304571072047,10,2,37.6457424392504
0.5,27,72.0451161851732,157.865884944956,2,-58.8281596599651,-4.80920813502262,12.598612402948,10,2,81.7990590199572
0.5,28,145.263366779274,61.8422642210017,7,-77.5087214403563,-6.40000000000124,-18.0782643331516,0,2,91.3590284096069
0.5,29,140.035604933019,199.393197923109,1,-67.4494102921638,-5.60000979298826,0.536662856253985,4,2,55.5988054738793
0.5,30,53.5269185307757,18.4568981614559,5,-64.6079579569227,-7.40026826611934,-0.662291099123161,3,1,39.4924857146203
0.5,31,141.711927993239,144.802961435333,8,-51.4570041118137,-6.44083029187894,12.773452995391,10,2,25.4548884780879
0.5,32,46.8341900943396,98.5571126563116,2,-55.1144031266139,-4.82607702068891,16.3123689362991,12,1,54.0376307944428
0.5,33,182.436086496122,9.3531074842287,7,-77.3670246004931,-6.40000000000021,-17.9365674932884,0,1,140.512408269152
0.5,34,124.982775669331,26.0416652673688,6,-60.9445748822716,-5.6060891371295,7.04149826614618,7,1,82.150279672306
0.5,35,155.428782788828,66.0536120655351,7,-85.1720246277028,-6.40000000000172,-21.1695428927953,0,2,87.3425310476628
0.5,36,13.1255634762678,24.3796554758014,5,-61.832955257811,-7.40003030828181,2.11271159998855,4,1,50.6791487939703
0.5,37,85.9703795194321,91.8146722003453,2,-42,-4.81406566507878,21.026772062913,14,1,59.9548581350528
0.5,38,37.1368295173399,161.698832015351,3,-66.811782128371,-4.81343728347084,4.61498993454199,6,1,114.866619295858
0.5,39,59.6020392752329,105.376088710634,2,-53.9088452031943,-4.82312741555189,17.5179268597187,12,1,60.9176522785568
0.5,40,84.1034446108576,175.432448252359,4,-61.6941093159838,-5.61076296198871,6.29196383243393,7,2,74.4406840125963
0.5,41,182.260811268834,186.820022126348,1,-74.3215536355389,-5.60001353117319,-6.33548048712113,1,2,54.3021544057704
0.5,42,126.744409198017,22.2576780530607,6,-61.5410995072091,-5.60653672372754,6.44497364120867,7,1,84.9210855451123
0.5,43,76.7868384185406,41.3924168928404,6,-58.4868421126257,-5.63165774224498,9.49923103579201,8,1,36.658903412509
0.5,44,64.0834778642449,128.708564834485,2,-57.761519763824,-4.81460070255405,13.665252299089,10,1,83.3404615241416
0.5,45,50.4531701506525,189.299730965754,4,-59.7159917241224,-5.60810307214265,8.2700814242953,8,2,109.573218384036
0.5,46,91.1682531385313,121.552646971178,2,-47.4932020707613,-4.81067094844518,21.026772062913,14,2,69.4454918127761
0.5,47,188.325183781456,72.0493328039943,7,-83.1083923068804,-6.40000000000033,-21.1695428927953,0,2,89.9854223093099
0.5,48,132.349679118966,67.8935553966814,6,-53.5047054934433,-5.60736802925837,14.4813676549745,11,1,87.4865645441107
0.5,49,65.785589751349,173.533176905694,4,-59.1253418263375,-5.60598539640131,8.86073132208026,8,2,90.5435105836016
0.5,50,117.772839845742,13.7422374435073,6,-61.1347158682358,-5.61271048279833,6.85135728018193,7,1,80.3743315142316
0.5,51,135.488038922033,26.7163889022075,6,-63.3798210570775,-5.60759524611981,4.60625209134029,6,1,91.6655952060986
0.5,52,176.838601863039,188.514852749935,1,-72.5954143680303,-5.60004327330823,-4.60934121961253,2,2,52.4971849941681
0.5,53,105.176699540761,147.318676945318,8,-51.6774878580886,-6.42073527703605,12.5529692491161,10,2,50.681039426819
0.5,54,108.863024328022,3.56855142971427,5,-62.1023243057307,-7.42206905505998,1.8433425520688,4,1,78.5683463576544
0.5,55,198.965713760674,37.154198069747,7,-103.636142387876,-6.40000000000129,-21.1695428927953,0,2,125.236041686785
0.5,56,42.0504329124646,15.3786425770984,5,-63.6638697160087,-7.40018056998522,0.281797141790809,4,1,42.5920650671405
0.5,57,153.764888740236,122.918077837515,8,-52.1572876814284,-6.41513513783531,12.0731694257763,9,2,36.0535004575319
0.5,58,31.7712689825533,97.1061193503415,2,-55.4229931130012,-4.81711862130648,16.0037789499119,12,1,55.7092731486872
0.5,59,53.8996103796186,26.4118548756863,5,-65.5246260518023,-7.40044488870101,-1.57895919400273,3,1,33.5239847201748
0.5,60,30.7883484208316,170.414858653762,3,-60.5739996670432,-4.8036745486046,10.8527723958698,9,2,123.208905222334
0.5,61,17.5694074441296,168.101337262538,3,-63.2563200925575,-4.8125012303364,8.17045197035557,8,1,124.707334173755
0.5,62,176.002439710581,121.898643392896,1,-67.9612672348204,-5.63665714111062,0.0248059135973938,3,2,44.9228573675141
0.5,63,114.052109111986,105.344917838483,8,-52.135982679709,-6.41257655848136,12.0944744274957,9,2,61.9562524863182
0.5,64,134.940791982957,153.815013868827,8,-53.9057167199005,-6.43329355317773,10.3247403873041,9,2,28.1706243615567
0.5,65,147.073565878031,170.399206692236,8,-58.622275009385,-6.40012519596825,5.60818209781965,6,2,31.2560658167782
0.5,66,106.6889598126,87.7573432820787,8,-50.1501838641578,-6.40980656697099,13.8304571072047,10,2,79.386677203543
0.5,67,194.039511192043,88.1050231351815,7,-84.2837707390189,-6.40000000000063,-21.1695428927953,0,2,79.5155123679053
0.5,68,44.5029081591229,149.453817462689,3,-55.9530832284941,-4.81283570956638,15.4736888344189,11,1,102.340264933255
0.5,69,75.7829256720295,66.7949616977937,6,-48.2759180260815,-5.62798847286961,17.5860731484177,12,1,38.7179544222026
0.5,70,12.5760172625579,75.3058179474958,2,-63.4636590699171,-4.8000339368181,7.96311299299594,7,1,50.9233630657301
0.5,71,117.834420700223,54.2595880401697,6,-50.2719014451663,-5.60859940851049,17.5860731484177,12,1,71.9159420574246
0.5,72,152.992930748714,139.148828204332,8,-60.8622879545093,-6.46045728504837,3.36816915269534,5,2,26.0567757753274
0.5,73,102.496978992393,160.63040580208,8,-53.0056284851451,-6.41975293075327,11.2248286220596,9,2,54.0536079495723
0.5,74,109.012603776693,83.4727268427812,8,-56.6218623696075,-6.40983020336809,7.60859473759718,7,2,81.5971489875817
0.5,75,79.3880233570417,158.710324277073,2,-55.2778484090891,-4.80854608879294,16.1489236538239,12,2,74.9277718502123
0.5,76,161.974915043949,162.968567715855,1,-58.8027251030703,-5.60000944558526,9.18334804534746,8,2,29.3910248019783
0.5,77,165.819098712602,78.7196926399184,7,-61.2319711013714,-6.40000000000417,-1.80151399416669,3,2,76.7031687834782
0.5,78,28.9142350638008,110.657344077972,3,-65.3744172328971,-4.81875877475212,6.0523548300159,7,1,68.3825480187605
0.5,79,53.7025672557238,67.1131838475128,2,-57.7427996772281,-4.86543841035594,13.6839723856849,10,1,29.3056319788864
0.5,80,104.179161870448,40.0343529874475,6,-54.0744951156356,-5.60498263050768,13.9115780327822,10,1,59.8911153791861
0.5,81,135.357067900941,97.0546170720628,8,-51.8334135310556,-6.41346977295936,12.3970435761491,10,2,59.7484646986311
0.5,82,198.808115602891,136.204232209668,1,-75.7933460447119,-5.60008406018277,-7.80727289629419,0,2,55.8999584761024
0.5,83,143.003257327617,146.503763736325,8,-54.1089081045282,-6.43811510041624,10.1215490026765,8,2,24.7674802116602
0.5,84,41.7648454091052,133.510360774848,3,-54.2896470744772,-4.81273377605623,17.1371249884359,12,1,87.1438358570543
0.5,85,0.102990266728979,164.918615376826,3,-63.2637374753527,-4.80871237184682,8.16303458756036,8,1,127.46862257218
0.5,86,154.154177197642,78.9877101656941,7,-55.7545144050637,-6.4000000000018,3.675942702141,5,2,74.9149684355595
0.5,87,179.627970818564,86.7876658090177,7,-56.3307402047638,-6.40000000000058,3.09971690244087,5,2,73.6604768427284
0.5,88,101.654119773914,92.795939612853,8,-44.9485354298634,-6.40912662494629,13.8304571072047,10,2,78.4976347389613
0.5,89,23.5209661140935,126.677705111307,3,-49.6834236943007,-4.82078523513824,21.026772062913,14,1,84.4562590733665
0.5,90,138.118482814136,49.7516845967783,6,-55.2928091250099,-5.60753017916801,12.6932640234079,10,1,91.1985672804384
0.5,91,106.131650876414,163.836906263535,8,-57.0886107297796,-6.41856994157642,7.14184637742511,7,2,51.6540611159923
0.5,92,109.708007018874,8.17854734837705,5,-60.7592998023811,-7.42229629881065,3.18636705541849,5,1,76.5919708850599
0.5,93,96.2384369419933,169.747530269973,2,-59.3457508907719,-4.81143456049784,12.0810211721411,9,2,61.9073550897106
0.5,94,95.7031167861277,65.3846207213986,6,-45.5356140698166,-5.61291113314978,17.5860731484177,12,1,53.6443048114869
0.5,95,194.091962715227,135.212238154639,1,-71.5947692778731,-5.60012188862744,-3.60869612945534,2,2,52.1059408942599
0.5,96,57.6940315064469,182.681852181134,4,-61.842177321113,-5.6056259819022,6.14389582730476,7,2,100.70126752689
0.5,97,94.3827239299945,96.2069690331086,2,-43.7963672728143,-4.81091489675078,21.026772062913,14,1,68.2433892085729
0.5,98,170.939837913742,40.3831439660614,7,-97.4094272088351,-6.40000000000082,-21.1695428927953,0,2,114.046402567635
0.5,99,109.393812511033,152.596794805671,8,-52.0513991291547,-6.42150380996305,12.17905797805,9,2,46.9878261430759
0.5,100,37.4287798845902,22.1927183226333,5,-62.6660851202429,-7.40015871181896,1.27958173755666,4,1,38.5166261434526
1,1,18.0572348298699,175.564316216813,4,-54.2984959165936,-5.61215570032284,13.6875772318242,10,1,131.677590172777
1,2,189.127265912124,10.5450590175319,7,-77.7670043804474,-6.40000000000039,-18.3365472732427,0,1,146.51054053587
1,3,158.630870486965,34.0061600179106,6,-55.1537057254697,-5.60604969373199,12.832367422948,10,1,112.288552133014
1,4,54.5033453641749,9.77826235981942,5,-66.7058743838088,-7.4002153204419,-2.7602075260093,2,1,46.8008365124445
1,5,68.4493094579312,82.309830686891,2,-45.3787788875305,-4.82561756224944,21.026772062913,14,1,44.0062743082174
1,6,116.34702095433,43.1883287567901,6,-60.1097689389765,-5.61226289410103,7.87630420944126,7,1,70.7147513227605
1,7,57.6071932366979,90.7068255704898,2,-47.8375753303912,-4.83041606315224,21.026772062913,14,1,47.6147565043311
1,8,151.224959165409,133.876898278139,8,-56.1627994115972,-6.40547978740093,8.06765769560743,7,2,28.5255137392894
1,9,198.187796595727,140.413376380262,1,-71.6765541018832,-5.60003934521089,-3.69048095346545,2,2,54.4629882872553
1,10,82.600414832768,80.2264936293005,2,-42,-4.81828597983055,21.026772062913,14,1,50.2859619018141
1,11,155.169907940408,68.3656081265158,7,-83.2480453367445,-6.40000000000198,-21.1695428927953,0,2,85.10670881115
1,12,141.021677467365,127.177512056138,8,-47.9077160023719,-6.4270944511878,13.8304571072047,10,2,33.966545768561
1,13,95.6500709638149,29.1242909717545,6,-65.538524237791,-5.61642147867063,2.44754891062673,5,1,55.4253931554239
1,14,178.889745244211,106.52980712582,1,-66.5187642840974,-5.62633138650983,1.46730886432036,4,2,57.2409385736628
1,15,184.390202934487,196.035303933559,1,-71.2089227012918,-5.60002548189568,-3.22284955287401,2,2,62.0820849048284
1,16,93.0878805206502,136.124823416516,2,-54.0946187692783,-4.81078416986226,17.3321532936348,12,2,63.1170331119472
1,17,156.060179491481,112.617370454371,8,-55.7658139483522,-6.42692211611609,8.46464315885251,8,2,44.5694600283054
1,18,57.3359227465446,19.0772786482684,5,-64.4015984330094,-7.40029803006156,-0.455931575209896,3,1,39.5256936478046
1,19,117.561422989205,52.1431084965288,6,-56.6569068164244,-5.61085796123493,11.3291663319933,9,1,71.5638790896225
1,20,54.1624459553968,197.952878543713,4,-63.074930460763,-5.60868763268199,4.91114268765473,6,2,109.71128167094
1,21,103.618661174293,78.3966979017238,6,-50.8965700118421,-5.61128220130285,17.0895031365756,12,1,65.0659917149147
1,22,144.547988434228,31.3051738753803,6,-50.9472944800377,-5.60700184421034,17.03877866838,12,1,99.2021604643197
1,23,128.956660175823,181.397931463098,8,-69.0314799770839,-6.40006055280945,-4.80102286987928,1,2,44.5073280608617
1,24,188.6515558054,55.4761347252567,7,-79.6696296023564,-6.40000000000081,-20.2391724951517,0,2,104.790046629705
1,25,111.199864541821,94.8800432228403,8,-46.9889378723308,-6.41134752655296,13.8304571072047,10,2,71.3856438416644
1,26,134.88466524908,124.557316035037,8,-48.1745106441664,-6.42203573519553,13.8304571072047,10,2,37.7895952872397
1,27,71.2902851579939,157.639405358901,2,-55.4227694910131,-4.80930489316567,16.0040025718999,12,2,82.4974528379363
1,28,145.61546179023,63.2998107881772,7,-85.1841978841076,-6.40000000000133,-21.1695428927953,0,2,89.9355157025233
1,29,140.635470982447,199.802539827912,1,-68.2644769644416,-5.60001960573805,-0.278403816023879,3,2,55.8590849999478
1,30,53.7573185444115,18.7810799239407,5,-65.0538858900575,-7.40031489518797,-1.10821903225792,3,1,39.2554252729423
1,31,141.806813152326,144.716159974982,8,-50.555530200111,-6.43664501734835,13.6749269070937,10,2,25.4420375782066
1,32,46.4531350793994,97.7863704065135,2,-52.9731682925797,-4.81212318623691,18.4536037703333,13,1,53.370098813788
1,33,181.378555647253,9.08182931972176,7,-80.2645303932635,-6.40000000000031,-20.8340732860588,0,1,139.595385223792
1,34,125.251353375303,27.4714837567119,6,-59.1127775883299,-5.60925475267193,8.87329556008787,8,1,81.9911594559975
1,35,155.955690129283,66.2603657833768,7,-85.6987630438543,-6.40000000000193,-21.1695428927953,0,2,87.1782460459598
1,36,13.2138994293472,23.5103404601218,5,-65.278537492507,-7.40002297697295,-1.33287063470745,3,1,51.0604470968757
1,37,85.2249527231329,91.5897561896042,2,-44.0874567783923,-4.81457137567106,21.026772062913,14,1,59.3528020758723
1,38,37.3478177797041,161.153639128562,3,-61.4424649223512,-4.81068026832903,9.98430714056184,8,1,114.312987916764
1,39,60.3696482564382,106.342075513011,2,-43.9569326245189,-4.82207198212561,21.026772062913,14,1,61.9209906096158
1,40,83.6956875757592,175.380419472203,4,-55.151430250735,-5.61171039749729,12.8346428976828,10,2,74.7842064786163
1,41,183.284259885514,186.77930832153,1,-72.9632204988891,-5.60000486735877,-4.97714735047131,1,2,54.8890651836649
1,42,127.020719178804,23.3049643956275,6,-56.1570865172426,-5.61164570405522,11.8289866311752,9,1,84.8355238608151
1,43,76.7873909246645,41.3883615688086,6,-56.0190680273904,-5.60676455570127,11.9670051210273,9,1,36.6602595329107
1,44,62.7276796192105,128.662253180034,2,-52.6062163631007,-4.8120781969684,18.8205556998123,13,1,83.0782396530462
1,45,50.3860445896684,189.131182860961,4,-63.4798251423233,-5.60366505154881,4.50624800609441,6,2,109.573900106684
1,46,90.4113522586834,121.298016046266,2,-49.3854134597519,-4.8104747125386,21.026772062913,14,2,70.1916007975252
1,47,187.599031336628,72.1303265087581,7,-63.5652802249493,-6.40000000000023,-4.13482311774461,2,2,89.6081648460972
1,48,132.064588976094,69.3208293621922,6,-50.600554501714,-5.60658902401388,17.3855186467038,12,1,87.5222326672384
1,49,66.2032270636166,172.955144029974,4,-58.367574853798,-5.60915082261081,9.61849829461974,8,2,90.0060430859432
1,50,118.11304739845,14.4868727100852,6,-68.2693703791013,-5.61026512978061,-0.283297230683585,3,1,80.3294431439259
1,51,136.764751652758,27.0414551455693,6,-52.8924700570953,-5.60968152845309,15.0936030913225,11,1,92.776435107185
1,52,177.083660581215,188.600478195645,1,-61.8006834522839,-5.6000011787018,6.1853896961338,7,2,52.6855918388596
1,53,105.260012553273,147.917660046117,8,-53.7427712738566,-6.41082823539769,10.487685833348,9,2,50.5791717648362
1,54,108.516770201529,2.97449424222018,5,-58.6671020998691,-7.41772159562836,5.27856475793045,6,1,78.6629556182168
1,55,198.162600700224,37.8050970617206,7,-77.6971647840107,-6.40000000000132,-18.266707676806,0,2,124.336568842554
1,56,41.7131040835192,14.9754916405639,5,-66.4319849826641,-7.40020581213989,-2.48631812486453,2,1,42.9841695249634
1,57,153.541199157887,122.862753826983,8,-57.3420707367569,-6.41302415300818,6.88838637044773,7,2,36.0724302110454
1,58,31.0631156360971,95.8372379930441,2,-67.1519269933351,-4.8190421631217,4.27484506957798,5,1,54.8808525466104
1,59,54.6252906192075,26.8743536383342,5,-63.5329986110485,-7.40049525165082,0.412668246751059,4,1,33.2932250308821
1,60,31.1683989575187,170.38497575347,3,-55.3434465543251,-4.80521012969552,16.0833255085879,12,2,122.836259478987
1,61,17.9218093910711,168.592496683768,3,-68.236781657723,-4.80471893216495,3.18999040519004,5,1,125.081735606891
1,62,175.658382768893,123.213311881639,1,-61.6933205557177,-5.60810096766446,6.2927525927,7,2,43.9104687593441
1,63,113.562813876202,104.822472936044,8,-46.2467481878521,-6.41156331253243,13.8304571072047,10,2,62.6173097812001
1,64,134.570986382817,154.941919720499,8,-59.3104134062085,-6.47077721643526,4.92004370099613,6,2,28.5434236160112
1,65,148.327011278809,171.198421934107,1,-65.1251096030391,-5.60052005618078,2.86096354537867,5,2,31.6926171806255
1,66,105.602300290104,87.7750284280197,8,-43.0746267722561,-6.40956872677152,13.8304571072047,10,2,79.9709498922192
1,67,194.09191538775,88.1552534122249,7,-78.6250852977696,-6.40000000000086,-19.1946281905649,0,2,79.5054695166729
1,68,44.8472280775858,149.807408774086,3,-48.0131045507846,-4.81447069643253,21.026772062913,14,1,102.666060140057
1,69,76.0442717735071,66.1556855980624,6,-42,-5.62644244733004,17.5860731484177,12,1,38.6207233147664
1,70,13.137236558504,74.7617836365435,2,-56.5937276828556,-4.80000918466064,14.8330443800574,11,1,50.2420069006672
1,71,118.941810841317,55.1186199534239,6,-54.9847470935887,-5.61009527134752,13.0013260548291,10,1,73.0165977864453
1,72,152.800823013844,138.904917943166,8,-60.449711509832,-6.40594697248345,3.78074559737265,5,2,26.1380078698198
1,73,101.397850749659,159.729344724703,8,-54.2050397548983,-6.41751831511025,10.0254173523064,8,2,54.8550732432699
1,74,108.749947509499,83.9441334093977,8,-45.9764221151374,-6.40986057045887,13.8304571072047,10,2,81.3461390694392
1,75,80.5897079070119,159.223570871179,2,-51.9588983222868,-4.81205123692428,19.4678737406263,13,2,73.858736166073
1,76,162.159422532653,162.89826529047,1,-63.938780085157,-5.60002853632866,4.04729306326077,5,2,29.4358081905512
1,77,166.908667112785,78.8671350228857,7,-81.74200430932,-6.40000000000202,-21.1695428927953,0,2,76.7986816513366
1,78,29.1538559003999,110.787731265844,3,-56.8814261383533,-4.8171257603112,14.5453459245598,11,1,68.4248492601175
1,79,52.7810394731326,67.1529062184915,2,-56.4826069658689,-4.8276341600187,14.9441650970442,11,1,29.2268091363304
1,80,104.295358977073,39.8790929158432,6,-58.9485131891657,-5.61716493148232,9.03755995925201,8,1,60.0222356019449
1,81,134.348167330998,96.3059457041555,8,-46.1022241077893,-6.41987315556092,13.8304571072047,10,2,60.6653223235774
1,82,198.869546172296,135.411820914008,1,-72.4408222847205,-5.60009852529049,-4.4547491363027,2,2,56.1542296904792
1,83,141.825615061188,146.981355781024,8,-53.779517516108,-6.45956461253545,10.4509395910967,9,2,25.063574805854
1,84,41.7447156161725,132.850332065312,3,-50.1734353354603,-4.81894792697861,21.026772062913,14,1,86.5134512292186
1,85,0.221357419567323,165.265965585004,3,-65.1814049166691,-4.81075205782458,6.24536714624398,7,1,127.735688354484
1,86,154.024170631351,78.610256318934,7,-81.8803407013735,-6.400000000002,-21.1695428927953,0,2,75.2657920447166
1,87,178.585838024657,87.4080965201936,7,-80.8843359106225,-6.40000000000057,-21.1695428927953,0,2,72.7127672200509
1,88,102.126830148993,91.7085349655249,8,-42,-6.4091984954984,13.8304571072047,10,2,79.0062357504063
1,89,22.9636602089508,126.486879448927,3,-58.7065723978146,-4.80232960846611,12.7201996650985,10,1,84.4597916000967
1,90,138.270595716006,50.2311238431293,6,-52.4298125292287,-5.60526166907453,15.556260619189,11,1,91.3455061088912
1,91,105.843176343156,163.161266090652,8,-56.5725987930301,-6.4222813221961,7.65785831417456,7,2,51.7232442966467
1,92,109.189872437538,7.21448157971996,5,-56.7083843727884,-7.41647361517025,7.2372824850111,7,1,76.7221714086884
1,93,95.2531980346571,170.490144960927,2,-59.1655085949604,-4.8101612814536,12.2612634679526,9,2,63.0024473012936
1,94,95.06884378385,65.5035338386536,6,-48.4530168050864,-5.61520825288647,17.5860731484177,12,1,53.1395355785065
1,95,194.116588266227,136.163719757031,1,-67.9372559813209,-5.60009659747722,0.0488171670968448,3,2,51.8648822539276
1,96,58.8761612537534,183.038843007904,4,-64.6411052162478,-5.60677039079896,3.34496793216994,5,2,99.7364985105898
1,97,93.7992205245539,97.3309578457624,2,-50.5673145768621,-4.81112267705361,20.8594574860509,14,1,68.6355686882235
1,98,171.793096964044,39.8511322553506,7,-61.590957974109,-6.40000000000094,-2.16050086690429,3,2,114.716878185873
1,99,109.591834185537,153.280116927922,8,-51.7148561421988,-6.41894843255525,12.5156009650059,10,2,46.8596738310239
1,100,38.3206442209711,22.9000826055801,5,-62.9571077441205,-7.40011374925122,0.988559113678995,4,1,37.7235055926344
1.5,1,18.1833779389347,175.521077594613,4,-66.4476014362177,-5.60846844221591,1.53847171220005,4,1,131.605806710379
1.5,2,188.96299273837,11.7310276092045,7,-89.815001368189,-6.40000000000115,-21.1695428927953,0,2,145.563297328471
1.5,3,158.172684329018,33.7309504843235,6,-59.1827526571005,-5.60458859766265,8.80332049131725,8,1,111.885037458496
1.5,4,54.5588849747665,9.35933698189393,5,-68.0827919714336,-7.40019078253376,-4.13712511363408,2,1,47.1666929386024
1.5,5,67.1695660599823,83.071912489904,2,-42.5274982819116,-4.82809673270273,21.026772062913,14,1,44.0544594159089
1.5,6,115.951441002014,42.0917382049185,6,-57.1255473173248,-5.61350661026207,10.860525831093,9,1,70.4583790252206
1.5,7,58.1807076564121,90.2643809149426,2,-52.1929032866148,-4.83194057497769,19.2338687762982,13,1,47.3328041449402
1.5,8,149.87468137585,134.183654835325,8,-56.9011121563169,-6.50100354249409,7.32934495088776,7,2,28.3270626632145
1.5,9,198.002433548415,141.585506957602,1,-71.0024901732032,-5.60008516974659,-3.01641702478542,2,2,54.1044112779226
1.5,10,82.4626287267253,81.0930127430083,2,-48.4840109087998,-4.81713759228183,21.026772062913,14,1,50.7232462021713
1.5,11,155.049616105336,67.5825308901908,7,-66.500231655035,-6.40000000000134,-7.06977454783031,0,2,85.850962937393
1.5,12,141.949766033728,126.884528359448,8,-49.2434521610791,-6.4451247729049,13.8304571072047,10,2,33.9320099032886
1.5,13,95.2276629206443,28.3971780559884,6,-58.1526294590531,-5.62006764403911,9.83344368936465,8,1,55.357686089721
1.5,14,178.801454199012,105.989846059339,1,-60.3030901188287,-5.6166533075138,7.68298302958903,7,2,57.6078763178997
1.5,15,184.283690988005,197.074729183181,1,-80.0437865982284,-5.60002988992577,-12.0577134498107,0,2,62.798499945706
1.5,16,93.1781373595937,137.182966550249,2,-47.839951125823,-4.81286142142319,21.026772062913,14,2,62.8112284577944
1.5,17,155.075600033877,111.653573671081,8,-55.2318716348218,-6.44293902386137,8.99858547238291,8,2,45.2599174535601
1.5,18,58.4011281979715,19.5390115684813,5,-66.706366235265,-7.40028244898491,-2.76069937746541,2,1,39.3789381678057
1.5,19,117.822343427405,52.7400636280089,6,-51.5588475064803,-5.61133239840257,16.4272256419374,12,1,71.8305521116911
1.5,20,53.7728962412827,198.157683396507,4,-74.0567437732967,-5.61035440950275,-6.070670624879,1,2,110.141127504258
1.5,21,102.702135313137,77.3949734094632,6,-48.8235483883946,-5.61045938095284,17.5860731484177,12,1,63.8768317519696
1.5,22,144.275150556984,31.8123386011293,6,-57.9811020276393,-5.60511403357369,10.0049711207784,8,1,98.8475848956458
1.5,23,128.589338780128,181.49130273896,8,-67.7305721069777,-6.4001502750044,-3.50011499977299,2,2,44.747833043277
1.5,24,187.917446915445,54.261815137633,7,-87.7094739649291,-6.40000000000168,-21.1695428927953,0,2,105.620939312839
1.5,25,110.781299087687,94.6259888610686,8,-46.9327478315507,-6.41079948210345,13.8304571072047,10,2,71.8097320066294
1.5,26,135.628695541239,123.882200869468,8,-50.1981598375288,-6.43575311532186,13.8304571072047,10,2,37.9595024107169
1.5,27,70.5354541308147,157.412925772847,2,-62.6237303613321,-4.80970878509806,8.80304170158099,8,2,83.1974489915983
1.5,28,145.967556801186,64.7573573553526,7,-82.3717408772262,-6.40000000000297,-21.1695428927953,0,2,88.5145113707053
1.5,29,141.235337031874,198.815238967474,1,-64.5003917506177,-5.60002780012508,3.48568139780007,5,2,54.8816624419892
1.5,30,53.9877185580473,19.1052616864254,5,-65.6734703039614,-7.40030421492492,-1.72780344616181,3,1,39.0209783931983
1.5,31,141.901698311413,144.629358514631,8,-53.7691905825478,-6.4391764225463,10.4612665246568,9,2,25.4298305185806
1.5,32,46.0720800644591,97.0156281567154,2,-55.5535599439778,-4.81529523496615,15.8732121189352,12,1,52.7081383278764
1.5,33,180.321024798385,8.81055115521482,7,-91.0597380394425,-6.40000000000044,-21.1695428927953,0,1,138.680893423133
1.5,34,125.519931081274,28.901302246055,6,-58.8990066499938,-5.60675930170341,9.08706649842393,8,1,81.8575899806045
1.5,35,156.482597469738,66.4671195012184,7,-64.8212782588998,-6.40000000000101,-5.39082115169514,1,2,87.0173327238797
1.5,36,13.3022353824266,22.6410254444422,5,-59.0634751552949,-7.40002755711129,4.88219170250462,6,1,51.4537599856267
1.5,37,84.4795259268338,91.3648401788631,2,-48.2913802900996,-4.81495921473643,21.026772062913,14,1,58.7548952102044
1.5,38,37.5588060420683,160.608446241774,3,-56.0478595822498,-4.81065519374555,15.3789124806632,11,1,113.759666345846
1.5,39,61.1372572376434,107.308062315389,2,-52.3547325787847,-4.82185031379128,19.0720394841283,13,1,62.9325234288432
1.5,40,83.2879305406608,175.328390692047,4,-51.9503288225852,-5.60979935361156,16.0357443258325,12,2,75.1284073210439
1.5,41,184.307708502194,186.738594516712,1,-73.2664090548584,-5.60000558954666,-5.28033590644062,1,2,55.4886762297937
1.5,42,127.297029159591,24.3522507381943,6,-61.3863461770756,-5.6075489468147,6.59972697134215,7,1,84.7637172326414
1.5,43,76.7879434307885,41.3843062447769,6,-60.7487647444886,-5.6460608659425,7.23730840392911,7,1,36.6616160600554
1.5,44,61.3718813741761,128.615941525583,2,-49.6350221233778,-4.8125985405036,21.026772062913,14,1,82.8374066949357
1.5,45,50.3189190286842,188.962634756168,4,-64.2561517727589,-5.609092696,3.72992137565885,5,2,109.57488220734
1.5,46,89.6544513788354,121.043385121353,2,-49.9005882097368,-4.80942459343623,21.026772062913,14,2,70.9388524267176
1.5,47,186.872878891799,72.2113202135219,7,-84.0785694241014,-6.40000000000127,-21.1695428927953,0,2,89.2352951510359
1.5,48,131.779498833222,70.7481033277029,6,-49.9965960312859,-5.60594666739297,17.5860731484177,12,1,87.582077054098
1.5,49,66.6208643758842,172.377111154254,4,-59.9028433858967,-5.60573239886532,8.08322976252102,7,2,89.4710308481721
1.5,50,118.453254951158,15.2315079766631,6,-62.4639139203146,-5.61512226866148,5.52215922810313,6,1,80.2928773365679
1.5,51,138.041464383483,27.3665213889311,6,-59.8344166362647,-5.60702492019127,8.15165651215307,8,1,93.8926184789082
1.5,52,177.328719299391,188.686103641355,1,-71.1868599663306,-5.60004075235171,-3.20078681791285,2,2,52.8746017809545
1.5,53,105.343325565785,148.516643146916,8,-59.2166830202826,-6.41572407983209,5.01377408692211,6,2,50.4843433063858
1.5,54,108.170516075037,2.38043705472609,5,-59.5656475693776,-7.40781660016765,4.3800192884219,6,1,78.7634541874275
1.5,55,197.359487639775,38.4559960536943,7,-91.5134044500153,-6.40000000000113,-21.1695428927953,0,2,123.439199146282
1.5,56,41.3757752545738,14.5723407040295,5,-62.8808615384173,-7.40015690384345,1.06480531938219,4,1,43.3790997561152
1.5,57,153.317509575539,122.807429816451,8,-49.8965869198885,-6.46272553837515,13.8304571072047,10,2,36.0928212110249
1.5,58,30.354962289641,94.5683566357468,2,-56.670540567461,-4.81951239711883,14.756231495452,11,1,54.0787936242344
1.5,59,55.3509708587963,27.3368524009821,5,-64.4523596349375,-7.40048375448132,-0.506692777137951,3,1,33.083245732947
1.5,60,31.5484494942057,170.355092853177,3,-59.698071761988,-4.80363709388489,11.7287003009251,9,2,122.463666539461
1.5,61,18.2742113380127,169.083656104998,3,-55.7988147676629,-4.81372679030615,15.6279572952502,11,1,125.457932461676
1.5,62,175.314325827205,124.527980370383,1,-60.7543799138204,-5.60452052793033,7.23169323459732,7,2,42.917232856948
1.5,63,113.073518640418,104.300028033605,8,-49.8247161652274,-6.41107129707036,13.8304571072047,10,2,63.2795580209663
1.5,64,134.201180782678,156.068825572172,8,-50.4316856083092,-6.40487410179376,13.7987714988955,10,2,28.9600299117086
1.5,65,149.580456679587,171.997637175979,1,-68.5094628288326,-5.60006877734501,-0.523389680414806,3,2,32.1919564165294
1.5,66,104.515640767608,87.7927135739606,8,-50.0248557582835,-6.40779422055306,13.8304571072047,10,2,80.5656466446623
1.5,67,194.144319583457,88.2054836892684,7,-94.5883500612009,-6.40000000000186,-21.1695428927953,0,2,79.4954916807465
1.5,68,45.1915479960487,150.161000085483,3,-61.1348021007511,-4.81106747330845,10.2919699621619,8,1,102.993189817572
1.5,69,76.3056178749847,65.5164094983311,6,-46.6060464501178,-5.62639305362121,17.5860731484177,12,1,38.5356263151984
1.5,70,13.6984558544501,74.2177493255912,2,-69.5586400956614,-4.80018354929507,1.8681319672516,4,1,49.5636105398758
1.5,71,120.049200982411,55.9776518666781,6,-55.8839111716272,-5.61022039972639,12.1021619767905,9,1,74.1274097760968
1.5,72,152.608715278973,138.661007681999,8,-58.9766910639528,-6.49573456937759,5.25376604325188,6,2,26.2226646661706
1.5,73,100.298722506925,158.828283647325,8,-59.7311737511899,-6.41543991071203,4.4992833560148,6,2,55.6812856945782
1.5,74,108.487291242305,84.4155399760141,8,-48.3197414180682,-6.40833877822584,13.8304571072047,10,2,81.0979431615807
1.5,75,81.7913924569821,159.736817465284,2,-54.7169159824657,-4.81119141037587,16.7098560804474,12,2,72.7974570799674
1.5,76,162.343930021357,162.827962865085,1,-63.7436696389002,-5.60000381381952,4.24240350951759,5,2,29.48184593339
1.5,77,167.998235512968,79.0145774058531,7,-73.0250972338813,-6.4000000000013,-13.5946401266767,0,2,76.9097958809533
1.5,78,29.393476736999,110.918118453717,2,-55.4281013415673,-4.81634747601706,15.9986707213457,12,1,68.4682112876458
1.5,79,51.8595116905413,67.1926285894703,2,-60.8054879708416,-4.88633944205288,10.6212840920715,9,1,29.1769474335944
1.5,80,104.411556083699,39.7238328442389,6,-57.9968208395338,-5.6160707666373,9.98925230888395,8,1,60.1536952053873
1.5,81,133.339266761055,95.5572743362482,8,-42.4691643297109,-6.42024364451342,13.8304571072047,10,2,61.5941588931762
1.5,82,198.9309767417,134.619409618349,1,-67.3464082118487,-5.60009087963277,0.639664936569023,4,2,56.4185523155719
1.5,83,140.647972794758,147.458947825723,8,-56.1267031159055,-6.45454557535728,8.10375399129918,8,2,25.4198221669621
1.5,84,41.7245858232399,132.190303355776,3,-55.8390572403917,-4.81704034502095,15.5877148225213,11,1,85.8835167276672
1.5,85,0.590286452179528,165.613315793182,3,-69.6120468227457,-4.80779532778089,1.81472524016738,4,1,127.906249188895
1.5,86,153.89416406506,78.2328024721739,7,-62.3341896550735,-6.40000000000186,-2.90373254786887,2,2,75.6170956514703
1.5,87,177.543705230749,88.0285272313694,7,-84.4477188552611,-6.40000000000028,-21.1695428927953,0,2,71.7730390533347
1.5,88,102.599540524072,90.6211303181968,8,-49.3606641926296,-6.40844135333937,13.8304571072047,10,2,79.5292633136864
1.5,89,22.4063543038082,126.296053786547,3,-60.7555636387386,-4.81859529865461,10.6712084241744,9,1,84.4674322221682
1.5,90,138.422708617876,50.7105630894803,6,-49.4230396234348,-5.6060011979925,17.5860731484177,12,1,91.4949741746836
1.5,91,105.554701809897,162.485625917768,8,-55.870010826623,-6.42034790102322,8.36044628058165,8,2,51.8027546156151
1.5,92,108.671737856202,6.25041581106287,5,-58.6148546637845,-7.40836484709092,5.33081219401507,6,1,76.8677366635171
1.5,93,94.2679591273209,171.232759651882,2,-56.7920553294562,-4.81848038294103,14.6347167334568,11,2,64.1025776569753
1.5,94,94.4345707815724,65.6224469559086,6,-44.2419976913464,-5.61507299032341,17.5860731484177,12,1,52.6378374311934
1.5,95,194.141213817227,137.115201359423,1,-66.2462297927034,-5.60008449080443,1.73984335571436,4,2,51.6402439311274
1.5,96,60.0582910010599,183.395833834674,4,-57.9832334290797,-5.60968257850098,10.0028397193381,8,2,98.7777441287418
1.5,97,93.2157171191134,98.4549466584161,2,-43.7300578392613,-4.81104362561678,21.026772062913,14,1,69.0487513412747
1.5,98,172.646356014346,39.3191205446398,7,-78.1478068154608,-6.40000000000201,-18.7173497082561,0,2,115.392220351896
1.5,99,109.789855860042,153.963439050173,8,-55.715275760676,-6.41845035310375,8.51518134652865,8,2,46.7419997524776
1.5,100,39.212508557352,23.6074468885269,5,-59.6373198033711,-7.40020229219743,4.30834705442844,6,1,36.9484347620726
2,1,18.3095210479996,175.477838972414,4,-51.1678909006307,-5.61265403150657,16.818182247787,12,1,131.534119259583
2,2,188.798719564615,12.9169962008771,7,-89.6798947645305,-6.40000000000145,-21.1695428927953,0,2,144.393007346076
2,3,157.714498171071,33.4557409507364,6,-61.1961914939781,-5.60432661355964,6.7898816544396,7,1,111.482624761596
2,4,54.6144245853581,8.94041160396844,5,-70.2581357573738,-7.40018272744022,-6.31246889957423,1,1,47.5334904410089
2,5,65.8898226620333,83.833994292917,2,-46.5167139448247,-4.82610174697422,21.026772062913,14,1,44.1528666571493
2,6,115.555861049698,40.9951476530469,6,-53.1838178551626,-5.61343309635187,14.8022552932551,11,1,70.2204263997143
2,7,58.7542220761262,89.8219362593954,2,-48.3787960102777,-4.82931199827264,21.026772062913,14,1,47.0603124894585
2,8,148.524403586291,134.490411392512,8,-52.3745143602843,-6.48536802277506,11.8559427469204,9,2,28.1952961245256
2,9,197.817070501104,142.757637534943,1,-70.8776325483826,-5.60006775150238,-2.89155939996484,2,2,53.7696386949251
2,10,82.3248426206826,81.959531856716,2,-47.1327259531483,-4.81774866656554,21.026772062913,14,1,51.1718391984531
2,11,154.929324270265,66.7994536538658,7,-62.1388936451524,-6.40000000000105,-2.70843653794772,2,2,86.5960689064847
2,12,142.877854600092,126.591544662758,8,-42.969632001713,-6.44466479965078,13.8304571072047,10,2,33.9253700992794
2,13,94.8052548774737,27.6700651402223,6,-60.5286406142195,-5.62578952000481,7.45743253419828,7,1,55.3026839807734
2,14,178.713163153812,105.449884992859,1,-57.9549417952074,-5.62792186730103,10.0311313532103,8,2,57.9776550530199
2,15,184.177179041523,198.114154432803,1,-71.9904254774757,-5.60003176454054,-4.00435232905799,2,2,63.5240224168773
2,16,93.2683941985372,138.241109683982,2,-47.4559569330034,-4.8125558026411,21.026772062913,14,2,62.5219689251444
2,17,154.091020576274,110.689776887792,8,-54.9900134849027,-6.43502116768971,9.24044362230195,8,2,45.9813015310253
2,18,59.4663336493985,20.0007444886942,5,-65.0701285590297,-7.40018757752992,-1.12446170123017,3,1,39.2659751438105
2,19,118.083263865605,53.337018759489,6,-52.6466446660018,-5.60824568488899,15.339428482416,11,1,72.1021255775083
2,20,53.3833465271687,198.362488249302,4,-68.0642368674671,-5.60753824118122,-0.0781637190493387,3,2,110.571054069105
2,21,101.785609451982,76.3932489172027,6,-47.3621519393208,-5.61249162531726,17.5860731484177,12,1,62.694520771106
2,22,144.00231267974,32.3195033268783,6,-65.947831078077,-5.60269040639469,2.03824207034078,4,1,98.495100140808
2,23,128.222017384432,181.584674014823,8,-61.7501660951324,-6.40000628821552,2.48029101207223,5,2,44.9902451585518
2,24,187.18333802549,53.0474955500094,7,-87.0316640677937,-6.40000000000071,-21.1695428927953,0,2,106.464260415612
2,25,110.362733633553,94.371934499297,8,-46.3092491435901,-6.41121108005036,13.8304571072047,10,2,72.2346492782734
2,26,136.372725833398,123.207085703899,8,-49.7441448196527,-6.4273357055389,13.8304571072047,10,2,38.155115747301
2,27,69.7806231036354,157.186446186792,2,-54.0806863712474,-4.80635751986247,17.3460856916656,12,2,83.8990073745611
2,28,146.319651812142,66.2149039225281,7,-65.9495201495655,-6.40000000000152,-6.5190630423608,1,2,87.0961381893312
2,29,141.835203081301,197.827938107036,1,-64.9270851109117,-5.60001661497817,3.058988037506,5,2,53.9112750015622
2,30,54.2181185716831,19.4294434489101,5,-65.3326246466879,-7.40027735456312,-1.38695778888835,3,1,38.789192465533
2,31,141.9965834705,144.54255705428,8,-52.5702961028256,-6.44435805091171,11.6601610043791,9,2,25.4182682268178
2,32,45.6910250495189,96.2448859069173,2,-51.4228160590839,-4.83082221849814,20.0039560038291,14,1,52.0519619002749
2,33,179.263493949517,8.53927299070788,7,-84.490874259438,-6.40000000000016,-21.1695428927953,0,1,137.768983273362
2,34,125.788508787246,30.331120735398,6,-60.0839738194292,-5.61002803757527,7.90209932898857,7,1,81.7496964870202
2,35,157.009504810194,66.6738732190601,7,-62.4437418310662,-6.40000000000088,-3.01328472386155,2,2,86.8598098201775
2,36,13.390571335506,21.7717104287626,5,-59.0632650697609,-7.40002103249921,4.88240178803863,6,1,51.8588140942145
2,37,83.7340991305347,91.1399241681221,2,-50.4088627173522,-4.814918094091,21.0179093455608,14,1,58.1612655012558
2,38,37.7697943044325,160.063253354985,3,-58.2404872779277,-4.81057387196381,13.1862847849854,10,1,113.206659125864
2,39,61.9048662188486,108.274049117766,2,-52.0975075763422,-4.81122993241832,19.3292644865709,13,1,63.951861898372
2,40,82.8801735055624,175.276361911892,4,-65.7948906484004,-5.60983465696422,2.19118250001738,4,2,75.4732772585392
2,41,185.331157118874,186.697880711893,1,-71.2166072622465,-5.6000045609535,-3.23053411382876,2,2,56.1005803187713
2,42,127.573339140379,25.3995370807612,6,-60.2421610566833,-5.60564495730728,7.74391209173442,7,1,84.7057006418639
2,43,76.7884959369124,41.3802509207452,6,-55.6426725881351,-5.64795174097951,12.3434005602827,10,1,36.6629729938979
2,44,60.0160831291416,128.569629871132,2,-53.4035865619976,-4.81552480977462,18.0231855009155,13,1,82.6181496968828
2,45,50.2517934677,188.794086651374,4,-60.4445850951361,-5.60412239495608,7.54148805328168,7,2,109.576164677929
2,46,88.8975504989874,120.788754196441,2,-53.0942981383517,-4.80991106921785,18.3324739245614,13,2,71.6872109683433
2,47,186.14672644697,72.2923139182857,7,-75.8249665286288,-6.40000000000033,-16.3945094214242,0,2,88.8668684550454
2,48,131.494408690349,72.1753772932137,6,-50.6517357427082,-5.60630115222295,17.3343374057096,12,1,87.6660481936198
2,49,67.0385016881517,171.799078278535,4,-55.6360847966018,-5.61052480971107,12.3499883518159,10,2,88.9385181793608
2,50,118.793462503867,15.976143243241,6,-57.0026813713339,-5.6050915922788,10.9833917770838,9,1,80.2646454665774
2,51,139.318177114208,27.6915876322929,6,-64.4467417878778,-5.60164939804482,3.53933136053999,5,1,95.0139570030248
2,52,177.573778017567,188.771729087064,1,-76.0592731090068,-5.60002861531069,-8.07319996058902,0,2,53.0642083759171
2,53,105.426638578298,149.115626247715,8,-57.5666072533786,-6.41860490684495,6.66384985382608,7,2,50.3965937873129
2,54,107.824261948544,1.78637986723201,5,-60.1376801032966,-7.4153086409081,3.80798675450298,5,1,78.869819552226
2,55,196.556374579325,39.1068950456679,7,-82.4933904993323,-6.40000000000034,-21.1695428927953,0,2,122.543978801012
2,56,41.0384464256283,14.169189767495,5,-64.9958602519131,-7.40016471659293,-1.05019339411357,3,1,43.7767792829043
2,57,153.093819993191,122.75210580592,8,-47.1710925175603,-6.44988810646377,13.8304571072047,10,2,36.1146709823317
2,58,29.6468089431848,93.2994752784494,2,-55.8699238710097,-4.82318198907396,15.5568481919034,11,1,53.3042863715881
2,59,56.0766510983851,27.79935116363,5,-62.8628231351257,-7.40042048052767,1.08284372267385,4,1,32.8944447791314
2,60,31.9285000308927,170.325209952885,3,-62.3970086243455,-4.80553096854672,9.02976343856754,8,2,122.091126887189
2,61,18.6266132849542,169.574815526228,3,-61.0742001249333,-4.81159527470537,10.3525719379798,9,1,125.835908635426
2,62,174.970268885517,125.842648859126,1,-61.9620038875881,-5.60337178011701,6.02406926082961,7,2,41.9445102767752
2,63,112.584223404634,103.777583131166,8,-47.9130540356962,-6.41302120673267,13.8304571072047,10,2,63.9429602022818
2,64,133.831375182539,157.195731423844,8,-55.6038211127677,-6.40827081156868,8.62663599443693,8,2,29.4185822094115
2,65,150.833902080365,172.796852417851,1,-68.146518599449,-5.60051109885334,-0.160445451031262,3,2,32.7512117766797
2,66,103.428981245112,87.8103987199016,8,-42.9911419638223,-6.40860524665977,13.8304571072047,10,2,81.1705383451764
2,67,194.196723779163,88.2557139663119,7,-82.9552720442928,-6.4000000000002,-21.1695428927953,0,2,79.4855788846101
2,68,45.5358679145116,150.51459139688,3,-58.1363201689466,-4.81196398509112,13.2904518939665,10,1,103.321641290479
2,69,76.5669639764623,64.8771333985999,6,-42,-5.62668295370487,17.5860731484177,12,1,38.4627439620002
2,70,14.2596751503961,73.6737150146389,2,-63.5738486981692,-4.80019037128473,7.8529233647438,7,1,48.8882971983025
2,71,121.156591123504,56.8366837799323,6,-54.2640283949251,-5.60781317678527,13.7220447534926,10,1,75.2479282467256
2,72,152.416607544103,138.417097420832,8,-59.3196782111631,-6.53901041513703,4.91077889604157,6,2,26.3107131066549
2,73,99.1995942641916,157.927222569948,8,-61.7031418426176,-6.41038364848866,2.52731526458708,5,2,56.5311602622504
2,74,108.224634975112,84.8869465426306,8,-45.3593576577939,-6.40921140280347,13.8304571072047,10,2,80.8525871787966
2,75,82.9930770069523,160.25006405939,2,-56.9147063252223,-4.81044919382067,14.5120657376907,11,2,71.7442788117478
2,76,162.528437510061,162.7576604397,1,-57.3551180472007,-5.60000034396654,10.630955101217,9,2,29.5291321636477
2,77,169.087803913152,79.1620197888204,7,-75.3013989174164,-6.40000000000079,-15.8709418102117,0,2,77.0364439640512
2,78,29.633097573598,111.04850564159,2,-60.8771036496874,-4.81853828761702,10.5496684132256,9,1,68.5126320872129
2,79,50.93798390795,67.2323509604491,2,-55.3187617822216,-4.84843474149238,16.1080102806914,12,1,29.1561954554373
2,80,104.527753190324,39.5685727726346,6,-47.6903019276667,-5.61838642169829,17.5860731484177,12,1,60.2854919693347
2,81,132.330366191112,94.8086029683409,8,-50.3188846489264,-6.41924338617803,13.8304571072047,10,2,62.534440632714
2,82,198.992407311104,133.826998322689,1,-73.7943757698681,-5.60008491893094,-5.80830262145033,1,2,56.6927857614304
2,83,139.470330528329,147.936539870421,8,-57.6659130796754,-6.47356636000881,6.56454402752928,7,2,25.8337338936708
2,84,41.7044560303072,131.530274646241,3,-56.6138226373539,-4.81565239140066,14.8129494255592,11,1,85.2540423302294
2,85,0.959215484791733,165.960666001361,3,-61.5712508462114,-4.81372895812577,9.85552121670165,8,1,128.078587614582
2,86,153.764157498769,77.8553486254138,7,-73.8169370078324,-6.40000000000268,-14.3864799006278,0,2,75.968872596848
2,87,176.501572436841,88.6489579425453,7,-68.7252113535015,-6.40000000000023,-9.29475424629686,0,2,70.8416099701349
2,88,103.072250899151,89.5337256708686,8,-43.4707180207098,-6.40893284990911,13.8304571072047,10,2,80.066434708422
2,89,21.8490483986655,126.105228124166,3,-62.4383698911659,-4.81478773331359,8.98840217174718,8,1,84.4791798249253
2,90,138.574821519747,51.1900023358313,6,-55.5244923340466,-5.60742456852692,12.4615808143711,10,1,91.6469591029308
2,91,105.266227276638,161.809985744884,8,-58.280749090854,-6.40709991935842,5.94970801635065,7,2,51.8925446028596
2,92,108.153603274866,5.28635004240578,5,-59.484160586079,-7.4161036580703,4.46150627172057,6,1,77.0285795427957
2,93,93.2827202199846,171.975374342836,2,-58.9692151686692,-4.81902715715599,12.4575568942439,10,2,65.2074911582429
2,94,93.8002977792947,65.7413600731636,6,-46.120988582387,-5.61674375902685,17.5860731484177,12,1,52.1392990220225
2,95,194.165839368226,138.066682961814,1,-72.4591569171993,-5.60010819087182,-4.47308376878157,2,2,51.4322410811916
2,96,61.2404207483664,183.752824661444,4,-57.6396742571781,-5.61092305011933,10.3463988912396,9,2,97.8251812242288
2,97,92.6322137136728,99.5789354710699,2,-51.6896746727314,-4.81098833977824,19.7370973901817,14,1,69.4825624784577
2,98,173.499615064647,38.787108833929,7,-85.104968500465,-6.40000000000047,-21.1695428927953,0,2,116.072344120824
2,99,109.987877534547,154.646761172423,8,-59.7714781568982,-6.42215968348542,4.45897895030644,6,2,46.6348832268716
2,100,40.1043728937329,24.3148111714737,5,-61.1303132819279,-7.40021368804053,2.81535357587167,5,1,36.1925732849067
2.5,1,18.4356641570645,175.434600350214,4,-63.1294777571815,-5.60884046611071,4.85659539123627,6,1,131.462527977457
2.5,2,188.634446390861,14.1029647925497,7,-80.6562264106999,-6.40000000000059,-21.1695428927953,0,2,143.223163720479
2.5,3,157.256312013124,33.1805314171494,6,-53.7606067635637,-5.60504323229353,14.2254663848541,11,1,111.081326018671
2.5,4,54.6699641959496,8.52148622604295,5,-63.6245439153221,-7.40007256452034,0.32112294247745,4,1,47.901207401148
2.5,5,64.6100792640843,84.59607609593,2,-46.5616655553457,-4.83017267933661,21.026772062913,14,1,44.3011613542829
2.5,6,115.160281097381,39.8985571011753,6,-58.4373222036661,-5.61341792362398,9.54875094475164,8,1,70.0010812868486
2.5,7,59.3277364958404,89.3794916038482,2,-46.5199650335272,-4.83132345494178,21.026772062913,14,1,46.7974468012239
2.5,8,147.174125796731,134.797167949698,8,-55.762801232661,-6.46289184084634,8.46765587454366,8,2,28.1311511915599
2.5,9,197.631707453792,143.929768112283,1,-56.599933453426,-5.60000229292925,11.3861396949917,9,2,53.4591177455657
2.5,10,82.1870565146399,82.8260509704237,2,-42,-4.8174910255417,21.026772062913,14,1,51.6314461291709
2.5,11,154.809032435194,66.0163764175408,7,-70.1444543287533,-6.40000000000132,-10.7139972215486,0,2,87.3420049174677
2.5,12,143.805943166455,126.298560966068,8,-49.3467200926681,-6.44384452571535,13.8304571072047,10,2,33.9466427255534
2.5,13,94.3828468343031,26.9429522244562,6,-63.406648685217,-5.61009962352736,4.5794244632007,6,1,55.2604247652958
2.5,14,178.624872108613,104.909923926378,1,-63.9868744818681,-5.60753787222979,3.99919866654961,5,2,58.3502207670157
2.5,15,184.070667095041,199.153579682425,1,-76.1732598389383,-5.60003121243076,-8.18718669052057,0,2,64.2583438309581
2.5,16,93.3586510374807,139.299252817714,2,-54.0305957623952,-4.8107912210826,17.3961763005178,12,2,62.24948515894
2.5,17,153.106441118671,109.725980104503,8,-53.7911949215325,-6.43799686882979,10.4392621856722,9,2,46.7321800793275
2.5,18,60.5315391008255,20.462477408907,5,-53.3585090781923,-7.4000162451753,8.94566685779954,8,1,39.1870968132566
2.5,19,118.344184303805,53.9339738909692,6,-51.9693081833514,-5.60694721125391,16.0167649650664,12,1,72.3785443258381
2.5,20,52.9937968130546,198.567293102096,4,-62.2294895677243,-5.60389613284397,5.75658358069343,6,2,111.001060427421
2.5,21,100.869083590827,75.3915244249421,6,-44.2075509655514,-5.61047915522149,17.5860731484177,12,1,61.519453654864
2.5,22,143.729474802495,32.8266680526273,6,-60.0682177435002,-5.60481146512159,7.91785540491752,7,1,98.1447287271521
2.5,23,127.854695988737,181.678045290685,8,-56.104451332646,-6.40000327501286,8.12600577455869,8,2,45.2345337456902
2.5,24,186.449229135536,51.8331759623857,7,-74.1383106685705,-6.40000000000123,-14.7078535613658,0,2,107.3197169499
2.5,25,109.944168179419,94.1178801375253,8,-45.9916427373087,-6.41043007289538,13.8304571072047,10,2,72.6603811107722
2.5,26,137.116756125558,122.53197053833,8,-48.7160805279098,-6.43679845455625,13.8304571072047,10,2,38.3760422039
2.5,27,69.0257920764562,156.959966600738,2,-53.3548902258229,-4.80885221283221,18.0718818370902,13,2,84.6020891227202
2.5,28,146.671746823098,67.6724504897035,7,-78.2590484616659,-6.40000000000222,-18.8285913544613,0,2,85.6805268283283
2.5,29,142.435069130729,196.840637246598,1,-70.7438989343539,-5.60016939281779,-2.75782578593613,2,2,52.9483094793802
2.5,30,54.4485185853189,19.7536252113948,5,-51.9259354113772,-7.40001561408519,8.94566685779954,8,1,38.5601154751474
2.5,31,142.091468629587,144.455755593929,8,-49.2921118841813,-6.44080276140441,13.8304571072047,10,2,25.4073515831747
2.5,32,45.3099700345787,95.4741436571192,2,-56.7274654573815,-4.81525453258216,14.6993066055315,11,1,51.4017910429672
2.5,33,178.205963100648,8.26799482620094,7,-75.2150342529388,-6.40000000000031,-15.7845771457341,0,1,136.859706379894
2.5,34,126.057086493217,31.7609392247411,6,-57.1906206376161,-5.60952744874317,10.7954525108017,9,1,81.6675807392403
2.5,35,157.536412150649,66.8806269369017,7,-72.1641773967038,-6.40000000000132,-12.7337202894991,0,2,86.7056958135217
2.5,36,13.4789072885854,20.902395413083,5,-69.7271681722191,-7.40001889536825,-5.78150131441952,1,1,52.2753364937263
2.5,37,82.9886723342355,90.915008157381,2,-42,-4.81558501562138,21.026772062913,14,1,57.5720452554372
2.5,38,37.9807825667966,159.518060468196,3,-63.0571790760093,-4.81407767567532,8.3695929869037,8,1,112.65397088617
2.5,39,62.6724752000538,109.240035920143,2,-53.5016410781218,-4.81589218472637,17.9251309847912,13,1,64.9786386708416
2.5,40,82.4724164704641,175.224333131736,4,-59.6094440085919,-5.60582666279502,8.37662913982581,8,2,75.8188071607516
2.5,41,186.354605735554,186.657166907075,1,-76.316890659098,-5.60000045961639,-8.33081751068022,0,2,56.7243796249965
2.5,42,127.849649121166,26.446823423328,6,-57.1253192264985,-5.60776934130779,10.8607539219192,9,1,84.6615024384788
2.5,43,76.7890484430363,41.3761955967134,6,-59.3937816432141,-5.64572125045752,8.59229150520361,8,1,36.664330334393
2.5,44,58.6602848841072,128.523318216681,2,-54.2786087657691,-4.81599894535984,17.148163297144,12,1,82.4206408494379
2.5,45,50.1846679067158,188.625538546581,4,-60.9967570884018,-5.60833220833765,6.98931606001597,7,2,109.577747507904
2.5,46,88.1406496191395,120.534123271528,2,-50.1057021727005,-4.81000547130474,21.026772062913,14,2,72.4366421151587
2.5,47,185.420574002141,72.3733076230495,7,-80.7674637294213,-6.40000000000135,-21.1695428927953,0,2,88.5029402450951
2.5,48,131.209318547477,73.6026512587244,6,-58.1962034872403,-5.60714551227546,9.78986966117745,8,1,87.7740768415513
2.5,49,67.4561390004193,171.221045402815,4,-60.7521766114704,-5.60938504026411,7.23389653694734,7,2,88.4085502466047
2.5,50,119.133670056575,16.7207785098189,6,-59.5094916792935,-5.61534281366718,8.47658146912426,8,1,80.2447563301422
2.5,51,140.594889844933,28.0166538756547,6,-59.2672430797992,-5.60858495640045,8.71883006861852,8,1,96.1402702973017
2.5,52,177.818836735743,188.857354532774,1,-63.1997599300547,-5.60000329881442,4.78631321836301,6,2,53.254405250792
2.5,53,105.50995159081,149.714609348514,8,-47.8299801972817,-6.41919491185752,13.8304571072047,10,2,50.3159602440024
2.5,54,107.478007822052,1.19232267973792,5,-59.9506369322063,-7.42210837325986,3.99502992559325,5,1,78.9820280101154
2.5,55,195.753261518876,39.7577940376415,7,-84.1241098404602,-6.40000000000045,-21.1695428927953,0,2,121.650955257498
2.5,56,40.7011175966829,13.7660388309605,5,-62.7922248033267,-7.40010664229247,1.15344205447288,4,1,44.1771338584814
2.5,57,152.870130410843,122.696781795388,8,-56.9992002632557,-6.44830379034616,7.23125684394898,7,2,36.1379768789554
2.5,58,28.9386555967286,92.030593921152,2,-62.192224452711,-4.82834560266742,9.23454761020207,8,1,52.5585488140416
2.5,59,56.802331337974,28.2618499262778,5,-56.2121852382074,-7.40011090320079,7.73348161959212,7,1,32.7271887008226
2.5,60,32.3085505675797,170.295327052592,3,-53.8640188707261,-4.80309660093691,17.562753192187,12,2,121.718641011456
2.5,61,18.9790152318958,170.065974947458,3,-59.9523938961748,-4.80764452467497,11.4743781667382,9,1,126.21564814264
2.5,62,174.626211943829,127.157317347869,1,-67.2147967472838,-5.60293727438434,0.771276401133977,4,2,40.9937612991091
2.5,63,112.09492816885,103.255138228727,8,-43.7887573200667,-6.4128136098805,13.8304571072047,10,2,64.6074807784674
2.5,64,133.4615695824,158.322637275516,8,-60.5855258977341,-6.421803904154,3.64493120947057,5,2,29.9171518012261
2.5,65,152.087347481143,173.596067659723,1,-63.2593498455536,-5.60016175990778,4.72672330286418,6,2,33.3673707161541
2.5,66,102.342321722616,87.8280838658426,8,-52.1804526737992,-6.40873254670517,12.0500044334055,9,2,81.7853987859897
2.5,67,194.24912797487,88.3059442433553,7,-87.3103043209685,-6.40000000000052,-21.1695428927953,0,2,79.4757311526005
2.5,68,45.8801878329745,150.868182708277,3,-53.2046626948551,-4.81343942993821,18.2221093680579,13,1,103.651401993229
2.5,69,76.8283100779398,64.2378572988686,6,-49.1355641231002,-5.62860193768028,17.5860731484177,12,1,38.4021458007366
2.5,70,14.8208944463422,73.1296807036866,2,-58.4017647972926,-4.80000657425966,13.0250072656205,10,1,48.2161964179039
2.5,71,122.263981264598,57.6957156931865,6,-50.7313237688139,-5.60721934431431,17.2547493796039,12,1,76.3777259954793
2.5,72,152.224499809232,138.173187159666,8,-66.9306871915453,-6.48127382723535,-2.70023008434064,2,2,26.4021192589075
2.5,73,98.1004660214579,157.02616149257,8,-53.8602806911923,-6.41450458744767,10.3701764160123,9,2,57.4036459862047
2.5,74,107.961978707918,85.3583531092471,8,-48.5678733204848,-6.4094403392703,13.8304571072047,10,2,80.6100970530511
2.5,75,84.1947615569225,160.763310653495,2,-55.6869180138637,-4.80953628416944,15.7398540490493,12,2,70.699563384606
2.5,76,162.712944998764,162.687358014315,1,-67.8129276304883,-5.60000767677157,0.173145517929444,3,2,29.5776608934007
2.5,77,170.177372313335,79.3094621717878,7,-75.1643935503389,-6.40000000000239,-15.7339364431342,0,2,77.1785494286647
2.5,78,29.8727184101971,111.178892829462,2,-55.7426393145787,-4.80069768822108,15.6841327483343,11,1,68.558109600791
2.5,79,50.0164561253588,67.2720733314278,2,-57.4866778858482,-4.87613024370607,13.9400941770649,10,1,29.1646153406878
2.5,80,104.64395029695,39.4133127010303,6,-57.4278837917743,-5.61783807305708,10.5581893566435,9,1,60.4176236873121
2.5,81,131.321465621169,94.0599316004337,8,-44.6569102661627,-6.41831281132025,13.8304571072047,10,2,63.4856590033478
2.5,82,199.053837880509,133.03458702703,1,-65.2961808872539,-5.60003920424312,2.68989226116385,5,2,56.976786923717
2.5,83,138.2926882619,148.41413191512,8,-56.66708253129,-6.47278629504893,7.56337457591471,7,2,26.3025878140477
2.5,84,41.6843262373746,130.870245936705,3,-54.7967381305658,-4.81791142671753,16.6300339323472,12,1,84.6250383042131
2.5,85,1.32814451740394,166.308016209539,3,-62.6344023468364,-4.81377401865591,8.79236971607669,8,1,128.252696465677
2.5,86,153.634150932478,77.4778947786538,7,-74.9059254011539,-6.40000000000148,-15.4754682939492,0,2,76.3211163357563
2.5,87,175.459439642933,89.2693886537211,7,-68.5864670782869,-6.40000000000045,-9.15600997108222,0,2,69.9188116419676
2.5,88,103.54496127423,88.4463210235405,8,-51.3921215963309,-6.40852934387045,12.8383355108738,10,2,80.6174672050036
2.5,89,21.2917424935228,125.914402461786,3,-60.580594092277,-4.8050323877492,10.846177970636,9,1,84.4950326953496
2.5,90,138.726934421617,51.6694415821823,6,-56.0211452680934,-5.60692894056193,11.9649278803244,9,1,91.8014483930087
2.5,91,104.977752743379,161.134345572001,8,-57.4624182008106,-6.41858390838037,6.76803890639405,7,2,51.9925610001375
2.5,92,107.63546869353,4.32228427374869,5,-59.1974707006336,-7.42151487675607,4.74819615716597,6,1,77.2046045614583
2.5,93,92.2974813126484,172.717989033791,2,-56.4514714868861,-4.8108056911659,14.975300576027,11,2,66.316948728086
2.5,94,93.1660247770171,65.8602731904186,6,-42.6631550183871,-5.61545415750146,17.5860731484177,12,1,51.6440118573757
2.5,95,194.190464919226,139.018164564206,1,-65.1202138996483,-5.60011689220966,2.8658592487694,5,2,51.2410762895959
2.5,96,62.4225504956729,184.109815488214,4,-60.7908614708375,-5.61030962718646,7.19521167758025,7,2,96.8789924303663
2.5,97,92.0487103082322,100.702924283724,2,-45.1642547838651,-4.81081273270549,21.026772062913,14,1,69.9366182304138
2.5,98,174.352874114949,38.2550971232182,7,-80.5118791830775,-6.40000000000113,-21.0814220758728,0,2,116.757165932545
2.5,99,110.185899209052,155.330083294674,8,-50.0165842721655,-6.42177130954885,13.8304571072047,10,2,46.5383971546072
2.5,100,40.9962372301138,25.0221754544205,5,-59.8560214312028,-7.4002443904741,4.08964542659671,5,1,35.4571496745881
3,1,18.5618072661293,175.391361728015,4,-56.2894620524126,-5.61220384420509,11.6966110960051,9,1,131.391033021199
3,2,188.470173217106,15.2889333842223,7,-77.0056903694484,-6.40000000000055,-17.5752332622437,0,2,142.053777479216
3,3,156.798125855177,32.9053218835623,6,-59.8461806407285,-5.60503657551834,8.13989250768928,8,1,110.681153346371
3,4,54.7255038065412,8.10256084811746,5,-62.1116843903548,-7.40015998735921,1.83398246744479,4,1,48.2698228058829
3,5,63.3303358661354,85.358157898943,2,-56.9423141603619,-4.82938157386895,14.4844579025512,11,1,44.4988447525389
3,6,114.764701145065,38.8019665493037,6,-58.2793628762705,-5.61412776144799,9.70671027214729,8,1,69.8005191067555
3,7,59.9012509155546,88.937046948301,2,-52.8814980638344,-4.82610694458673,18.5452739990787,13,1,46.5443701724168
3,8,145.823848007172,135.103924506884,8,-50.555495273169,-6.43986625816075,13.6749618340357,10,2,28.1350903777439
3,9,197.44634440648,145.101898689623,1,-77.1344956499109,-5.60005026633005,-9.1484225014932,0,2,53.1732733051579
3,10,82.0492704085972,83.6925700841314,2,-47.1602903808881,-4.81687080692894,21.026772062913,14,1,52.1017755225049
3,11,154.688740600123,65.2332991812158,7,-80.7883236311432,-6.40000000000195,-21.1695428927953,0,2,88.0887498839466
3,12,144.734031732819,126.005577269378,8,-56.0891203161343,-6.43565782033725,8.1413367910704,8,2,33.9957753841082
3,13,93.9604387911325,26.2158393086901,6,-59.3788607701964,-5.60907825494194,8.60721237822139,8,1,55.2309376934609
3,14,178.536581063413,104.369962859897,1,-62.6929471364645,-5.62670354661083,5.29312601195321,6,2,58.725520416561
3,15,183.964155148559,200,1,-78.7373049518974,-5.60003451052407,-10.7512318034797,0,2,64.852246182807
3,16,93.4489078764242,140.357395951447,2,-47.2849267439901,-4.81350012348201,21.026772062913,14,2,61.9939983644089
3,17,152.121861661067,108.762183321213,8,-57.6850260079041,-6.43876529942826,6.54543109930054,7,2,47.5111547043633
3,18,61.5967445522524,20.9242103291199,5,-65.4197871894279,-7.40023039050392,-1.47412033162835,3,1,39.1425092347879
3,19,118.605104742005,54.5309290224493,6,-51.6430470650707,-5.61049504611805,16.343026083347,12,1,72.6597530581271
3,20,52.6042470989405,198.772097954891,4,-66.5259777226469,-5.60306776711187,1.46009542577085,4,2,111.431145655448
3,21,99.9525577296717,74.3897999326815,6,-43.6217136508564,-5.61265893136132,17.5860731484177,12,1,60.3520535234089
3,22,143.456636925251,33.3338327783763,6,-58.1346070429202,-5.60738643875315,9.85146610549755,8,1,97.7964933688185
3,23,127.487374593041,181.771416566548,8,-61.5108251792746,-6.40001977550963,2.71963192793009,5,2,45.4806685676361
3,24,185.715120245581,50.6188563747621,7,-79.1456631383566,-6.40000000000052,-19.7152060311519,0,2,108.187021044192
3,25,109.525602725285,93.8638257757536,8,-43.636242910088,-6.41057845149352,13.8304571072047,10,2,73.0869132696574
3,26,137.860786417717,121.856855372761,8,-47.5161277148577,-6.43100083509325,13.8304571072047,10,2,38.6218473911588
3,27,68.2709610492769,156.733487014683,2,-61.4026524675558,-4.80289744716529,10.0241195953572,8,2,85.3066565701981
3,28,147.023841834054,69.1299970568789,7,-78.0853664611161,-6.4000000000014,-18.6549093539114,0,2,84.2678164749101
3,29,143.034935180156,195.85333638616,1,-61.7038045247499,-5.60003417453887,6.28226862366785,7,2,51.9931782610656
3,30,54.6789185989547,20.0778069738795,5,-62.9035642490007,-7.40027678953597,1.04210260879883,4,1,38.3337959866755
3,31,142.186353788675,144.368954133578,8,-50.7461199134592,-6.43750500800671,13.4843371937455,10,2,25.3970814202244
3,32,44.9289150196384,94.7034014073211,2,-53.2633614346351,-4.8242141229506,18.1634106282779,13,1,50.7578565373098
3,33,177.14843225178,7.996716661694,7,-86.0026882296262,-6.40000000000077,-21.1695428927953,0,1,135.9531155777
3,34,126.325664199189,33.1907577140842,6,-51.1458324662942,-5.60679231961458,16.8402406821236,12,1,81.6113205485241
3,35,158.063319491104,67.0873806547434,7,-78.516450396325,-6.40000000000189,-19.0859932891203,0,2,86.5550089128702
3,36,13.5672432416648,20.0330803974034,5,-69.4929659786999,-7.40001826292949,-5.54729912090034,1,1,52.7030552765255
3,37,82.2432455379364,90.6900921466399,2,-47.7467955440345,-4.81550170526506,21.026772062913,14,1,56.987371247687
3,38,38.1917708291608,158.972867581408,3,-63.8108703622298,-4.81361619162016,7.61590170068321,7,1,112.101606344718
3,39,63.440084181259,110.20602272252,2,-42.8107712513808,-4.81959186688108,21.026772062913,14,1,66.0125066549053
3,40,82.0646594353657,175.17230435158,4,-57.6169425595762,-5.60326716497106,10.3691305888415,9,2,76.1649880456988
3,41,187.378054352234,186.616453102257,1,-77.3549902371915,-5.60000149753814,-9.36891708877374,0,2,57.3596860604057
3,42,128.125959101953,27.4941097658949,6,-55.4835125033995,-5.60538043082119,12.5025606450183,10,1,84.6311442722457
3,43,76.7896009491602,41.3721402726817,6,-63.7242543381964,-5.61582294894192,4.26181881022133,5,1,36.6656880814956
3,44,57.3044866390728,128.47700656223,2,-58.2784351969791,-4.81423751303563,13.1483368659339,10,1,82.2450368352321
3,45,50.1175423457317,188.456990441788,4,-60.1719338735848,-5.60857503640924,7.81413927483296,7,2,109.579630684249
3,46,87.3837487392915,120.279492346615,2,-46.910418484149,-4.80979914167416,21.026772062913,14,2,73.1871129169547
3,47,184.694421557313,72.4543013278133,7,-83.0742872942842,-6.40000000000054,-21.1695428927953,0,2,88.1435662414115
3,48,130.924228404605,75.0299252242351,6,-57.4452601113398,-5.60390713304495,10.5408130370779,9,1,87.9060743044041
3,49,67.8737763126869,170.643012527095,4,-56.20703111651,-5.60804595444049,11.7790420319077,9,2,87.8811730880534
3,50,119.473877609283,17.4654137763968,6,-56.9194165552643,-5.61511097701474,11.0666565931535,9,1,80.233216131542
3,51,141.871602575657,28.3417201190164,6,-57.1029153051787,-5.60652901531567,10.883157843239,9,1,97.2713855520859
3,52,178.063895453919,188.942979978483,1,-67.7858972202232,-5.60001789991171,0.200175928194584,4,2,53.445186103643
3,53,105.593264603322,150.313592449313,8,-53.7473559828344,-6.42120875506684,10.4831011243702,9,2,50.242476937496
3,54,107.131753695559,0.598265492243831,5,-63.5708869795528,-7.4169948882427,0.374779878246775,4,1,79.1000546947021
3,55,194.950148458426,40.4086930296152,7,-82.8402563985477,-6.40000000000106,-21.1695428927953,0,2,120.760177251906
3,56,40.3637887677375,13.362887894426,5,-61.1823452929814,-7.40015558416026,2.76332156481815,5,1,44.5800914125261
3,57,152.646440828494,122.641457784856,8,-54.4638662407356,-6.44762722722264,9.76659086646907,8,2,36.162736085597
3,58,28.2305022502724,90.7617125638547,2,-58.2221264654006,-4.83744575124689,13.2046455975125,10,1,51.8428224869528
3,59,57.5280115775628,28.7243486889257,6,-60.4972319027716,-5.60004517532575,7.48884124564618,7,1,32.5818092963288
3,60,32.6886011042667,170.2654441523,3,-63.0497847386384,-4.80525211938335,8.37698732427461,8,2,121.346209407479
3,61,19.3314171788373,170.557134368688,3,-57.2068981522099,-4.81264836330639,14.2198739107031,11,1,126.597135115485
3,62,174.282155002141,128.471985836613,1,-55.2552493231813,-5.6000170205955,12.7308238252365,10,2,40.0665502054644
3,63,111.605632933066,102.732693326288,8,-50.0856524091703,-6.41043868922194,13.8304571072047,10,2,65.2730855916676
3,64,133.091763982261,159.449543127188,8,-49.0300119364411,-6.40329355598573,13.8304571072047,10,2,30.4537733383592
3,65,153.340792881921,174.395282901595,1,-68.1097112583985,-5.60042892075288,-0.123638109980714,3,2,34.0373430944417
3,66,101.25566220012,87.8457690117835,8,-48.1677136080743,-6.40799664306133,13.8304571072047,10,2,82.4100048373098
3,67,194.301532170577,88.3561745203988,7,-79.7936280386104,-6.40000000000027,-20.3631709314057,0,2,79.4659485089067
3,68,46.2245077514374,151.221774019674,3,-61.4381700422814,-4.81270031492235,9.98860202063162,8,1,103.982459469898
3,69,77.0896561794174,63.5985811991373,6,-54.1922442559613,-5.62790391189754,13.7938288924564,10,1,38.3538900575754
3,70,15.3821137422883,72.5856463927343,2,-60.8712466643577,-4.80002395032369,10.5555253985554,9,1,47.54744443111
3,71,123.371371405692,58.5547476064406,6,-47.1843895540945,-5.60912401960533,17.5860731484177,12,1,77.5163972883276
3,72,152.032392074361,137.929276898499,8,-56.9918658106362,-6.42135929722111,7.23859129656844,7,2,26.4968483736659
3,73,97.0013377787242,156.125100415192,8,-58.6323467455779,-6.41084092122226,5.59811036162672,6,2,58.2977276773381
3,74,107.699322440725,85.8297596758635,8,-43.8991229993438,-6.40842859559248,13.8304571072047,10,2,80.3704987245396
3,75,85.3964461068928,161.2765572476,2,-52.7867699653748,-4.81020138711663,18.6400020975382,13,2,69.6636915399839
3,76,162.897452487468,162.61705558893,1,-60.9606410738851,-5.60000917034983,7.02543207453262,7,2,29.6274260171323
3,77,171.266940713518,79.4569045547552,7,-70.5830050102812,-6.40000000000108,-11.1525479030766,0,2,77.3360270657165
3,78,30.1123392467962,111.309280017335,2,-57.5059900318665,-4.82599807799115,13.9207820310465,10,1,68.6046417269163
3,79,49.0949283427675,67.3117957024066,2,-54.2418864882215,-4.87001224145778,17.1848855746916,12,1,29.2021818559263
3,80,104.760147403575,39.2580526294259,6,-52.8514264512349,-5.6184211764483,15.1346466971829,11,1,60.5500881665208
3,81,130.312565051226,93.3112602325264,8,-53.8369006459414,-6.41824198089165,10.3935564612632,9,2,64.4473297452003
3,82,199.115268449913,132.24217573137,1,-71.9036498839265,-5.6000938871373,-3.91757673550876,2,2,57.2704104897333
3,83,137.115045995471,148.891723959819,8,-52.2121379015258,-6.47603645352774,12.0183192056789,9,2,26.8235030426689
3,84,41.6641964444419,130.210217227169,3,-59.0474823264306,-4.8154599010459,12.3792897364824,10,1,83.9965152166832
3,85,1.69707355001614,166.655366417717,3,-63.158559266145,-4.81110335388468,8.26821279676807,8,1,128.428568541756
3,86,153.504144366187,77.1004409318937,7,-81.2694556333408,-6.40000000000181,-21.1695428927953,0,2,76.6738204347703
3,87,174.417306849026,89.889819364897,7,-71.8395809503718,-6.40000000000112,-12.4091238431671,0,2,69.0049903249336
3,88,104.017671649309,87.3589163762124,8,-45.2182596612666,-6.40803987894153,13.8304571072047,10,2,81.1820785525545
3,89,20.7344365883801,125.723576799405,3,-55.3121470323548,-4.81863804575075,16.1146250305582,12,1,84.5149885233087
3,90,138.879047323487,52.1488808285333,6,-54.2369021367075,-5.60618745682583,13.7491710117102,10,1,91.9584294230057
3,91,104.689278210121,160.458705399117,8,-53.0442656958555,-6.41984267099783,11.1861914113492,9,2,52.1027449156508
3,92,107.117334112194,3.3582185050916,5,-62.4150469282656,-7.41340804354203,1.53061992953393,4,1,77.3957081310251
3,93,91.3122424053121,173.460603724745,2,-58.4633696085893,-4.81064645441346,12.9634024543238,10,2,67.4307260721873
3,94,92.5317517747394,65.9791863076736,6,-47.755922521511,-5.61420763066812,17.5860731484177,12,1,51.1520703792465
3,95,194.215090470226,139.969646166598,1,-58.8188867258989,-5.6000008824918,9.16718642251881,8,2,51.0669386522579
3,96,63.6046802429794,184.466806314984,4,-58.6954499257004,-5.60977702439436,9.29062322271739,8,2,95.9393663387061
3,97,91.4652069027916,101.826913096377,2,-45.9656170699407,-4.81093119470608,21.026772062913,14,1,70.4105269444192
3,98,175.206133165251,37.7230854125074,7,-70.5751677905564,-6.40000000000069,-11.1447106833517,0,2,117.446603605347
3,99,110.383920883557,156.013405416925,8,-51.0123481186247,-6.42614094880078,13.2181089885799,10,2,46.4526077768365
3,100,41.8881015664947,25.7295397373673,5,-61.2789826760762,-7.40028226361665,2.66668418172334,5,1,34.7434617957903
3.5,1,18.6879503751942,175.348123105815,4,-61.3056478099036,-5.61215635839678,6.68042533851414,7,1,131.319634548139
3.5,2,188.305900043352,16.4749019758949,7,-75.4942068829514,-6.40000000000118,-16.0637497757467,0,2,140.884860011565
3.5,3,156.33993969723,32.6301123499752,6,-50.3235737467587,-5.60673040840303,17.5860731484177,12,1,110.282119002969
3.5,4,54.7810434171328,7.68363547019197,5,-66.9125331675608,-7.40016896075817,-2.96686630976121,2,1,48.6393162285008
3.5,5,62.0505924681865,86.120239701956,2,-45.0863444109844,-4.82970031463966,21.026772062913,14,1,44.7452622627365
3.5,6,114.369121192749,37.7053759974321,6,-53.2348958778753,-5.61305203052997,14.7511772705425,11,1,69.6189021925178
3.5,7,60.4747653352687,88.4946022927538,2,-43.8878372070358,-4.8294090194835,21.026772062913,14,1,46.3012431205279
3.5,8,144.473570217613,135.41068106407,8,-50.6435116566754,-6.44937132219701,13.5869454505293,10,2,28.2070851587672
3.5,9,197.260981359168,146.274029266964,1,-79.0794704261641,-5.6000313172757,-11.0933972777463,0,2,52.9125052982286
3.5,10,81.9114843025545,84.5590891978392,2,-49.0994969478649,-4.81712695604472,21.026772062913,14,1,52.5825396550641
3.5,11,154.568448765052,64.4502219448908,7,-72.9929446837493,-6.40000000000202,-13.5624875765446,0,2,88.8362834060349
3.5,12,145.662120299182,125.712593572688,8,-52.9572332733837,-6.45034769859584,11.273223833821,9,2,34.0726475529007
3.5,13,93.5380307479619,25.488726392924,6,-63.8904434843007,-5.60216544639412,4.09562966411705,5,1,55.2142432280966
3.5,14,178.448290018213,103.830001793416,7,-75.4872900962108,-6.40000000000018,-16.0568329890062,0,2,59.1035019212595
3.5,15,183.857643202077,198.960574750378,1,-73.5767690698541,-5.60002963132947,-5.59069592143637,1,2,63.9978740513036
3.5,16,93.5391647153677,141.415539085179,2,-50.8441981825171,-4.81177633879035,20.5825738803959,14,2,61.7557194941203
3.5,17,151.137282203464,107.798386537924,8,-51.5943012250527,-6.43783497644226,12.636155882152,10,2,48.3168665127699
3.5,18,62.6619500036794,21.3859432493328,5,-61.7804367210035,-7.4000687385523,2.16523013679606,4,1,39.1323296217601
3.5,19,118.866025180206,55.1278841539295,6,-48.0229631061405,-5.60848636965432,17.5860731484177,12,1,72.9456963776262
3.5,20,52.2146973848265,198.976902807686,4,-64.3935043394461,-5.60600377370926,3.59256880897169,5,2,111.861308843472
3.5,21,99.0360318685164,73.3880754404209,6,-51.8801778645361,-5.60935343205886,16.1058952838817,12,1,59.1927740033949
3.5,22,143.183799048007,33.8409975041253,6,-54.6997558541682,-5.60772616734632,13.2863172942495,10,1,97.4504169651472
3.5,23,127.120053197346,181.86478784241,8,-79.743542368283,-6.40010080343595,-15.5130852610784,0,2,45.7286198122589
3.5,24,184.981011355626,49.4045367871384,7,-83.4044934129371,-6.40000000000135,-21.1695428927953,0,2,109.065890059508
3.5,25,109.107037271151,93.609771413982,8,-47.2699525346119,-6.41015229811564,13.8304571072047,10,2,73.5142318243647
3.5,26,138.604816709876,121.181740207192,8,-47.4698337526586,-6.43985259353825,13.8304571072047,10,2,38.89205959706
3.5,27,67.5161300220977,156.507007428628,2,-54.8145939926094,-4.80634596099577,16.6121780703036,12,2,86.0126732069625
3.5,28,147.37593684501,70.5875436240543,7,-66.3337793489038,-6.40000000000206,-6.90332224169915,0,2,82.8581555135211
3.5,29,143.634801229583,194.866035525722,1,-69.0628004264022,-5.60012580836132,-1.07672727798441,3,2,51.046321113105
3.5,30,54.9093186125905,20.4019887363642,5,-62.7571881319657,-7.40011227738755,1.18847872583384,4,1,38.1102831267656
3.5,31,142.281238947762,144.282152673227,8,-48.4704820354769,-6.44253791834879,13.8304571072047,10,2,25.3874585225429
3.5,32,44.5478600046982,93.932659157523,2,-59.5461169011439,-4.81201900250636,11.8806551617691,9,1,50.1203987531969
3.5,33,176.090901402911,7.72543849718706,7,-94.3144528440868,-6.40000000000049,-21.1695428927953,0,1,135.049264962286
3.5,34,126.59424190516,34.6205762034273,6,-65.3678925189177,-5.61080801777497,2.61818062950006,5,1,81.5809694067237
3.5,35,158.590226831559,67.294134372585,7,-73.9231197929105,-6.40000000000192,-14.4926626857058,0,2,86.4077670478624
3.5,36,13.6555791947442,19.1637653817238,5,-68.5624798671491,-7.40001273931019,-4.61681300934957,2,1,53.1417000960911
3.5,37,81.4978187416372,90.4651761358988,2,-45.0682423449695,-4.81634416368895,21.026772062913,14,1,56.4073848462269
3.5,38,38.402759091525,158.427674694619,3,-53.643538258547,-4.81360771676338,17.7832338043661,13,1,111.549570310115
3.5,39,64.2076931624643,111.172009524897,2,-46.1913912194912,-4.81887561789642,21.026772062913,14,1,67.0531378409156
3.5,40,81.6569024002673,175.120275571425,4,-55.2779572703205,-5.60402668503319,12.7081158780973,10,2,76.5118110771853
3.5,41,188.401502968914,186.575739297438,1,-72.0208463889846,-5.60000477019633,-4.0347732405668,2,2,58.0061215340731
3.5,42,128.402269082741,28.5413961084617,6,-61.3515560861892,-5.60642081904429,6.63451706222856,7,1,84.614641039813
3.5,43,76.7901534552841,41.3680849486499,6,-56.7326210292005,-5.6489041877625,11.2534521192173,9,1,36.6670462351605
3.5,44,55.9486883940384,128.430694907779,2,-57.2619801933989,-4.81521222713925,14.1647918695141,11,1,82.0914782259797
3.5,45,50.0504167847475,188.288442336994,4,-61.9919346159306,-5.6050934210549,5.99413853248712,7,2,109.58181419148
3.5,46,86.6268478594435,120.024861421703,2,-52.7782527782342,-4.80831593756429,18.6485192846789,13,2,73.9385917164929
3.5,47,183.968269112484,72.5352950325771,7,-85.0816975142726,-6.40000000000077,-21.1695428927953,0,2,87.7888023735829
3.5,48,130.639138261732,76.4571991897459,8,-47.9941884693762,-6.41480742449158,13.8304571072047,10,2,79.5967117302281
3.5,49,68.2914136249545,170.064979651376,4,-58.3353183872632,-5.60641549747296,9.65075476115455,8,2,87.3564336257976
3.5,50,119.814085161991,18.2100490429747,6,-66.6021964814327,-5.61328655769894,1.38387666698509,4,1,80.2300284734828
3.5,51,143.148315306382,28.6667863623782,6,-53.9387187773488,-5.60876345117926,14.047354371069,10,1,98.4071371828568
3.5,52,178.308954172095,189.028605424193,1,-69.997289059642,-5.6000385914275,-2.01121591122421,3,2,53.6365447029831
3.5,53,105.676577615834,150.912575550112,8,-49.8709875348694,-6.40901979429337,13.8304571072047,10,2,50.1761752824964
3.5,54,106.785499569067,0.0042083047497441,5,-55.6688950102814,-7.41659310908513,8.27677184751811,8,1,79.2238736022376
3.5,55,194.147035397976,41.0595920215888,7,-79.8135997103545,-6.40000000000066,-20.3831426031498,0,2,119.871694844666
3.5,56,40.026459938792,12.9597369578915,5,-65.7414671060993,-7.40016172712725,-1.79580024829972,3,1,44.9855819966921
3.5,57,152.422751246146,122.586133774324,8,-54.3831493730359,-6.46221926434851,9.84730773416872,8,2,36.1889456193456
3.5,58,27.5223489038163,89.4928312065573,2,-65.6009333486976,-4.80513156291978,5.82583871421542,6,1,51.158367013729
3.5,59,58.2536918171516,29.1868474515736,6,-62.288109318632,-5.60010514370297,5.69796382978572,6,1,32.458600518454
3.5,60,33.0686516409537,170.235561252007,3,-63.493990149833,-4.80577874759092,7.93278191308008,7,2,120.973832576505
3.5,61,19.6838191257788,171.048293789918,3,-64.4681807314591,-4.81157810410485,6.95859133145396,7,1,126.980353804236
3.5,62,173.938098060453,129.786654325356,1,-60.3422285756764,-5.60003126283473,7.64384457274133,7,2,39.1645487924284
3.5,63,111.116337697282,102.210248423849,8,-48.4817088744025,-6.41202017719993,13.8304571072047,10,2,65.9397418085785
3.5,64,132.721958382122,160.57644897886,8,-59.9469492475765,-6.44673054751702,4.28350785962821,5,2,31.0264724896591
3.5,65,154.5942382827,175.194498143467,1,-61.6769470242284,-5.60003585861302,6.30912612418936,7,2,34.7580172348678
3.5,66,100.169002677623,87.8634541577245,8,-52.4307560098965,-6.40824219176132,11.7997010973082,9,2,83.0441365982687
3.5,67,194.353936366284,88.4064047974423,7,-74.1127241266243,-6.40000000000015,-14.6822670194197,0,2,79.4562309775697
3.5,68,46.5688276699003,151.575365331072,3,-55.6939366498899,-4.81294314553636,15.7328354130231,12,1,104.314801374012
3.5,69,77.351002280895,62.959305099406,6,-46.9437895813586,-5.61666139749933,17.5860731484177,12,1,38.3180233627599
3.5,70,15.9433330382344,72.0416120817819,2,-66.91920295189,-4.80019756670452,4.50756911102306,6,1,46.8821845449673
3.5,71,124.478761546785,59.4137795196948,6,-53.0319873209844,-5.60742623023328,14.9540858274334,11,1,78.6635567870429
3.5,72,151.840284339491,137.685366637332,8,-50.3466776033667,-6.4108533924077,13.8304571072047,10,2,26.5948649424491
3.5,73,95.9022095359905,155.224039337815,2,-54.7193806525171,-4.8175309266624,16.707391410396,12,2,59.2124270748204
3.5,74,107.436666173531,86.30116624248,8,-52.86140558205,-6.40979990877398,11.3690515251547,9,2,80.1338181324939
3.5,75,86.598130656863,161.789803841706,2,-54.6958100448763,-4.81472334498377,16.7309620180368,12,2,68.6370636815862
3.5,76,163.081959976172,162.546753163545,1,-68.1015236015378,-5.6000255923134,-0.115450453120073,3,2,29.6784213152434
3.5,77,172.356509113702,79.6043469377225,7,-79.7146139934559,-6.40000000000042,-20.2841568862513,0,2,77.5087831785248
3.5,78,30.3519600833952,111.439667205208,2,-58.3159407485061,-4.81707529462982,13.110831314407,10,1,68.6522263211558
3.5,79,48.1734005601762,67.3515180733854,2,-51.265832036611,-4.88889209765425,20.1609400263021,14,1,29.2687827721718
3.5,80,104.8763445102,39.1027925578216,6,-54.3808992599547,-5.6103839912972,13.6051738884631,10,1,60.6828832278104
3.5,81,129.303664481282,92.5625888646191,8,-48.2471456591953,-6.41680531245745,13.8304571072047,10,2,65.4189919047834
3.5,82,199.176699019317,131.44976443571,1,-64.7378164316084,-5.60011340932026,3.24825671680934,5,2,57.5735092375577
3.5,83,135.937403729042,149.369316004518,8,-47.8991505913413,-6.42730455415749,13.8304571072047,10,2,27.3935097455972
3.5,84,41.6440666515092,129.550188517633,3,-55.613357032609,-4.81377106921853,15.813415030304,12,1,83.368483945166
3.5,85,2.06600258262835,167.002716625896,3,-71.9496868950966,-4.81106449454946,-0.522914832183604,3,1,128.60619660906
3.5,86,153.374137799896,76.7229870851336,7,-72.3407987768944,-6.40000000000112,-12.9103416696897,0,2,77.0269785699672
3.5,87,173.375174055118,90.5102500760728,7,-79.0143921279742,-6.40000000000033,-19.5839350207695,0,2,68.1005073998604
3.5,88,104.490382024388,86.2715117288843,8,-54.0869589979112,-6.40906418615155,10.1434981092935,8,2,81.7599874364466
3.5,89,20.1771306832374,125.532751137025,3,-58.1794485777787,-4.81588281925656,13.2473234851343,10,1,84.5390444032368
3.5,90,139.031160225357,52.6283200748843,6,-49.6469338234949,-5.60708312536594,17.5860731484177,12,1,92.1178894541626
3.5,91,104.400803676862,159.783065226234,8,-52.7497119604221,-6.4208921284423,11.4807451467826,9,2,52.2230319929515
3.5,92,106.599199530858,2.39415273643451,5,-55.4326930889882,-7.41741772482825,8.51297376881134,8,1,77.6017788534249
3.5,93,90.3270034979759,174.2032184157,2,-55.2881864092304,-4.80601144967314,16.1385856536826,12,2,68.5486126278908
3.5,94,91.8974787724618,66.0980994249285,6,-48.3961290213102,-5.61144154191511,17.5860731484177,12,1,50.6635720472192
3.5,95,194.239716021225,140.92112776899,1,-67.6525111262141,-5.60001400380593,0.333562022203612,4,2,50.9100028935931
3.5,96,64.7868099902859,184.823797141754,4,-60.3750526732778,-5.61055361778253,7.61102047513993,7,2,95.0064976672737
3.5,97,90.881703497351,102.950901909031,2,-46.8757194247533,-4.8109434992918,21.026772062913,14,1,70.9038905408241
3.5,98,176.059392215553,37.1910737017966,7,-93.7668155638088,-6.40000000000138,-21.1695428927953,0,2,118.140576328362
3.5,99,110.581942558061,156.696727539176,8,-53.5194062639682,-6.41977796905056,10.7110508432364,9,2,46.3775744539312
3.5,100,42.7799659028756,26.4369040203141,5,-63.9996063077035,-7.40027797280678,-0.0539394499039441,3,1,34.0528763030604
4,1,18.814093484259,175.304884483616,4,-68.9665484202912,-5.61093212879295,-0.980475271873455,3,1,131.248332715737
4,2,188.141626869597,17.6608705675675,7,-87.7837252331454,-6.40000000000109,-21.1695428927953,0,2,139.716423083307
4,3,155.881753539283,32.3549028163882,6,-50.773317204573,-5.60635517439268,17.2127559438447,12,1,109.884235389671
4,4,54.8365830277243,7.26471009226648,5,-50.9825974142728,-7.40000714333436,8.94566685779954,8,1,49.0096678103627
4,5,60.7708490702375,86.882321504969,2,-46.4955383655641,-4.82895784967102,21.026772062913,14,1,45.0396140002302
4,6,113.973541240433,36.6087854455606,6,-59.2111222787012,-5.60791553231105,8.77495086971659,8,1,69.4563791604805
4,7,61.0482797549829,88.0521576372066,2,-46.8438768117648,-4.82745586616719,21.026772062913,14,1,46.0682231738016
4,8,143.123292428054,135.717437621256,8,-50.7898000840341,-6.47744033134019,13.4406570231706,10,2,28.3466169962621
4,9,197.075618311856,147.446159844304,1,-70.1889251469959,-5.60005071026688,-2.20285199857815,3,2,52.6771861338893
4,10,81.7736981965118,85.4256083115469,2,-48.8101863438114,-4.81371856140521,21.026772062913,14,1,53.0734549593877
4,11,154.448156929981,63.6671447085659,7,-67.7111430528983,-6.400000000001,-8.28068594569365,0,2,89.5845857435611
4,12,146.590208865545,125.419609875998,8,-53.3263880662446,-6.45824527902169,10.90406904096,9,2,34.1770720546498
4,13,93.1156227047912,24.7616134771579,6,-62.950275007451,-5.62248861781532,5.03579814096674,6,1,55.2103529738607
4,14,178.359998973014,103.290040726935,7,-88.9250940421699,-6.40000000000396,-21.1695428927953,0,2,59.4841141569805
4,15,183.751131255595,197.921149500756,1,-64.5056847885104,-5.60000118958357,3.48038835990738,5,2,63.149231432427
4,16,93.6294215543112,142.473682218912,2,-54.5057656721052,-4.80942666734721,16.9210063908079,12,2,61.5348484490169
4,17,150.152702745861,106.834589754634,8,-44.0564659342029,-6.4270582109961,13.8304571072047,10,2,49.1480005674628
4,18,63.7271554551064,21.8476761695457,5,-50.4613852358575,-7.40001946434518,8.94566685779954,8,1,39.1565848094982
4,19,119.126945618406,55.7248392854096,6,-54.5638864045745,-5.60887637533251,13.4221867438432,10,1,73.2363188272991
4,20,51.8251476707124,199.18170766048,4,-65.3561713754954,-5.6101691005734,2.62990177292238,5,2,112.29154909555
4,21,98.1195060073612,72.3863509481603,6,-49.3408775811,-5.61298379127606,17.5860731484177,12,1,58.042101677719
4,22,142.910961170763,34.3481622298743,6,-55.6879347426309,-5.60691967498126,12.2981384057869,9,1,97.1065225989344
4,23,126.75273180165,181.958159118273,8,-63.5731025214554,-6.4001317292355,0.657354585749244,4,2,45.9783580928556
4,24,184.246902465671,48.1902171995148,7,-83.4683606708125,-6.40000000000068,-21.1695428927953,0,2,109.956046684005
4,25,108.688471817016,93.3557170522103,8,-48.6289242725517,-6.40996657787403,13.8304571072047,10,2,73.9423231409637
4,26,139.348847002035,120.506625041623,8,-51.5729014125526,-6.4356885822331,12.6575556946521,10,2,39.1861739216964
4,27,66.7612989949184,156.280527842574,2,-49.6454292323122,-4.80746089222188,21.026772062913,14,2,86.7201036380534
4,28,147.728031855967,72.0450901912298,7,-67.8868984574174,-6.40000000000152,-8.45644135021269,0,2,81.4517022691423
4,29,144.234667279011,193.878734665283,1,-67.2345330411209,-5.60014476643717,0.751540107296836,4,2,50.1082070843695
4,30,55.1397186262263,20.726170498849,5,-52.6204580454172,-7.40004814262478,8.94566685779954,8,1,37.88962656479
4,31,142.376124106849,144.195351212876,8,-51.4548145255989,-6.44668797525757,12.7756425816058,10,2,25.3784836264114
4,32,44.166804989758,93.1619169077249,2,-58.7798246729399,-4.80831876566548,12.6469473899732,10,1,49.4896679638979
4,33,175.033370554043,7.45416033268012,7,-84.141156657746,-6.4000000000005,-21.1695428927953,0,1,134.148209921347
4,34,126.862819611132,36.0503946927704,6,-54.3888950918516,-5.60715791675011,13.5971780565662,10,1,81.5765562327858
4,35,159.117134172014,67.5008880904267,7,-77.6165253774812,-6.40000000000085,-18.1860682702765,0,2,86.2639878592383
4,36,13.7439151478236,18.2944503660442,5,-61.555897752301,-7.400010832671,2.38976910549859,4,1,53.5910026627553
4,37,80.7523919453381,90.2402601251577,2,-46.448317546402,-4.81559942477691,21.026772062913,14,1,55.8322321361062
4,38,38.6137473538892,157.88248180783,3,-54.4755295247995,-4.81268775644293,16.9512425381135,12,1,110.997867683744
4,39,64.9753021436694,112.137996327274,2,-46.4032261964299,-4.81649182440839,21.026772062913,14,1,68.1002221865871
4,40,81.249145365169,175.068246791269,4,-57.6505559533066,-5.61513889245988,10.3355171951112,9,2,76.8592675622637
4,41,189.424951585594,186.53502549262,1,-70.5307973975979,-5.60000822655905,-2.54472424918015,2,2,58.6633181406642
4,42,128.678579063528,29.5886824510286,6,-58.4847736730755,-5.60764552026357,9.5012994753423,8,1,84.6120008482294
4,43,76.790705961408,41.3640296246182,6,-58.2501857498934,-5.63780684777732,9.73588739852439,8,1,36.6684047953425
4,44,54.592890149004,128.384383253328,2,-52.5400525734758,-4.8166102813549,18.8867194894372,13,1,81.9600889331232
4,45,49.9832912237633,188.119894232201,4,-62.1780144229826,-5.60789126273376,5.80805872543514,6,2,109.584298011644
4,46,85.8699469795956,119.77023049679,2,-47.7601777548117,-4.8093371742886,21.026772062913,14,2,74.6910480888913
4,47,183.242116667655,72.6162887373409,7,-78.0845737465656,-6.4000000000005,-18.6541166393609,0,2,87.438704755552
4,48,130.35404811886,77.8844731552566,8,-49.4240183365595,-6.41413907523286,13.8304571072047,10,2,78.3508942987314
4,49,68.7090509372221,169.486946775656,4,-52.4423304391659,-5.61063607435389,15.5437427092519,11,2,86.8343796785835
4,50,120.1542927147,18.9546843095527,6,-60.0785504058163,-5.61219918874824,7.90752274260149,7,1,80.235194351477
4,51,144.425028037107,28.99185260574,6,-58.6495257525812,-5.60660543049339,9.33654739583655,8,1,99.5473664983026
4,52,178.554012890271,189.114230869903,1,-64.1347307576925,-5.60001821662623,3.85134239072528,5,2,53.8284748871988
4,53,105.759890628347,151.511558650911,8,-52.5239435458492,-6.41858649870505,11.7065135613555,9,2,50.1170837815907
4,54,106.439245442574,0.47524574999527,5,-70.9126143512223,-7.41542250029944,-6.96694749342275,0,1,78.6787119216532
4,55,193.343922337527,41.7104910135625,7,-91.2173380195123,-6.40000000000076,-21.1695428927953,0,2,118.985559460488
4,56,39.6891311098466,12.556586021357,5,-61.8644199514793,-7.40014911917858,2.08124690632021,4,1,45.3935377300114
4,57,152.199061663798,122.530809763792,8,-55.8914029452621,-6.44512066743548,8.33905416194257,8,2,36.2166023314467
4,58,26.8141955573601,88.22394984926,2,-61.6897477194821,-4.81031566180748,9.73702434343096,8,1,50.5064537433691
4,59,58.9793720567405,29.6493462142215,6,-54.7697489179514,-5.60003020928526,13.2163242304664,10,1,32.3578156253167
4,60,33.4487021776408,170.205678351715,3,-59.3257692737544,-4.80589030843459,12.1010027891587,9,2,120.601511025896
4,61,20.0362210727204,171.539453211148,3,-63.6476128054531,-4.81054055526241,7.77915925745995,7,1,127.365288577649
4,62,173.594041118765,131.101322814099,1,-69.4040457374224,-5.60012003751722,-1.41797258900467,3,2,38.2895387239237
4,63,110.627042461498,101.68780352141,8,-47.824370378409,-6.41145885532829,13.8304571072047,10,2,66.6074178595335
4,64,132.352152781982,161.703354830532,8,-68.5728677635244,-6.42635619567099,-4.34241065631976,2,2,31.6332898339682
4,65,155.847683683478,175.993713385338,1,-67.5979592307824,-5.60033194264856,0.388113917635383,4,2,35.5263077172556
4,66,99.0823431551273,87.8811393036655,8,-53.2330978032675,-6.40749889884016,10.9973593039371,9,2,83.6875775296598
4,67,194.406340561991,88.4566350744857,7,-80.1452092843338,-6.40000000000034,-20.7147521771291,0,2,79.4465785824823
4,68,46.9131475883632,151.928956642469,3,-48.7323244541655,-4.8137849096063,21.026772062913,14,1,104.648415468336
4,69,77.6123483823725,62.3200289996747,6,-48.0112586477154,-5.62813382712748,17.5860731484177,12,1,38.294580527045
4,70,16.5045523341804,71.4975777708296,2,-70.4980039468884,-4.80020709244628,0.928768116024627,4,1,46.2205675467808
4,71,125.586151687879,60.272811432949,6,-57.504805397945,-5.60741891273729,10.4812677504727,9,1,79.8188385139746
4,72,151.64817660462,137.441456376165,8,-61.5857688381509,-6.51803933338889,2.64468826905377,5,2,26.6961327549849
4,73,94.8030812932567,154.322978260437,2,-53.8073477019251,-4.8110357650386,17.619424360988,13,2,60.1468035373372
4,74,107.174009906337,86.7725728090965,8,-44.7850650696727,-6.40955281906574,13.8304571072047,10,2,79.9000812057378
4,75,87.7998152068332,162.303050435811,2,-52.8373639187429,-4.81431765139202,18.5894081441701,13,2,67.6201008453124
4,76,163.266467464876,162.47645073816,1,-66.7766693440601,-5.60002421277039,1.20940380435762,4,2,29.7306404575876
4,77,173.446077513885,79.7517893206899,7,-79.3348941924497,-6.40000000000073,-19.904437085245,0,2,77.6967158535794
4,78,30.5915809199943,111.570054393081,2,-60.0614606654023,-4.82183011668105,11.3653113975108,9,1,68.7008611965821
4,79,47.2518727775849,67.3912404443641,2,-56.2834218170663,-4.87302969809636,15.1433502458467,11,1,29.3642205315289
4,80,104.992541616826,38.9475324862173,6,-53.2489477329723,-5.60444910228975,14.7371254154455,11,1,60.816006705649
4,81,128.294763911339,91.8139174967118,8,-55.0996342592413,-6.41649616640758,9.13082284796341,8,2,66.4002068576895
4,82,199.238129588722,130.657353140051,1,-79.4713237699385,-5.60007584016753,-11.4852506215207,0,2,57.8859343272995
4,83,134.759761462613,149.846908049216,8,-54.4260032644194,-6.46217761295019,9.80445384278531,8,2,28.0096109901916
4,84,41.6239368585766,128.890159808097,3,-62.4522809833904,-4.81037757588433,8.97449107952269,8,1,82.7409556888017
4,85,2.43493161524055,167.350066834074,3,-66.1647400325454,-4.80674499452264,5.26203203036766,6,1,128.785573401715
4,86,153.244131233605,76.3455332383735,7,-74.1997723058637,-6.40000000000113,-14.7693151986591,0,2,77.3805845248044
4,87,172.33304126121,91.1306807872487,7,-79.9528202115947,-6.40000000000199,-20.5223631043901,0,2,67.2057399077469
4,88,104.963092399467,85.1841070815562,8,-45.7859867443729,-6.40846704213491,13.8304571072047,10,2,82.3509139052759
4,89,19.6198247780947,125.341925474645,3,-58.6282830537092,-4.81541554530536,12.7984890092039,10,1,84.5671968362471
4,90,139.183273127228,53.1077593212353,6,-53.4914882846929,-5.60695070527522,14.4945848637248,11,1,92.2798156352971
4,91,104.112329143603,159.10742505335,8,-52.4515322063618,-6.40724041442706,11.7789249008429,9,2,52.353352593004
4,92,106.081064949523,1.43008696777742,5,-70.6863215968144,-7.4153649572404,-6.74065473901485,0,1,77.822697831868
4,93,89.3417645906397,174.945833106654,2,-64.51650897537,-4.80832701062725,6.91026308754306,7,2,69.6704105941856
4,94,91.2632057701841,66.2170125421835,6,-47.9962940217946,-5.61799621561878,17.5860731484177,12,1,50.1786174204301
4,95,194.264341572225,141.872609371382,1,-75.5374230658165,-5.60006883412118,-7.55134991739871,0,2,50.7704285313089
4,96,65.9689397375924,185.180787968524,4,-67.3841403631903,-5.60498713107073,0.601932785227422,4,2,94.080587428601
4,97,90.2982000919104,104.074890721685,2,-42.7053899862347,-4.81109759227009,21.026772062913,14,1,71.4163058216387
4,98,176.912651265854,36.6590619910858,7,-67.9542907610374,-6.40000000000071,-8.5238336538327,0,2,118.839004652925
4,99,110.779964232566,157.380049661427,8,-52.7304611317869,-6.41416918645712,11.4999959754178,9,2,46.3133494643167
4,100,43.6718302392565,27.1442683032609,5,-58.551784123723,-7.40035036917481,5.39388273407653,6,1,33.3868268021103
4.5,1,18.9402365933239,175.261645861416,4,-59.6590623895675,-5.60896307635113,8.3270107588503,8,1,131.17712768158
4.5,2,187.977353695843,18.8468391592402,7,-86.5644329650916,-6.40000000000078,-21.1695428927953,0,2,138.54847885221
4.5,3,155.423567381336,32.0796932828011,6,-60.0133636591991,-5.60665497816922,7.97270948921865,7,1,109.487515051926
4.5,4,54.8921226383159,6.84578471434099,5,-71.248279694038,-7.40015748187474,-7.30261283623845,0,1,49.3808582431424
4.5,5,59.4911056722886,87.644403307982,2,-51.2542155756476,-4.82883788592055,20.1725564872655,14,1,45.3809672362385
4.5,6,113.577961288117,35.512194893689,6,-55.9324355486853,-5.60934640906187,12.0536375997324,9,1,69.3130843228879
4.5,7,61.6217941746971,87.6097129816594,2,-50.2873877064274,-4.82604314642367,21.026772062913,14,1,45.8454644474437
4.5,8,141.773014638495,136.024194178442,8,-46.4879419468807,-6.46596696590371,13.8304571072047,10,2,28.5526957834162
4.5,9,196.890255264544,148.618290421644,1,-69.9994094132827,-5.60006368779178,-2.01333626486494,3,2,52.4676582299329
4.5,10,81.6359120904691,86.2921274252546,2,-49.199382376563,-4.81562528620228,21.026772062913,14,1,53.5742423823875
4.5,11,154.32786509491,62.8840674722409,7,-71.7130571944958,-6.4000000000009,-12.2826000872912,0,2,90.3336377904755
4.5,12,147.518297431909,125.126626179308,8,-50.1299454057575,-6.46061573990647,13.8304571072047,10,2,34.3087973100244
4.5,13,92.6932146616206,24.0345005613918,6,-61.80494823417,-5.6342074897132,6.18112491424776,7,1,55.2192696369626
4.5,14,178.271707927814,102.750079660455,7,-66.9615672147693,-6.40000000000093,-7.53111010756462,0,2,59.8673069483588
4.5,15,183.644619309113,196.881724251134,1,-79.0139912349684,-5.60001821400485,-11.0279180865507,0,2,62.3065524420548
4.5,16,93.7196783932547,143.531825352644,2,-50.9774924338312,-4.81029963171406,20.4492796290819,14,2,61.3315732997889
4.5,17,149.168123288257,105.870792971345,8,-54.8227943533161,-6.42977204093097,9.40766275388861,8,2,50.0032892102255
4.5,18,64.7923609065334,22.3094090897585,5,-65.5441989264146,-7.40026677437428,-1.59853206861502,3,1,39.2152109027541
4.5,19,119.387866056606,56.3217944168898,6,-58.9370763105607,-5.60729856208118,9.04899683785708,8,1,73.5315649264921
4.5,20,51.4355979565983,199.386512513275,4,-62.5341008430769,-5.60563167796964,5.45197230534086,6,2,112.721865529263
4.5,21,97.202980146206,71.3846264558998,6,-44.9782009303583,-5.61413992573085,17.5860731484177,12,1,56.9005587260924
4.5,22,142.638123293519,34.8553269556234,6,-58.8176590066869,-5.60822466996046,9.16841414173087,8,1,96.764833534535
4.5,23,126.385410405954,182.051530394135,8,-60.3961197094904,-6.40001290282273,3.83433739771422,5,2,46.229854448196
4.5,24,183.512793575716,46.9758976118911,7,-90.4185990879371,-6.40000000000178,-21.1695428927953,0,2,110.857219007713
4.5,25,108.269906362882,93.1016626904386,8,-42,-6.41043408840674,13.8304571072047,10,2,74.3711738750656
4.5,26,140.092877294195,119.831509876055,8,-49.3315382294117,-6.43319833781363,13.8304571072047,10,2,39.5036564974241
4.5,27,66.0064679677392,156.054048256519,2,-53.6903194507754,-4.80800798687981,17.7364526121376,13,2,87.4289135443572
4.5,28,148.080126866923,73.5026367584052,7,-73.0669055186615,-6.40000000000141,-13.6364484114568,0,2,80.0486258205824
4.5,29,144.834533328438,192.891433804845,1,-70.744289493906,-5.60017162355103,-2.75821634548822,2,2,49.1793365121007
4.5,30,55.3701186398621,21.0503522613337,5,-65.5212356133398,-7.40033715284337,-1.57556875554024,3,1,37.6718764916093
4.5,31,142.471009265936,144.108549752525,8,-56.4930779400613,-6.44757094588438,7.7373791671434,7,2,25.3701574195372
4.5,32,43.7857499748177,92.3911746579268,2,-48.6112798509831,-4.82270416861657,21.026772062913,14,1,48.8659246536309
4.5,33,173.975839705175,7.18288216817318,7,-81.2734147375205,-6.40000000000009,-21.1695428927953,0,1,133.250007167083
4.5,34,127.131397317103,37.4802131821135,6,-60.0536546574743,-5.61035542838892,7.93241849094349,7,1,81.5980852352196
4.5,35,159.644041512469,67.7076418082683,7,-76.9274946014243,-6.40000000000081,-17.4970374942196,0,2,86.1236886892944
4.5,36,13.832251100903,17.4251353503646,5,-56.7446240109966,-7.4000070668171,7.20104284680296,7,1,54.0506971959678
4.5,37,80.0069651490389,90.0153441144166,2,-51.0887453419767,-4.81455037334217,20.3380267209363,14,1,55.2620640408121
4.5,38,38.8247356162534,157.337288921042,3,-53.3464796703983,-4.80953403921044,18.0802923925148,13,1,110.446503461929
4.5,39,65.7429111248746,113.103983129651,2,-47.7399960046725,-4.81594080375164,21.026772062913,14,1,69.1534665617929
4.5,40,80.8413883300706,175.016218011113,4,-59.3055026316321,-5.61416094075714,8.68057051678565,8,2,77.2073489487344
4.5,41,190.448400202273,186.494311687802,1,-71.3724106252582,-5.60000688224077,-3.38633747684049,2,2,59.3309182845646
4.5,42,128.954889044315,30.6359687935954,6,-60.7996979732705,-5.60838654971191,7.18637517514725,7,1,84.6232249950494
4.5,43,76.7912584675319,41.3599743005864,6,-59.053026047688,-5.65379211892838,8.93304710072974,8,1,36.6697637619964
4.5,44,53.2370919039696,128.338071598877,2,-55.956120712054,-4.81438731096616,15.4706513508591,11,1,81.850975717004
4.5,45,49.9161656627791,187.951346127408,4,-60.6555881692434,-5.60394124877858,7.3304849791743,7,2,109.587082124321
4.5,46,85.1130460997476,119.515599571878,2,-42,-4.80920964257543,21.026772062913,14,2,75.4444527842544
4.5,47,182.515964222826,72.6972824421047,7,-73.6166611944865,-6.4000000000009,-14.1862040872818,0,2,87.0933296594857
4.5,48,130.068957975987,79.3117471207673,8,-50.210667453043,-6.41500385121161,13.8304571072047,10,2,77.1124213812619
4.5,49,69.1266882494897,168.908913899936,4,-56.4097943429703,-5.60769417488323,11.5762788054475,9,2,86.3150599743198
4.5,50,120.494500267408,19.6993195761306,6,-59.5317686922307,-5.61497799738213,8.45430445618705,8,1,80.2487121522896
4.5,51,145.701740767832,29.3169188491018,6,-56.8154820308733,-5.60781167556869,11.1705911175445,9,1,100.691921383435
4.5,52,178.799071608447,189.199856315612,1,-74.1167231458727,-5.60003134195877,-6.13064999745493,1,2,54.0209705639679
4.5,53,105.843203640859,152.110541751709,8,-53.5774359350365,-6.41622683157633,10.6530211721682,9,2,50.0652279650094
4.5,54,106.092991316082,1.06930293748936,5,-65.0809824442853,-7.42030800897023,-1.13531558648578,3,1,78.0569458139966
4.5,55,192.540809277077,42.3613900055361,7,-96.3480996555479,-6.40000000000147,-21.1695428927953,0,2,118.101823929561
4.5,56,39.3518022809011,12.1534350848225,5,-63.638269639351,-7.400117111942,0.307397218448577,4,1,45.8038927444357
4.5,57,151.97537208145,122.475485753261,8,-56.5865515632674,-6.43532217898726,7.64390554393731,7,2,36.2457029091606
4.5,58,26.1060422109039,86.9550684919626,2,-57.6674898590507,-4.81090911112636,13.7592822038623,10,1,49.8883584223088
4.5,59,59.7050522963293,30.1118449768694,6,-69.9816777948913,-5.60049105955988,-1.99560464647352,3,1,32.2796646559186
4.5,60,33.8287527143278,170.175795451422,3,-58.3075339716345,-4.80544617076711,13.1192380912786,10,2,120.229245269221
4.5,61,20.3886230196619,172.030612632379,3,-59.5235757073933,-4.81131519166727,11.9031963555198,9,1,127.751923923303
4.5,62,173.249984177077,132.415991302843,1,-69.24780817604,-5.60028826931417,-1.26173502762221,3,2,37.4434123190719
4.5,63,110.137747225715,101.165358618971,8,-42.1291932539898,-6.41176516786214,13.8304571072047,10,2,67.2760833807581
4.5,64,131.982347181843,162.830260682204,8,-51.7327407914485,-6.40233949201474,12.4977163157562,10,2,32.272300851488
4.5,65,157.101129084256,176.79292862721,1,-60.5911775185412,-5.60001999068095,7.39489562987659,7,2,36.3391945245632
4.5,66,97.9956836326311,87.8988244496065,8,-46.2211754369877,-6.40787123062268,13.8304571072047,10,2,84.3401145693921
4.5,67,194.458744757698,88.5068653515292,7,-69.4266031948365,-6.40000000000033,-9.99614608763182,0,2,79.4369913473884
4.5,68,47.2574675068261,152.282547953866,3,-63.7983602669124,-4.81064206168451,7.62841179600065,7,1,104.98328962464
4.5,69,77.8736944838501,61.6807528999434,6,-46.2288505482483,-5.62712273302492,17.5860731484177,12,1,38.2835843735739
4.5,70,17.0657716301265,70.9535434598773,2,-63.7231188816002,-4.8001919767099,7.70365318131283,7,1,45.5627521320206
4.5,71,126.693541828972,61.1318433462032,6,-56.3772165620999,-5.60758817913075,11.6088565863178,9,1,80.9818948565465
4.5,72,151.45606886975,137.197546114999,8,-57.6230411383871,-6.43100049097654,6.60741596881759,7,2,26.8006149562103
4.5,73,93.703953050523,153.42191718306,2,-59.8437242292369,-4.81072583062523,11.5830478336762,9,2,61.0999543317787
4.5,74,106.911353639144,87.2439793757129,8,-46.198108886616,-6.40977906806521,13.8304571072047,10,2,79.669313852994
4.5,75,89.0014997568034,162.816297029917,2,-60.9986892307481,-4.81023115072619,10.428082832165,9,2,66.6132456909157
4.5,76,163.450974953579,162.406148312775,1,-65.7866523877826,-5.60003921375888,2.1994207606352,4,2,29.784077007025
4.5,77,174.535645914069,79.8992317036572,7,-77.2752826325526,-6.40000000000072,-17.8448255253479,0,2,77.8997152508152
4.5,78,30.8312017565934,111.700441580953,2,-64.4701086692371,-4.82511138822976,6.95666339367592,7,1,68.7505441242545
4.5,79,46.3303449949937,67.4309628153429,2,-51.1363677396729,-4.85850293279819,20.2904043232401,14,1,29.4882151464892
4.5,80,105.108738723451,38.792272414613,6,-51.8520833739812,-5.61364123370626,16.1339897744365,12,1,60.949456448092
4.5,81,127.285863341396,91.0652461288045,8,-53.829155878229,-6.41550983127923,10.4013012289756,9,2,67.3905573356098
4.5,82,199.299560158126,129.864941844391,1,-65.0865467326093,-5.60002251942734,2.89952641580843,5,2,58.2075355835858
4.5,83,133.582119196183,150.324500093915,8,-56.1863912479056,-6.47946151896571,8.04406585929911,7,2,28.668835176883
4.5,84,41.6038070656439,128.230131098562,2,-56.7862836012336,-4.8141427342294,14.6404884616794,11,1,82.113941979965
4.5,85,2.80386064785276,167.697417042252,3,-56.6026577886702,-4.81347693774576,14.8241142742428,11,1,128.966691622935
4.5,86,153.114124667315,75.9680793916135,7,-80.1643664291294,-6.40000000000064,-20.7339093219247,0,2,77.734632188041
4.5,87,171.290908467302,91.7511114984245,7,-69.2313729967796,-6.40000000000031,-9.80091588957497,0,2,66.3210810755676
4.5,88,105.435802774545,84.0967024342281,8,-50.5592664366807,-6.40889279632059,13.6711906705239,10,2,82.9545797674359
4.5,89,19.062518872952,125.151099812264,3,-67.4827012908263,-4.8125041617217,3.94407077208679,5,1,84.5994417326695
4.5,90,139.335386029098,53.5871985675863,6,-53.4200515809954,-5.60530132415427,14.5660215674223,11,1,92.444195007211
4.5,91,103.823854610344,158.431784880466,8,-59.6453483911337,-6.41789529566732,4.58510871607093,6,2,52.4936319882429
4.5,92,105.562930368187,0.466021199120331,5,-65.4704498431008,-7.4204254248285,-1.52478298530122,3,1,78.0583389968423
4.5,93,88.3565256833034,175.688447797608,4,-61.60828570884,-5.61295758021459,6.37778743957778,7,2,70.7959340363815
4.5,94,90.6289327679064,66.3359256594385,6,-46.115379143127,-5.6176091222117,17.5860731484177,12,1,49.6973102391846
4.5,95,194.288967123225,142.824090973774,1,-70.3392165888554,-5.60006250626776,-2.35314344043762,2,2,50.6483590967639
4.5,96,67.1510694848988,185.537778795294,4,-63.0176861739043,-5.60813988809977,4.96838697451341,6,2,93.1618430968351
4.5,97,89.7146966864698,105.198879534339,2,-49.437760417521,-4.81096675231755,21.026772062913,14,1,71.947365724846
4.5,98,177.765910316156,36.127050280375,7,-82.658087612976,-6.40000000000143,-21.1695428927953,0,2,119.541810482915
4.5,99,110.977985907071,158.063371783678,8,-56.3729768427202,-6.41855571580101,7.85748026448449,7,2,46.2599778252278
4.5,100,44.5636945756374,27.8516325862077,5,-59.2006450253953,-7.40042375379279,4.74502183240422,6,1,32.7468104670255
5,1,19.0663797023887,175.218407239217,4,-59.3012714597011,-5.60908093497155,8.68480168871666,8,1,131.106019603385
5,2,187.813080522089,20.0328077509128,7,-89.3328736849395,-6.40000000000107,-21.1695428927953,0,2,137.381039884262
5,3,154.965381223389,31.804483749214,6,-55.541967409573,-5.60390425474093,12.4441057388448,10,1,109.091970680725
5,4,54.9476622489075,6.4268593364155,5,-70.0092985509491,-7.40018694545152,-6.06363169314954,1,1,49.7528687516387
5,5,58.2113622743397,88.406485110995,2,-53.4716143979362,-4.83471409897184,17.9551576649769,13,1,45.7682703297987
5,6,113.182381335801,34.4156043418174,6,-57.8157111877623,-5.61291833546388,10.1703619606555,8,1,69.1891371480621
5,7,62.1953085944112,87.1672683261122,2,-51.5632949832014,-4.83179951391861,19.8634770797116,14,1,45.6331172125918
5,8,140.422736848936,136.330950735628,8,-42,-6.45627003150403,13.8304571072047,10,2,28.823894207004
5,9,196.704892217232,149.790420998985,1,-66.4512900122386,-5.60000708530041,1.53478313617912,4,2,52.2842316609986
5,10,81.4981259844264,87.1586465389623,2,-46.1639776999848,-4.81619716181323,21.026772062913,14,1,54.0846276971408
5,11,154.207573259839,62.1009902359159,7,-72.3911097555985,-6.40000000000147,-12.9606526483938,0,2,91.0834210503946
5,12,148.446385998272,124.833642482619,8,-52.9650467090022,-6.44984533556513,11.2654103982024,9,2,34.4675103127428
5,13,92.27080661845,23.3073876456257,6,-62.8450209223421,-5.61276021985033,5.14105222607566,6,1,55.2409870157594
5,14,178.183416882614,102.210118593974,7,-74.845079773231,-6.40000000000119,-15.4146226660264,0,2,60.2530310605308
5,15,183.538107362632,195.842299001512,1,-70.5326384488265,-5.60002933832536,-2.5465653004088,2,2,61.4700823426438
5,16,93.8099352321982,144.589968486377,2,-52.8547194226796,-4.81316319051266,18.5720526402334,13,2,61.1460695350744
5,17,148.183543830654,104.906996188055,8,-46.2698302831046,-6.4284839933975,13.8304571072047,10,2,50.8815143819365
5,18,65.8575663579604,22.7711420099714,5,-66.03080367079,-7.40021970238756,-2.08513681299041,3,1,39.3080541141159
5,19,119.648786494806,56.9187495483699,6,-54.1522106900985,-5.6103664504942,13.8338624583192,10,1,73.8313792063522
5,20,51.0460482424843,199.59131736607,4,-64.4659919414244,-5.60263588433064,3.52008120699339,5,2,113.152257275456
5,21,96.2864542850508,70.3829019636392,6,-47.3490330570384,-5.61483608840826,17.5860731484177,12,1,55.7687057653432
5,22,142.365285416275,35.3624916813724,6,-56.9812135552944,-5.60753189106181,11.0048595931233,9,1,96.4253732158076
5,23,126.018089010259,182.144901669998,8,-70.1703144710828,-6.40009885080304,-5.93985736387812,1,2,46.4830803421384
5,24,182.778684685761,45.7615780242675,7,-77.3952300811072,-6.40000000000069,-17.9647729739025,0,2,111.769140578782
5,25,107.851340908748,92.847608328667,8,-49.7772358263038,-6.40754264996579,13.8304571072047,10,2,74.800770964904
5,26,140.836907586354,119.156394710486,8,-54.7173470228184,-6.44090498673327,9.51311008438625,8,2,39.8439487229412
5,27,65.2516369405599,155.827568670465,2,-59.9501195577099,-4.80846199624525,11.4766525052031,9,2,88.1390696448723
5,28,148.432221877879,74.9601833255806,7,-83.0298978072158,-6.40000000000203,-21.1695428927953,0,2,78.649106891119
5,29,145.434399377866,191.904132944407,1,-64.7911674225712,-5.60001827049278,3.19490572584659,5,2,48.2602431289295
5,30,55.6005186534979,21.3745340238184,5,-63.3290070180585,-7.40029078270789,0.616659839741025,4,1,37.45708359632
5,31,142.565894425023,144.021748292174,8,-55.7514776148207,-6.44428531148787,8.47897949238401,8,2,25.3624805407915
5,32,43.4046949598775,91.6204324081287,2,-51.86515474465,-4.83842183352249,19.561617318263,13,1,48.2494398144877
5,33,172.918308856306,6.91160400366623,6,-59.0800537873228,-5.60636398198595,8.90601936109499,8,1,132.354714769181
5,34,127.399975023075,38.9100316714565,6,-59.7765244777091,-5.60856383355242,8.20954867070863,8,1,81.645535892054
5,35,160.170948852924,67.91439552611,7,-79.5611372720857,-6.40000000000243,-20.130680164881,0,2,85.986886572388
5,36,13.9205870539824,16.555820334685,5,-66.159469446242,-7.40000850938794,-2.21380258844248,3,1,54.5205208340413
5,37,79.2615383527398,89.7904281036756,2,-44.6823842180571,-4.81700531669726,21.026772062913,14,1,54.6970364411331
5,38,39.0357238786176,156.792096034253,3,-54.2023103288323,-4.81403269082482,17.2244617340808,12,1,109.895482738168
5,39,66.5105201060798,114.069969932028,2,-49.1030582759891,-4.8155148395174,21.026772062913,14,1,70.2125937511518
5,40,80.4336312949722,174.964189230958,4,-55.9551972293219,-5.60794015949789,12.0308759190959,9,2,77.5560468226877
5,41,191.471848818953,186.453597882983,1,-66.9328745744902,-5.60001096027998,1.05319857392755,4,2,60.0085747462507
5,42,129.231199025103,31.6832551361622,6,-59.0854428347759,-5.60984044696912,8.90063031364186,8,1,84.6483079651469
5,43,76.7918109736558,41.3559189765547,6,-55.2105490384095,-5.63716318887771,12.7755241100082,10,1,36.6711231350772
5,44,51.8812936589352,128.291759944426,2,-51.7100461127644,-4.81161523161121,19.7167259501486,14,1,81.7642277590074
5,45,49.849040101795,187.782798022614,4,-62.6935429170582,-5.60768796678186,5.29253023135957,6,2,109.590166506624
5,46,84.3561452198997,119.260968646965,2,-46.250960169633,-4.8082593047395,21.026772062913,14,2,76.1987776733575
5,47,181.789811777998,72.7782761468685,7,-82.0788341093562,-6.40000000000085,-21.1695428927953,0,2,86.7527334885179
5,48,129.783867833115,80.7390210862781,8,-50.5980512584675,-6.41313162619154,13.6324058487372,10,2,75.8816525905702
5,49,69.5443255617573,168.330881024216,4,-60.4532586571557,-5.61008633640243,7.53281449126206,7,2,85.7985241623449
5,50,120.834707820116,20.4439548427085,6,-60.9213962922189,-5.60579105187033,7.06467685619882,7,1,80.2705776564556
5,51,146.978453498557,29.6419850924636,6,-54.7857520829996,-5.60648010824236,13.2003210654182,10,1,101.840655997235
5,52,179.044130326623,189.285481761322,1,-66.5417258055223,-5.6000374220449,1.44434734289543,4,2,54.2140257096722
5,53,105.926516653371,152.709524852508,8,-52.045797193322,-6.42308509427596,12.1846599138827,9,2,50.0206303362115
5,54,105.746737189589,1.66336012498344,5,-59.7418877220119,-7.41093644643522,4.20377913578761,5,1,77.4362929232293
5,55,191.737696216627,43.0122889975097,7,-73.7564987282436,-6.40000000000091,-14.3260416210389,0,2,117.220542529984
5,56,39.0144734519557,11.750284148288,5,-62.4018379439802,-7.40015403588401,1.54382891381936,4,1,46.2165831306739
5,57,151.751682499102,122.420161742729,8,-54.1744242726684,-6.44557552867047,10.0560328345362,8,2,36.2762438777074
5,58,25.3978888644477,85.6861871346652,2,-60.5014347634361,-4.82056058992414,10.9253372994769,9,1,49.3053528994207
5,59,60.4307325359181,30.5743437395173,6,-56.7143376867727,-5.60001094664036,11.271735461645,9,1,32.2243122872513
5,60,34.2088032510148,170.14591255113,3,-53.9432036114241,-4.80191377862295,17.4835684514889,12,2,119.857035826354
5,61,20.7410249666035,172.521772053609,3,-64.3145262514641,-4.81225237877825,7.11224581144899,7,1,128.140244447876
5,62,172.905927235389,133.730659791586,1,-67.0140056563913,-5.60018566756371,0.972067492026428,4,2,36.6281713074792
5,63,109.648451989931,100.642913716532,8,-46.6338047368576,-6.41171812046519,13.8304571072047,10,2,67.9457091596122
5,64,131.612541581704,163.957166533877,8,-60.3342035816735,-6.43824859147916,3.89625352553113,5,2,32.9416320897876
5,65,158.354574485034,177.592143869082,1,-67.9994024881977,-5.60026769201207,-0.0133293397799959,3,2,37.1937537513775
5,66,96.9090241101349,87.9165095955474,2,-48.8957089351688,-4.8088304282958,21.026772062913,14,1,64.733053711952
5,67,194.511148953404,88.5570956285727,7,-78.7836481137932,-6.40000000000009,-19.3531910065885,0,2,79.4274692958835
5,68,47.601787425289,152.636139265263,3,-58.7003259606591,-4.80434279979373,12.7264461022539,10,2,105.093259387658
5,69,78.1350405853277,61.041476800212,6,-42.7664263480856,-5.62908811836409,17.5860731484177,12,1,38.2850456270808
5,70,17.6269909260726,70.409509148925,2,-67.6154348458676,-4.80008214140355,3.81133721704541,5,1,44.9089053551814
5,71,127.800931970066,61.9908752594573,6,-55.0550951071285,-5.60845913140495,12.9309780412893,10,1,82.1523956126583
5,72,151.263961134879,136.953635853832,8,-55.6667705117566,-6.51677327804962,8.56368659544807,8,2,26.9082741026791
5,73,92.6048248077893,152.520856105682,2,-54.6933152430647,-4.81438238734045,16.7334568198484,12,2,62.0710145788686
5,74,106.64869737195,87.7153859423294,8,-50.5957136691416,-6.40566282808564,13.634743438063,10,2,79.4415419529463
5,75,90.2031843067736,163.329543624022,2,-54.0288964632173,-4.81370660958119,17.3978755996957,12,2,65.6169635100131
5,76,163.635482442283,162.33584588739,1,-59.9958924787122,-5.6000022924401,7.99018066970557,7,2,29.838724422992
5,77,175.625214314252,80.0466740866246,7,-72.7776140949798,-6.40000000000078,-13.3471569877751,0,2,78.1176639115268
5,78,31.0708225931924,111.830828768826,2,-57.5988964189144,-4.82190522681836,13.8278756439987,10,1,68.8012728337077
5,79,45.4088172124024,67.4706851863217,2,-59.5798431257246,-4.8797832787789,11.8469289371885,9,1,29.64040823384
5,80,105.224935830077,38.6370123430087,6,-59.6271851896333,-5.61422337428951,8.35888795878448,8,1,61.0832303167492
5,81,126.276962771453,90.3165747608972,8,-52.1757777607398,-6.41366193918104,12.0546793464649,9,2,68.3896464650797
5,82,199.36099072753,129.072530548732,1,-67.3202386477481,-5.60000936642117,0.665834500669691,4,2,58.5381617685171
5,83,132.404476929754,150.802092138614,8,-57.139065670119,-6.4721696520546,7.09139143708569,7,2,29.3682785316807
5,84,41.5836772727113,127.570102389026,2,-57.5449999688464,-4.81433188742862,13.8817720940667,10,1,81.4874546963753
5,85,3.17278968046496,168.044767250431,3,-67.6738307224345,-4.80785680830949,3.75294134047857,5,1,129.149543946227
5,86,152.984118101024,75.5906255448534,7,-83.5352459139236,-6.40000000000211,-21.1695428927953,0,2,78.0891155517021
5,87,170.248775673394,92.3715422096004,7,-73.8803497031723,-6.4000000000015,-14.4498925959677,0,2,65.4469408266828
5,88,105.908513149624,83.0092977869,8,-52.0413031947983,-6.40623344668506,12.1891539124064,9,2,83.5707089576311
5,89,18.5052129678093,124.960274149884,3,-55.1535898963195,-4.80701491303838,16.2731821665936,12,1,84.6357744150119
5,90,139.487498930968,54.0666378139373,6,-54.5327577203929,-5.60514864402075,13.4533154280248,10,1,92.6110145070757
5,91,103.535380077086,157.756144707583,8,-57.4739365253013,-6.42215847912714,6.75652058190334,7,2,52.643790567415
5,92,105.044795786851,0.385626307462836,5,-59.7938378720185,-7.41130813535835,4.15182898578106,5,1,77.7416594890977
5,93,87.3712867759672,176.431062488563,4,-56.5478786792606,-5.60447054833307,11.4381944691572,9,2,71.9250080595926
5,94,89.9946597656288,66.4548387766935,6,-46.9856795842168,-5.61653861456707,17.5860731484177,12,1,49.2197575058572
5,95,194.313592674224,143.775572576166,1,-67.8923723734036,-5.60000963742643,0.0937007750141308,3,2,50.5439214194115
5,96,68.3331992322053,185.894769622064,4,-59.732235751082,-5.6112548915408,8.2538373973357,8,2,92.2504787731084
5,97,89.1311932810292,106.322868346993,2,-49.4398924951147,-4.81111272194556,21.026772062913,14,1,72.4966605191572
5,98,178.619169366458,35.5950385696642,7,-85.1234250223426,-6.40000000000089,-21.1695428927953,0,2,120.248917064157
5,99,111.176007581576,158.746693905929,8,-58.1346369400681,-6.43080497459144,6.09582016713654,7,2,46.2174971367974
5,100,45.4555589120183,28.5589968691545,5,-60.0980737071345,-7.40037510823657,3.84759315066503,5,1,32.1343828330196
5.5,1,19.1925228114536,175.175168617017,4,-62.7626075481149,-5.60464432556562,5.22346560030289,6,1,131.035008638995
5.5,2,187.648807348334,21.2187763425854,7,-96.2696674377573,-6.40000000000139,-21.1695428927953,0,2,136.214119170712
5.5,3,154.507195065442,31.529274215627,6,-55.0797395942862,-5.60394488527833,12.9063335541315,10,1,108.697615113892
5.5,4,55.003201859499,6.00793395849001,5,-64.5283210425012,-7.40013301043281,-0.582654184701632,3,1,50.1256810771432
5.5,5,56.9316188763908,89.168566914008,2,-53.8226416556572,-4.83534920690759,17.6041304072558,13,1,46.2003676862496
5.5,6,112.786801383485,33.3190137899458,6,-55.1439298947653,-5.61208745196615,12.8421432536524,10,1,69.0846417730395
5.5,7,62.7688230141254,86.724823670565,2,-42.7919771228606,-4.83129204553492,21.026772062913,14,1,45.4313274602466
5.5,8,139.072459059376,136.637707292814,8,-48.2915365338439,-6.4437112115841,13.8304571072047,10,2,29.1583953159551
5.5,9,196.519529169921,150.962551576325,1,-68.6812303035292,-5.60000730324937,-0.695157155111413,3,2,52.1271819661123
5.5,10,81.3603398783837,88.0251656526701,2,-43.1695241880517,-4.81684475466773,21.026772062913,14,1,54.6043417706023
5.5,11,154.087281424768,61.3179129995909,7,-88.4997951743561,-6.40000000000387,-21.1695428927953,0,2,91.8339176132293
5.5,12,149.374474564635,124.540658785929,8,-50.8938709216831,-6.45947604302607,13.3365861855215,10,2,34.6528402461444
5.5,13,91.8483985752794,22.5802747298596,6,-62.569296263419,-5.62227750402217,5.4167768849987,6,1,55.2754900223004
5.5,14,178.095125837415,101.670157527493,7,-81.3203462438377,-6.40000000000047,-21.1695428927953,0,2,60.6412381901748
5.5,15,183.43159541615,194.80287375189,1,-57.4168634572799,-5.60000189464471,10.5692096911378,9,2,60.6400780713291
5.5,16,93.9001920711417,145.64811162011,2,-56.0621162508452,-4.81477700079473,15.3646558120678,11,2,60.9784993430128
5.5,17,147.198964373051,103.943199404766,8,-53.3694581166257,-6.42933544484356,10.8609989905789,9,2,51.7815090708314
5.5,18,66.9227718093874,23.2328749301843,5,-50.3752538700991,-7.40001630387408,8.94566685779954,8,1,39.4348727678403
5.5,19,119.909706933006,57.51570467985,6,-54.9540005619055,-5.61034039816837,13.0320725865122,10,1,74.1357062439792
5.5,20,50.6564985283702,199.796122218864,4,-63.1208203404865,-5.60939551396436,4.86525280793123,6,2,113.582723478
5.5,21,95.3699284238956,69.3811774713786,6,-42.568471450026,-5.6154597131825,17.5860731484177,12,1,54.6471448967508
5.5,22,142.092447539031,35.8696564071214,6,-55.1088555228698,-5.60650694609321,12.877217625548,10,1,96.0881652638966
5.5,23,125.650767614563,182.23827294586,8,-66.1847982083513,-6.40013233227692,-1.95434110114666,3,2,46.7380076628411
5.5,24,182.044575795807,44.5472584366438,7,-78.9253835768237,-6.40000000000074,-19.4949264696191,0,2,112.691550442618
5.5,25,107.432775454614,92.5935539668953,8,-54.0130039302224,-6.40920196329204,10.2174531769823,8,2,75.2311016245879
5.5,26,141.580937878513,118.481279544917,8,-44.8267451805127,-6.44183163698458,13.8304571072047,10,2,40.2064714459144
5.5,27,64.4968059133807,155.60108908441,2,-54.8796274707596,-4.80643778132041,16.5471445921534,12,2,88.8505396604072
5.5,28,148.784316888835,76.4177298927561,7,-80.440465751526,-6.40000000000219,-21.0100086443213,0,2,77.2533388246889
5.5,29,146.034265427293,190.916832083969,1,-72.8908135357808,-5.60015240013038,-4.90474038736309,1,2,47.3514962645203
5.5,30,55.8309186671337,21.6987157863031,5,-51.6960867533334,-7.40002084130675,8.94566685779954,8,1,37.2452990409149
5.5,31,142.66077958411,143.934946831823,8,-58.8562440094707,-6.43897783746605,5.37421309773401,6,2,25.3554535799664
5.5,32,43.0236399449373,90.8496901583306,2,-57.4246773618413,-4.83601461018033,14.0020947010717,10,1,47.6404952288438
5.5,33,171.860778007438,6.64032583915929,6,-61.201734056147,-5.60227595078311,6.78433909227076,7,1,131.462392188459
5.5,34,127.668552729046,40.3398501607996,6,-59.813949479556,-5.60594164571673,8.17212366886176,8,1,81.7188630485056
5.5,35,160.697856193379,68.1211492439516,7,-82.0629962405219,-6.40000000000188,-21.1695428927953,0,2,85.8535982254994
5.5,36,14.0089230070618,15.6865053190054,5,-63.8191917194879,-7.40000503589357,0.126475138311626,3,1,55.0002140026223
5.5,37,78.5161115564407,89.5655120929345,2,-44.0393200149109,-4.8180079607976,21.026772062913,14,1,54.1373102903673
5.5,38,39.2467121409817,156.246903147465,3,-54.8534303661812,-4.8086854767092,16.5733416967318,12,1,109.344810705427
5.5,39,67.278129087285,115.035956734405,2,-56.6208398780115,-4.81440769086215,14.8059321849015,11,1,71.2773415126879
5.5,40,80.0258742598738,174.912160450802,4,-60.0699605453209,-5.61367466526776,7.91611260309685,7,2,77.905352906084
5.5,41,192.495297435633,186.412884078165,1,-74.7608614276905,-5.60001037456336,-6.77478827927277,0,2,60.695950697166
5.5,42,129.50750900589,32.7305414787291,6,-61.0016458210084,-5.609554582462,6.98442732740937,7,1,84.6872374442547
5.5,43,76.7923634797797,41.3518636525229,6,-63.3465764319767,-5.63975519845575,4.63949671644105,6,1,36.6724829145395
5.5,44,50.5254954139007,128.245448289976,2,-52.5650436585266,-4.81456743853338,18.8617284043865,13,1,81.6999163006258
5.5,45,49.7819145408108,187.614249917821,4,-66.1628440817145,-5.60524095705231,1.82322906670325,4,2,109.593551133202
5.5,46,83.5992443400517,119.006337722052,2,-51.313058693889,-4.80884450342036,20.113713369024,14,2,76.9539956962056
5.5,47,181.063659333169,72.8592698516323,7,-67.7705640014875,-6.40000000000176,-8.34010689428282,0,2,86.416972748358
5.5,48,129.498777690243,82.1662950517888,8,-47.3966511427513,-6.4143111241814,13.8304571072047,10,2,74.6589689400749
5.5,49,69.9619628740248,167.752848148497,2,-49.541058704905,-4.80325199417329,21.026772062913,14,2,85.2848228254158
5.5,50,121.174915372824,21.1885901092864,6,-63.0680765150184,-5.61069638181193,4.91799663339933,6,1,80.3007840448611
5.5,51,148.255166229281,29.9670513358254,6,-47.5283808586251,-5.60732327011239,17.5860731484177,12,1,102.993430484304
5.5,52,179.289189044798,189.371107207032,1,-72.4119054073072,-5.60003673075845,-4.42583225888944,2,2,54.4076343688045
5.5,53,106.009829665883,153.308507953307,8,-52.6831586204648,-6.42206100973406,11.5472984867399,9,2,49.9833103235638
5.5,54,105.400483063097,2.25741731247753,5,-64.5617896956123,-7.42306765241323,-0.616122837812763,3,1,76.8167802325728
5.5,55,190.934583156178,43.6631879894834,7,-75.9293415295622,-6.40000000000093,-16.4988844223576,0,2,116.341771031431
5.5,56,38.6771446230103,11.3471332117535,5,-64.8155191083159,-7.40016049044317,-0.869852250516339,3,1,46.631546884466
5.5,57,151.527992916753,122.364837732197,8,-49.9933505273518,-6.4592423757411,13.8304571072047,10,2,36.3082216022963
5.5,58,24.6897355179916,84.4173057773679,2,-61.5010168618244,-4.8367341546341,9.92575520108868,8,1,48.7586958923437
5.5,59,61.156412775507,31.0368425021651,6,-66.8538412299318,-5.6002345404098,1.13223191848592,4,1,32.191876122792
5.5,60,34.5888537877018,170.116029650837,3,-61.5546261937328,-4.80534809484258,9.87214586918029,8,2,119.484883223569
5.5,61,21.093426913545,173.012931474839,4,-62.3473175066368,-5.60417606394275,5.63875564178097,6,1,128.530234877386
5.5,62,172.561870293701,135.04532828033,1,-60.5855874510867,-5.60020374713599,7.40048569733101,7,2,35.8459230233077
5.5,63,109.159156754147,100.120468814093,8,-50.4835086092582,-6.41107115219476,13.7469484979465,10,2,68.6162670826546
5.5,64,131.242735981565,165.084072385549,8,-64.0552412280072,-6.46677553055286,0.175215879197493,3,2,33.639473735327
5.5,65,159.608019885812,178.391359110954,1,-69.215209941188,-5.60023254897964,-1.22913679277022,3,2,38.0871804980797
5.5,66,95.8223645876388,87.9341947414884,2,-52.3995083483902,-4.80648341411905,19.0272637145228,13,1,63.9604739435822
5.5,67,194.563553149111,88.6073259056161,7,-72.0374268329799,-6.40000000000019,-12.6069697257752,0,2,79.4180124514137
5.5,68,47.9461073437519,152.98973057666,3,-60.3279149226501,-4.80455766194327,11.098857140263,9,2,104.767292105953
5.5,69,78.3963866868053,60.4022007004807,6,-51.5842525786514,-5.62011555644334,16.4018205697664,12,1,38.298962861671
5.5,70,18.1882102220186,69.8654748379727,2,-64.0322497757533,-4.8002216735124,7.39452228715979,7,1,44.2592031041749
5.5,71,128.90832211116,62.8499071727115,6,-50.1662494419924,-5.60808715176178,17.5860731484177,12,1,83.3300270775538
5.5,72,151.071853400008,136.709725592665,8,-60.6209395148315,-6.46235320876754,3.60951759237314,5,2,27.0190722182197
5.5,73,91.5056965650556,151.619795028305,2,-55.3416673468159,-4.81357514680135,16.0851047160971,12,2,63.0591569105794
5.5,74,106.386041104757,88.1867925089459,8,-52.846924971297,-6.40835277116059,11.3835321359077,9,2,79.2167913440584
5.5,75,91.4048688567438,163.842790218127,2,-55.3326301420031,-4.81561044420302,16.09414192091,12,2,64.6317432436916
5.5,76,163.819989930987,162.265543462005,1,-60.9685618497703,-5.60002890234883,7.01751129864744,7,2,29.8945760650812
5.5,77,176.714782714435,80.1941164695919,7,-71.6020169039583,-6.40000000000229,-12.1715597967536,0,2,78.3504370819996
5.5,78,31.3104434297915,111.961215956699,2,-57.8294244829339,-4.81622000792709,13.5973475799791,10,1,68.8530450134464
5.5,79,44.4872894298111,67.5104075573004,2,-62.3344645403208,-4.80818377872811,9.09230752259228,8,1,29.8203680502679
5.5,80,105.341132936702,38.4817522714043,6,-52.5796563722847,-5.61716672200937,15.406416776133,11,1,61.2173261867507
5.5,81,125.26806220151,89.5679033929899,8,-47.7379543735676,-6.41466760301754,13.8304571072047,10,2,69.3970968239116
5.5,82,199.422421296934,128.280119253072,1,-72.4106951753453,-5.60008177541433,-4.42462202692758,2,2,58.8776608444361
5.5,83,131.226834663325,151.279684183312,8,-54.6045404197654,-6.46460280826228,9.62591668743931,8,2,30.105137906463
5.5,84,41.5635474797786,126.91007367949,2,-53.1800533751428,-4.80462956041842,18.2467186877702,13,1,80.8615060737216
5.5,85,3.54171871307717,168.392117458609,3,-66.7763128391345,-4.80863599782648,4.65045922377854,6,1,129.33412301658
5.5,86,152.854111534733,75.2131716980933,7,-81.6242313362921,-6.40000000000351,-21.1695428927953,0,2,78.4440287090838
5.5,87,169.206642879487,92.9919729207763,7,-69.1924616299558,-6.40000000000096,-9.76200452275113,0,2,64.5837462692096
5.5,88,106.381223524703,81.9218931395718,8,-50.7892995422499,-6.40848941815257,13.4411575649548,10,2,84.1990278738524
5.5,89,17.9479070626666,124.769448487503,3,-59.3594965609023,-4.8156294931105,12.0672755020108,9,1,84.6761896213385
5.5,90,139.639611832838,54.5460770602883,6,-62.1885339959954,-5.6063572996742,5.79753915242233,6,1,92.7802609727955
5.5,91,103.246905543827,157.080504534699,8,-56.7975823840195,-6.41893736225887,7.43287472318515,7,2,52.8037440499605
5.5,92,104.526661205515,1.34969207611992,5,-65.2633416801936,-7.42336050213417,-1.3176748223941,3,1,76.7610529064664
5.5,93,86.386047868631,177.173677179517,4,-58.0734765976148,-5.61309398979516,9.91259655080296,8,2,73.0574680455649
5.5,94,89.3603867633511,66.5737518939485,6,-47.9520371530814,-5.6181698733958,17.5860731484177,12,1,48.7460695646608
5.5,95,194.338218225224,144.727054178558,1,-66.0153856098091,-5.60000277163353,1.97068753860865,4,2,50.4572249833802
5.5,96,69.5153289795118,186.251760448834,4,-62.7834090537335,-5.61041762920699,5.20266409468426,6,2,91.3467153482591
5.5,97,88.5476898755886,107.446857159646,2,-51.42678085388,-4.81102747639161,19.9999912090331,14,1,73.0637789350193
5.5,98,179.472428416759,35.0630268589534,7,-84.6187216336194,-6.40000000000057,-21.1695428927953,0,2,120.960248972986
5.5,99,111.37402925608,159.43001602818,8,-55.6351107347031,-6.43065888028675,8.59534637250158,8,2,46.1859374507203
5.5,100,46.3474232483992,29.2663611521013,5,-55.0915566082329,-7.40005726483073,8.85411024956665,8,1,31.5511504830082
5.99999999999999,1,19.3186659205184,175.131929994818,4,-65.3197802994126,-5.61001627553307,2.66629284900513,5,1,130.964094946381
5.99999999999999,2,187.48453417458,22.404744934258,7,-77.1310553857919,-6.40000000000072,-17.7005982785873,0,2,135.047730145964
5.99999999999999,3,154.049008907495,31.2540646820399,6,-55.521073857169,-5.60696407795042,12.4649992912487,10,1,108.304461337367
5.99999999999999,4,55.0587414700906,5.58900858056452,5,-62.6234484958062,-7.40016316817744,1.32221836199334,4,1,50.4992774613497
5.99999999999999,5,55.6518754784418,89.930648717021,2,-48.3651954538745,-4.83449256343057,21.026772062913,14,1,46.6760152903603
5.99999999999999,6,112.391221431169,32.2224232380742,6,-57.6805616419033,-5.61285032080345,10.3055115065145,9,1,68.999686573196
5.99999999999999,7,63.3423374338395,86.2823790150179,2,-42,-4.83072343305519,21.026772062913,14,1,45.2402364625545
5.99999999999999,8,137.722181269817,136.94446385,8,-48.1311647874986,-6.44429358397887,13.8304571072047,10,2,29.5540497552395
5.99999999999999,9,196.334166122609,152.134682153665,1,-67.2429271474399,-5.60000719385803,0.74314600097782,4,2,51.9967481500015
5.99999999999999,10,81.222553772341,88.8916847663778,2,-45.9957314449141,-4.81642785536521,21.026772062913,14,1,55.1331207899029
5.99999999999999,11,153.966989589697,60.5348357632659,7,-79.2563790897135,-6.40000000000181,-19.8259219825088,0,2,92.5851101328424
5.99999999999999,12,150.302563130999,124.247675089239,8,-54.2112117705109,-6.45388820167826,10.0192453366938,8,2,34.8643626466577
5.99999999999999,13,91.4259905321088,21.8531618140935,6,-66.2825485329701,-5.62282850685014,1.70352461544764,4,1,55.3227547346476
5.99999999999999,14,178.006834792215,101.130196461012,7,-87.3661356822128,-6.40000000000169,-21.1695428927953,0,2,61.0318809559209
5.99999999999999,15,183.325083469668,193.763448502268,1,-72.5405681356193,-5.60002758620023,-4.55449498720155,2,2,59.8168087837437
5.99999999999999,16,93.9904489100852,146.706254753842,2,-50.0394543472968,-4.81201182054116,21.026772062913,14,2,60.8290109326164
5.99999999999999,17,146.214384915448,102.979402621476,8,-50.363084669608,-6.42920401165105,13.8304571072047,10,2,52.7021580146545
5.99999999999999,18,67.9879772608144,23.6946078503971,5,-50.0603224401118,-7.40000576877726,8.94566685779954,8,1,39.5953404086891
5.99999999999999,19,120.170627371207,58.1126598113302,6,-59.6937316373941,-5.60189964987132,8.29234151102367,8,1,74.4444906953034
5.99999999999999,20,50.2669488142561,200,4,-64.4225289702736,-5.60895701938864,3.56354417814413,5,2,114.012856725977
5.99999999999999,21,94.4534025627403,68.379452979118,6,-47.3298920043032,-5.61638652866649,17.5860731484177,12,1,53.536522965324
5.99999999999999,22,141.819609661786,36.3768211328704,6,-58.0359339379958,-5.60779846785841,9.9501392104219,8,1,95.7532334748473
5.99999999999999,23,125.283446218868,182.331644221723,8,-67.5407331799797,-6.40004484299402,-3.31027607277504,2,2,46.9946087215935
5.99999999999999,24,181.310466905852,43.3329388490202,7,-81.897393561287,-6.40000000000085,-21.1695428927953,0,2,113.624193165229
5.99999999999999,25,107.01421000048,92.3394996051236,8,-50.5018239554103,-6.409014306673,13.7286331517944,10,2,75.66215333752
5.99999999999999,26,142.324968170673,117.806164379348,8,-47.1742544669503,-6.43816660006039,13.8304571072047,10,2,40.5906290361551
5.99999999999999,27,63.7419748862014,155.374609498355,2,-57.6700754595912,-4.80762731126605,13.7566966033218,10,2,89.5632922786591
5.99999999999999,28,149.136411899791,77.8752764599315,7,-72.8110162384898,-6.40000000000193,-13.3805591312851,0,2,75.861528656745
5.99999999999999,29,146.63413147672,189.929531223531,1,-65.1058393215532,-5.60001199722892,2.88023382686459,5,2,46.4537031316872
5.99999999999999,30,56.0613186807694,22.0228975487878,5,-54.8411217427235,-7.40004475083142,8.94566685779954,8,1,37.0365744327883
5.99999999999999,31,142.755664743197,143.848145371472,8,-49.7389685889822,-6.44942566552105,13.8304571072047,10,2,25.3490770775485
5.99999999999999,32,42.642584929997,90.0789479085325,2,-55.533733925663,-4.83823220657289,15.8930381372501,12,1,47.0393837328591
5.99999999999999,33,170.803247158569,6.36904767465235,6,-63.0320467199142,-5.60657672313883,4.95402642850357,6,1,130.573100311171
5.99999999999999,34,127.937130435018,41.7696686501427,6,-53.0278315457146,-5.60914103479202,14.9582416027032,11,1,81.8179971312754
5.99999999999999,35,161.224763533835,68.3279029617933,7,-70.0214666465981,-6.40000000000103,-10.5910095393934,0,2,85.7238400388641
5.99999999999999,36,14.0972589601412,14.8171903033258,5,-63.9319800043626,-7.40000161116587,0.0136868534369706,3,1,55.489520743358
5.99999999999999,37,77.7706847601415,89.3405960821934,2,-49.6344504396818,-4.81766506098982,21.026772062913,14,1,53.583051724864
5.99999999999999,38,39.4577004033459,155.701710260676,3,-55.3643287569558,-4.81398319138724,16.0624433059573,12,1,108.794492658487
5.99999999999999,39,68.0457380684902,116.001943536783,2,-48.5107657867455,-4.81646597401285,21.026772062913,14,1,72.3474616905748
5.99999999999999,40,79.6181172247755,174.860131670646,4,-61.6209573411636,-5.61495849611635,6.36511580725413,7,2,78.2552590543749
5.99999999999999,41,193.518746052313,186.372170273347,1,-68.6635581073162,-5.60001568186049,-0.677484958898501,3,2,61.3927196690213
5.99999999999999,42,129.783818986677,33.7778278212959,6,-57.64933161501,-5.60964079961738,10.3367415334077,9,1,84.7399943491526
5.99999999999999,43,76.7929159859036,41.3478083284912,6,-58.4440855395416,-5.62822102937459,9.54198760887619,8,1,36.6738431003381
5.99999999999999,44,49.1696971688663,128.199136635525,2,-56.5105052078361,-4.81518319936671,14.9162668550769,11,1,81.6580943528125
5.99999999999999,45,49.7147889798266,187.445701813028,4,-62.6277653456152,-5.60426375231428,5.35830780280258,6,2,109.597235976237
5.99999999999999,46,82.8423434602037,118.75170679714,2,-51.4079360944784,-4.80887152361145,20.0188359684347,14,2,77.710080813297
5.99999999999999,47,180.33750688834,72.9402635563961,7,-91.1289184649608,-6.40000000000145,-21.1695428927953,0,2,86.0861040177669
5.99999999999999,48,129.21368754737,83.5935690172995,8,-50.0661756187347,-6.41504482573196,13.8304571072047,10,2,73.4447742268877
5.99999999999999,49,70.3796001862924,167.174815272777,2,-57.3322161668522,-4.8088762251091,14.0945558960608,10,2,84.7740074913806
5.99999999999999,50,121.515122925533,21.9332253758643,6,-60.5397807525334,-5.61012182916263,7.44629239588437,7,1,80.3393219093618
5.99999999999999,51,149.531878960006,30.2921175791872,6,-53.332156246777,-5.60730791202541,14.6539169016407,11,1,104.150110699998
5.99999999999999,52,179.534247762974,189.456732652741,1,-69.7635894406981,-5.60001631025088,-1.77751629228035,3,2,54.601790653372
5.99999999999999,53,106.093142678396,153.907491054106,8,-54.4400840095061,-6.42155762661911,9.79037309769856,8,2,49.9532842383525
5.99999999999999,54,105.054228936604,2.85147449997162,5,-66.1462758274111,-7.4157351333242,-2.2006089696116,3,1,76.1984355523843
5.99999999999999,55,190.131470095728,44.314086981457,7,-68.5680333245204,-6.40000000000015,-9.13757621731571,0,2,115.465566740078
5.99999999999999,56,38.3398157940648,10.943982275219,5,-61.9762749186398,-7.40015662385583,1.96939193915973,4,1,47.0487238534133
5.99999999999999,57,151.304303334405,122.309513721665,8,-55.1676361684704,-6.45143336198821,9.06282093873432,8,2,36.3416322902369
5.99999999999999,58,23.9815821715354,83.1484244200705,2,-66.128398273496,-4.83222700183526,5.29837378941704,6,1,48.2496228775904
5.99999999999999,59,61.8820930150958,31.499341264813,6,-70.3116393301462,-5.60042627722194,-2.32556618172849,2,1,32.1824254532693
5.99999999999999,60,34.9689043243888,170.086146750545,3,-57.6379991962461,-4.8031498089063,13.7887728666669,10,2,119.112787993632
5.99999999999999,61,21.4458288604865,173.504090896069,4,-65.0364764003002,-5.61061241584314,2.94959674811759,5,1,128.921880057378
5.99999999999999,62,172.217813352013,136.359996769073,1,-59.167975614959,-5.60004194128199,8.81809753345871,8,2,35.0988734617593
5.99999999999999,63,108.669861518363,99.5980239116545,8,-42.9567207295491,-6.41057684948001,13.8304571072047,10,2,69.2877300863686
5.99999999999999,64,130.872930381426,166.210978237221,8,-63.4799574102341,-6.41606296951433,0.750499696970619,4,2,34.3640889243616
5.99999999999999,65,160.86146528659,179.190574352826,1,-63.480021074408,-5.60016967951868,4.5060520740097,6,2,39.0168048309911
5.99999999999999,66,94.7357050651426,87.9518798874294,2,-52.9826096341139,-4.81211973354862,18.4441624287992,13,1,63.1971399247252
5.99999999999999,67,194.615957344818,88.6575561826596,7,-64.2717863566769,-6.40000000000014,-4.8413292494722,1,2,79.4086208372755
5.99999999999999,68,48.2904272622148,153.343321888057,3,-58.5429844998182,-4.80631426635642,12.8837875630949,10,2,104.442639701177
5.99999999999999,69,78.6577327882828,59.7629246007494,6,-42,-5.62683768918744,17.5860731484177,12,1,38.3253225077694
5.99999999999999,70,18.7494295179647,69.3214405270204,2,-66.8696794251578,-4.80009192511296,4.55709263775526,6,1,43.613830598697
5.99999999999999,71,130.015712252254,63.7089390859657,6,-52.1931859393965,-5.60512340562039,15.7928872090212,12,1,84.5144911722135
5.99999999999999,72,150.879745665138,136.465815331498,8,-56.6096958551066,-6.50363291164838,7.62076125209808,7,2,27.1329708487006
5.99999999999999,73,90.4065683223218,150.718733950927,2,-52.2117186492112,-4.81020246975516,19.2150534137018,13,2,64.0635908891651
5.99999999999999,74,106.123384837563,88.6581990755623,8,-51.5153958390405,-6.40810590775887,12.7150612681641,10,2,78.9950878141542
5.99999999999999,75,92.606553406714,164.356036812233,2,-56.3078037538818,-4.81623002588849,15.1189683090312,11,2,63.6580985013733
5.99999999999999,76,164.004497419691,162.195241036621,1,-65.0276623088917,-5.60004789082377,2.95841083952603,5,2,29.95162519663
5.99999999999999,77,177.804351114619,80.3415588525593,7,-81.0505481039739,-6.40000000000049,-21.1695428927953,0,2,78.5979030508859
5.99999999999999,78,31.5500642663906,112.091603144571,2,-57.7627953528402,-4.82589081247187,13.6639767100729,10,1,68.9058583114475
5.99999999999999,79,43.5657616472199,67.5501299282792,2,-60.8192038184225,-4.86897112307895,10.6075682444906,9,1,30.0275953695907
5.99999999999999,80,105.457330043328,38.3264921998,6,-58.6416888308605,-5.6168655786335,9.34438431755724,8,1,61.3517419467116
5.99999999999999,81,124.259161631567,88.8192320250826,8,-50.6735691938745,-6.413391282506,13.5568879133301,10,2,70.4125495200284
5.99999999999999,82,199.483851866339,127.487707957413,1,-74.8096257931247,-5.60006221127438,-6.82355264470695,0,2,59.2258802259662
5.99999999999999,83,130.049192396896,151.757276228011,8,-49.1165288929496,-6.45436421195048,13.8304571072047,10,2,30.8767346679926
5.99999999999999,84,41.543417686846,126.250044969954,2,-54.6305967916863,-4.81286446473561,16.7961752712267,12,1,80.2361087188254
5.99999999999999,85,3.91064774568937,168.739467666787,3,-65.5951572379306,-4.80844854001622,5.83161482498245,6,1,129.520421451654
5.99999999999999,86,152.724104968442,74.8357178513332,7,-69.0677249683869,-6.40000000000231,-9.63726786118226,0,2,78.7993658528003
5.99999999999999,87,168.164510085579,93.6124036319521,7,-74.9984859998007,-6.40000000000132,-15.568028892596,0,2,63.7319421547389
5.99999999999999,88,106.853933899782,80.8344884922437,8,-57.8041824531213,-6.40641428225111,6.42627465408335,7,2,84.8392656854945
5.99999999999999,89,17.3906011575239,124.578622825123,3,-61.7519922001093,-4.81396262238453,9.67477986280377,8,1,84.7206815090603
5.99999999999999,90,139.791724734709,55.0255163066392,6,-61.0497575603273,-5.60567378667055,6.93631558809043,7,1,92.9519211473437
5.99999999999999,91,102.958431010568,156.404864361815,8,-54.5125394994575,-6.42198535750856,9.71791760774721,8,2,52.9734037086605
5.99999999999999,92,104.008526624179,2.31375784477701,5,-65.9659780470866,-7.41557481090481,-2.02031118928702,3,1,75.7835644384796
5.99999999999999,93,85.4008089612947,177.916291870472,4,-57.8632370417372,-5.61354520877126,10.1228361066806,8,2,74.1931589477933
5.99999999999999,94,88.7261137610735,66.6926650112035,6,-46.5180085147958,-5.61939181941822,17.5860731484177,12,1,48.2763601798216
5.99999999999999,95,194.362843776224,145.67853578095,1,-73.3222755676345,-5.6000263875952,-5.33620241921676,1,2,50.3883613636141
5.99999999999999,96,70.6974587268182,186.608751275604,4,-61.5687445929246,-5.60633470165426,6.41732855549319,7,2,90.4507806618812
5.99999999999999,97,87.964186470148,108.5708459723,2,-53.6895101371532,-4.81009542935159,17.7372619257599,13,1,73.648309228733
5.99999999999999,98,180.325687467061,34.5310151482425,7,-86.7942591351667,-6.40000000000072,-21.1695428927953,0,2,121.675732104004
5.99999999999999,99,111.572050930585,160.11333815043,8,-56.9608056448099,-6.43367660434298,7.26965146239475,7,2,46.1653211645547
5.99999999999999,100,47.2392875847801,29.9737254350481,5,-61.7890890557493,-7.40061553324383,2.15657780205027,4,1,30.9987613621962
6.49999999999999,1,19.4448090295833,175.088691372618,4,-63.4625284757575,-5.61096977115812,4.52354467266021,6,1,130.893278683639
6.49999999999999,2,187.320261000825,23.5907135259306,7,-82.4589114472093,-6.40000000000043,-21.1695428927953,0,2,133.881886706354
6.49999999999999,3,153.590822749548,30.9788551484528,6,-54.4303601948581,-5.60710384386713,13.5557129535597,10,1,107.912522486465
6.49999999999999,4,55.1142810806822,5.17008320263903,5,-53.8093493708097,-7.4000180877333,8.94566685779954,8,1,50.8736406307877
6.49999999999999,5,54.3721320804929,90.692730520034,2,-49.7368870231511,-4.83410169658236,21.026772062913,14,1,47.1938963861365
6.49999999999999,6,111.995641478853,31.1258326862026,6,-57.8886531415171,-5.60728521538631,10.0974200069007,8,1,68.9343437929429
6.49999999999999,7,63.9158518535537,85.8399343594707,2,-43.7328917432219,-4.83003325241556,21.026772062913,14,1,45.0599803340084
6.49999999999999,8,136.371903480258,137.251220407186,8,-44.0329867441423,-6.43795916805524,13.8304571072047,10,2,30.0084387440856
6.49999999999999,9,196.148803075297,153.306812731006,1,-60.3298342418122,-5.6000074741749,7.65623890660557,7,2,51.8931309107523
6.49999999999999,10,81.0847676662983,89.7582038800855,2,-49.2011018084206,-4.81606725695233,21.026772062913,14,1,55.6707064499651
6.49999999999999,11,153.846697754625,59.7517585269409,7,-77.2592570231835,-6.40000000000155,-17.8287999159788,0,2,93.3369818056863
6.49999999999999,12,151.230651697362,123.954691392549,8,-59.1525173874527,-6.45676903006071,5.07793971975195,6,2,35.1016040097542
6.49999999999999,13,91.0035824889382,21.1260488983274,6,-60.3713000123688,-5.603054391102,7.61477313604896,7,1,55.3827484795486
6.49999999999999,14,177.918543747016,100.590235394531,7,-57.4740243162905,-6.40000000000035,1.95643279091413,4,2,61.4249128881909
6.49999999999999,15,183.218571523186,192.724023252646,1,-65.4003159166935,-5.600002792547,2.58575723172428,5,2,59.0005564120679
6.49999999999999,16,94.0807057490287,147.764397887575,2,-52.66247277545,-4.81200003904905,18.7642992874631,13,2,60.6977379012743
6.49999999999999,17,145.229805457844,102.015605838187,8,-59.1606810228389,-6.41295904958402,5.06977608436574,6,2,53.6423977749527
6.49999999999999,18,69.0531827122414,24.15634077061,5,-55.3529488566885,-7.40009999894979,8.59271800111109,8,1,39.7890499237025
6.49999999999999,19,120.431547809407,58.7096149428103,6,-56.565436071023,-5.60837293214849,11.4206370773948,9,1,74.7576773266853
6.49999999999999,20,49.8773991001421,199.795195147205,4,-65.0956458540849,-5.60756093067323,2.8904272943328,5,2,114.264371834358
6.49999999999999,21,93.5368767015851,67.3777284868574,6,-44.5958523287184,-5.61688577312521,17.5860731484177,12,1,52.4375350325696
6.49999999999999,22,141.546771784542,36.8839858586194,6,-47.7611517439099,-5.60745949903678,17.5860731484177,12,1,95.4206018170497
6.49999999999999,23,124.916124823172,182.425015497585,8,-68.3827169815242,-6.40007819282964,-4.15225987431957,2,2,47.2528562512927
6.49999999999999,24,180.576358015897,42.1186192613965,7,-89.9701193393977,-6.40000000000169,-21.1695428927953,0,2,114.566818842036
6.49999999999999,25,106.595644546346,92.085445243352,8,-51.1771944196205,-6.40996380967091,13.0532626875842,10,2,76.0939138499786
6.49999999999999,26,143.068998462832,117.131049213779,8,-50.0462644356587,-6.41945293008403,13.8304571072047,10,2,40.995813299595
6.49999999999999,27,62.9871438590222,155.148129912301,2,-61.23923344518,-4.80743457740746,10.187538617733,8,2,90.2772971206185
6.49999999999999,28,149.488506910747,79.3328230271069,7,-73.8779993822612,-6.40000000000201,-14.4475422750566,0,2,74.473898289928
6.49999999999999,29,147.233997526148,188.942230363093,1,-73.7192617000626,-5.60004070635166,-5.73318855164481,1,2,45.5675111821738
6.49999999999999,30,56.2917186944052,22.3470793112725,5,-57.625132379673,-7.40026160321432,6.32053447812652,7,1,36.8309617950248
6.49999999999999,31,142.850549902285,143.761343911121,8,-50.3805421091646,-6.43178457948407,13.8304571072047,10,2,25.343351524513
6.49999999999999,32,42.2615299150568,89.3082056587344,2,-50.254253122932,-4.82827837448279,21.026772062913,14,1,46.4464094561132
6.49999999999999,33,169.745716309701,6.0977695101454,6,-72.6306868263412,-5.60456122803797,-4.64461367792344,2,1,129.68690148395
6.49999999999999,34,128.205708140989,43.1994871394858,6,-47.6698082249005,-5.60834926691975,17.5860731484177,12,1,81.9428444771084
6.49999999999999,35,161.75167087429,68.5346566796349,7,-77.5265134729327,-6.4000000000009,-18.0960563657281,0,2,85.5976280666852
6.49999999999999,36,14.1855949132206,13.9478752876462,5,-63.9683806002012,-7.40000036467476,-0.0227137424016863,3,1,55.9881890044235
6.49999999999999,37,77.0252579638424,89.1156800714523,2,-48.4508431974095,-4.81878635123904,21.026772062913,14,1,53.0344321687754
6.49999999999999,38,39.6686886657101,155.156517373887,3,-62.4222360107506,-4.81079797988684,9.00453605216244,8,1,108.244533996367
6.49999999999999,39,68.8133470496954,116.96793033916,2,-58.5466655682601,-4.81596468003788,12.8801064946529,10,1,73.4227193797862
6.49999999999999,40,79.2103601896771,174.808102890491,4,-63.4492836225428,-5.61150832839242,4.53678952587491,6,2,78.6057572541632
6.49999999999999,41,194.542194668993,186.331456468528,1,-76.2530166577352,-5.60001407128703,-8.26694350931744,0,2,62.0985654830691
6.49999999999999,42,130.060128967465,34.8251141638628,6,-55.758253180271,-5.60764664824646,12.2278199681468,9,1,84.8065528743321
6.49999999999999,43,76.7934684920276,41.3437530044594,6,-55.7322265031648,-5.6310910533201,12.253846645253,9,1,36.6752036924279
6.49999999999999,44,47.8138989238319,128.152824981074,2,-60.4637981178214,-4.81205265564331,10.9629739450916,9,1,81.6387964783752
6.49999999999999,45,49.6476634188424,187.277153708234,4,-61.5405105943498,-5.60921427632995,6.44556255406798,7,2,109.601221005449
6.49999999999999,46,82.0854425803558,118.497075872227,2,-49.5641594300703,-4.8080541546657,21.026772062913,14,2,78.467007959437
6.49999999999999,47,179.611354443511,73.0212572611599,7,-73.9747581870117,-6.4000000000006,-14.544301079807,0,2,85.7601839178986
6.49999999999999,48,128.928597404498,85.0208429828103,8,-48.8631368395104,-6.41482147780074,13.8304571072047,10,2,72.2394964960743
6.49999999999999,49,70.79723749856,166.596782397057,2,-56.0277441283433,-4.81022788507698,15.3990279345698,11,2,84.2661306444931
6.49999999999999,50,121.855330478241,22.6778606424422,6,-65.1073365199701,-5.60110310804853,2.87873662844763,5,1,80.3861792674028
6.49999999999999,51,150.808591690731,30.617183822549,6,-53.1539554443502,-5.60744856696138,14.8321177040675,11,1,105.310567948508
6.49999999999999,52,179.77930648115,189.542358098451,1,-67.2432293622409,-5.60000331033389,0.742843786176851,4,2,54.7964887422945
6.49999999999999,53,106.176455690908,154.506474154905,8,-44.980329920958,-6.42411033429998,13.8304571072047,10,2,49.9305652393379
6.49999999999999,54,104.707974810112,3.44553168746571,5,-65.7489112638813,-7.41592642686314,-1.80324440608178,3,1,75.5812875498068
6.49999999999999,55,189.328357035279,44.9649859734307,7,-97.4726766046134,-6.4000000000014,-21.1695428927953,0,2,114.591988544819
6.49999999999999,56,38.0024869651194,10.5408313386845,5,-67.3840370419334,-7.40014228322953,-3.43837018413388,2,1,47.4680556844734
6.49999999999999,57,151.080613752057,122.254189711133,8,-59.0717484556556,-6.44563321735124,5.15870865154909,6,2,36.3764719931292
6.49999999999999,58,23.2734288250792,81.8795430627732,2,-61.9830355992427,-4.82182116020268,9.44373646367032,8,1,47.7793352052884
6.49999999999999,59,62.6077732546846,31.9618400274609,6,-59.2142038169006,-5.60004812539492,8.77186933151714,8,1,32.1959805198794
6.49999999999999,60,35.3489548610758,170.056263850252,3,-60.4988418683583,-4.8053500310522,10.9279301945547,9,2,118.74075067591
6.49999999999999,61,21.7982308074281,173.995250317299,4,-63.9228995600405,-5.61209341426412,4.06317358837727,5,1,129.315164953074
6.49999999999999,62,171.873756410325,137.674665257816,1,-67.4023140520644,-5.60036076559364,0.583759096353379,4,2,34.3893165969479
6.49999999999999,63,108.180566282579,99.0755790092156,8,-45.8252531876213,-6.41105061057394,13.8304571072047,10,2,69.9600721104005
6.49999999999999,64,130.503124781287,167.337884088893,8,-59.3531367854517,-6.40452971196932,4.87732032175296,6,2,35.1138201848499
6.49999999999999,65,162.114910687368,179.989789594698,1,-70.8865343336716,-5.60015587726206,-2.90046118525384,2,2,39.9801018119907
6.49999999999999,66,93.6490455426464,87.9695650333704,2,-48.9858702616679,-4.8052802729937,21.026772062913,14,1,62.4433907279815
6.49999999999999,67,194.668361540525,88.7077864597031,7,-78.669807494855,-6.40000000000011,-19.2393503876503,0,2,79.3992944766161
6.49999999999999,68,48.6347471806777,153.696913199454,3,-63.3302022888036,-4.80650925258033,8.0965697741094,7,2,104.119314473009
6.49999999999999,69,78.9190788897604,59.1236485010181,6,-50.1985227322235,-5.63026902104287,17.5860731484177,12,1,38.3640989181593
6.49999999999999,70,19.3106488139108,68.7774062160681,2,-63.3027624397348,-4.80005763993656,8.12400962317821,8,1,42.9729829128296
6.49999999999999,71,131.123102393347,64.5679709992199,6,-53.0886431419002,-5.60725488598909,14.8974300065175,11,1,85.7055046129221
6.49999999999999,72,150.687637930267,136.221905070332,8,-55.1089846714105,-6.45275180506489,9.12147243579414,8,2,27.2499311157679
6.49999999999999,73,89.3074400795881,149.81767287355,2,-53.6883938189248,-4.81146186276858,17.7383782439883,13,2,65.0835622325163
6.49999999999999,74,105.86072857037,89.1296056421788,8,-50.5666822827551,-6.40952887048932,13.6637748244496,10,2,78.7764570897629
6.49999999999999,75,93.8082379566842,164.869283406338,2,-57.443311191971,-4.81066594849516,13.983460870942,10,2,62.6965685707808
6.49999999999999,76,164.189004908395,162.124938611236,1,-67.4601251487278,-5.60006258743955,0.525947999689964,4,2,30.0098649883114
6.49999999999999,77,178.893919514802,80.4890012355266,7,-78.3859800478423,-6.40000000000064,-18.9555229406376,0,2,78.8599234983301
6.49999999999999,78,31.7896851029896,112.221990332444,2,-54.4044351693961,-4.82408723763034,17.0223368935169,12,1,68.9597103356667
6.49999999999999,79,42.6442338646286,67.589852299258,2,-55.8970972290361,-4.88484995552457,15.5296748338769,11,1,30.2615300232488
6.49999999999999,80,105.573527149953,38.1712321281957,6,-57.5764773951281,-5.60847487027068,10.4095957532897,9,1,61.4864754986948
6.49999999999999,81,123.250261061624,88.0705606571753,8,-46.2230773994455,-6.41304103461671,13.8304571072047,10,2,71.4356632963386
6.49999999999999,82,199.545282435743,126.695296661753,1,-64.0928693555996,-5.60010858947154,3.89320379281813,5,2,59.5826670208815
6.49999999999999,83,128.871550130467,152.23486827271,8,-52.3853956958173,-6.42895522092435,11.8450614113874,9,2,31.6805307734222
6.49999999999999,84,41.5232878939133,125.590016260418,2,-57.3480496820606,-4.81249364313389,14.0787223808524,10,1,79.6112756233674
6.49999999999999,85,4.27957677830157,169.086817874966,3,-58.0818413687994,-4.81215631285786,13.3449306941137,10,1,129.708431842947
6.49999999999999,86,152.594098402151,74.4582640045732,7,-77.9885194623926,-6.40000000000181,-18.5580623551879,0,2,79.1551212728703
6.49999999999999,87,167.122377291671,94.232834343128,7,-72.7689355375401,-6.4000000000026,-13.3384784303354,0,2,62.8919912987285
6.49999999999999,88,107.326644274861,79.7470838449156,8,-53.5917095249048,-6.40867809336301,10.6387475822998,9,2,85.491154613431
6.49999999999999,89,16.8332952523812,124.387797162743,3,-62.564315794263,-4.81385550115265,8.86245626865008,8,1,84.7692436591306
6.49999999999999,90,139.943837636579,55.5049555529902,6,-49.8738382978493,-5.60629434443363,17.5860731484177,12,1,93.125981683071
6.49999999999999,91,102.669956477309,155.729224188932,8,-48.1079701735023,-6.42198150440205,13.8304571072047,10,2,53.1526765992722
6.49999999999999,92,103.490392042843,3.2778236134341,5,-65.8672674955044,-7.41597502343887,-1.92160063770485,3,1,74.809316312839
6.49999999999999,93,84.4155700539585,178.658906561426,4,-56.0605607387348,-5.61573263540881,11.9255124096829,9,2,75.331934640256
6.49999999999999,94,88.0918407587958,66.8115781284585,6,-49.1541282663626,-5.61962800677537,17.5860731484177,12,1,47.8107466116429
6.49999999999999,95,194.387469327223,146.630017383342,1,-64.0687369609626,-5.60001729088902,3.91733618745511,5,2,50.3374037482245
6.49999999999999,96,71.8795884741247,186.965742102374,4,-64.042027115044,-5.60576730902222,3.94404603337373,5,2,89.5629096565724
6.49999999999999,97,87.3806830647074,109.694834784954,2,-53.3892639701321,-4.809507336179,18.037508092781,13,1,74.2498401775185
6.49999999999999,98,181.178946517363,33.9990034375317,7,-92.6550413748652,-6.40000000000099,-21.1695428927953,0,2,122.395293657143
6.49999999999999,99,111.77007260509,160.796660272681,8,-51.0501383847599,-6.42632028889404,13.1803187224448,10,2,46.1556629425229
6.49999999999999,100,48.131151921161,30.6810897179949,5,-59.2206736549229,-7.4005365219311,4.7249932028766,6,1,30.478892493428
6.99999999999999,1,19.5709521386482,175.045452750419,4,-56.9533515406238,-5.61054015395502,11.0327216077939,9,1,130.82256000899
6.99999999999999,2,187.155987827071,24.7766821176032,7,-79.348922211756,-6.40000000000063,-19.9184651045513,0,2,132.716603229894
6.99999999999999,3,153.132636591601,30.7036456148658,6,-57.363460273299,-5.60591743256675,10.6226128751188,9,1,107.521811847141
6.99999999999999,4,55.1698206912737,4.75115782471354,5,-67.6814696028681,-7.40014747334309,-3.73580274506853,2,1,51.2487537817643
6.99999999999999,5,53.092388682544,91.454812323047,2,-49.6489189119008,-4.83639189100596,21.026772062913,14,1,47.7526369167502
6.99999999999999,6,111.600061526536,30.0292421343311,6,-56.6090553245137,-5.61190340421894,11.3770178239041,9,1,68.8886692410462
6.99999999999999,7,64.4893662732679,85.3974897039235,2,-42,-4.82975853053441,21.026772062913,14,1,44.8906895952856
6.99999999999999,8,135.021625690699,137.557976964373,8,-47.4448048900841,-6.43978591796608,13.8304571072047,10,2,30.5189389423783
6.99999999999999,9,195.963440027985,154.478943308346,1,-65.4337824275704,-5.60000882548562,2.55229072084738,5,2,51.8164911236332
6.99999999999999,10,80.9469815602556,90.6247229937932,2,-51.6116468452082,-4.81182670527377,19.8151252177049,14,1,56.2168461051777
6.99999999999999,11,153.726405919554,58.9686812906159,7,-98.2788022297675,-6.400000000003,-21.1695428927953,0,2,94.0895163503711
6.99999999999999,12,152.158740263726,123.661707695859,8,-55.6924008635337,-6.43399844038562,8.53805624367098,8,2,35.3640467286284
6.99999999999999,13,90.5811744457676,20.3989359825613,6,-56.7483513108435,-5.60515124493477,11.2377218375742,9,1,55.4554299447974
6.99999999999999,14,177.830252701816,100.050274328051,7,-56.7788568768342,-6.40000000000022,2.6516002303705,5,2,61.8202884185276
6.99999999999999,15,183.112059576704,191.684598003023,1,-74.351019962205,-5.60001519146225,-6.36494681378725,1,2,58.1916162353724
6.99999999999999,16,94.1709625879722,148.822541021307,2,-53.7329509575903,-4.81505710640516,17.6938211053227,13,2,60.5847986544488
6.99999999999999,17,144.245226000241,101.051809054898,8,-57.6116133826724,-6.42763124639012,6.61884372453231,7,2,54.60121629219
6.99999999999999,18,70.1183881636684,24.6180736908229,6,-63.0003310032658,-5.60001441419492,4.98574214515196,6,1,40.0155185580361
6.99999999999999,19,120.692468247607,59.3065700742905,6,-51.3949845509355,-5.60958221215696,16.5910885974822,12,1,75.0752110452353
6.99999999999999,20,49.487849386028,199.590390294411,4,-65.3218715002892,-5.60202111890787,2.6642016481285,5,2,114.517025941987
6.99999999999999,21,92.6203508404299,66.3760039945969,6,-53.7120223218515,-5.61450527640135,14.2740508265662,11,1,51.350928059699
6.99999999999999,22,141.273933907298,37.3911505843684,6,-57.1142910826694,-5.60613013937327,10.8717820657484,9,1,95.0902944285057
6.99999999999999,23,124.548803427477,182.518386773448,8,-61.6628717100764,-6.40000909976682,2.56758539712831,5,2,47.5127234045869
6.99999999999999,24,179.842249125942,40.9042996737729,7,-76.519507896026,-6.40000000000041,-17.0890507888213,0,2,115.519183093393
6.99999999999999,25,106.177079092211,91.8313908815803,8,-49.0514913798495,-6.40987639761924,13.8304571072047,10,2,76.5263711648592
6.99999999999999,26,143.813028754991,116.45593404821,8,-50.5515688228375,-6.43879962062751,13.6788882843672,10,2,41.4214071919895
6.99999999999999,27,62.2323128318429,154.921650326246,2,-50.9384732361305,-4.80645633281841,20.4882988267826,14,2,90.9925247082491
6.99999999999999,28,149.840601921703,80.7903695942823,7,-65.1063987747123,-6.40000000000188,-5.67594166750766,1,2,73.0906857858332
6.99999999999999,29,147.833863575575,187.954929502655,1,-70.8019907635386,-5.60021706441498,-2.81591761512081,2,2,44.6936105115787
6.99999999999999,30,56.522118708041,22.6712610737573,5,-65.1198775863125,-7.40031252013481,-1.17421072851295,3,1,36.6285135344108
6.99999999999999,31,142.945435061372,143.67454245077,8,-52.4865264412432,-6.44511227480657,11.7439306659614,9,2,25.3382773621341
6.99999999999999,32,41.8804749001166,88.5374634089363,2,-55.8585395163366,-4.84228746721241,15.5682325465764,11,1,45.861888031815
6.99999999999999,33,168.688185460832,5.82649134563846,6,-64.6734114741455,-5.60212835432831,3.31266167427228,5,1,128.803859549401
6.99999999999999,34,128.47428584696,44.6293056288289,6,-57.3859391227223,-5.6058207525136,10.6001340256955,9,1,82.0932877720158
6.99999999999999,35,162.278578214745,68.7414103974766,7,-91.3839523847908,-6.40000000000174,-21.1695428927953,0,2,85.4749780179377
6.99999999999999,36,14.2739308663,13.0785602719666,5,-67.9498621551509,-7.40000139977025,-4.00419529735138,2,1,56.4959708947171
6.99999999999999,37,76.2798311675432,88.8907640607112,2,-50.5344804171682,-4.81734200097457,20.8922916457448,14,1,52.4916284317841
6.99999999999999,38,39.8796769280743,154.611324487099,3,-58.5716823345366,-4.81415551243389,12.8550897283765,10,1,107.694940224809
6.99999999999999,39,69.5809560309006,117.933917141537,2,-60.4251304493751,-4.81177043085991,11.0016416135379,9,1,74.5028921403542
6.99999999999999,40,78.8026031545787,174.756074110335,4,-56.1411205515901,-5.61274381056571,11.8449525968277,9,2,78.9568396209017
6.99999999999999,41,195.565643285673,186.29074266371,1,-63.9277880190785,-5.60000074461059,4.05828512933924,5,2,62.8131821445212
6.99999999999999,42,130.336438948252,35.8724005064296,6,-56.0294469028604,-5.60319123051977,11.9566262455574,9,1,84.8868805548712
6.99999999999999,43,76.7940209981515,41.3396976804277,6,-50.2465421585988,-5.63463530701236,17.5860731484177,12,1,36.6765646907637
6.99999999999999,44,46.4581006787975,128.106513326623,2,-51.362914119711,-4.81902464874628,20.063857943202,14,1,81.6420386494816
6.99999999999999,45,49.5805378578583,187.108605603441,4,-62.7859362842762,-5.60886635983577,5.20013686414153,6,2,109.605506188096
6.99999999999999,46,81.3285417005078,118.242444947315,2,-48.5859622200604,-4.80609682096103,21.026772062913,14,1,78.6813752896309
6.99999999999999,47,178.885201998683,73.1022509659237,7,-73.4658312600382,-6.40000000000068,-14.0353741528335,0,2,85.439269080514
6.99999999999999,48,128.643507261626,86.448116948321,8,-44.7454642597538,-6.41596215355918,13.8304571072047,10,2,71.0435895876505
6.99999999999999,49,71.2148748108276,166.018749521338,2,-66.8710122454996,-4.80735688862071,4.55575981741342,6,2,83.7612457363244
6.99999999999999,50,122.195538030949,23.4224959090201,6,-58.599664229926,-5.61070350542725,9.38640891849176,8,1,80.4413415805844
6.99999999999999,51,152.085304421456,30.9422500659108,6,-56.3873117281122,-5.60618201804488,11.5987614203056,9,1,106.474678733357
6.99999999999999,52,180.024365199326,189.627983544161,1,-70.2112054635991,-5.60001730717343,-2.22513231518135,3,2,54.9917228808007
6.99999999999999,53,106.25976870342,155.105457255704,8,-56.3750317155127,-6.40884207874116,7.85542539169196,7,2,49.9151633040313
6.99999999999999,54,104.361720683619,4.0395888749598,5,-57.4669042594236,-7.41382884400463,6.47876259837594,7,1,74.9653657795822
6.99999999999999,55,188.525243974829,45.6158849654043,7,-78.2815307632255,-6.40000000000043,-18.8510736560209,0,2,113.721096964793
6.99999999999999,56,37.665158136174,10.13768040215,5,-67.8531622778341,-7.40013392518435,-3.90749542003456,2,1,47.8894857722103
6.99999999999999,57,150.856924169709,122.198865700602,8,-52.2533938706695,-6.42761581339498,11.9770632365352,9,2,36.4127366091293
6.99999999999999,58,22.565275478623,80.6106617054758,2,-62.4284834887061,-4.834091916057,8.99828857420689,8,1,47.3489885806542
6.99999999999999,59,63.3334534942735,32.4243387901088,6,-61.8696404988814,-5.60026700549343,6.11643264953638,7,1,32.2325122981257
6.99999999999999,60,35.7290053977628,170.02638094996,3,-61.432399518168,-4.80496379313583,9.99437254474505,8,2,118.368771816461
6.99999999999999,61,22.1506327543696,174.486409738529,4,-56.7361426625412,-5.61124305646409,11.2499304858765,9,1,129.710074649469
6.99999999999999,62,171.529699468637,138.98933374656,1,-63.0218791752227,-5.6002498375916,4.96419397319503,6,2,33.7196193714354
6.99999999999999,63,107.691271046795,98.5531341067766,8,-44.7266192050768,-6.41094040206149,13.8304571072047,10,2,70.6332680531709
6.99999999999999,64,130.133319181147,168.464789940565,8,-65.6174241696679,-6.40308356057187,-1.38696706246321,3,2,35.8870934223902
6.99999999999999,65,163.368356088146,180.78900483657,1,-69.9232781282269,-5.60015412773811,-1.93720497980916,3,2,40.9746966227423
6.99999999999999,66,92.5623860201503,87.9872501793113,2,-42,-4.81090000796879,21.026772062913,14,1,61.6995776315679
6.99999999999999,67,194.720765736232,88.7580167367465,7,-88.9574485943089,-6.4000000000015,-21.1695428927953,0,2,79.3900333924324
6.99999999999999,68,48.9790670991406,154.050504510852,3,-64.1913657200072,-4.80546289148755,7.23540634290582,7,2,103.797328823782
6.99999999999999,69,79.180424991238,58.4843724012868,6,-45.0583173058318,-5.63060195784177,17.5860731484177,12,1,38.4152544923626
6.99999999999999,70,19.8718681098568,68.2333719051158,2,-67.9926070223889,-4.80028725510913,3.43416504052411,5,1,42.336865521908
6.99999999999999,71,132.230492534441,65.4270029124741,6,-47.4477629174461,-5.60756653539123,17.5860731484177,12,1,86.9027981213391
6.99999999999999,72,150.495530195397,135.977994809165,8,-58.3921970483571,-6.45925051206707,5.83826005884761,6,2,27.3699137694359
6.99999999999999,73,88.2083118368544,148.916611796172,2,-52.4685400235684,-4.81247610623928,18.9582320393446,13,2,66.118351885476
6.99999999999999,74,105.598072303176,89.6010122087953,8,-51.6608103896554,-6.40950090276002,12.5696467175492,10,2,78.5609248252341
6.99999999999999,75,95.0099225066544,165.382530000443,2,-52.2541896407736,-4.81168443163668,19.1725824221395,13,2,61.7477194067821
6.99999999999999,76,164.373512397098,162.054636185851,1,-65.608955256686,-5.60005020262389,2.37711789173172,4,2,30.0692885217253
6.99999999999999,77,179.983487914985,80.636443618494,7,-74.8027761359904,-6.40000000000059,-15.3723190287857,0,2,79.1363538548399
6.99999999999999,78,32.0293059395887,112.352377520317,2,-66.8821824624133,-4.82663837353917,4.54458960049973,6,1,69.0145986545529
6.99999999999999,79,41.7227060820373,67.6295746702367,2,-56.6032419185625,-4.80569054729998,14.8235301443505,11,1,30.5215579166234
6.99999999999999,80,105.689724256578,38.0159720565914,6,-54.7442779745879,-5.61270202604309,13.2417951738298,10,1,61.6215247581731
6.99999999999999,81,122.241360491681,87.321889289268,8,-44.378163775337,-6.41350137503427,13.8304571072047,10,2,72.466113664385
6.99999999999999,82,199.606713005147,125.902885366094,1,-73.1043631484121,-5.60004890781478,-5.11828999999431,1,2,59.9478682594692
6.99999999999999,83,127.693907864037,152.712460317408,8,-57.8450923328157,-6.41397209242414,6.38536477438899,7,2,32.5141382686297
6.99999999999999,84,41.5031581009806,124.929987550882,2,-56.8635866450645,-4.82104329094171,14.5631854178485,11,1,78.987020178206
6.99999999999999,85,4.64850581091378,169.434168083144,3,-67.1825963434914,-4.80417133409378,4.24417571942162,5,1,129.898146756971
6.99999999999999,86,152.46409183586,74.0808101578131,7,-77.6549503981866,-6.40000000000167,-18.2244932909819,0,2,79.511289354843
6.99999999999999,87,166.080244497763,94.8532650543038,7,-84.6427658074671,-6.40000000000165,-21.1695428927953,0,2,62.0643749527756
6.99999999999999,88,107.79935464994,78.6596791975875,8,-54.210498313963,-6.40900847899883,10.0199587932417,8,2,86.1544301829724
6.99999999999999,89,16.2759893472385,124.196971500362,3,-53.0486369934335,-4.80824872631896,18.3781350694796,13,1,84.8218690806393
6.99999999999999,90,140.095950538449,55.9843947993412,6,-57.3125748777169,-5.60682562818639,10.6734982707008,9,1,93.3024291459824
6.99999999999999,91,102.381481944051,155.053584016048,8,-53.3683315256495,-6.40609379469154,10.8621255815552,9,2,53.3414657958705
6.99999999999999,92,102.972257461507,4.24188938209119,5,-57.0720419647651,-7.41332765908874,6.87362489303443,7,1,73.8384367920188
6.99999999999999,93,83.4303311466222,179.401521252381,4,-59.6466833255223,-5.61330075530825,8.33938982289544,8,2,76.4736573154611
6.99999999999999,94,87.4575677565182,66.9304912457135,6,-56.8458750391976,-5.61956567718798,11.1401981092202,9,1,47.3493496898884
6.99999999999999,95,194.412094878223,147.581498985734,1,-71.0385483070178,-5.60007108304675,-3.05247515860001,2,2,50.3044065527891
6.99999999999999,96,73.0617182214311,187.322732929144,4,-63.5037794717075,-5.61175939379166,4.48229367671027,6,2,88.683344526121
6.99999999999999,97,86.7971796592668,110.818823597608,2,-47.1377001614441,-4.80596518964273,21.026772062913,14,1,74.8679620042731
6.99999999999999,98,182.032205567665,33.4669917268209,7,-70.9997237662424,-6.40000000000084,-11.5692666590377,0,2,123.118862124071
6.99999999999999,99,111.968094279595,161.479982394932,8,-57.6904701573855,-6.41599357799976,6.53998694981916,7,2,46.1569696634619
6.99999999999999,100,49.0230162575419,31.3884540009417,6,-64.8039271290244,-5.60086199105012,3.18214601939339,5,1,29.9932349323659
7.49999999999999,1,19.697095247713,175.002214128219,4,-61.6234514138833,-5.61287520677935,6.36262173453449,7,1,130.751939080778
7.49999999999999,2,186.991714653316,25.9626507092758,7,-76.7910622365062,-6.40000000000106,-17.3606051293016,0,2,131.551894597005
7.49999999999999,3,152.674450433654,30.4284360812787,6,-57.758397533992,-5.60712725905181,10.2276756144258,8,1,107.132342857223
7.49999999999999,4,55.2253603018653,4.33223244678805,5,-58.6985282821245,-7.40016275797979,5.24713857567503,6,1,51.6246005658011
7.49999999999999,5,51.812645284595,92.21689412606,2,-48.7532005312062,-4.8346151554954,21.026772062913,14,1,48.3508203919926
7.49999999999999,6,111.20448157422,28.9326515824595,6,-55.8979973111995,-5.607841916833,12.0880758372183,9,1,68.8627020535437
7.49999999999999,7,65.0628806929821,84.9550450483763,2,-48.8210060180402,-4.82583442611081,21.026772062913,14,1,44.7324887425798
7.49999999999999,8,133.67134790114,137.864733521559,8,-47.4510639272391,-6.4374716574252,13.8304571072047,10,2,31.0827857803703
7.49999999999999,9,195.778076980673,155.651073885686,1,-71.2646882444478,-5.60001324448949,-3.27861509603005,2,2,51.7669486072912
7.49999999999999,10,80.8091954542129,91.491242107501,2,-48.5007488989381,-4.81634756275356,21.026772062913,14,1,56.7712928878597
7.49999999999999,11,153.606114084483,58.185604054291,7,-79.7139722168693,-6.4000000000022,-20.2835151096647,0,2,94.84269798812
7.49999999999999,12,153.086828830089,123.368723999169,8,-51.847843812258,-6.45456272375009,12.3826132949466,10,2,35.6511342548693
7.49999999999999,13,90.158766402597,19.6718230667952,6,-66.4066359909751,-5.63104926776354,1.57943715744261,4,1,55.5407493203875
7.49999999999999,14,177.741961656616,99.5103132615699,7,-74.5145255956125,-6.40000000000135,-15.0840684884078,0,2,62.2179628684673
7.49999999999999,15,183.005547630222,190.645172753401,1,-70.4511018603711,-5.60001665657883,-2.46502871195332,2,2,57.3902974598033
7.49999999999999,16,94.2612194269157,149.88068415504,2,-51.6754645270169,-4.81485334925018,19.7513075358961,14,2,60.4902958832679
7.49999999999999,17,143.260646542638,100.088012271608,8,-52.3566792801535,-6.42760473951525,11.8737778270512,9,2,55.5776520196959
7.49999999999999,18,71.1835936150954,25.0798066110357,6,-64.1337081442314,-5.60008541460918,3.85236500418636,5,1,40.2741936851986
7.49999999999999,19,120.953388685807,59.9035252057706,6,-59.4892897074324,-5.60715743880887,8.49678344098537,8,1,75.3970369278567
7.49999999999999,20,49.0982996719139,199.385585441616,4,-61.3340035077865,-5.60945932600457,6.65206964063127,7,2,114.770811526756
7.49999999999999,21,91.7038249792747,65.3742795023363,6,-43.333818098214,-5.61833362210522,17.5860731484177,12,1,50.277504792083
7.49999999999999,22,141.001096030054,37.8983153101174,6,-59.8352335387466,-5.60575715486992,8.15083960967111,8,1,94.7623356139159
7.49999999999999,23,124.181482031781,182.61175804931,8,-66.5821824020516,-6.40004644474255,-2.35172529484695,2,2,47.7741837517085
7.49999999999999,24,179.108140235987,39.6899800861492,7,-87.5569677568462,-6.40000000000078,-21.1695428927953,0,2,116.481047047973
7.49999999999999,25,105.758513638077,91.5773365198087,8,-53.2984334331331,-6.40968776020805,10.9320236740715,9,2,76.9595135355719
7.49999999999999,26,144.557059047151,115.780818882641,8,-45.2413625611223,-6.4389334788122,13.8304571072047,10,2,41.8667883000215
7.49999999999999,27,61.4774818046637,154.695170740192,2,-51.3170368921103,-4.80485860575484,20.1097351708027,14,2,91.7089464333944
7.49999999999999,28,150.192696932659,82.2479161614578,7,-71.1939491328192,-6.40000000000312,-11.7634920256145,0,2,71.7121467854136
7.49999999999999,29,148.433729625002,186.967628642216,1,-74.4271742842757,-5.60024957983153,-6.44110113585799,1,2,43.8327362859816
7.49999999999999,30,56.7525187216768,22.995442836242,5,-61.4461402130997,-7.40032511653901,2.49952664469989,5,1,36.4292824071141
7.49999999999999,31,143.040320220459,143.587740990419,8,-47.3722078992003,-6.45147529213105,13.8304571072047,10,2,25.3338549818166
7.49999999999999,32,41.4994198851764,87.7667211591382,2,-54.5722502534507,-4.83702376183706,16.8545218094623,12,1,45.2861467713983
7.49999999999999,33,167.630654611964,5.55521318113152,6,-64.1448647075754,-5.60325134432476,3.84120844084234,5,1,127.924039882322
7.49999999999999,34,128.742863552932,46.059124118172,6,-58.8218313523887,-5.60746820801505,9.16424179602901,8,1,82.26918659639
7.49999999999999,35,162.8054855552,68.9481641153182,7,-75.5634563551942,-6.40000000000106,-16.1329992479895,0,2,85.3559052472752
7.49999999999999,36,14.3622668193794,12.209245256287,5,-74.0014206655774,-7.4000048344218,-10.0557538077779,0,1,57.0126229036393
7.49999999999999,37,75.5344043712441,88.6658480499702,2,-51.1639230781667,-4.81977321833401,20.2628489847463,14,1,51.9548227984428
7.49999999999999,38,40.0906651904385,154.06613160031,3,-53.6817524329765,-4.81426281528182,17.7450196299366,13,1,107.145716958827
7.49999999999999,39,70.3485650121057,118.899903943914,2,-50.3725147494449,-4.81426039827785,21.026772062913,14,1,75.5877692588719
7.49999999999999,40,78.3948461194804,174.704045330179,4,-64.5634856722092,-5.61320928238531,3.42258747620854,5,2,79.3084983966312
7.49999999999999,41,196.589091902353,186.250028858892,1,-75.0597433962364,-5.60000453194969,-7.07367024781862,0,2,63.536273706886
7.49999999999999,42,130.612748929039,36.9196868489965,6,-62.4903336741987,-5.60244060079791,5.49573947421901,6,1,84.9809383451646
7.49999999999999,43,76.7945735042754,41.3356423563959,6,-55.7332932180854,-5.65621544216088,12.2527799303323,9,1,36.6779260953001
7.49999999999999,44,45.1023024337631,128.060201672172,2,-54.5166605304859,-4.81896282813282,16.9101115324271,12,1,81.6678181816465
7.49999999999999,45,49.5134122968741,186.940057498648,4,-59.2127251554474,-5.60599422562487,8.77334799297038,8,2,109.610091488975
7.49999999999999,46,80.5716408206599,117.987814022402,2,-54.7484504008956,-4.81164226930763,16.6783216620174,12,1,78.1614871788669
7.49999999999999,47,178.159049553854,73.1832446706875,7,-71.9420956150067,-6.40000000000062,-12.511638507802,0,2,85.1234161150729
7.49999999999999,48,128.358417118753,87.8753909138318,8,-48.6273620353437,-6.41570943571044,13.8304571072047,10,2,69.8575347669462
7.49999999999999,49,71.6325121230952,165.440716645618,2,-62.2428179121768,-4.80813622334659,9.18395415073621,8,2,83.2594071962267
7.49999999999999,50,122.535745583657,24.167131175598,6,-55.1446211494142,-5.60179955905396,12.8414519990035,10,1,80.5047917771099
7.49999999999999,51,153.36201715218,31.2673163092725,6,-58.185254173128,-5.60665541433125,9.80081897528972,8,1,107.642324519793
7.49999999999999,52,180.269423917502,189.71360898987,1,-70.9149011438043,-5.60002811641983,-2.92882799538651,2,2,55.1874873798197
7.49999999999999,53,106.343081715932,155.704440356503,8,-54.922378906909,-6.41912832357687,9.30807820029563,8,2,49.9070852068386
7.49999999999999,54,104.015466557127,4.63364606245388,5,-63.1331522598076,-7.41854094311837,0.812514597991984,4,1,74.3507007160712
7.49999999999999,55,187.722130914379,46.2667839573779,7,-87.8316324669257,-6.40000000000086,-21.1695428927953,0,2,112.852954198226
7.49999999999999,56,37.3278293072285,9.73452946561556,5,-64.4053135630219,-7.40013671677843,-0.459646705222392,3,1,48.3129592078784
7.49999999999999,57,150.633234587361,122.14354169007,8,-49.3827685209192,-6.45197106943351,13.8304571072047,10,2,36.4504218852884
7.49999999999999,58,21.8571221321669,79.3417803481784,2,-68.8537828991733,-4.8352956434381,2.57298916373978,5,1,46.9596810964951
7.49999999999999,59,64.0591337338623,32.8868375527567,6,-58.6240616922189,-5.60011657777658,9.36201145619886,8,1,32.2919428076473
7.49999999999999,60,36.1090559344499,169.996498049667,3,-56.8713175022083,-4.80599747106174,14.5554545607048,11,2,117.996851968146
7.49999999999999,61,22.5030347013112,174.977569159759,4,-61.131107797703,-5.61125142317524,6.85496535071475,7,1,130.1065943514
7.49999999999999,62,171.185642526949,140.304002235303,1,-61.3997099752094,-5.60021653625201,6.58636317320834,7,2,33.0922018296257
7.49999999999999,63,107.201975811011,98.0306892043377,8,-52.1379569350953,-6.40897564225873,12.0925001721094,9,2,71.3072937297261
7.49999999999999,64,129.763513581008,169.591695792237,8,-63.0093343822465,-6.40081004180903,1.2211227249582,4,2,36.6824198574958
7.49999999999999,65,164.621801488924,181.588220078441,1,-69.4717343116539,-5.60014365559531,-1.48566116323614,3,2,41.9983657599382
7.49999999999999,66,91.4757264976541,88.0049353252523,2,-48.3007168281022,-4.81254891326238,21.026772062913,14,1,60.966064311097
7.49999999999999,67,194.773169931939,88.80824701379,7,-94.1539946897584,-6.40000000000037,-21.1695428927953,0,2,79.3808376075712
7.49999999999999,68,49.3233870176035,154.404095822249,3,-49.9534575036605,-4.80625755256144,21.026772062913,14,2,103.476695258492
7.49999999999999,69,79.4417710927155,57.8450963015555,6,-52.8851224072086,-5.62545501754444,15.1009507412092,11,1,38.4787398579597
7.49999999999999,70,20.4330874058029,67.6893375941634,2,-71.3315070657749,-4.80020296947783,0.0952649971381153,3,1,41.7056948734004
7.49999999999999,71,133.337882675535,66.2860348257283,6,-47.1345851078831,-5.60761101307444,17.5860731484177,12,1,88.1061156741461
7.49999999999999,72,150.303422460526,135.734084547998,8,-52.3511863281933,-6.43391390606632,11.8792707790114,9,2,27.492879239418
7.49999999999999,73,87.1091835941207,148.015550718795,2,-52.0359280370778,-4.81242420917844,19.3908440258352,13,2,67.1672749718767
7.49999999999999,74,105.335416035982,90.0724187754117,8,-53.5552394736486,-6.40961192113797,10.6752176335561,9,2,78.3485165916267
7.49999999999999,75,96.2116070566246,165.895776594549,2,-59.370078210838,-4.81940908947423,12.0566938520751,9,2,60.8121445845709
7.49999999999999,76,164.558019885802,161.984333760466,1,-65.3773454410347,-5.60006232454999,2.60872770738304,5,2,30.1298887929851
7.49999999999999,77,181.073056315169,80.7838860014614,7,-63.2925069736137,-6.40000000000059,-3.86204986640898,2,2,79.4270436679117
7.49999999999999,78,32.2689267761878,112.48276470819,2,-51.582714668714,-4.82470372968192,19.8440573941991,14,1,69.0705207975673
7.49999999999999,79,40.8011782994461,67.6692970412155,2,-55.8267662251417,-4.84565370674457,15.6000058377714,11,1,30.8070183336409
7.49999999999999,80,105.805921363204,37.8607119849871,6,-56.9338746415306,-5.61384164427245,11.0521985068871,9,1,61.7568876539899
7.49999999999999,81,121.232459921738,86.5732179213607,8,-51.4020787238931,-6.41126423596567,12.8283783833116,10,2,73.5035920687254
7.49999999999999,82,199.668143574552,125.110474070434,1,-59.6070673255768,-5.60000518685117,8.37900582284096,8,2,60.3213311121431
7.49999999999999,83,126.516265597608,153.190052362107,8,-54.7287809887359,-6.44630819173071,9.50167611846881,8,2,33.3753234524411
7.49999999999999,84,41.483028308048,124.269958841347,2,-53.5819911330291,-4.81659607828775,17.844780929884,13,1,78.3633561883157
7.49999999999999,85,5.01743484352598,169.781518291322,3,-67.173092727355,-4.80550452279376,4.253679335558,5,1,130.089558736398
7.49999999999999,86,152.334085269569,73.703356311053,7,-74.190806478902,-6.40000000000192,-14.7603493716973,0,2,79.8678645779625
7.49999999999999,87,165.038111703856,95.4736957654797,7,-78.2363424533724,-6.40000000000359,-18.8058853461677,0,2,61.249593117776
7.49999999999999,88,108.272065025019,77.5722745502594,6,-53.1146404774714,-5.60976484844723,14.8714326709464,11,1,68.6156970827734
7.49999999999999,89,15.7186834420959,124.006145837982,3,-61.6105184860738,-4.81874677190335,9.81625357683927,8,1,84.8785502157987
7.49999999999999,90,140.248063440319,56.4638340456922,6,-51.7035721012237,-5.60597078783669,16.2825010471941,12,1,93.4812500199809
7.49999999999999,91,102.093007410792,154.377943843165,8,-53.2283815460238,-6.41436442095523,11.0020755611808,9,2,53.5396706306299
7.49999999999999,92,102.454122880171,5.20595515074828,5,-63.0590805722074,-7.41775635124781,0.886586285592165,4,1,72.8710605184585
7.49999999999999,93,82.445092239286,180.144135943335,4,-62.2796001093574,-5.61143848474322,5.70647303906037,6,2,77.6181969278394
7.49999999999999,94,86.8232947542405,67.0494043629685,6,-43.392029628992,-5.61945234528534,17.5860731484177,12,1,46.8922938838535
7.49999999999999,95,194.436720429223,148.532980588125,1,-71.2533880421243,-5.60002751447484,-3.26731489370658,2,2,50.2894051312969
7.49999999999999,96,74.2438479687376,187.679723755914,4,-60.5205032827909,-5.60473585238951,7.46556986562682,7,2,87.8123348562475
7.49999999999999,97,86.2136762538262,111.942812410261,2,-54.6361213727669,-4.80945991928803,16.7906506901462,12,1,75.5022672315857
7.49999999999999,98,182.885464617966,32.9349800161101,7,-85.9103548489067,-6.40000000000119,-21.1695428927953,0,2,123.846367274006
7.49999999999999,99,112.1661159541,162.163304517183,8,-55.328132891517,-6.43278210516607,8.90232421568768,8,2,46.1692403963544
7.49999999999999,100,49.9148805939228,32.0958182838885,6,-62.5672446369529,-5.60096924156259,5.41882851146485,6,1,29.5434758997115
7.99999999999999,1,19.8232383567779,174.95897550602,4,-58.0553590520745,-5.60951252105806,9.93071409634323,8,1,130.681416057471
7.99999999999999,2,186.827441479562,27.1486193009484,7,-88.1218416836595,-6.40000000000116,-21.1695428927953,0,2,130.387776212319
7.99999999999999,3,152.216264275707,30.1532265476916,6,-59.7962946677847,-5.60312989977466,8.18977848063304,8,1,106.74412910764
7.99999999999999,4,55.2808999124569,3.91330706886256,5,-62.1671174974338,-7.40014688483593,1.77854936036579,4,1,52.0011650755475
7.99999999999999,5,50.5329018866461,92.978975929073,2,-50.1879380911539,-4.83351593555194,21.026772062913,14,1,48.9870019120647
7.99999999999999,6,110.808901621904,27.8360610305879,6,-57.8223799316215,-5.61413851620044,10.1636932167963,8,1,68.8564645265951
7.99999999999999,7,65.6363951126963,84.5126003928291,2,-47.6956614894757,-4.81978390315897,21.026772062913,14,1,44.5854958253854
7.99999999999999,8,132.321070111581,138.171490078745,8,-49.6300634932348,-6.43387441480201,13.8304571072047,10,2,31.6971325036963
7.99999999999999,9,195.592713933361,156.823204463027,1,-61.1118367047592,-5.60000159560584,6.87423644365852,7,2,51.7445811941076
7.99999999999999,10,80.6714093481702,92.3577612212087,2,-42,-4.81524798269787,21.026772062913,14,1,57.3338057961963
7.99999999999999,11,153.485822249412,57.402526817966,7,-90.566145145452,-6.40000000000131,-21.1695428927953,0,2,95.5965114240682
7.99999999999999,12,154.014917396452,123.075740302479,8,-56.8658004736265,-6.43880061710805,7.36465663357813,7,2,35.9622763734429
7.99999999999999,13,89.7363583594264,18.9447101510291,5,-60.8955179880822,-7.42684517668861,3.05014886971734,5,1,55.638648467341
7.99999999999999,14,177.653670611417,98.9703521950891,7,-79.9341094755403,-6.4000000000013,-20.5036523683356,0,2,62.6178924380084
7.99999999999999,15,182.89903568374,189.605747503779,1,-69.6399331346105,-5.60000988284633,-1.65385998619277,3,2,56.5969238055668
7.99999999999999,16,94.3514762658592,150.938827288773,2,-57.2270187877103,-4.81284411491245,14.1997532752028,11,2,60.4143161052691
7.99999999999999,17,142.276067085034,99.1242154883187,8,-61.6765284514067,-6.42481719136284,2.55392865579799,5,2,56.5707927234003
7.99999999999999,18,72.2487990665224,25.5415395312486,6,-62.355577419615,-5.60002299224037,5.63049572880276,6,1,40.5644591780041
7.99999999999999,19,121.214309124008,60.5004803372508,6,-49.8328270670106,-5.60872989404485,17.5860731484177,12,1,75.7231002490171
7.99999999999999,20,48.7087499577999,199.180780588821,4,-58.8554541935533,-5.60646141214099,9.13061895486445,8,2,115.025721099402
7.99999999999999,21,90.7872991181194,64.3725550100757,6,-51.0793215662396,-5.61875397923246,16.9067515821781,12,1,49.2181278277486
7.99999999999999,22,140.72825815281,38.4054800358665,6,-56.5027059027332,-5.60748725944519,11.4833672456846,9,1,94.4367498415823
7.99999999999999,23,123.814160636085,182.705129325173,8,-69.3477995108671,-6.40000940044046,-5.11734240366241,1,2,48.0372112780188
7.99999999999999,24,178.374031346033,38.4756604985256,7,-80.0839526905661,-6.400000000001,-20.6534955833614,0,2,117.452177315134
7.99999999999999,25,105.339948183943,91.323282158037,8,-48.3815615204364,-6.40935892792271,13.8304571072047,10,2,77.3933294600912
7.99999999999999,26,145.30108933931,115.105703717072,8,-53.0256327842477,-6.43366034840249,11.204824322957,9,2,42.331332065952
7.99999999999999,27,60.7226507774844,154.468691154137,2,-54.249843351537,-4.80710434530368,17.176928711376,12,2,92.426534527862
7.99999999999999,28,150.544791943615,83.7054627286332,7,-70.5894509072075,-6.40000000000206,-11.1589938000028,0,2,70.3385560719473
7.99999999999999,29,149.03359567443,185.980327781778,1,-66.5289868995509,-5.60022791950568,1.45708624886682,4,2,42.9856711545217
7.99999999999999,30,56.9829187353126,23.3196245987267,5,-57.2069837128483,-7.40021336057934,6.73868314495121,7,1,36.2333214819846
7.99999999999999,31,143.135205379546,143.500939530068,8,-42,-6.421767140529,13.8304571072047,10,2,25.3300847249442
7.99999999999999,32,41.1183648702361,86.9959789093401,2,-54.9142672977456,-4.82871819003968,16.5125047651674,12,1,44.7195247966544
7.99999999999999,33,166.573123763096,5.28393501662458,6,-66.1481894484277,-5.60097586758647,1.83788369999008,4,1,127.047509426527
7.99999999999999,34,129.011441258903,47.488942607515,6,-55.4170750693534,-5.60915562709988,12.5689980790644,10,1,82.4703780701744
7.99999999999999,35,163.332392895655,69.1549178331599,7,-65.5345238577485,-6.400000000001,-6.1040667505438,1,2,85.2404247460513
7.99999999999999,36,14.4506027724588,11.3399302406074,5,-73.5235882874487,-7.40000872926702,-9.57792142964919,0,1,57.5379060884442
7.99999999999999,37,74.788977574945,88.4409320392291,2,-42.8207212129127,-4.81346429180611,21.026772062913,14,1,51.4242031076394
7.99999999999999,38,40.3016534528026,153.520938713522,3,-55.0294906353503,-4.81294868569889,16.3972814275628,12,1,106.596869925332
7.99999999999999,39,71.1161739933109,119.865890746291,2,-49.8388607754698,-4.81284995917312,21.026772062913,14,1,76.6771510548512
7.99999999999999,40,77.987089084382,174.652016550024,4,-63.944469657179,-5.60824742572379,4.04160349123876,5,2,79.6607259477553
7.99999999999999,41,197.612540519033,186.209315054073,1,-76.2709022868696,-5.60001644847699,-8.28482913845185,0,2,64.2675541106214
7.99999999999999,42,130.889058909827,37.9669731915633,6,-61.4790374486883,-5.60804697928155,6.50703569972945,7,1,85.0886807130654
7.99999999999999,43,76.7951260103993,41.3315870323642,6,-53.1030021262075,-5.61949714194357,14.8830710222102,11,1,36.679287905992
7.99999999999999,44,43.7465041887287,128.013890017721,2,-52.6978753805506,-4.81896077058006,18.7288966823625,13,1,81.716113744834
7.99999999999999,45,49.4462867358899,186.771509393855,4,-58.1413812203369,-5.60804626154834,9.8446919280809,8,2,109.614976870422
7.99999999999999,46,79.8147399408119,117.73318309749,2,-55.7238706475616,-4.8111730708774,15.7029014153514,12,1,77.6463315956156
7.99999999999999,47,177.432897109025,73.2642383754513,7,-57.3316974575259,-6.40000000000047,2.09875964967877,4,2,84.8126815747145
7.99999999999999,48,128.073326975881,89.3026648793425,8,-47.466525300614,-6.41645241276306,13.8304571072047,10,2,68.6818424378383
7.99999999999999,49,72.0501494353628,164.862683769898,2,-53.8070897231779,-4.80987385796868,17.6196823397351,13,2,82.7606704412988
7.99999999999999,50,122.875953136366,24.9117664421759,6,-50.0344833326607,-5.61352586024593,17.5860731484177,12,1,80.5765102780312
7.99999999999999,51,154.638729882905,31.5923825526343,6,-59.6246924262403,-5.60394908264644,8.36138072217745,8,1,108.813391508565
7.99999999999999,52,180.514482635678,189.79923443558,1,-71.0638637606565,-5.60002357174343,-3.07779061223874,2,2,55.3837766153713
7.99999999999999,53,106.426394728445,156.303423457302,8,-52.6444010526147,-6.42447559213531,11.58605605459,9,2,49.9063345041826
7.99999999999999,54,103.669212430634,5.22770324994797,5,-60.4415989408332,-7.41242771336605,3.5040679169663,5,1,73.737323786528
7.99999999999999,55,186.91901785393,46.9176829493516,7,-84.3307748183219,-6.40000000000044,-21.1695428927953,0,2,111.987624172625
7.99999999999999,56,36.9905004782831,9.33137852908107,5,-64.3072401695727,-7.40012763644455,-0.361573311773109,3,1,48.7384227294077
7.99999999999999,57,150.409545005012,122.088217679538,8,-53.9515162572167,-6.43105842416737,10.278940849988,8,2,36.4895234199625
7.99999999999999,58,21.1489687857107,78.0728989908811,2,-59.5798372707713,-4.80431440931891,11.8469347921418,9,1,46.6124410418518
7.99999999999999,59,64.7848139734512,33.3493363154045,6,-64.9988186005686,-5.60035307747179,2.98725454784916,5,1,32.3741459403497
7.99999999999999,60,36.4891064711369,169.966615149375,3,-59.4181539631822,-4.80543307153256,12.0086180997309,9,2,117.624991690729
7.99999999999999,61,22.8554366482527,175.468728580989,4,-58.6411573208726,-5.61066721492204,9.3449158275452,8,1,130.504709383558
7.99999999999999,62,170.841585585261,141.618670724047,1,-53.5124728325677,-5.60000593552544,14.47360031585,11,2,32.509511994795
7.99999999999999,63,106.712680575227,97.5082443018988,8,-44.303208950349,-6.41007124190664,13.8304571072047,10,2,71.9821258317055
7.99999999999999,64,129.393707980869,170.718601643909,8,-61.9714523690154,-6.40081017704685,2.25900473818926,4,2,37.4983962971312
7.99999999999999,65,165.875246889702,182.387435320313,1,-65.8384911826989,-5.60012050894201,2.14758196571889,4,2,43.0490351858955
7.99999999999999,66,90.389066975158,88.0226204711933,2,-46.1056121940761,-4.81329177510476,21.026772062913,14,1,60.2432269937476
7.99999999999999,67,194.825574127645,88.8584772908335,7,-88.8269920728976,-6.40000000000043,-21.1695428927953,0,2,79.3717071447286
7.99999999999999,68,49.6677069360664,154.757687133646,3,-60.635207638149,-4.80516219714773,10.7915644247641,9,2,103.157426384767
7.99999999999999,69,79.7031171941931,57.2058202018242,6,-46.4459666290784,-5.6308784888474,17.5860731484177,12,1,38.5544941068222
7.99999999999999,70,20.994306701749,67.1453032832111,2,-75.0214248058108,-4.80019504615781,-3.59465274289772,2,1,41.0796989811938
7.99999999999999,71,134.445272816628,67.1450667389825,6,-52.8265308604195,-5.60633605214694,15.1595422879982,11,1,89.3152137911507
7.99999999999999,72,150.111314725655,135.490174286831,8,-51.7962574493962,-6.49654975349771,12.4341996578085,10,2,27.6187876851009
7.99999999999999,73,86.0100553513869,147.114489641417,2,-54.4584630292003,-4.81213316264681,16.9683090337128,12,2,68.2296796574779
7.99999999999999,74,105.072759768789,90.5438253420282,8,-49.1373666611428,-6.40923900075839,13.8304571072047,10,2,78.1392578653791
7.99999999999999,75,97.4132916065949,166.409023188654,8,-63.1199333288398,-6.41997523048699,1.11052377836491,4,2,59.8904662000457
7.99999999999999,76,164.742527374506,161.914031335081,1,-66.6067379441835,-5.60002940348375,1.37933520423423,4,2,30.1916587162969
7.99999999999999,77,182.162624715352,80.9313283844287,7,-69.7799451253049,-6.40000000000062,-10.3494880181002,0,2,79.7318369744496
7.99999999999999,78,32.5085476127868,112.613151896062,2,-56.2815218155349,-4.82055144351233,15.1452502473781,11,1,69.1274742557076
7.99999999999999,79,39.8796505168548,67.7090194121943,2,-57.4401960397995,-4.80388333978921,13.9865760231136,10,1,31.1172113500306
7.99999999999999,80,105.922118469829,37.7054519133828,6,-59.6904179480909,-5.61893132649576,8.29565520032681,8,1,61.8925621283185
7.99999999999999,81,120.223559351795,85.8245465534534,8,-52.0474225668505,-6.41281522862663,12.1830345403542,9,2,74.5478050833552
7.99999999999999,82,199.729574143956,124.318062774775,1,-72.6193930865405,-5.60005111013589,-4.63331993812278,2,2,60.7029030951538
7.99999999999999,83,125.338623331179,153.667644406806,8,-48.8933268566272,-6.45498378156378,13.8304571072047,10,2,34.2620068690706
7.99999999999999,84,41.4628985151153,123.609930131811,2,-54.4695440026346,-4.82169613715807,16.9572280602784,12,1,77.740297888375
7.99999999999999,85,5.38636387613819,170.128868499501,3,-67.8798032928873,-4.81198236209795,3.54696877002578,5,1,130.282660301219
7.99999999999999,86,152.204078703278,73.3259024642929,7,-74.7841250305058,-6.40000000000165,-15.3536679233011,0,2,80.2248415133702
7.99999999999999,87,163.995978909948,96.0941264766555,7,-74.8925276303153,-6.40000000000171,-15.4620705231106,0,2,60.4481647857279
7.99999999999999,88,108.744775400098,76.4848699029313,6,-44.1220339705875,-5.61054243275324,17.5860731484177,12,1,68.5904291470985
7.99999999999999,89,15.1613775369532,123.815320175601,3,-59.6649318597758,-4.8097702615875,11.7618402031372,9,1,84.9392789453104
7.99999999999999,90,140.40017634219,56.9432732920432,6,-55.3769770159908,-5.60611108903188,12.6090961324269,10,1,93.6624307110754
7.99999999999999,91,101.804532877533,153.702303670281,8,-51.853462997686,-6.41960290702875,12.3769941095186,10,2,53.747186936804
7.99999999999999,92,101.935988298835,6.17002091940537,5,-61.1113669012813,-7.4149936214567,2.83429995651823,5,1,71.9073288808734
7.99999999999999,93,81.4598533319498,180.88675063429,4,-61.7026948000601,-5.61223707455742,6.28337834835762,7,2,78.7654306788368
7.99999999999999,94,86.1890217519629,67.1683174802235,6,-50.9363540849941,-5.62005887331574,17.0497190634236,12,1,46.4397073684341
7.99999999999999,95,194.461345980222,149.484462190517,1,-71.4108942537417,-5.60006313675908,-3.42482110532391,2,2,50.2924155873034
7.99999999999999,96,75.4259777160441,188.036714582684,4,-63.3471489949923,-5.60391185861621,4.63892415342542,6,2,86.9501377563746
7.99999999999999,97,85.6301728483856,113.066801222915,2,-53.8042374403732,-4.81146420392919,17.6225346225399,13,1,76.1523514653129
7.99999999999999,98,183.738723668268,32.4029683053993,7,-86.1890165801139,-6.40000000000117,-21.1695428927953,0,2,124.577740139018
7.99999999999999,99,112.364137628604,162.846626639434,8,-52.9278053235468,-6.43118098757764,11.3026517836579,9,2,46.1924664036425
7.99999999999999,100,50.8067449303038,32.8031825668353,6,-58.8024756182908,-5.6002617560645,9.18359753012692,8,1,29.1312781596031
8.49999999999999,1,19.9493814658427,174.91573688382,4,-53.0777363729356,-5.61211402824039,14.9083367754822,11,1,130.610991097661
8.49999999999999,2,186.663168305807,28.334587892621,7,-95.3762287364142,-6.40000000000062,-21.1695428927953,0,2,129.224264027613
8.49999999999999,3,151.75807811776,29.8780170141046,6,-59.9273032361231,-5.60621469265006,8.05876991229461,7,1,106.35718434363
8.49999999999999,4,55.3364395230484,3.49438169093707,5,-66.9244121402736,-7.40015644209955,-2.97874528247403,2,1,52.3784318311593
8.49999999999999,5,49.2531584886972,93.741057732086,2,-50.5545286653645,-4.82426908070934,20.8722433975485,14,1,49.6597211406255
8.49999999999999,6,110.413321669588,26.7394704787164,6,-58.8544505924735,-5.6055261538381,9.13162255594422,8,1,68.8699620209249
8.49999999999999,7,66.2099095324105,84.0701557372819,2,-42,-4.82873730748129,21.026772062913,14,1,44.4498220357695
8.49999999999999,8,130.970792322022,138.478246635931,8,-50.3089010107248,-6.42600988519294,13.8304571072047,10,2,32.3591029763508
8.49999999999999,9,195.40735088605,157.995335040367,1,-71.617420094151,-5.60003293532587,-3.63134694573324,2,2,51.7494241214001
8.49999999999999,10,80.5336232421275,93.2242803349164,2,-49.3800531826868,-4.81528883765404,21.026772062913,14,1,57.9041497542588
8.49999999999999,11,153.365530414341,56.619449581641,7,-75.6022254228297,-6.40000000000077,-16.171768315625,0,2,96.3509418293643
8.49999999999999,12,154.943005962816,122.782756605789,8,-56.7061677950608,-6.41753155422301,7.52428931214392,7,2,36.2968544908254
8.49999999999999,13,89.3139503162558,18.217597235263,5,-57.2933878973686,-7.40753552157793,6.65227896043094,7,1,55.7490611128922
8.49999999999999,14,177.565379566217,98.4303911286083,7,-74.8686535592283,-6.40000000000037,-15.4381964520236,0,2,63.0200341937224
8.49999999999999,15,182.792523737258,188.566322254157,1,-67.3141604646767,-5.60001574016762,0.671912683741044,4,2,55.8118340969919
8.49999999999999,16,94.4417331048027,151.996970422505,2,-52.7555604427027,-4.81065895102837,18.6712116202103,13,2,60.3569292730034
8.49999999999999,17,141.291487627431,98.1604187050292,8,-51.6359789068271,-6.42461839173495,12.5944782003776,10,2,57.5797740233588
8.49999999999999,18,73.3140045179494,26.0032724514615,6,-61.9101662786023,-5.64553507034125,6.07590686981542,7,1,40.8856422195097
8.49999999999999,19,121.475229562208,61.0974354687309,6,-51.5434182596888,-5.6094388270547,16.4426548887289,12,1,76.0533465072573
8.49999999999999,20,48.3192002436858,198.975975736027,4,-65.8607300745075,-5.60950784267169,2.12534307391028,4,2,115.281747203881
8.49999999999999,21,89.8707732569642,63.3708305178151,6,-47.6782651198393,-5.61984862781168,17.5860731484177,12,1,48.1737238424059
8.49999999999999,22,140.455420275566,38.9126447616155,6,-62.0308044664502,-5.60549917164541,5.95526868196757,7,1,94.1135617401198
8.49999999999999,23,123.44683924039,182.798500601035,8,-63.7484729524116,-6.40001612718252,0.481984154793053,4,2,48.3017803812843
8.49999999999999,24,177.639922456078,37.2613409109019,7,-82.7844249775076,-6.40000000000109,-21.1695428927953,0,2,118.432345947321
8.49999999999999,25,104.921382729809,91.0692277962653,8,-44.3668916543041,-6.4092603250173,13.8304571072047,10,2,77.8278076751545
8.49999999999999,26,146.045119631469,114.430588551503,8,-49.6917993078387,-6.44107018159431,13.8304571072047,10,2,42.8144147399195
8.49999999999999,27,59.9678197503052,154.242211568082,3,-57.1560805756622,-4.80521690338115,14.2706914872508,11,2,93.1452620346409
8.49999999999999,28,150.896886954571,85.1630092958086,7,-68.3100625063355,-6.40000000000167,-8.87960539913087,0,2,68.9702092920174
8.49999999999999,29,149.633461723857,184.99302692134,1,-76.991630383648,-5.60009036445177,-9.00555723523027,0,2,42.1532476023557
8.49999999999999,30,57.2133187489484,23.6438063612114,5,-63.9647454711157,-7.40026749872762,-0.019078613316177,3,1,36.0406841014325
8.49999999999999,31,143.230090538633,143.414138069717,8,-55.0030480042024,-6.44041682138995,9.22740910300228,8,2,25.3269668827489
8.49999999999999,32,40.7373098552959,86.225236659542,2,-52.9999502856469,-4.80818549117346,18.4268217772662,13,1,44.1623731218853
8.49999999999999,33,165.515592914227,5.01265685211763,6,-62.4972475536796,-5.60326689597229,5.48882559473812,6,1,126.17433673228
8.49999999999999,34,129.280018964875,48.9187610968581,6,-54.9972289628192,-5.60856832771204,12.9888441855985,10,1,82.6966775912829
8.49999999999999,35,163.85930023611,69.3616715510015,7,-68.0333882917704,-6.40000000000094,-8.60293118456569,0,2,85.1285511334664
8.49999999999999,36,14.5389387255382,10.4706152249278,5,-65.4681519788938,-7.40001054010381,-1.52248512109423,3,1,58.0715862311927
8.49999999999999,37,74.0435507786458,88.216016028488,2,-42.7209657606058,-4.82041809958218,21.026772062913,14,1,50.8999628205657
8.49999999999999,38,40.5126417151668,152.975745826733,3,-57.6944765304405,-4.81417409350919,13.7322955324726,10,1,106.04840496583
8.49999999999999,39,71.8837829745161,120.831877548668,2,-45.9989193541739,-4.81282953581754,21.026772062913,14,1,77.7708482295599
8.49999999999999,40,77.5793320492836,174.599987769868,4,-59.4194847378472,-5.60834906199772,8.56658841057052,8,2,80.0135147628547
8.49999999999999,41,198.635989135712,186.168601249255,1,-74.1982717600163,-5.60001539742361,-6.21219861159855,1,2,65.0067470001133
8.49999999999999,42,131.165368890614,39.0142595341301,6,-58.2090460226869,-5.606960970125,9.7770271257308,8,1,85.2100557489133
8.49999999999999,43,76.7956785165232,41.3275317083325,6,-49.7452218264065,-5.65559338299015,17.5860731484177,12,1,36.6806501227942
8.49999999999999,44,42.3907059436943,127.96757836327,2,-52.9932225825907,-4.81544372281064,18.4335494803223,13,1,81.7868854515685
8.49999999999999,45,49.3791611749058,186.602961289061,4,-62.1148722081943,-5.60857063167405,5.87120094022342,6,2,109.620162292318
8.49999999999999,46,79.0578390609639,117.478552172577,2,-47.5792328060147,-4.81144104802773,21.026772062913,14,1,77.1360033590027
8.49999999999999,47,176.706744664196,73.3452320802151,7,-75.3477645749848,-6.40000000000238,-15.9173074677802,0,2,84.5071219211414
8.49999999999999,48,127.788236833008,90.7299388448532,8,-50.7608156195902,-6.41545834791151,13.4696414876144,10,2,67.5170539369229
8.49999999999999,49,72.4677867476304,164.284650894178,2,-59.7237822763376,-4.80712047702293,11.7029897865754,9,2,82.2650918858022
8.49999999999999,50,123.216160689074,25.6564017087538,6,-62.2554781755158,-5.6047506868072,5.73059497290199,6,1,80.6564750272031
8.49999999999999,51,155.91544261363,31.9174487959961,6,-61.4557135207,-5.6063462335415,6.53035962771776,7,1,109.987770420564
8.49999999999999,52,180.759541353854,189.884859881289,1,-64.9167804758442,-5.60001237087104,3.06929267257357,5,2,55.5805850279534
8.49999999999999,53,106.509707740957,156.9024065581,8,-52.2897311520135,-6.42472411245535,11.9407259551911,9,2,49.912911526681
8.49999999999999,54,103.322958304142,5.82176043744206,5,-62.016220880574,-7.4250036521382,1.92944597722555,4,1,73.1252674056786
8.49999999999999,55,186.11590479348,47.5685819413252,7,-76.0057307493701,-6.40000000000041,-16.5752736421654,0,2,111.125172596324
8.49999999999999,56,36.6531716493376,8.92822759254658,5,-61.8101904009085,-7.40012861288294,2.13547645689102,4,1,49.1658246723443
8.49999999999999,57,150.185855422664,122.032893669006,8,-54.9215509401093,-6.42052504748712,9.30890616709534,8,2,36.5300366652875
8.49999999999999,58,20.4408154392545,76.8040176335837,2,-70.3670220648077,-4.8042240248466,1.0597499981053,4,1,46.3082147485485
8.49999999999999,59,65.51049421304,33.8118350780524,6,-60.8621142302562,-5.600049591228,7.12395891816152,7,1,32.4789487864512
8.49999999999999,60,36.8691570078239,169.936732249082,3,-57.8954578455774,-4.80615542281435,13.5313142173356,10,2,117.253191550985
8.49999999999999,61,23.2078385951942,175.959888002219,4,-53.8922024806817,-5.61248796419395,14.093870667736,10,1,130.904405190478
8.49999999999999,62,170.497528643573,142.93333921279,1,-70.0258707155543,-5.60065476716793,-2.03979756713654,3,2,31.9739952957962
8.49999999999999,63,106.223385339443,96.9857993994598,8,-45.1990309904543,-6.41024845927471,13.8304571072047,10,2,72.6577418893074
8.49999999999999,64,129.02390238073,171.845507495582,8,-65.8439617836386,-6.40038599601838,-1.61350467643392,3,2,38.3337040875606
8.49999999999999,65,167.12869229048,183.186650562185,1,-67.4505912145893,-5.60007786418818,0.535481933828411,4,2,44.1247762047416
8.49999999999999,66,89.3024074526618,88.0403056171343,2,-49.7616487776636,-4.81293647997654,21.026772062913,14,1,59.5314545683206
8.49999999999999,67,194.877978323352,88.9087075678769,7,-75.2163150961132,-6.40000000000007,-15.7858579889085,0,2,79.36264202645
8.49999999999999,68,50.0120268545293,155.111278445043,3,-56.4624844644143,-4.80470260928136,14.9642875984988,11,2,102.839534912805
8.49999999999999,69,79.9644632956707,56.5665441020929,6,-49.5130468782052,-5.62635460949524,17.5860731484177,12,1,38.6424450836425
8.49999999999999,70,21.555525997695,66.6012689722588,2,-65.5424389731778,-4.8001347004274,5.88433308973525,6,1,40.4591180422545
8.49999999999999,71,135.552662957722,68.0040986522367,6,-47.1161647678923,-5.60644838956049,17.5860731484177,12,1,90.529860860586
8.49999999999999,72,149.919206990785,135.246264025665,8,-56.9092369662948,-6.4830488934711,7.32122014090987,7,2,27.7475990440748
8.49999999999999,73,84.9109271086532,146.21342856404,2,-48.1160242735068,-4.80984133236062,21.026772062913,14,2,69.3049459497278
8.49999999999999,74,104.810103501595,91.0152319086447,8,-44.2627555721727,-6.40924438964337,13.8304571072047,10,2,77.9331740167658
8.49999999999999,75,98.6149761565651,166.92226978276,8,-59.5188669158856,-6.4158868825957,4.71159019131907,6,2,58.983335697389
8.49999999999999,76,164.92703486321,161.843728909696,1,-69.4760884739221,-5.60005468692269,-1.49001532550433,3,2,30.2545911275272
8.49999999999999,77,183.252193115535,81.0787707673961,7,-82.2917362900658,-6.40000000000119,-21.1695428927953,0,2,80.0505726770646
8.49999999999999,78,32.7481684493859,112.743539083935,2,-62.3176616443629,-4.81418584713388,9.10911041855011,8,1,69.1854564820385
8.49999999999999,79,38.9581227342635,67.748741783173,2,-60.9652044868767,-4.8356622737305,10.4615675760363,9,1,31.4514051901873
8.49999999999999,80,106.038315576455,37.5501918417784,6,-64.6257001708614,-5.61689007900095,3.36037297755634,5,1,62.0285461366205
8.49999999999999,81,119.214658781852,85.0758751855462,8,-52.2046150310137,-6.41165553088975,12.025842076191,9,2,75.5984736409444
8.49999999999999,82,199.79100471336,123.525651479115,1,-62.8923028276535,-5.60003617381176,5.09377032076423,6,2,61.0924322643251
8.49999999999999,83,124.16098106475,154.145236451504,8,-58.5147471549664,-6.44891020845834,5.71570995223823,6,2,35.1722601601759
8.49999999999999,84,41.4427687221827,122.949901422275,2,-57.953337619907,-4.82037489283253,13.473434443006,10,1,77.1178599590373
8.49999999999999,85,5.75529290875039,170.476218707679,3,-62.2311403570178,-4.8048233301002,9.19563170589521,8,1,130.477443949868
8.49999999999999,86,152.074072136987,72.9484486175328,7,-72.829012096406,-6.40000000000162,-13.3985549892013,0,2,80.582214822344
8.49999999999999,87,162.95384611604,96.7145571878314,8,-49.9820985094667,-6.42545347250547,13.8304571072047,10,2,59.6606280966513
8.49999999999999,88,109.217485775177,75.3974652556032,6,-43.4360611483769,-5.61091708538796,17.5860731484177,12,1,68.5856534775519
8.49999999999999,89,14.6040716318105,123.624494513221,3,-60.4038231635953,-4.81379875519944,11.0229488993177,9,1,85.0040465941081
8.49999999999999,90,140.55228924406,57.4227125383942,6,-54.5046779052623,-5.60483427105258,13.4813952431555,10,1,93.8459575515512
8.49999999999999,91,101.516058344274,153.026663497397,8,-51.5651115992287,-6.41891249602564,12.665345507976,10,2,53.9639072936928
8.49999999999999,92,101.417853717499,7.13408668806246,5,-62.2300641086546,-7.42562558330725,1.71560274914497,4,1,70.9473904028941
8.49999999999999,93,80.4746144246135,181.629365325244,4,-57.0519672985872,-5.60199525480297,10.9341058498305,9,2,79.915242540356
8.49999999999999,94,85.5547487496852,67.2872305974785,6,-48.9207841886366,-5.62092255435839,17.5860731484177,12,1,45.9917220854323
8.49999999999999,95,194.485971531222,150.435943792909,1,-72.3111519895011,-5.60002178940541,-4.32507884108339,2,2,50.3134346876385
8.49999999999999,96,76.6081074633505,188.393705409454,4,-60.947328846185,-5.60848132960042,7.03874430223275,7,2,86.0970179807584
8.49999999999999,97,85.046669442945,114.190790035569,2,-50.8413643027676,-4.80925865083951,20.5854077601454,14,1,76.817814108666
8.49999999999999,98,184.59198271857,31.8709565946885,7,-91.5067301155743,-6.40000000000085,-21.1695428927953,0,2,125.312912998844
8.49999999999999,99,112.562159303109,163.529948761685,8,-55.1935288697059,-6.43333585227606,9.03692823749875,8,2,46.2266311722971
8.49999999999999,100,51.6986092666847,33.5105468497821,6,-66.2677715993992,-5.60109524828024,1.71830154901852,4,1,28.7582568775317
8.99999999999998,1,20.0755245749076,174.872498261621,4,-63.9472636729235,-5.60912333201763,4.03880947549425,5,1,130.540664360059
8.99999999999998,2,186.498895132053,29.5205564842936,7,-85.078647671255,-6.4000000000013,-21.1695428927953,0,2,128.061374565928
8.99999999999998,3,151.299891959813,29.6028074805175,6,-57.6207555239726,-5.60683269157977,10.3653176244452,9,1,105.971522465928
8.99999999999998,4,55.39197913364,3.07545631301158,5,-62.6926553352636,-7.40017032621356,1.25301152253598,4,1,52.7563857671248
8.99999999999998,5,47.9734150907483,94.503139535099,2,-50.5762395365738,-4.82534824074357,20.8505325263392,14,1,50.3675140827389
8.99999999999998,6,110.017741717272,25.6428799268448,6,-60.6477475015785,-5.61558644694244,7.33832564683923,7,1,68.9031829388112
8.99999999999998,7,66.7834239521247,83.6277110817347,2,-47.5562300564322,-4.82386700473451,21.026772062913,14,1,44.3255713122051
8.99999999999998,8,129.620514532462,138.785003193117,8,-51.2585232601336,-6.43303818209932,12.9719338470711,10,2,33.0658370724223
8.99999999999998,9,195.221987838738,159.167465617707,1,-65.473621164721,-5.60001319473231,2.5124519836968,5,2,51.781469754525
8.99999999999998,10,80.3958371360848,94.0907994486241,2,-47.5259450984354,-4.8152901219417,21.026772062913,14,1,58.4820956466352
8.99999999999998,11,153.24523857927,55.836372345316,7,-70.239673000993,-6.40000000000166,-10.8092158937884,0,2,97.1059748240362
8.99999999999998,12,155.871094529179,122.489772909099,8,-53.5846962777067,-6.44689670149147,10.6457608294979,9,2,36.6542268444377
8.99999999999998,13,88.8915422730852,17.4904843194969,5,-63.4687383877653,-7.43262432269228,0.476928470034286,4,1,55.8719130705227
8.99999999999998,14,177.477088521018,97.8904300621275,7,-81.2658568254947,-6.40000000000097,-21.1695428927953,0,2,63.4243460565567
8.99999999999998,15,182.686011790776,187.526897004535,1,-75.0793207906962,-5.6000123320701,-7.09324764227849,0,2,55.0353828511782
8.99999999999998,16,94.5319899437462,153.055113556238,2,-50.9342900618157,-4.81458013569438,20.4924820010974,14,2,60.3181884545796
8.99999999999998,17,140.306908169828,97.1966219217398,8,-46.8326844580317,-6.42348582944181,13.8304571072047,10,2,58.6037777425981
8.99999999999998,18,74.3792099693764,26.4650053716743,6,-66.3651117991639,-5.61839570898636,1.62096134925386,4,1,41.237020392922
8.99999999999998,19,121.736150000408,61.6943906002111,6,-50.9914571686943,-5.60832310233116,16.9946159797234,12,1,76.3877214504487
8.99999999999998,20,47.9296505295717,198.771170883232,4,-65.3550515390005,-5.60411864450339,2.63102160941728,5,2,115.538882417725
8.99999999999998,21,88.954247395809,62.3691060255546,6,-52.9182149163498,-5.61247344835126,15.067858232068,11,1,47.1452879304528
8.99999999999998,22,140.182582398322,39.4198094873645,6,-58.1574658191658,-5.6066858902761,9.82860732925191,8,1,93.7927960949758
8.99999999999998,23,123.079517844694,182.891871876898,8,-66.6992359193119,-6.40013853722191,-2.46877881210719,2,2,48.5678658687037
8.99999999999998,24,176.905813566123,36.0470213232783,7,-87.6514962917531,-6.40000000000037,-21.1695428927953,0,2,119.421330393495
8.99999999999998,25,104.502817275675,90.8151734344937,8,-46.8246092092473,-6.40952254562571,13.8304571072047,10,2,78.262937150606
8.99999999999998,26,146.789149923628,113.755473385934,8,-47.014814513434,-6.44194202351651,13.8304571072047,10,2,43.3154160512241
8.99999999999998,27,59.2129887231259,154.015731982028,3,-53.1463852085342,-4.80621651389749,18.2803868543789,13,2,93.8651027802066
8.99999999999998,28,151.248981965527,86.620555862984,8,-58.2739421258917,-6.42281083051695,5.95651498131295,7,2,67.6074248516192
8.99999999999998,29,150.233327773284,184.005726060902,1,-65.9172103114511,-5.60003188402687,2.06886283696663,4,2,41.3363501869588
8.99999999999998,30,57.4437187625842,23.9679881236961,5,-61.7370246812911,-7.40036135949258,2.20864217650848,4,1,35.8514238398487
8.99999999999998,31,143.32497569772,143.327336609366,8,-49.3930259282562,-6.45927614119226,13.8304571072047,10,2,25.3245016961981
8.99999999999998,32,40.3562548403557,85.4544944097439,2,-52.6964362464909,-4.84112030574233,18.7303358164222,13,1,43.615054677883
8.99999999999998,33,164.458062065359,4.74137868761069,6,-69.3459234628722,-5.60512285800598,-1.35985031445449,3,1,125.304591994291
8.99999999999998,34,129.548596670846,50.3485795862012,6,-56.3697529665804,-5.60844826015762,11.6163201818374,9,1,82.9478796596327
8.99999999999998,35,164.386207576565,69.5684252688432,7,-73.5315291937339,-6.40000000000116,-14.1010720865292,0,2,85.0202986478505
8.99999999999998,36,14.6272746786176,9.60130020924815,5,-67.9931973259821,-7.4000108520771,-4.04753046818251,2,1,58.6134339673531
8.99999999999998,37,73.2981239823467,87.9911000177469,2,-42,-4.82133118072851,21.026772062913,14,1,50.3823010754297
8.99999999999998,38,40.723629977531,152.430552939944,3,-62.2343988695656,-4.81000202100074,9.19237319334749,8,1,105.500328039189
8.99999999999998,39,72.6513919557213,121.797864351045,2,-51.2081325644573,-4.81365719849263,20.2186394984557,14,1,78.8686812550002
8.99999999999998,40,77.1715750141853,174.547958989712,4,-58.7753454000051,-5.60744964326124,9.2107277484127,8,2,80.3668574505377
8.99999999999998,41,199.659437752392,186.127887444437,1,-73.8566489697761,-5.60001924470702,-5.87057582135831,1,2,65.7535855226284
8.99999999999998,42,131.441678871401,40.061545876697,6,-57.6221529813619,-5.60909022916644,10.3639201670558,9,1,85.3450052888479
8.99999999999998,43,76.7962310226471,41.3234763843007,6,-54.5459028654884,-5.64335909862137,13.4401702829294,10,1,36.6820127456614
8.99999999999998,44,41.0349076986598,127.921266708819,3,-53.6312999059291,-4.81680717719264,17.7954721569839,13,1,81.880075021207
8.99999999999998,45,49.3120356139216,186.434413184268,4,-58.2239121084354,-5.60776663980234,9.76216103998238,8,2,109.625647712085
8.99999999999998,46,78.300938181116,117.223921247664,2,-51.5500594990681,-4.81316517550821,19.8767125638449,14,1,76.630598913512
8.99999999999998,47,175.980592219368,73.4262257849789,7,-74.1834482807731,-6.40000000000113,-14.7529911735684,0,2,84.2067934884241
8.99999999999998,48,127.503146690136,92.157212810364,8,-44.2056802612176,-6.41654277611175,13.8304571072047,10,2,66.3637434048974
8.99999999999998,49,72.885424059898,163.706618018459,2,-59.1247063181843,-4.8071323390329,12.3020657447288,10,2,81.7727289499727
8.99999999999998,50,123.556368241782,26.4010369753317,6,-56.8847699308974,-5.61018824598733,11.1013032175204,9,1,80.7446615248358
8.99999999999998,51,157.192155344355,32.2425150393579,6,-59.0713625832394,-5.60662474079637,8.91471056517836,8,1,111.165356291858
8.99999999999998,52,181.00460007203,189.970485326999,1,-74.2721588768175,-5.60002766340914,-6.28608572839979,1,2,55.7779071219276
8.99999999999998,53,106.593020753469,157.501389658899,8,-51.7157528012429,-6.40627266011923,12.5147043059617,10,2,49.9268133784181
8.99999999999998,54,102.976704177649,6.41581762493615,5,-64.444406335383,-7.42169605156167,-0.498739477583421,3,1,72.5145650116512
8.99999999999998,55,185.31279173303,48.2194809332989,7,-83.804493721001,-6.40000000000029,-21.1695428927953,0,2,110.265667011393
8.99999999999998,56,36.3158428203922,8.52507665601209,5,-62.3736315254606,-7.4001165078112,1.57203533233891,4,1,49.5951149217933
8.99999999999998,57,149.962165840316,121.977569658474,8,-48.0593720800665,-6.44944748297575,13.8304571072047,10,2,36.5719569297201
8.99999999999998,58,19.7326620927983,75.5351362762864,2,-65.2931849589504,-4.80091963659702,6.13358710396264,7,1,46.0478547669405
8.99999999999998,59,66.2361744526289,34.2743338407003,6,-62.4147535264065,-5.60004692456183,5.5713196220112,6,1,32.6061334262427
8.99999999999998,60,37.2492075445109,169.90684934879,3,-63.762374361635,-4.80268652778522,7.66439770127801,7,2,116.881452122808
8.99999999999998,61,23.5602405421358,176.451047423449,4,-57.8912830649917,-5.60507224800311,10.094790083426,8,2,131.297070346448
8.99999999999998,62,170.153471701885,144.248007701533,1,-66.5346460303718,-5.60069467475605,1.45142711804596,4,2,31.4880586419727
8.99999999999998,63,105.734090103659,96.4633544970209,8,-49.5338725894842,-6.41003776680487,13.8304571072047,10,2,73.3341202351445
8.99999999999998,64,128.654096780591,172.972413347254,8,-62.7550253894552,-6.40002604517561,1.47543171774947,4,2,39.1871070538444
8.99999999999998,65,168.382137691258,183.985865804057,1,-65.6362966045266,-5.60001263567741,2.34977654389113,4,2,45.2237997137761
8.99999999999998,66,88.2157479301656,88.0579907630752,2,-47.3590887220296,-4.81210745771005,21.026772062913,14,1,58.8311486441008
8.99999999999998,67,194.930382519059,88.9589378449204,7,-83.5946167570578,-6.40000000000162,-21.1695428927953,0,2,79.3536422751297
8.99999999999998,68,50.3563467729922,155.46486975644,3,-57.7572125793058,-4.80499717384489,13.6695594836073,10,2,102.523033655267
8.99999999999998,69,80.2258093971483,55.9272680023615,6,-46.4928289816568,-5.62711862219664,17.5860731484177,12,1,38.742509723617
8.99999999999998,70,22.1167452936411,66.0572346613065,2,-63.1948134834087,-4.8000124615377,8.23195857950432,8,1,39.8442050741127
8.99999999999998,71,136.660053098816,68.863130565491,6,-54.3553065296402,-5.6063675816194,13.6307666187776,10,1,91.7498365002375
8.99999999999998,72,149.727099255914,135.002353764498,8,-49.7438605686463,-6.43726810987085,13.8304571072047,10,2,27.8792730791424
8.99999999999998,73,83.8117988659195,145.312367486662,2,-52.5704772162171,-4.81093124861519,18.8562948466959,13,2,70.3924844564077
8.99999999999998,74,104.547447234402,91.4866384752611,8,-47.0077621852444,-6.40961056190395,13.8304571072047,10,2,77.7302902981476
8.99999999999998,75,99.8166607065353,167.435516376865,8,-61.100155852111,-6.41551134146947,3.13030125509371,5,2,58.0914346007304
8.99999999999998,76,165.111542351914,161.773426484311,1,-65.9951028140266,-5.60007815975871,1.99097033439117,4,2,30.3186787877565
8.99999999999998,77,184.341761515719,81.2262131503634,7,-82.047452432649,-6.40000000000187,-21.1695428927953,0,2,80.3830849223999
8.99999999999998,78,32.987789285985,112.873926271808,2,-54.9677867846015,-4.81983196582449,16.4589852783115,12,1,69.2444648922263
8.99999999999998,79,38.0365949516723,67.7884641541518,2,-69.2769326952437,-4.84583675770063,2.1498393676693,4,1,31.8088433822089
8.99999999999998,80,106.15451268308,37.3949317701741,6,-56.7314901182211,-5.61517490651983,11.2545830301967,9,1,62.1648376476025
8.99999999999998,81,118.205758211909,84.3272038176389,8,-47.304501356063,-6.41114153126483,13.8304571072047,10,2,76.655332295213
8.99999999999998,82,199.852435282765,122.733240183456,1,-59.9277284337471,-5.60000510746577,8.05834471467069,7,2,61.4897673968226
8.99999999999998,83,122.983338798321,154.622828496203,8,-53.152003445759,-6.42835448393083,11.0784536614456,9,2,36.1043006550693
8.99999999999998,84,41.42263892925,122.289872712739,2,-56.2062521711287,-4.81671437156433,15.2205198917843,11,1,76.4960575439156
8.99999999999998,85,6.12422194136259,170.823568915857,3,-66.2995722157416,-4.80600078649194,5.12719984717145,6,1,130.673902160362
8.99999999999998,86,151.944065570697,72.5709947707728,7,-72.0963677208083,-6.40000000000225,-12.6659106136036,0,2,80.939979254574
8.99999999999998,87,161.911713322132,97.3349878990073,8,-55.6281962258051,-6.42536945896464,8.60226088139954,8,2,58.8875403957949
8.99999999999998,88,109.690196150256,74.3100606082751,6,-43.5803282404831,-5.60843305477611,17.5860731484177,12,1,68.6013743538276
8.99999999999998,89,14.0467657266678,123.433668850841,3,-56.9621143891369,-4.82016581438611,14.4646576737761,11,1,85.0728439374635
8.99999999999998,90,140.70440214593,57.9021517847452,6,-53.5320341911887,-5.60565719469681,14.454038957229,11,1,94.0318168040998
8.99999999999998,91,101.227583811016,152.351023324514,8,-58.0467007469209,-6.41710791841764,6.18375636028381,7,2,54.1897212724323
8.99999999999998,92,100.899719136163,8.09815245671955,5,-64.3271317418522,-7.42283230346787,-0.381464884052643,3,1,69.9914011552891
8.99999999999998,93,79.4893755172773,182.371980016199,4,-63.4618625827289,-5.61547120781785,4.52421056568888,6,2,81.0675228134714
8.99999999999998,94,84.9204757474076,67.4061437147334,6,-50.5413619870615,-5.61389308675766,17.4447111613562,12,1,45.5484737992749
8.99999999999998,95,194.510597082222,151.387425395301,1,-69.0688961088942,-5.60004462645143,-1.08282296047646,3,2,50.3524398797457
8.99999999999998,96,77.790237210657,188.750696236224,4,-67.566387196671,-5.61354043618243,0.419685951746719,4,2,85.2532480371586
8.99999999999998,97,84.4631660375044,115.314778848223,2,-48.2052873180457,-4.81158097040556,21.026772062913,14,1,77.4982590083213
8.99999999999998,98,185.445241768872,31.3389448839777,7,-84.1009353812851,-6.40000000000153,-21.1695428927953,0,2,126.051819365297
8.99999999999998,99,112.760180977614,164.213270883936,8,-54.7630549737789,-6.40649708462768,9.46740213342576,8,2,46.2717104723847
8.99999999999998,100,52.5904736030656,34.2179111327289,6,-55.7402928914547,-5.60023265883557,12.245780256963,9,1,28.4259543815616
9.49999999999998,1,20.2016676839724,174.829259639421,4,-61.8586559391611,-5.60775837678374,6.12741720925661,7,1,130.470436003497
9.49999999999998,2,186.334621958298,30.7065250759662,7,-90.2524415393971,-6.4000000000015,-21.1695428927953,0,2,126.899124946958
9.49999999999998,3,150.841705801866,29.3275979469304,6,-59.3355135319777,-5.60734567761513,8.65055961644007,8,1,105.587157531936
9.49999999999998,4,55.4475187442316,2.65653093508609,5,-67.0514342737797,-7.4000704573429,-3.10576741598016,2,1,53.1350122195263
9.49999999999998,5,46.6936716927993,95.265221338112,2,-48.2488634160836,-4.83461164008387,21.026772062913,14,1,51.1089235815358
9.49999999999998,6,109.622161764956,24.5462893749732,6,-59.4748457297714,-5.61090714084141,8.51122741864637,8,1,68.9560987738516
9.49999999999998,7,67.3569383718389,83.1852664261875,2,-49.7915730940119,-4.82299920126722,21.026772062913,14,1,44.2128399610437
9.49999999999998,8,128.270236742903,139.091759750303,8,-50.776471765882,-6.43483893726243,13.4539853413227,10,2,33.8145281876678
9.49999999999998,9,195.036624791426,160.339596195048,1,-65.7545028123872,-5.60003450048482,2.23157033603055,4,2,51.8406676469383
9.49999999999998,10,80.2580510300421,94.9573185623319,2,-50.8884484295946,-4.81458012231047,20.5383236333184,14,1,59.0674203300908
9.49999999999998,11,153.124946744199,55.053295108991,7,-64.6496701963914,-6.40000000000277,-5.21921308918673,1,2,97.8615964605852
9.49999999999998,12,156.799183095543,122.196789212409,8,-52.1648119958571,-6.42808915216508,12.0656451113476,9,2,37.0337335528828
9.49999999999998,13,88.4691342299146,16.7633714037308,5,-56.6662564188457,-7.42868859004503,7.27941043895387,7,1,56.0071224831764
9.49999999999998,14,177.388797475818,97.3504689956467,7,-69.3676085417521,-6.40000000000107,-9.93715143454746,0,2,63.8307867893678
9.49999999999998,15,182.579499844294,186.487471754913,1,-59.652960035172,-5.6000002896758,8.33311311324571,8,2,54.2679408598665
9.49999999999998,16,94.6222467826897,154.11325668997,2,-53.9625619529392,-4.81180142394775,17.4642101099738,12,2,60.298129589523
9.49999999999998,17,139.322328712224,96.2328251384504,8,-55.8714532867352,-6.42337935312186,8.35900382046944,8,2,59.6420301190548
9.49999999999998,18,75.4444154208034,26.9267382918872,6,-58.9966347804856,-5.60567890199922,8.98943836793216,8,1,41.6178288952882
9.49999999999998,19,121.997070438608,62.2913457316912,6,-51.6829097463496,-5.60922564084869,16.3031634020681,12,1,76.7261710998136
9.49999999999998,20,47.5401008154577,198.566366030438,4,-62.2689789061459,-5.60649176843195,5.71709424227189,6,2,115.797119352379
9.49999999999998,21,88.0377215346538,61.367381533294,6,-42,-5.62136167547925,17.5860731484177,12,1,46.1338880051458
9.49999999999998,22,139.909744521077,39.9269742131135,6,-56.1669016727074,-5.60754678545325,11.8191714757104,9,1,93.4744778447501
9.49999999999998,23,122.712196448999,182.98524315276,8,-64.0853899922984,-6.40161774863379,0.145067114906253,3,2,48.8354429537069
9.49999999999998,24,176.171704676168,34.8327017356546,7,-93.2567531721096,-6.40000000000153,-21.1695428927953,0,2,120.418913444547
9.49999999999998,25,104.084251821541,90.561119072722,8,-48.5419143081579,-6.40876502452409,13.8304571072047,10,2,78.6987070838831
9.49999999999998,26,147.533180215788,113.080358220365,8,-53.4691708265819,-6.43437589964304,10.7612862806228,9,2,43.8337215963271
9.49999999999998,27,58.4581576959467,153.789252395973,3,-58.3734056251044,-4.80739937088041,13.0533664378087,10,2,94.5860313478716
9.49999999999998,28,151.601076976483,88.0781024301595,8,-52.2326826866288,-6.42145445905904,11.9977744205758,9,2,66.2505460063119
9.49999999999998,29,150.833193822712,183.018425200464,1,-61.4613904054528,-5.60004925980133,6.52468274296492,7,2,40.5359175875522
9.49999999999998,30,57.67411877622,24.2921698861808,5,-59.2922131751531,-7.40021862796284,4.65345368264646,6,1,35.6655944595421
9.49999999999998,31,143.419860856807,143.240535149015,8,-54.9266977696272,-6.44421168741668,9.30375933757744,8,2,25.3226893559014
9.49999999999998,32,39.9751998254154,84.6837521599458,2,-58.3027158610408,-4.8283767590563,13.1240562018723,10,1,43.0779442688819
9.49999999999998,33,163.40053121649,4.47010052310375,6,-63.9162679859759,-5.60763461792943,4.06980516244181,5,1,124.43834709027
9.49999999999998,34,129.817174376818,51.7783980755443,6,-53.7430857792087,-5.60654469110903,14.242987369209,11,1,83.2237587784549
9.49999999999998,35,164.91311491702,69.7751789866848,7,-74.475343352791,-6.4000000000006,-15.0448862455863,0,2,84.9156811380955
9.49999999999998,36,14.715610631697,8.73198519356855,5,-70.0256594652688,-7.40001498760781,-6.07999260746922,1,1,59.1632248880828
9.49999999999998,37,72.5526971860475,87.7661840070058,2,-53.6326227713373,-4.82113578855455,17.7941492915758,13,1,49.8714227270145
9.49999999999998,38,40.9346182398952,151.885360053156,3,-55.7154913160202,-4.81401574458458,15.7112807468929,12,1,104.95264522449
9.49999999999998,39,73.4190009369265,122.763851153422,2,-44.4236355843388,-4.81265064312907,21.026772062913,14,1,79.9704798007438
9.49999999999998,40,76.7638179790869,174.495930209557,4,-59.8936370291301,-5.6021372427817,8.09243611928767,7,2,80.7207467373276
9.49999999999998,41,199.385930829992,186.087173639618,1,-68.9397215869462,-5.60000114701816,-0.953648438528471,3,2,65.5248370104095
9.49999999999998,42,131.717988852189,41.1088322192638,6,-56.9438760787233,-5.60537841781928,11.0421970696944,9,1,85.4934650517316
9.49999999999998,43,76.796783528771,41.319421060269,6,-63.1260841448706,-5.63977165702415,4.85998900354717,6,1,36.6833757745483
9.49999999999998,44,39.6791094536254,127.874955054368,3,-54.4037199534383,-4.81781233774863,17.0230521094747,12,1,81.9956060187991
9.49999999999998,45,49.2449100529374,186.265865079475,4,-59.9136754439732,-5.60547598860188,8.07239770444456,7,2,109.631433084692
9.49999999999998,46,77.544037301268,116.969290322752,2,-45.5624165825233,-4.81238885836952,21.026772062913,14,1,76.1302163216858
9.49999999999998,47,175.254439774539,73.5072194897427,7,-84.7999328206633,-6.40000000000143,-21.1695428927953,0,2,83.9117524457463
9.49999999999998,48,127.218056547264,93.5844867758747,8,-45.4416870004119,-6.41525579241974,13.8304571072047,10,2,65.2225197291942
9.49999999999998,49,73.3030613721655,163.128585142739,2,-56.3614898718113,-4.80728002834276,15.0652821911017,11,2,81.2836400681709
9.49999999999998,50,123.89657579449,27.1456722419097,6,-59.9915762323313,-5.60816601011857,7.99449691608645,7,1,80.8410428645317
9.49999999999998,51,158.46886807508,32.5675812827197,6,-70.4304264043406,-5.60480608590413,-2.44435325592289,2,1,112.346048278627
9.49999999999998,52,181.249658790206,190.056110772709,1,-63.9720346734518,-5.60000346250838,4.01403847496597,5,2,55.9757374649037
9.49999999999998,53,106.676333765981,158.100372759698,8,-56.7086935114816,-6.42103901028027,7.52176359572311,7,2,49.9480339433165
9.49999999999998,54,102.630450051157,7.00987481243024,5,-56.5258941321174,-7.40614196108849,7.41977272568213,7,1,71.9052511033112
9.49999999999998,55,184.509678672581,48.8703799252725,7,-82.6406956431489,-6.40000000000178,-21.1695428927953,0,2,109.409176847939
9.49999999999998,56,35.9785139914468,8.12192571947759,5,-67.524683381391,-7.40013126966362,-3.5790165235915,2,1,50.0262448654005
9.49999999999998,57,149.738476257968,121.922245647942,8,-51.9276944652578,-6.42380070873187,12.3027626419469,10,2,36.6152793806374
9.49999999999998,58,19.0245087463422,74.266254918989,2,-66.3615048914592,-4.8001630539032,5.06526717145382,6,1,45.8321086815651
9.49999999999998,59,66.9618546922178,34.7368326033482,6,-66.0781595644131,-5.60010893347411,1.90791358400464,4,1,32.7554391449439
9.49999999999998,60,37.6292580811979,169.876966448497,3,-57.9917293943307,-4.80452733117323,13.4350426685824,10,2,116.509773987321
9.49999999999998,61,23.9126424890773,176.942206844679,4,-59.4537832294328,-5.60534157374913,8.53228991898498,8,2,131.05782782325
9.49999999999998,62,169.809414760197,145.562676190277,1,-61.7658825344862,-5.60068821978391,6.22019061393155,7,2,31.0540296215138
9.49999999999998,63,105.244794867875,95.940909594582,8,-48.7875203173208,-6.40975944034829,13.8304571072047,10,2,74.0112399698839
9.49999999999998,64,128.284291180452,174.099319198926,8,-61.4129234746827,-6.40005102677849,2.81753363252194,5,2,40.0574486879423
9.49999999999998,65,169.635583092036,184.785081045929,1,-56.9974482089221,-5.60000088303716,10.9886249394957,9,2,46.3444493627456
9.49999999999998,66,87.1290884076695,88.0756759090162,2,-50.2454301913874,-4.81289775789241,21.026772062913,14,1,58.1427235508707
9.49999999999998,67,194.982786714766,89.0091681219639,7,-75.7787002521594,-6.40000000000008,-16.3482431449547,0,2,79.3447079130107
9.49999999999998,68,50.7006666914551,155.818461067837,3,-56.0469698997025,-4.80559196644102,15.3798021632106,11,2,102.207935527137
9.49999999999998,69,80.4871554986258,55.2879919026302,6,-53.7115799834217,-5.62839368714983,14.2744931649961,11,1,38.8545944356607
9.49999999999998,70,22.6779645895872,65.5132003503542,2,-66.0345407637483,-4.80012353893569,5.39223129916479,6,1,39.2352265710048
9.49999999999998,71,137.767443239909,69.7221624787452,6,-50.1674459818385,-5.60672396566849,17.5860731484177,12,1,92.9749309529657
9.49999999999998,72,149.534991521044,134.758443503331,8,-60.9654771015809,-6.47951182686741,3.26498000562375,5,2,28.0137694237433
9.49999999999998,73,82.7126706231857,144.411306409284,2,-54.7067897122188,-4.81080284063617,16.7199823506943,12,2,71.4917351217243
9.49999999999998,74,104.284790967208,91.9580450418776,8,-48.6322451567694,-6.40882700323804,13.8304571072047,10,2,77.5306318320222
9.49999999999998,75,101.018345256505,167.94876297097,8,-56.3370603732872,-6.41692621321869,7.89339673391743,7,2,57.2154751234225
9.49999999999998,76,165.296049840617,161.703124058926,1,-64.6873946725719,-5.6000976728525,3.29867847584582,5,2,30.3839143868144
9.49999999999998,77,185.431329915902,81.3736555333308,7,-84.3244935410386,-6.40000000000039,-21.1695428927953,0,2,80.729203479704
9.49999999999998,78,33.227410122584,113.00431345968,2,-56.0419501660518,-4.8166911636545,15.3848218968613,11,1,69.3044968650784
9.49999999999998,79,37.115067169081,67.8281865251305,2,-53.1848055261847,-4.80145029219986,18.2419665367283,13,1,32.1887515885929
9.49999999999998,80,106.270709789706,37.2396716985698,6,-51.3518225098442,-5.61681029389972,16.6342506385735,12,1,62.301434643173
9.49999999999998,81,117.196857641966,83.5785324497316,8,-51.260500178337,-6.41111059641171,12.9699569288676,10,2,77.7181285164072
9.49999999999998,82,199.913865852169,121.940828887796,1,-81.1383225970736,-5.60007357797631,-13.1522494486558,0,2,61.8947581610289
9.49999999999998,83,121.805696531891,155.100420540902,8,-49.4864431342764,-6.42852752641492,13.8304571072047,10,2,37.0564844223767
9.49999999999998,84,41.4025091363174,121.629844003203,2,-53.4460435626297,-4.81382678507888,17.9807285002833,13,1,75.8749062673184
9.49999999999998,85,6.4931509739748,171.170919124036,3,-65.2095560439884,-4.80753406622669,6.21721601892466,7,1,130.872027391406
9.49999999999998,86,151.814059004406,72.1935409240127,7,-60.1780841848658,-6.40000000000236,-0.747627077661125,3,2,81.2981296464731
9.49999999999998,87,160.869580528225,97.9554186101831,8,-49.8936986789973,-6.43181756272971,13.8304571072047,10,2,58.1294781750261
9.49999999999998,88,110.162906525335,73.2226559609469,6,-47.5450199551265,-5.60793525878001,17.5860731484177,12,1,68.6375776922281
9.49999999999998,89,13.4894598215251,123.24284318846,3,-62.8253446369557,-4.81229864362342,8.60142742595732,8,1,85.1456612074472
9.49999999999998,90,140.856515047801,58.3815910310962,6,-52.5572229478106,-5.60707041320325,15.4288502006071,11,1,94.2199946659081
9.49999999999998,91,100.939109277757,151.67538315163,8,-50.6467112605448,-6.41777118464342,13.5837458466599,10,2,54.4245156814889
9.49999999999998,92,100.381584554827,9.06221822537664,5,-56.3488600064321,-7.40848913959193,7.5968068513674,7,1,69.0395251930507
9.49999999999998,93,78.504136609941,183.114594707153,4,-62.2967489756028,-5.60931928796539,5.68932417281497,6,2,82.2221677195937
9.49999999999998,94,84.2862027451299,67.5250568319884,6,-42,-5.62177198048746,17.5860731484177,12,1,45.1101021462441
9.49999999999998,95,194.535222633221,152.338906997693,1,-70.1952747455768,-5.60004424616129,-2.20920159715902,3,2,50.4093894124343
9.49999999999998,96,78.9723669579634,189.107687062994,4,-62.7294466377833,-5.61567020563976,5.25662651063449,6,2,84.4191082810715
9.49999999999998,97,83.8796626320638,116.438767660877,2,-46.1728992791148,-4.80838787569948,21.026772062913,14,2,77.7849942454862
9.49999999999998,98,186.298500819173,30.806933173267,7,-90.2497930318951,-6.40000000000149,-21.1695428927953,0,2,126.794393966301
9.49999999999998,99,112.958202652119,164.896593006187,8,-59.5738513250468,-6.43066478212858,4.65660578215787,6,2,46.3276724426499
9.49999999999998,100,53.4823379394465,34.9252754156757,6,-65.7385773516929,-5.60082565526837,2.24749579672482,4,1,28.1358134557674
9.99999999999998,1,20.3278107930373,174.786021017222,4,-56.8828425449493,-5.60506818732441,11.1032306034684,9,1,130.400306186927
9.99999999999998,2,186.170348784544,31.8924936676388,7,-84.4855138345522,-6.40000000000061,-21.1695428927953,0,2,125.737532913782
9.99999999999998,3,150.383519643919,29.0523884133434,6,-63.2549114521423,-5.60597854238755,4.73116169627542,6,1,105.204103756871
9.99999999999998,4,55.5030583548231,2.2376055571606,5,-66.3810554604338,-7.40013893402402,-2.43538860263426,2,1,53.5142969137217
9.99999999999998,5,45.4139282948504,96.027303141125,2,-53.8569817978129,-4.83194490120361,17.5697902651001,12,1,51.8825084988168
9.99999999999998,6,109.22658181264,23.4496988231017,6,-58.4945151921282,-5.61856089631374,9.49155795628956,8,1,69.0286642330078
9.99999999999998,7,67.9304527915531,82.7428217706403,2,-51.9584948294137,-4.82698501110066,19.4682772334994,13,1,44.1117162986664
9.99999999999998,8,126.919958953344,139.398516307489,8,-42.5954806691377,-6.43444948034644,13.8304571072047,10,2,34.6024529650413
9.99999999999998,9,194.851261744114,161.511726772388,1,-78.8069190194919,-5.60002511914267,-10.8208458710742,0,2,51.9269249361171
9.99999999999998,10,80.1202649239994,95.8238376760396,2,-50.7325567018754,-4.8082181903646,20.6942153610377,14,1,59.659906624566
9.99999999999998,11,153.004654909128,54.270217872666,7,-87.0050283853151,-6.4000000000016,-21.1695428927953,0,2,98.6177932082734
9.99999999999998,12,157.727271661906,121.903805515719,8,-56.1821406672271,-6.42981566667152,8.04831643997761,7,2,37.4347014391116
9.99999999999998,13,88.046726186744,16.0362584879647,5,-57.779560773534,-7.4190850777764,6.16610608426556,7,1,56.1546000878416
9.99999999999998,14,177.300506430618,96.810507929166,7,-64.7828604098461,-6.40000000000268,-5.3524033026414,1,2,64.2393159842285
9.99999999999998,15,182.472987897813,185.448046505291,1,-67.2623954189268,-5.60000777970746,0.723677729490904,4,2,53.5098957581937
9.99999999999998,16,94.7125036216332,155.171399823703,2,-49.8362890472497,-4.81055879478989,21.026772062913,14,2,60.2967713225552
9.99999999999998,17,138.337749254621,95.2690283551609,8,-50.3568689283238,-6.4209865824262,13.8304571072047,10,2,60.6937999274742
9.99999999999998,18,76.5096208722304,27.3884712121001,6,-61.9816845704297,-5.65021539310264,6.004388577988,7,1,42.0272677307891
9.99999999999998,19,122.257990876808,62.8883008631713,6,-46.7604052942488,-5.60857752759909,17.5860731484177,12,1,77.0686417727246
9.99999999999998,20,47.1505511013436,198.361561177643,4,-65.2579498096136,-5.60575053140862,2.72812333880418,5,2,116.056450653534
9.99999999999998,21,87.1211956734986,60.3656570410334,6,-46.756772723917,-5.62247568597571,17.5860731484177,12,1,45.1406691811552
9.99999999999998,22,139.636906643833,40.4341389388625,6,-59.3855396956488,-5.60654256632031,8.6005334527689,8,1,93.1586320773135
9.99999999999998,23,122.344875053303,183.078614428623,8,-59.7976498566626,-6.40036732195977,4.43280725054208,6,2,49.1044872525405
9.99999999999998,24,175.437595786213,33.618382148031,7,-76.6993053253559,-6.40000000000041,-17.2688482181513,0,2,121.42488317155
9.99999999999998,25,103.665686367406,90.3070647109503,8,-46.2944661520487,-6.40843232196922,13.8304571072047,10,2,79.1351068946407
9.99999999999998,26,148.277210507947,112.405243054797,8,-53.4934514354873,-6.43765867139338,10.7370056717174,9,2,44.3687249467781
9.99999999999998,27,57.7033266687674,153.562772809919,3,-54.7707897531866,-4.80547538885665,16.6559823097264,12,2,95.3080230521406
9.99999999999998,28,151.953171987439,89.5356489973349,8,-56.0805040873456,-6.42591278025109,8.14995301985908,8,2,64.8999431662772
9.99999999999998,29,151.433059872139,182.031124340026,1,-69.9798161096052,-5.600241960252,-1.99374296118746,3,2,39.7529443825651
9.99999999999998,30,57.9045187898558,24.6163516486656,5,-59.1200637628121,-7.40033994253874,4.82560309498742,6,1,35.4832498641738
9.99999999999998,31,143.514746015895,143.153733688663,8,-50.9265012795755,-6.46267795397167,13.3039558276292,10,2,25.3215300020377
9.99999999999998,32,39.5941448104752,83.9130099101477,2,-57.5217745357019,-4.84200040562835,13.9049975272112,10,1,42.5514284530042
9.99999999999998,33,162.343000367622,4.1988223585968,6,-62.2138683441318,-5.60521012704198,5.772204804286,6,1,123.575675619998
9.99999999999998,34,130.085752082789,53.2082165648874,6,-50.0528046515277,-5.60869040718929,17.5860731484177,12,1,83.5240704239994
9.99999999999998,35,165.440022257476,69.9819327045265,7,-76.1046805685129,-6.40000000000076,-16.6742234613083,0,2,84.8147120552459
9.99999999999998,36,14.8039465847764,7.86267017788894,5,-69.3834283963679,-7.40001551983262,-5.43776153856838,1,1,59.7207396181983
9.99999999999998,37,71.8072703897484,87.5412679962647,2,-50.6939737727537,-4.81852629932466,20.7327982901593,14,1,49.3675383690434
9.99999999999998,38,41.1456065022594,151.340167166367,3,-56.1754296457892,-4.81284214274839,15.2513424171238,11,1,104.405362723952
9.99999999999998,39,74.1866099181317,123.7298379558,2,-49.0832041599585,-4.81276750597573,21.026772062913,14,1,81.076082196418
9.99999999999998,40,76.3560609439885,174.443901429401,4,-61.779136824839,-5.60852454622143,6.20693632357879,7,2,81.0751754655875
9.99999999999998,41,198.362482213312,186.0464598348,1,-77.6013828019301,-5.60001622634359,-9.61530965351238,0,2,64.7342795777847
9.99999999999998,42,131.994298832976,42.1561185618307,6,-55.1940761070546,-5.60647445841353,12.7919970413631,10,1,85.6553647889462
9.99999999999998,43,76.7973360348949,41.3153657362372,6,-52.1137497920084,-5.63995550842461,15.8723233564093,12,1,36.6847392094097
9.99999999999998,44,38.323311208591,127.828643399917,3,-58.6619125311935,-4.81820468316904,12.7648595317196,10,1,82.1333841662629
9.99999999999998,45,49.1777844919532,186.097316974681,4,-61.3974812770998,-5.60495294114218,6.58859187131791,7,2,109.637518362656
9.99999999999998,46,76.78713642142,116.714659397839,2,-50.4823656414045,-4.8128544573388,20.9444064215085,14,1,75.6349552537018
9.99999999999998,47,174.52828732971,73.5882131945065,7,-84.5102266813568,-6.40000000000153,-21.1695428927953,0,2,83.6220547591185
9.99999999999998,48,126.932966404391,95.0117607413854,8,-49.6413689685251,-6.41306718530087,13.8304571072047,10,2,64.0940285491837
9.99999999999998,49,73.7206986844331,162.550552267019,2,-58.1648428580516,-4.81014242142937,13.2619292048615,10,2,80.7978846963101
9.99999999999998,50,124.236783347198,27.8903075084876,6,-59.6927481777109,-5.6057504876841,8.29332497070682,8,1,80.9455897736753
9.99999999999998,51,159.745580805804,32.8926475260815,6,-61.6029457628329,-5.60460205878058,6.38312738558486,7,1,113.529749471538
9.99999999999998,52,181.494717508382,190.141736218418,1,-71.03922993993,-5.60002241017818,-3.05315679151229,2,2,56.1740706871228
9.99999999999998,53,106.759646778494,158.699355860497,8,-55.2514814331879,-6.40630306864394,8.97897567401673,8,2,49.9765638985734
9.99999999999998,54,102.284195924664,7.60393199992432,5,-60.138924273432,-7.41902789784705,3.80674258436752,5,1,71.2973612790525
9.99999999999998,55,183.706565612131,49.5212789172461,7,-74.2911266861364,-6.40000000000058,-14.8606695789318,0,2,108.555773479768
9.99999999999998,56,35.6411851625013,7.7187747829431,5,-64.3692231472091,-7.40011377482163,-0.423556289409526,3,1,50.4591673474014
9.99999999999998,57,149.514786675619,121.866921637411,8,-48.4746127464977,-6.45547769762314,13.8304571072047,10,2,36.659999046996
9.99999999999998,58,18.316355399886,72.9973735616916,2,-63.0593167229644,-4.80017009788916,8.36745533994866,8,1,45.661608884076
9.99999999999998,59,67.6875349318066,35.1993313659961,6,-61.3219313086559,-5.60119688803415,6.6641418397618,7,1,32.9265650194105
9.99999999999998,60,38.0093086178849,169.847083548205,3,-60.3799419069521,-4.80533672742042,11.046830155961,9,2,116.138157732993
9.99999999999998,61,24.2650444360189,177.43336626591,4,-66.0809288227657,-5.6022554987733,1.90514432565201,4,2,130.820941119363
9.99999999999998,62,169.465357818509,146.87734467902,1,-67.8343646251639,-5.600614856311,0.151708523253846,3,2,30.6741117435574
9.99999999999998,63,104.755499632091,95.418464692143,8,-46.6109258321841,-6.40957686984007,13.8304571072047,10,2,74.6890809295746
9.99999999999998,64,127.914485580313,175.226225050598,8,-67.5629075728079,-6.40004941570064,-3.33245046560319,2,2,40.9436488052255
9.99999999999998,65,170.889028492814,185.584296287801,1,-68.5355726494322,-5.60007788925918,-0.549499501014449,3,2,47.4851940468983
9.99999999999998,66,86.0424288851733,88.0933610549572,2,-49.2260968487498,-4.80918928000339,21.026772062913,14,1,57.4666062718698
9.99999999999998,67,195.035190910473,89.0593983990073,7,-82.5722713535506,-6.40000000000036,-21.1695428927953,0,2,79.3358389621843
9.99999999999998,68,51.044986609918,156.172052379234,3,-57.8662544165748,-4.80397861820222,13.5605176463382,10,2,101.894253545543
9.99999999999998,69,80.7485016001034,54.6487158028989,6,-48.2808616720231,-5.63154836892708,17.5860731484177,12,1,38.9785955271311
9.99999999999998,70,23.2391838855332,64.9691660394019,2,-68.900967837806,-4.80031582213116,2.52580422510705,5,1,38.6324631757734
9.99999999999998,71,138.874833381003,70.5811943919994,6,-48.6445551190594,-5.6067103399589,17.5860731484177,12,1,94.2049445151492
9.99999999999998,72,149.342883786173,134.514533242164,8,-52.1430061002088,-6.50241001555674,12.0874510069958,9,2,28.1510476257369
9.99999999999998,73,81.613542380452,143.510245331907,2,-58.3249611808616,-4.81025964650872,13.1018108820515,10,2,72.6021659553093
9.99999999999998,74,104.022134700015,92.429451608494,8,-46.023937983292,-6.4085239775198,13.8304571072047,10,2,77.334223598885
9.99999999999998,75,102.220029806476,168.462009565076,8,-63.5832938562479,-6.40672629923487,0.647163250956749,4,2,56.3562006249093
9.99999999999998,76,165.480557329321,161.632821633541,1,-59.3287522191252,-5.6000077947566,8.65732092929258,8,2,30.4502905467942
9.99999999999998,77,186.520898316086,81.5210979162981,7,-80.0081421474908,-6.40000000000013,-20.5776850402861,0,2,81.0887541179607
9.99999999999998,78,33.4670309591831,113.134700647553,2,-52.0768298419311,-4.82369277862446,19.3499422209819,13,1,69.3655497430876
9.99999999999998,79,36.1935393864897,67.8679088961093,2,-56.2426477080154,-4.80449199855058,15.1841243548976,11,1,32.5903440146322
9.99999999999998,80,106.386906896331,37.0844116269655,6,-55.0441115811089,-5.60901185562984,12.9419615673089,10,1,62.4383351183964
9.99999999999998,81,116.187957072023,82.8298610818243,8,-54.8914532599809,-6.40893321985145,9.33900384722378,8,2,78.7866220195432
9.99999999999998,82,199.975296421573,121.148417592137,1,-68.135345966788,-5.60003130425996,-0.149272818370289,3,2,62.3072552746616
9.99999999999998,83,120.628054265462,155.578012585601,8,-53.0789547522099,-6.4367162820961,11.1515023549948,9,2,38.0272983610162
9.99999999999998,84,41.3823793433847,120.969815293667,2,-55.8866955095964,-4.81650156376675,15.5400765533166,11,1,75.2544222527726
9.99999999999998,85,6.862080006587,171.518269332214,3,-64.5468194592861,-4.81190051494343,6.87995260362695,7,1,131.071812083509
9.99999999999998,86,151.684052438115,71.8160870772526,7,-69.260203902742,-6.40000000000124,-9.82974679553736,0,2,81.6566609195237
9.99999999999998,87,159.827447734317,98.575849321359,8,-54.032001063493,-6.4299006440425,10.1984560437117,8,2,57.3870368810789
9.99999999999998,88,110.635616900413,72.1352513136188,6,-46.7321862301257,-5.61061858994546,17.5860731484177,12,1,68.6942311086656
9.99999999999998,89,12.9321539163825,123.05201752608,3,-60.6587075271293,-4.8192625702507,10.7680645357837,9,1,85.2224880997347
9.99999999999998,90,141.008627949671,58.8610302774472,6,-56.0754657413614,-5.60564590652934,11.9106074070563,9,1,94.4104772727023
9.99999999999998,91,100.650634744498,150.999742978746,8,-53.4219305951331,-6.41466603761864,10.8085265120716,9,2,54.6681748108026
9.99999999999998,92,99.8634499734912,10.0262839940337,5,-59.4028964300074,-7.42144266263654,4.54277042779217,6,1,68.0919350186533
9.99999999999998,93,77.5188977026048,183.857209398108,4,-61.2796832496512,-5.61566337261996,6.70638989876653,7,2,83.3790790214954
9.99999999999998,94,83.6519297428523,67.6439699492434,6,-50.4610150729236,-5.62194400043401,17.5250580754941,12,1,44.6767506762485
9.99999999999998,95,194.559848184221,153.290388600085,1,-71.9145767365916,-5.60003513331936,-3.92850358817382,2,2,50.4842225585419
9.99999999999998,96,80.1544967052699,189.464677889764,4,-62.7862216048786,-5.61295230277042,5.19985154353916,6,2,83.594886993386
9.99999999999998,97,83.2961592266232,117.56275647353,2,-45.7143528675169,-4.80774734922162,21.026772062913,14,2,77.8063438385039
9.99999999999998,98,187.151759869475,30.2749214625562,7,-84.5470949494097,-6.40000000000067,-21.1695428927953,0,2,127.540572729607
9.99999999999998,99,113.156224326624,165.579915128437,8,-54.3923507703398,-6.41717254574951,9.83810633686488,8,2,46.3944777024098
9.99999999999998,100,54.3742022758274,35.6326396986225,6,-65.6029825957517,-5.60114323159966,2.38309055266604,4,1,27.8891499974354
10.5,1,19.8180911769375,174.227422724053,4,-60.0592445821148,-5.61135356313414,7.92682856630293,7,1,129.983268834355
10.5,2,186.15724572429,32.3081623303043,7,-81.0305070949186,-6.40000000000026,-21.1695428927953,0,2,125.343388626751
10.5,3,150.262546459014,28.0626544139487,6,-54.1392716820319,-5.60753191835019,13.8468014663859,10,1,105.290433344192
10.5,4,55.5819727272694,2.0251402552369,5,-65.6650005333642,-7.4001492129237,-1.71933367556461,3,1,53.7121549284486
10.5,5,46.0710101371282,95.7255701586494,2,-47.5394356135965,-4.8314262754317,21.026772062913,14,1,51.5607867247593
10.5,6,110.373330595985,23.4682035341961,6,-57.8088038270717,-5.61268125135936,10.1772693213461,8,1,70.0080371882749
10.5,7,66.7823037612834,83.6632337282902,2,-48.6156112856861,-4.82938525011117,21.026772062913,14,1,44.352102820289
10.5,8,127.169466941324,138.949208862518,8,-48.0920213450179,-6.43328355767058,13.8304571072047,10,2,34.5774959259276
10.5,9,195.210906276102,162.130521380081,1,-65.2334583311984,-5.60001896191545,2.7526148172193,5,2,52.3777204091499
10.5,10,79.8472436455877,95.8397868977493,2,-52.5668348696327,-4.81368745203395,18.8599371932803,13,1,59.5348134797628
10.5,11,153.931034617476,53.4031225361044,7,-72.2149246830708,-6.4000000000019,-12.7844675758661,0,2,99.4920085682195
10.5,12,156.501320822382,121.545917069604,8,-58.7916879294621,-6.45035303413502,5.43876917774258,6,2,37.4720163301282
10.5,13,87.8936592125798,15.828739904421,5,-63.4627482540268,-7.41904601340693,0.482918603772766,4,1,56.1769919543477
10.5,14,177.383443467256,96.9638597676461,7,-62.1226397391334,-6.40000000000031,-2.69218263192871,2,2,64.1477602638651
10.5,15,182.898486819056,184.962839541907,1,-71.7526953670068,-5.6000054103728,-3.76662221858902,2,2,53.4505433444484
10.5,16,94.3637376715513,154.615710163488,2,-59.6071209127117,-4.81549972343504,11.8196511502013,9,2,60.5718454910637
10.5,17,138.798846953857,94.8054323411549,8,-54.2129231844149,-6.41768958482397,10.0175339227898,8,2,61.0258644232914
10.5,18,76.6616072493895,27.2564024418027,6,-63.0880388372491,-5.61283215556414,4.89803431116869,6,1,42.1943424052317
10.5,19,121.437277785904,62.4548709111903,6,-50.568275528727,-5.60967054412752,17.4177976196907,12,1,76.2276752031366
10.5,20,46.8933781983205,199.112423779549,4,-60.5272780938257,-5.60608748004975,7.45879505459201,7,2,116.598694799112
10.5,21,86.6254828438824,59.933325319142,6,-44.2770765625464,-5.62174210108041,17.5860731484177,12,1,44.6357137888869
10.5,22,139.277595394782,40.2050591931397,6,-56.6629145199735,-5.60758238243791,11.3231586284442,9,1,92.8368456211454
10.5,23,122.31316622659,184.247606719171,8,-67.208245393989,-6.40071246343824,-2.9777882867843,2,2,49.9170244544627
10.5,24,176.62634462072,33.8175712337524,7,-80.9731869097937,-6.4000000000007,-21.1695428927953,0,2,121.488966502665
10.5,25,103.745825594256,90.5742285444459,8,-47.6346210864727,-6.40934608644491,13.8304571072047,10,2,78.8867603786893
10.5,26,148.90720853291,111.61630209897,8,-50.841641060953,-6.44051074638592,13.3888160462517,10,2,45.0194675418104
10.5,27,58.644288684986,153.475328083933,3,-56.9777623474568,-4.80645206746291,14.4490097154562,11,2,94.3938233951944
10.5,28,152.255580118058,90.0942640576346,8,-57.086217358439,-6.42487566970386,7.14423974876568,7,2,64.3897106723224
10.5,29,151.973346699528,181.928871032981,1,-57.6092453473957,-5.60005042996657,10.3768278010221,9,2,39.6937892199428
10.5,30,57.2385130187491,23.5779147904455,5,-53.0254783221745,-7.40008932200594,8.94566685779954,8,1,36.0939421169752
10.5,31,144.7958308295,143.205480592724,8,-48.5543939896098,-6.49816090352502,13.8304571072047,10,2,25.0099754244387
10.5,32,39.2624266905975,84.215331930195,2,-57.1885411856483,-4.84579044283953,14.2382308772648,11,1,42.8746360878808
10.5,33,163.31796391929,4.96363898422642,6,-63.5666314710628,-5.60720750377554,4.41944167735496,6,1,124.183270855444
10.5,34,130.050222757411,52.058980573357,6,-58.759846003831,-5.60651319953239,9.22622714458675,8,1,83.4537450598388
10.5,35,164.763061973201,68.717784353197,7,-77.2419979368777,-6.40000000000177,-17.811540829673,0,2,85.8894439339199
10.5,36,14.3795055515443,8.30639559576267,5,-65.6837840626685,-7.40001218986565,-1.73811720486894,3,1,59.6609275235434
10.5,37,71.6149339308176,87.7305340878507,2,-47.8217026032725,-4.82255927166364,21.026772062913,14,1,49.4272047701271
10.5,38,41.630880239375,151.572423656055,3,-56.5921675447727,-4.81439364250835,14.8346045181403,11,1,104.590866775894
10.5,39,74.6247388656855,123.496477552461,2,-51.782352922799,-4.8115564716092,19.644419140114,14,1,80.9960491432924
10.5,40,76.7636015144081,174.212777034543,4,-59.5949970244035,-5.61247768306836,8.39107612401427,8,2,80.6354675987241
10.5,41,199.210386125334,185.417598683987,1,-80.1346594246084,-5.60001655146244,-12.1485862761907,0,2,65.0255211370458
10.5,42,132.057751579088,43.2023857288387,6,-57.6728462597298,-5.60805782065157,10.3132268886879,9,1,85.6267023421716
10.5,43,77.0885150802326,41.5630885133384,6,-52.1884869987745,-5.61854438684489,15.7975861496433,12,1,36.8404550010684
10.5,44,38.5868499607534,127.299997536395,3,-57.4451725581719,-4.81904817426833,13.9815995047412,10,1,81.5953406325691
10.5,45,48.4277210725254,186.721706456869,4,-64.7992776108912,-5.60775123797251,3.18679553752657,5,2,110.533531435602
10.5,46,76.8769229045171,115.76741671884,2,-52.8008423895033,-4.8119628839249,18.6259296734097,13,1,74.8329612315647
10.5,47,174.62333305108,73.767929566883,7,-82.4970365995969,-6.40000000000203,-21.1695428927953,0,2,83.4858496576764
10.5,48,126.112491129996,94.3508703544041,8,-50.884642948379,-6.41555853320234,13.3458141588257,10,2,64.9591310773694
10.5,49,73.885939982744,162.093385621742,2,-51.793203244239,-4.80993385935444,19.6335688186741,14,2,80.572018145921
10.5,50,124.273725696213,28.5535717041079,6,-55.2479802968919,-5.60766401804414,12.7380928515259,10,1,80.8009010806636
10.5,51,160.386091531553,32.6438331143063,7,-71.3263040622448,-6.40000000000034,-11.8958469550401,0,1,114.186582979685
10.5,52,181.963423290408,189.377104501251,1,-71.9600594618068,-5.60002232280688,-3.97398631338907,2,2,55.8969300350585
10.5,53,107.320720612602,157.804628449836,8,-52.5055071878485,-6.41972835050489,11.7249499193561,9,2,49.3425081878447
10.5,54,100.839000686015,7.20594253537075,5,-57.3827311607257,-7.40518462958227,6.5629356970738,7,1,70.4853555360159
10.5,55,184.877043042227,48.7003194698397,7,-95.2064572069673,-6.40000000000144,-21.1695428927953,0,2,109.682648613543
10.5,56,35.2440708975533,7.69550695061869,5,-63.2511110040485,-7.40008706387362,0.694555853751059,4,1,50.5930585736975
10.5,57,150.227543241649,122.888640225551,8,-55.4562865353788,-6.45634507515755,8.77417057182587,8,2,35.879347886304
10.5,58,19.2604597321727,71.9503677488948,2,-59.7690189278981,-4.80001461348779,11.6577531350149,9,1,44.4858177421647
10.5,59,68.4571376505959,35.4596795114398,6,-62.5294824679343,-5.67588907824412,5.45659068048345,6,1,33.2315640643514
10.5,60,37.5771292820103,170.202907651443,3,-62.5586344160414,-4.80598113577081,8.86813764687163,8,2,116.616076670614
10.5,61,25.6165828505954,178.053948869019,4,-65.6631122088016,-5.60562989918138,2.3229609396162,4,2,129.655345084221
10.5,62,169.473756496506,146.809938402253,1,-64.1576789883838,-5.60025613517482,3.82839416003396,5,2,30.6863762129485
10.5,63,105.005015868813,96.4801174164712,8,-54.3741833746831,-6.40975688923283,9.8562737325216,8,2,73.7643303278794
10.5,64,127.545609802888,175.662965686334,8,-63.5750810378298,-6.40005027382624,0.655376069374865,4,2,41.4130105998358
10.5,65,170.681540796875,185.169981879603,1,-68.8451710708576,-5.6000812577182,-0.859097922439868,3,2,47.0840074244368
10.5,66,86.2912196488221,87.3617874306899,2,-50.3658310008615,-4.81326749454604,21.026772062913,14,1,57.141979171316
10.5,67,195.466091459598,89.810576882722,7,-73.8226018924654,-6.40000000000008,-14.3921447852607,0,2,79.0074814672839
10.5,68,51.5613503840941,155.105890918132,3,-53.6372698923089,-4.80654295815148,17.7895021706042,13,2,101.333547555935
10.5,69,82.0646246296815,53.9731831784111,6,-49.879976776786,-5.62456363298519,17.5860731484177,12,1,39.9521756255099
10.5,70,23.2455291647777,64.8521647036683,2,-71.8164983529001,-4.80020446864656,-0.389726289987068,3,1,38.5828784055525
10.5,71,138.96330599483,69.6978607243628,6,-55.3989721625877,-5.60655340340646,12.58710098583,10,1,94.0995511713324
10.5,72,149.450560555943,134.623606026581,8,-50.9883976057281,-6.5044557271614,13.2420595014766,10,2,28.0888834831233
10.5,73,81.7476436828205,143.719688221931,2,-51.6335483104873,-4.80894462408584,19.7932237524257,14,2,72.4574113454033
10.5,74,103.964957338464,92.4256597949242,8,-48.5321118756842,-6.40927863260554,13.8304571072047,10,2,77.3710527451919
10.5,75,101.326901146087,169.550840025577,8,-58.2072206633065,-6.42230963570675,6.02323644389821,7,2,57.4765682495783
10.5,76,166.068749728673,162.439368067766,1,-67.3172149791933,-5.60007176445694,0.668858169224467,4,2,31.067548917932
10.5,77,187.830911843927,82.1326353738176,7,-82.0200098821813,-6.40000000000123,-21.1695428927953,0,2,81.1751629024922
10.5,78,32.7345253044913,113.199493424425,2,-49.5073131052214,-4.82643188967224,21.026772062913,14,1,69.602604732619
10.5,79,36.813170891239,67.5398715506738,2,-54.5738386268516,-4.8004688384192,16.8529334360614,12,1,32.1525979659156
10.5,80,106.400629952034,37.1251829479492,6,-54.8445422114033,-5.6113585717937,13.1415309370144,10,1,62.4423091590157
10.5,81,116.153973376545,82.9971244044088,8,-47.5358382120428,-6.40913353760521,13.8304571072047,10,2,78.6586858285461
10.5,82,199.77152357233,121.048177007307,1,-76.8763201908717,-5.60004896080103,-8.89024704245395,0,2,62.1905347565952
10.5,83,120.287880881389,154.381656297955,8,-51.8378674284717,-6.42133436722406,12.3925896787329,10,2,38.1347470744459
10.5,84,41.2082072705235,120.850043111498,2,-51.8384675764,-4.82101298004429,19.588304486513,13,1,75.1616539752769
10.5,85,7.64614587088238,172.589185627104,3,-62.1677362050308,-4.81051338196744,9.25903585788224,8,1,131.811256698004
10.5,86,152.044724818754,71.791914123889,7,-74.4940441432004,-6.40000000000162,-15.0635870359957,0,2,81.6880382674818
10.5,87,160.103966516318,99.9569523494578,8,-55.7883268402213,-6.42550744564928,8.44213026698338,8,2,56.2018394495885
10.5,88,110.576403952458,72.0600765443926,6,-54.1801131598859,-5.60738549147879,13.8059599885319,10,1,68.6177651410757
10.5,89,13.1539231530307,122.091070842854,3,-65.7624784703301,-4.82224772116092,5.66429359258291,6,1,84.3030596970365
10.5,90,140.79276108947,58.9303040402401,6,-58.1659731354172,-5.606962432764,9.82010001300054,8,1,94.2089475395024
10.5,91,100.664303975636,150.811332513103,8,-52.6300301810389,-6.41273756886401,11.6004269261657,9,2,54.6527141380487
10.5,92,99.2441243570389,8.88150828636431,5,-60.3915252418959,-7.41007118196501,3.55414161590362,5,1,68.3225010117153
10.5,93,76.9136402195393,183.894468037192,4,-62.098271252913,-5.61174367281402,5.88780189550473,6,2,83.9208016494314
10.5,94,83.8072717591374,68.0043447455858,6,-47.3764912256882,-5.62018822772058,17.5860731484177,12,1,44.9370454470927
10.5,95,194.90755984823,153.905200686273,1,-65.2110610692085,-5.60000765414367,2.77501207920924,5,2,50.8349242541229
10.5,96,79.2938455411513,189.234034930197,4,-55.9265246642714,-5.60301273661567,12.0595484841463,9,2,84.2075992726455
10.5,97,83.7640968696673,117.318927134637,2,-49.8826757377656,-4.80851041895039,21.026772062913,14,2,77.5080472410573
10.5,98,187.404478954645,30.4415693884585,7,-85.9024633395873,-6.40000000000058,-21.1695428927953,0,2,127.458084781481
10.5,99,114.008112447616,164.683985473415,8,-55.5993678240305,-6.41636792884462,8.63108928317417,8,2,45.4234014464673
10.5,100,55.1426663461625,36.3658419586254,6,-68.8231715349468,-5.60037806003546,-0.837098386529004,3,1,27.6511714515883
11,1,19.3083715608378,173.668824430883,4,-59.1074721793948,-5.60909551741492,8.87860096902299,8,1,129.569302662182
11,2,186.144142664037,32.7238309929698,7,-79.5658770527961,-6.40000000000048,-20.1354199455914,0,2,124.94938521611
11,3,150.141573274109,27.0729204145541,6,-62.7154109391864,-5.60739262440464,5.27066220923132,6,1,105.386126582825
11,4,55.6608870997156,1.81267495331319,5,-49.1471281752949,-7.40000914427748,8.94566685779954,8,1,53.9102396387808
11,5,46.728091979406,95.4238371761737,2,-51.7662129542148,-4.83189101505914,19.6605591086982,14,1,51.2472473983019
11,6,111.520079379329,23.4867082452905,6,-69.0899416634751,-5.61085712523673,-1.10386851505734,3,1,70.9924278110653
11,7,65.6341547310138,84.5836456859402,2,-43.1141717838841,-4.82966566158718,21.026772062913,14,1,44.6397283043247
11,8,127.418974929304,138.499901417548,8,-50.2450972180475,-6.4337052676939,13.8304571072047,10,2,34.560164360858
11,9,195.57055080809,162.749315987774,1,-66.9336304519427,-5.60000114086175,1.05244269647507,4,2,52.8343653232327
11,10,79.5742223671761,95.8557361194591,2,-43.866282947741,-4.81507957715476,21.026772062913,14,1,59.4107158994119
11,11,154.857414325824,52.5360271995427,7,-86.6235891340171,-6.40000000000123,-21.1695428927953,0,2,100.374650524826
11,12,155.275369982858,121.188028623488,8,-47.332823975086,-6.45980990152879,13.8304571072047,10,2,37.5527525363582
11,13,87.7405922384157,15.6212213208773,5,-63.5489311883134,-7.42873067966577,0.396735669486155,4,1,56.2005580575003
11,14,177.466380503894,97.1172116061263,7,-68.5319485352131,-6.40000000000052,-9.10149142800846,0,2,64.0565481921708
11,15,183.3239857403,184.477632578523,1,-68.1040890355833,-5.60000156303915,-0.118015887165538,3,2,53.3989248378593
11,16,94.0149717214694,154.060020503274,2,-54.5058409221405,-4.8150500300644,16.9209311407725,12,2,60.8527497968241
11,17,139.259944653093,94.3418363271489,8,-49.8487494436054,-6.42173388815134,13.8304571072047,10,2,61.3630994351533
11,18,76.8135936265487,27.1243336715054,6,-57.080483394252,-5.60418332520858,10.9055897541658,9,1,42.3617151817807
11,19,120.616564695001,62.0214409592092,6,-50.8195713265011,-5.60735062141254,17.1665018219167,12,1,75.3887541484733
11,20,46.6362052952974,199.863286381455,4,-61.0763683075317,-5.60868150868192,6.90970484088601,7,2,117.143806428317
11,21,86.1297700142663,59.5009935972506,6,-54.5351553558106,-5.62220884084436,13.4509177926072,10,1,44.1347840214356
11,22,138.918284145732,39.9759794474168,6,-53.0850790329196,-5.60822690752113,14.9009941154981,11,1,92.5159026517047
11,23,122.281457399878,185.416599009719,8,-69.6562809239237,-6.40012461993562,-5.42582381671902,1,2,50.7435029268777
11,24,177.815093455228,34.0167603194737,7,-87.1329281295408,-6.40000000000128,-21.1695428927953,0,2,121.56496744833
11,25,103.825964821105,90.8413923779415,8,-54.3279369915046,-6.40948927943734,9.9025201157001,8,2,78.6386188871758
11,26,149.537206557872,110.827361143142,8,-48.3558774362376,-6.43961034921551,13.8304571072047,10,2,45.6832552778352
11,27,59.5852507012047,153.387883357947,2,-61.0260885640218,-4.80713652635182,10.4006834988912,9,2,93.4802366514498
11,28,152.557988248676,90.6528791179343,8,-47.3611804519389,-6.4236935991554,13.8304571072047,10,2,63.8817193011497
11,29,152.513633526917,181.826617725936,1,-66.0924291766384,-5.60032129131495,1.89364397177937,4,2,39.6421738730418
11,30,56.5725072476423,22.5394779322254,5,-57.722365492285,-7.40022033665297,6.22330136551459,7,1,36.7359241581731
11,31,146.076915643106,143.257227496785,8,-55.6048177148628,-6.56927416135473,8.62563939234186,8,2,24.7609687189622
11,32,38.9307085707197,84.5176539502423,2,-59.6722549367076,-4.8188465916745,11.7545171262055,9,1,43.2000885065646
11,33,164.292927470957,5.72845560985604,6,-59.4281998135854,-5.60212530252644,8.55787333483237,8,1,124.800211989283
11,34,130.014693432032,50.9097445818267,6,-54.8722526914262,-5.60833963954501,13.1138204569916,10,1,83.3992134269041
11,35,164.086101688927,67.4536360018675,7,-87.6169669394541,-6.40000000000147,-21.1695428927953,0,2,86.9745392060399
11,36,13.9550645183121,8.75012101363639,5,-66.313564214923,-7.40001187971724,-2.36789735712348,2,1,59.6073811727095
11,37,71.4225974718868,87.9198001794367,2,-42,-4.82313156415738,21.026772062913,14,1,49.4882706112357
11,38,42.1161539764906,151.804680145743,3,-55.3189174838125,-4.81368089277105,16.1078545791006,12,1,104.778804763652
11,39,75.0628678132393,123.263117149123,2,-53.953388417109,-4.81309494284922,17.473383645804,12,1,80.9189821823656
11,40,77.1711420848277,173.981652639685,4,-56.8443229344756,-5.61170548434964,11.1417502139421,9,2,80.1960859927643
11,41,200,184.788737533174,1,-66.5908944904393,-5.60000373261559,1.39517865797849,4,2,65.2878722210494
11,42,132.1212043252,44.2486528958467,6,-51.7779500672105,-5.60823614493184,16.2081230812073,12,1,85.6108649257426
11,43,77.3796941255702,41.8108112904396,6,-63.8010857460182,-5.65433818011471,4.1849874023995,5,1,36.9994657006094
11,44,38.8503887129157,126.771351672872,3,-58.5141840823711,-4.82012432984194,12.9125879805419,10,1,81.0580302593941
11,45,47.6776576530975,187.346095939057,4,-65.6861684089406,-5.60905463733429,2.29990473947716,4,2,111.430887213761
11,46,76.9667093876142,114.82017403984,2,-51.3968451224944,-4.81170778581738,20.0299269404186,14,1,74.0345080199173
11,47,174.718378772451,73.9476459392595,7,-78.183661661937,-6.40000000000138,-18.7532045547323,0,2,83.349917860299
11,48,125.292015855601,93.6899799674227,8,-52.1189185213997,-6.41414693394768,12.1115385858049,9,2,65.8297260859343
11,49,74.0511812810548,161.636218976465,2,-54.5406396614503,-4.80993165698373,16.8861324014628,12,2,80.3484577130853
11,50,124.310668045228,29.2168358997282,6,-58.5533075167905,-5.60707817208301,9.43276563162721,8,1,80.6614238365957
11,51,161.026602257302,32.3950187025312,7,-85.8213950446415,-6.40000000000045,-21.1695428927953,0,1,114.843771164505
11,52,182.432129072434,188.612472784083,1,-70.5711897099922,-5.60001514616635,-2.58511656157442,2,2,55.6328684382946
11,53,107.881794446711,156.909901039174,8,-56.2412609826645,-6.40844187174549,7.98919612454016,7,2,48.7230948462869
11,54,99.3938054473647,6.80795307081718,5,-69.2289719523321,-7.42287280204072,-5.28330509453259,1,1,69.6961328518652
11,55,186.047520472323,47.8793600224333,7,-72.7223135401843,-6.40000000000033,-13.2918564329796,0,2,110.816509788164
11,56,34.8469566326053,7.67223911829427,5,-61.3494098970934,-7.40011564372292,2.59625696070619,5,1,50.729715794128
11,57,150.940299807679,123.910358813692,8,-47.2780183434553,-6.46252415589911,13.8304571072047,10,2,35.125539724802
11,58,20.2045640644594,70.9033619360979,2,-68.1762405234908,-4.80005944753469,3.25053153942223,5,1,43.3239950006969
11,59,69.2267403693851,35.7200276568834,6,-59.4101230370051,-5.64758197568567,8.57595011141267,8,1,33.5534671137264
11,60,37.1449499461357,170.558731754681,3,-56.2160548531096,-4.80363648883912,15.2107172098034,11,2,117.094721375565
11,61,26.968121265172,178.674531472128,4,-60.7884454010195,-5.60366911939954,7.19762774739829,7,2,128.496388821505
11,62,169.482155174502,146.742532125486,1,-69.9390328834092,-5.60045180002213,-1.95295973499146,3,2,30.6987860866983
11,63,105.254532105534,97.5417701407994,8,-54.5207212032506,-6.4101941843475,9.70973590395405,8,2,72.8441677628031
11,64,127.176734025463,176.099706322069,8,-62.9602479672589,-6.4001056365672,1.27020913994576,4,2,41.8849154212198
11,65,170.474053100937,184.755667471405,1,-68.3341011268727,-5.6000574737384,-0.348027978454991,3,2,46.6839723220172
11,66,86.540010412471,86.6302138064226,2,-42.8973877690996,-4.81466227088587,21.026772062913,14,1,56.8260057055546
11,67,195.896992008722,90.5617553664366,7,-87.1587099465743,-6.40000000000018,-21.1695428927953,0,2,78.6872848722591
11,68,52.0777141582701,154.039729457029,3,-60.7290440116605,-4.80672323146168,10.6977280512526,9,2,100.78364688061
11,69,83.3807476592596,53.2976505539232,6,-51.3801931183847,-5.62839714314364,16.6058800300331,12,1,40.9560595451632
11,70,23.2518744440221,64.7351633679348,2,-67.8443318807744,-4.80009007710171,3.58244018213861,5,1,38.5335861325945
11,71,139.051778608657,68.8145270567263,6,-45.7941752769744,-5.60665120315678,17.5860731484177,12,1,94.0024239141396
11,72,149.558237325714,134.732678810998,8,-52.81969835087,-6.49448876020652,11.4107587563347,9,2,28.0274196198749
11,73,81.881744985189,143.929131111955,2,-49.740121866655,-4.80869130029196,21.026772062913,14,2,72.3132222717164
11,74,103.907779976913,92.4218679813544,8,-55.9619568785756,-6.40955917242452,8.26850022862908,8,2,77.4079067887335
11,75,100.433772485699,170.639670486077,8,-54.862026332671,-6.40453623445403,9.36843077453372,8,2,58.6093585340539
11,76,166.656942128025,163.245914501992,1,-67.2400808218245,-5.60006544338673,0.7459923265932,4,2,31.7042264067497
11,77,189.140925371768,82.744172831337,7,-75.0267386632784,-6.40000000000123,-15.5962815560738,0,2,81.2871965754716
11,78,32.0020196497995,113.264286201297,2,-63.5019929629846,-4.81590435481121,7.92477909992849,7,1,69.8465976640654
11,79,37.4328023959882,67.2118342052382,2,-60.797595897399,-4.81312317282531,10.6291761655141,9,1,31.7243075941286
11,80,106.414353007738,37.1659542689329,6,-57.4082590434136,-5.61082092934292,10.5778141050041,9,1,62.4463125821595
11,81,116.119989681066,83.1643877269933,8,-50.6006209714335,-6.4113038036805,13.6298361357712,10,2,78.530912175517
11,82,199.485928037744,120.947936422478,1,-71.3175520127657,-5.6000993028205,-3.33147886434794,2,2,62.0091079751124
11,83,119.947707497315,153.18530001031,8,-58.5748795605682,-6.42154657563679,5.65557754663649,6,2,38.2823251752374
11,84,41.0340351976623,120.730270929329,2,-55.0651119963095,-4.82206994079049,16.3616600666035,12,1,75.0693662593011
11,85,8.43021173517776,173.660101921994,3,-63.1663084995159,-4.80728731494044,8.26046356339712,8,1,132.55986611241
11,86,152.405397199392,71.7677411705255,7,-65.4472793816901,-6.40000000000186,-6.0168222744854,1,2,81.7210025467673
11,87,160.380485298319,101.338055377557,8,-46.6069332758997,-6.43190755277431,13.8304571072047,10,2,55.0271690119197
11,88,110.517191004502,71.9849017751664,6,-51.568800668637,-5.60831878952548,16.4172724797808,12,1,68.5413474709912
11,89,13.3756923896789,121.130124159627,3,-62.39228351251,-4.81277698809438,9.03448855040307,8,1,83.3851573776738
11,90,140.576894229269,58.999577803033,6,-47.8776755147277,-5.60657672169431,17.5860731484177,12,1,94.0075325112466
11,91,100.677973206774,150.62292204746,8,-54.1247165772175,-6.41895114076081,10.1057405299872,8,2,54.6379022187798
11,92,98.6247987405865,7.73673257869489,5,-68.6798575445576,-7.42360438156174,-4.73419068675809,1,1,68.5769992467394
11,93,76.3083827364737,183.931726676277,4,-63.6476887632676,-5.60958150154229,4.33838438515012,6,2,84.4634034961156
11,94,83.9626137754225,68.3647195419282,6,-48.5207574509723,-5.61903750399815,17.5860731484177,12,1,45.1992484264086
11,95,195.255271512239,154.520012772461,1,-67.7565364356729,-5.60000274997135,0.229536712744864,4,2,51.1929693914082
11,96,78.4331943770327,189.003391970629,4,-66.3466483167046,-5.6122042713048,1.63942483171312,4,2,84.8252453712343
11,97,84.2320345127113,117.075097795744,2,-49.2178589788604,-4.80837819997197,21.026772062913,14,2,77.2122041486771
11,98,187.657198039816,30.6082173143607,7,-76.3134655041547,-6.40000000000039,-16.88300839695,0,2,127.376262847772
11,99,114.860000568608,163.788055818392,8,-59.4129264152285,-6.41083832994954,4.81753069197618,6,2,44.4654927251384
11,100,55.9111304164977,37.0990442186283,6,-63.7354379659702,-5.60101377786088,4.25063518244756,5,1,27.4522516904124
11.5,1,18.798651944738,173.110226137714,4,-56.5434221522635,-5.61255284920495,11.4426509961542,9,1,129.158437200768
11.5,2,186.131039603783,33.1394996556352,7,-79.7347055057539,-6.40000000000115,-20.3042483985492,0,2,124.55552401875
11.5,3,150.020600089204,26.0831864151595,6,-61.493080168681,-5.6067646758064,6.49299297973676,7,1,105.491157990879
11.5,4,55.7398014721618,1.60020965138949,5,-70.5187471200613,-7.40014613918398,-6.57308026226178,1,1,54.1085485550045
11.5,5,47.3851738216838,95.122104193698,2,-57.2568784306129,-4.82413008910467,14.1698936323002,11,1,50.942041604256
11.5,6,112.666828162674,23.5052129563849,6,-59.6401769684388,-5.61809683216034,8.34589617997898,8,1,71.9816302431156
11.5,7,64.4860057007441,85.5040576435901,2,-50.4119085022268,-4.8271888118073,21.0148635606862,14,1,44.9736864212992
11.5,8,127.668482917284,138.050593972577,8,-46.4814601286485,-6.43243915685975,13.8304571072047,10,2,34.5504697453428
11.5,9,195.930195340078,163.368110595466,1,-63.8620054512163,-5.60000266576996,4.12406769720144,5,2,53.29670932497
11.5,10,79.3012010887644,95.8716853411688,2,-42,-4.81521007964388,21.026772062913,14,1,59.2876201350957
11.5,11,155.783794034172,51.6689318629811,7,-72.0990868266246,-6.40000000000081,-12.66862971942,0,2,101.265498736721
11.5,12,154.049419143333,120.830140177373,8,-55.8098153547758,-6.45891433198207,8.4206417524289,8,2,37.6766309198434
11.5,13,87.5875252642516,15.4137027373336,5,-59.4832949958096,-7.42156303530118,4.46237186198999,6,1,56.2252969208013
11.5,14,177.549317540531,97.2705634446064,7,-84.6084923645693,-6.40000000000134,-21.1695428927953,0,2,63.9656812392263
11.5,15,183.749484661544,183.992425615139,1,-73.4985255849577,-5.60000177185861,-5.51245243653998,1,2,53.3550626850024
11.5,16,93.6662057713874,153.504330843059,2,-55.2086637742823,-4.81452746926614,16.2181082886307,12,2,61.1394038803886
11.5,17,139.721042352329,93.8782403131428,8,-47.7893453300248,-6.42219810629464,13.8304571072047,10,2,61.7054201887643
11.5,18,76.9655800037078,26.9922649012081,6,-56.0795948172327,-5.60118795790027,11.906478331185,9,1,42.5293825409275
11.5,19,119.795851604097,61.5880110072282,6,-50.677298334951,-5.60986564926473,17.3087748134667,12,1,74.551947662316
11.5,20,46.3790323922743,199.399309918475,4,-63.0922842488807,-5.60874613361497,4.89378889953709,6,2,117.174428730773
11.5,21,85.6340571846501,59.0686618753592,6,-49.1409753018541,-5.61832465429456,17.5860731484177,12,1,43.638018511941
11.5,22,138.558972896681,39.746899701694,6,-56.1855123971427,-5.60735339851403,11.8005607512751,9,1,92.1958119777802
11.5,23,122.249748573165,186.585591300268,8,-70.7971161101073,-6.40002240907769,-6.56665900290263,1,2,51.5832525636254
11.5,24,179.003842289735,34.2159494051951,7,-87.9123075130036,-6.40000000000099,-21.1695428927953,0,2,121.652863672452
11.5,25,103.906104047955,91.1085562114371,8,-48.3106066924041,-6.40362960286047,13.8304571072047,10,2,78.3906843670817
11.5,26,150.167204582835,110.038420187315,8,-52.0774051840693,-6.44006795562271,12.1530519231353,9,2,46.3595278071086
11.5,27,60.5262127174233,153.300438631961,2,-54.5021068254532,-4.80650576584549,16.9246652374599,12,2,92.5672809682294
11.5,28,152.860396379294,91.211494178234,8,-54.2772199182561,-6.42272097193509,9.9532371889486,8,2,63.3760229440322
11.5,29,153.053920354306,181.724364418891,1,-67.673352348608,-5.60003893698185,0.312720799809729,4,2,39.5981278258583
11.5,30,55.9065014765356,21.5010410740054,5,-64.704860932026,-7.40032702400658,-0.759194074226438,3,1,37.4075850538076
11.5,31,147.358000456712,143.308974400845,8,-55.7922948893019,-6.60289084333512,8.4381622179028,8,2,24.5764111528774
11.5,32,38.598990450842,84.8199759702896,2,-63.4288196272975,-4.8252131773416,7.99795243561556,7,1,43.5277353570289
11.5,33,165.267891022625,6.49327223548565,6,-75.5750010978126,-5.60282401545154,-7.58892794939483,0,1,125.426361111129
11.5,34,129.979164106654,49.7605085902964,6,-54.6254282582571,-5.60909031895036,13.3606448901606,10,1,83.3605065203806
11.5,35,163.409141404653,66.189487650538,7,-75.33731915942,-6.40000000000123,-15.9068620522153,0,2,88.0696148140168
11.5,36,13.53062348508,9.19384643151012,5,-62.6818129286259,-7.40001137795091,1.26385392917361,4,1,59.5601174649797
11.5,37,71.2302610129559,88.1090662710227,2,-47.274003602586,-4.82207640359428,21.026772062913,14,1,49.5507307184005
11.5,38,42.6014277136062,152.036936635431,3,-54.4233660358601,-4.8145064561062,17.003406027053,12,1,104.969163613987
11.5,39,75.5009967607932,123.029756745784,2,-51.0822683172667,-4.81193616350121,20.3445037456463,14,1,80.844889796093
11.5,40,77.5786826552473,173.750528244827,4,-60.7459778863556,-5.60731212070448,7.24009526206213,7,2,79.7570360398234
11.5,41,199.152096087979,184.159876382361,1,-65.4248040464422,-5.60001160241946,2.56126910197554,5,2,64.3045543044975
11.5,42,132.184657071312,45.2949200628547,6,-55.4430540471668,-5.609012118849,12.543019101251,10,1,85.6078596575346
11.5,43,77.6708731709078,42.0585340675408,6,-52.7888696117261,-5.63035978853605,15.1972035366917,11,1,37.1617290124784
11.5,44,39.113927465078,126.242705809349,3,-61.9276880837851,-4.81283453825706,9.4990839791279,8,1,80.5214677236236
11.5,45,46.9275942336697,187.970485421245,4,-62.086713073949,-5.60605399013503,5.89936007446872,6,2,112.329553518137
11.5,46,77.0564958707113,113.87293136084,2,-42,-4.81399075453681,21.026772062913,14,1,73.2397114237109
11.5,47,174.813424493821,74.127362311636,7,-65.9945754063336,-6.40000000000032,-6.56411829912891,1,2,83.2142607063257
11.5,48,124.471540581205,93.0290895804413,8,-44.0852898637577,-6.4145876408594,13.8304571072047,10,2,66.7055985231406
11.5,49,74.2164225793656,161.179052331188,2,-58.1418738651438,-4.81014935600352,13.2848981977692,10,2,80.1272227004826
11.5,50,124.347610394243,29.8801000953486,6,-56.9938033315441,-5.61073405798172,10.9922698168737,9,1,80.5271851209724
11.5,51,161.66711298305,32.146204290756,7,-73.6079711852373,-6.4000000000003,-14.1775140780326,0,1,115.501307971801
11.5,52,182.90083485446,187.847841066915,1,-72.9705568959875,-5.60001500648819,-4.98448374756972,1,2,55.3820729798639
11.5,53,108.44286828082,156.015173628513,8,-54.4919326475264,-6.42762485833798,9.7385244596783,8,2,48.1188893315965
11.5,54,97.9486102087148,6.4099636062636,5,-62.0710962467917,-7.4172046462024,1.87457061100783,4,1,68.9304757981151
11.5,55,187.217997902419,47.0584005750268,7,-86.5512662600729,-6.40000000000033,-21.1695428927953,0,2,111.957144747605
11.5,56,34.4498423676573,7.64897128596986,5,-65.5217049234732,-7.40011935906327,-1.57603806567367,3,1,50.8691167166023
11.5,57,151.653056373708,124.932077401832,8,-56.7639060398899,-6.46491572949574,7.46655106731478,7,2,34.4003392245251
11.5,58,21.1486683967462,69.856356123301,2,-69.3746492500629,-4.80019391757166,2.05212281285019,4,1,42.1772950030733
11.5,59,69.9963430881744,35.9803758023271,6,-58.5944614577593,-5.62596503191222,9.39161169065849,8,1,33.8917925100452
11.5,60,36.7127706102611,170.914555857919,3,-59.8964434733817,-4.80510106778029,11.5303285895313,9,2,117.574082984037
11.5,61,28.3196596797485,179.295114075238,4,-61.8527496438563,-5.60600443693861,6.13332350456142,7,2,127.34425361646
11.5,62,169.490553852498,146.675125848719,1,-67.1720319232799,-5.60065012202029,0.814041225137888,4,2,30.7113411885412
11.5,63,105.504048342256,98.6034228651276,8,-55.1522288592042,-6.40865647222482,9.07822824800044,8,2,71.928769314574
11.5,64,126.807858248038,176.536446957805,8,-51.0968395162589,-6.40000056188475,13.1336175909458,10,2,42.3592782774624
11.5,65,170.266565404998,184.341353063207,1,-62.6309184844623,-5.6000099465341,5.35515466395541,6,2,46.2851185968766
11.5,66,86.7888011761198,85.8986401821554,2,-42,-4.8148796433577,21.026772062913,14,1,56.5188310114773
11.5,67,196.327892557847,91.3129338501512,7,-74.4814565465651,-6.40000000000015,-15.0509994393604,0,2,78.3753491994017
11.5,68,52.5940779324462,152.973567995926,3,-51.9231234023353,-4.80634938475378,19.5036486605778,13,2,100.244729340034
11.5,69,84.6968706888378,52.6221179294353,6,-55.4604309556094,-5.61734098410324,12.5256421928083,10,1,41.9880737595069
11.5,70,23.2582197232666,64.6181620322012,2,-60.0882104780718,-4.80005160818733,11.3385615848412,9,1,38.4845874808186
11.5,71,139.140251222484,67.9311933890897,6,-46.564086886132,-5.60690302977707,17.5860731484177,12,1,93.9135883904165
11.5,72,149.665914095484,134.841751595415,8,-56.0555977451037,-6.4567366953653,8.17485936210101,8,2,27.9666606531189
11.5,73,82.0158462875575,144.138574001979,2,-52.7975343327924,-4.80764306254705,18.6292377301206,13,2,72.1696021239364
11.5,74,103.850602615362,92.4180761677845,8,-49.2682609398365,-6.4042646441754,13.8304571072047,10,2,77.4447856939658
11.5,75,99.540643825311,171.728500946578,8,-55.7898241047902,-6.42376022045253,8.4406330024145,8,2,59.7538649708081
11.5,76,167.245134527377,164.052460936217,1,-62.9762841008118,-5.60003167324842,5.00978904760598,6,2,32.3591768008895
11.5,77,190.450938899609,83.3557102888565,7,-83.4301263011942,-6.40000000000047,-21.1695428927953,0,2,81.4247493638312
11.5,78,31.2695139951077,113.329078978169,2,-64.1575484565091,-4.81901279894442,7.2692236064039,7,1,70.0974560893805
11.5,79,38.0524339007374,66.8837968598026,2,-62.4095690503114,-4.80571602240975,9.01720301260165,8,1,31.3058609863925
11.5,80,106.428076063441,37.2067255899166,6,-53.3370385743652,-5.60830401208649,14.6490345740525,11,1,62.450345382177
11.5,81,116.086005985587,83.3316510495778,8,-42,-6.41125475609766,13.8304571072047,10,2,78.4033018551188
11.5,82,199.200332503157,120.847695837648,1,-74.3399430935851,-5.60007203310381,-6.3538699451674,1,2,61.8286305557179
11.5,83,119.607534113241,151.988943722665,8,-54.6936042233564,-6.42520792320714,9.53685288384827,8,2,38.4695708295493
11.5,84,40.859863124801,120.61049874716,2,-53.3525498531539,-4.82060259632668,18.0742222097591,13,1,74.9775608793731
11.5,85,9.21427759947314,174.731018216884,4,-59.6768763607031,-5.61084565327025,8.30919678771467,8,1,133.317485939218
11.5,86,152.766069580031,71.7435682171619,7,-78.3314949619447,-6.40000000000115,-18.9010378547401,0,2,81.7555518378022
11.5,87,160.657004080321,102.719158405655,8,-59.579239479703,-6.4300125221914,4.65121762750162,6,2,53.8637142967089
11.5,88,110.457978056547,71.9097270059402,6,-53.0435990007876,-5.61052919709177,14.9424741476301,11,1,68.4649782601349
11.5,89,13.5974616263272,120.169177476401,3,-61.0533974417002,-4.82034172303537,10.3733746212128,9,1,82.4688320989295
11.5,90,140.361027369069,59.0688515658259,6,-49.2694504634106,-5.6069001687423,17.5860731484177,12,1,93.8062329267973
11.5,91,100.691642437911,150.434511581816,8,-48.6123720098094,-6.41842606082499,13.8304571072047,10,2,54.6237395807492
11.5,92,98.0054731241342,6.59195687102546,5,-62.1111840840613,-7.41773740052255,1.83448277373829,4,1,68.8551643535827
11.5,93,75.7031252534082,183.968985315362,4,-62.5774081941034,-5.6090922093042,5.40866495431434,6,2,85.0068677252964
11.5,94,84.1179557917076,68.7250943382706,6,-47.1941549099271,-5.62099315557099,17.5860731484177,12,1,45.4633265982819
11.5,95,195.602983176248,155.134824858649,1,-75.3123602658384,-5.60003427338853,-7.32628711742066,0,2,51.5582049813812
11.5,96,77.5725432129141,188.772749011062,4,-63.3130548219887,-5.61346183500992,4.673018326429,6,2,85.4477182990861
11.5,97,84.6999721557553,116.831268456851,2,-46.9400058012511,-4.80901386641108,21.026772062913,14,2,76.9188428711755
11.5,98,187.909917124986,30.774865240263,7,-77.5339764585919,-6.40000000000127,-18.1035193513872,0,2,127.29510821277
11.5,99,115.7118886896,162.89212616337,8,-56.5007081276212,-6.41342169387886,7.72974897958349,7,2,43.5216209974607
11.5,100,56.6795944868328,37.8322464786312,6,-50.9316905817307,-5.60005246593898,17.0543825666871,12,1,27.2932447368449
12,1,18.2889323286382,172.551627844545,3,-66.2463363724668,-4.81191455534993,5.18043569044627,6,1,128.750702134806
12,2,186.117936543529,33.5551683183007,7,-94.5122067223139,-6.40000000000049,-21.1695428927953,0,2,124.161806388042
12,3,149.8996269043,25.0934524157648,6,-59.3006072339836,-5.60730104062445,8.68546591443415,8,1,105.605499706142
12,4,55.8187158446081,1.38774434946578,5,-65.7670544113357,-7.40009113945276,-1.82138755353615,3,1,54.3070792209744
12,5,48.0422556639616,94.8203712112223,2,-49.9691836335054,-4.8282275688422,21.026772062913,14,1,50.6453200048835
12,6,113.813576946019,23.5237176674793,6,-62.2283803202777,-5.60633797609741,5.7576928281401,6,1,72.9754488084642
12,7,63.3378566704744,86.42446960124,2,-53.0534017313312,-4.83124913259238,18.3733703315818,13,1,45.3529536666993
12,8,127.917990905264,137.601286527606,8,-47.2761185430349,-6.43396447314386,13.8304571072047,10,2,34.548418508385
12,9,196.289839872066,163.986905203159,1,-69.8864079664166,-5.60000537688197,-1.90033481799886,3,2,53.7646053881517
12,10,79.0281798103527,95.8876345628785,2,-47.2297487426923,-4.81412045918428,21.026772062913,14,1,59.1655324397444
12,11,156.71017374252,50.8018365264194,7,-69.9976097007928,-6.40000000000114,-10.5671525935881,0,2,102.164338534471
12,12,152.823468303809,120.472251731258,8,-59.3872678827804,-6.43435502418267,4.84318922442426,6,2,37.8432278100696
12,13,87.4344582900874,15.20618415379,5,-60.9234586820027,-7.42607773667003,3.02220817579682,5,1,56.2512069969372
12,14,177.632254577169,97.4239152830866,7,-77.228887135633,-6.40000000000031,-17.7984300284283,0,2,63.8751608778994
12,15,184.174983582788,183.507218651754,1,-70.6310699501073,-5.60000186624291,-2.64499680168953,2,2,53.3189760278675
12,16,93.3174398213055,152.948641182844,2,-56.2692691131155,-4.81145482269068,15.1575029497975,11,2,61.431727252589
12,17,140.182140051565,93.4146442991368,8,-57.03513516388,-6.42113598383981,7.19532194332464,7,2,62.0527425160266
12,18,77.1175663808669,26.8601961309108,6,-64.1739016067641,-5.61478077167847,3.81217154165367,5,1,42.6973410123
12,19,118.975138513193,61.1545810552471,6,-51.3797723472334,-5.61027076075912,16.6063008011843,12,1,73.7173277556382
12,20,46.1218594892512,198.648447316569,4,-69.6157507492764,-5.6038870310609,-1.62967760085867,3,2,117.087956264869
12,21,85.138344355034,58.6363301534678,6,-54.6371523983186,-5.61991378243193,13.3489207500991,10,1,43.1455610988273
12,22,138.19966164763,39.5178199559711,6,-60.9522339720311,-5.6084341234565,7.03383917638662,7,1,91.8765825073609
12,23,122.218039746452,187.754583590816,8,-67.5154990893093,-6.40005120073284,-3.28504198210466,2,2,52.4356357608602
12,24,180.192591124242,34.4151384909165,7,-86.6554781303756,-6.40000000000065,-21.1695428927953,0,2,121.75262941255
12,25,103.986243274804,91.3757200449327,8,-44.3499474488187,-6.40827524155582,13.8304571072047,10,2,78.1429587884641
12,26,150.797202607797,109.249479231488,8,-58.9078395278234,-6.42319716908478,5.32261757938126,6,2,47.0477467569147
12,27,61.4671747336419,153.212993905975,2,-54.5752642508096,-4.80649162862681,16.8515078121035,12,2,91.6549752031133
12,28,153.162804509912,91.7701092385337,8,-51.7920612448133,-6.42029937082232,12.4383958623913,10,2,62.8726769786385
12,29,153.594207181695,181.622111111846,1,-65.5479706772649,-5.60006118801642,2.43810247115286,5,2,39.5616763602714
12,30,55.2404957054289,20.4626042157853,5,-65.6647700492765,-7.40030776451496,-1.71910319147697,3,1,38.1073555229429
12,31,148.639085270317,143.360721304906,8,-63.3734247231056,-6.58448054350006,0.857032384099026,4,2,24.457761763755
12,32,38.2672723309642,85.122297990337,2,-55.4575624211832,-4.81732743360946,15.9692096417299,12,1,43.8575274574136
12,33,166.242854574293,7.25808886111527,6,-61.4764727618025,-5.60193080442718,6.50960038661526,7,1,126.061581012553
12,34,129.943634781276,48.611272598766,6,-51.4690670023574,-5.60920872327698,16.5170061460603,12,1,83.3376463900734
12,35,162.732181120379,64.9253392992086,7,-80.5960582638238,-6.40000000000133,-21.1656011566191,0,2,89.1743030779435
12,36,13.1061824518479,9.63757184938384,5,-67.3052411334834,-7.40000776510835,-3.35957427568383,2,1,59.5191513673539
12,37,71.0379245540251,88.2983323626086,2,-47.8888830472137,-4.82151237639432,21.026772062913,14,1,49.6145798258706
12,38,43.0867014507218,152.269193125119,3,-53.3374345051192,-4.8110019962375,18.0893375577939,13,1,105.161930180528
12,39,75.939125708347,122.796396342446,2,-47.8093116975862,-4.81150967467382,21.026772062913,14,1,80.7737801700522
12,40,77.9862232256668,173.519403849968,4,-60.0448520936053,-5.61270059978254,7.94122105481245,7,2,79.3183232472888
12,41,198.304192175957,183.531015231548,1,-67.3680788486826,-5.60000202790674,0.617994299735133,4,2,63.3235656310516
12,42,132.248109817424,46.3411872298627,6,-52.1889977118084,-5.60887545380635,15.7970754366093,12,1,85.617687888812
12,43,77.9620522162454,42.306256844642,6,-56.6444437576851,-5.64670063225651,11.3416293907326,9,1,37.3272025188689
12,44,39.3774662172404,125.714059945827,3,-60.4223939777451,-4.81534445625473,11.004378085168,9,1,79.9856680752626
12,45,46.1775308142418,188.594874903433,4,-64.5638522411162,-5.60732615242464,3.42222090730154,5,2,113.229499145052
12,46,77.1462823538083,112.925688681841,2,-49.2790779252271,-4.81354060371601,21.026772062913,14,1,72.4486917874756
12,47,174.908470215192,74.3070786840125,7,-72.0759361417703,-6.4000000000017,-12.6454790345656,0,2,83.0788795411287
12,48,123.65106530681,92.3681991934599,8,-49.3531135480901,-6.41484023585798,13.8304571072047,10,2,67.5865432143906
12,49,74.3816638776765,160.721885685911,2,-56.575799356113,-4.80657063480217,14.8509727068,11,2,79.9083324226607
12,50,124.384552743258,30.5433642909689,6,-57.3035116715128,-5.61120499384076,10.682561476905,9,1,80.3982111736852
12,51,162.307623708799,31.8973898789808,7,-84.9590933822428,-6.40000000000033,-21.1695428927953,0,1,116.159187481278
12,52,183.369540636487,187.083209349748,1,-70.5480534398947,-5.60001298914417,-2.56198029147697,2,2,55.1447246612706
12,53,109.003942114929,155.120446217852,8,-48.767986011232,-6.42727244736099,13.8304571072047,10,2,47.5304716112309
12,54,96.5034149700649,6.01197414171003,5,-59.4812093682669,-7.41629828215027,4.46445748953267,6,1,68.1891781941068
12,55,188.388475332515,46.2374411276204,7,-94.552839060091,-6.40000000000108,-21.1695428927953,0,2,113.104348555213
12,56,34.0527281027093,7.62570345364544,5,-67.7295197205099,-7.40011840248259,-3.78385286271038,2,1,51.0112388475767
12,57,152.365812939738,125.953795989973,8,-51.5651266744266,-6.42056780695178,12.665330432778,10,2,33.70559298036
12,58,22.0927727290329,68.8093503105042,2,-61.2212570432965,-4.8000440787799,10.2055150196165,8,1,41.0469851883993
12,59,70.7659458069636,36.2407239477708,6,-61.0977128616997,-5.61745400702077,6.88836028671809,7,1,34.2460535352498
12,60,36.2805912743865,171.270379961157,4,-55.0380795038259,-5.60627590136227,12.9479936445918,10,2,118.054152763023
12,61,29.671198094325,179.915696678347,4,-64.4533747814108,-5.60527332416848,3.53269836700693,5,2,126.199126287808
12,62,169.498952530494,146.607719571952,1,-60.5885213697088,-5.60066096019461,7.39755177870896,7,2,30.7240413404388
12,63,105.753564578977,99.6650755894558,8,-55.8769733901666,-6.40982984402928,8.3534837170381,8,2,71.0183192062579
12,64,126.438982470613,176.973187593541,8,-60.4400405243525,-6.40001835440104,3.7904165828522,5,2,42.8360175083587
12,65,170.05907770906,183.92703865501,1,-64.6967751127742,-5.60008711422986,3.2892980356435,5,2,45.8874770546017
12,66,87.0375919397686,85.1670665578881,2,-44.8608235137704,-4.81467658511779,21.026772062913,14,1,56.2205993118514
12,67,196.758793106972,92.0641123338659,7,-65.3766585110372,-6.40000000000008,-5.94620140383255,1,2,78.0717734682871
12,68,53.1104417066222,151.907406534824,3,-56.8900047216729,-4.80478796204761,14.5367673412401,11,2,99.7169730084851
12,69,86.0129937184159,51.9465853049475,6,-52.82371910784,-5.62057972054529,15.1623540405778,11,1,43.0461950805422
12,70,23.2645650025111,64.5011606964676,2,-59.6341759004915,-4.80004733945238,11.7925961624215,9,1,38.4358835731629
12,71,139.228723836312,67.0478597214531,6,-47.026000330847,-5.60581603152689,17.5860731484177,12,1,93.8330681505145
12,72,149.773590865255,134.950824379831,8,-57.5990995733787,-6.43496578092607,6.63135753382599,7,2,27.9066111870104
12,73,82.149947589926,144.348016892002,2,-49.6210255787929,-4.81056573089064,21.026772062913,14,2,72.0265543053594
12,74,103.793425253811,92.4142843542147,8,-44.7654476683148,-6.40838756697491,13.8304571072047,10,2,77.4816894253886
12,75,98.6475151649227,172.817331407079,8,-51.9827386285788,-6.41889998265385,12.2477184786259,9,2,60.9094271133566
12,76,167.833326926729,164.859007370442,1,-50.4934080145466,-5.60000173528628,17.4926651338712,12,2,33.0313131635792
12,77,191.76095242745,83.9672477463759,7,-68.8668707159178,-6.40000000000058,-9.43641360871317,0,2,81.5876921957978
12,78,30.5370083404159,113.393871755041,3,-55.3696791161422,-4.80586010306297,16.0570929467709,12,1,70.3551065697125
12,79,38.6720654054867,66.5557595143671,2,-57.9312779996329,-4.80361557300788,13.4954940632801,10,1,30.8976580872261
12,80,106.441799119144,37.2474969109003,6,-54.228047842677,-5.61521837726303,13.7580253057408,10,1,62.4544075533773
12,81,116.052022290109,83.4989143721623,8,-47.9218777777444,-6.41075369506505,13.8304571072047,10,2,78.2758556661776
12,82,198.91473696857,120.747455252818,1,-62.6750144981464,-5.6000023805688,5.31105865027131,6,2,61.6491108361688
12,83,119.267360729168,150.79258743502,8,-50.7462596764173,-6.43617553980853,13.4841974307874,10,2,38.6959081996177
12,84,40.6856910519398,120.490726564991,2,-56.5201113818164,-4.82094611331475,14.9066606810967,11,1,74.8862396094254
12,85,9.99834346376852,175.801934511774,4,-73.0216698316126,-5.60841629878096,-5.03559668319481,1,1,134.083963442864
12,86,153.12674196067,71.7193952637983,7,-81.2823709257095,-6.4000000000019,-21.1695428927953,0,2,81.7916841320318
12,87,160.933522862322,104.100261433754,8,-55.7875159268679,-6.41527270037527,8.44294118033677,8,2,52.7122179634916
12,88,110.398765108591,71.8345522367139,6,-48.5546043768849,-5.60850447429125,17.5860731484177,12,1,68.3886576708492
12,89,13.8192308629754,119.208230793175,3,-56.7579929841455,-4.82118677745013,14.6687790787675,11,1,81.5541370187195
12,90,140.145160508868,59.1381253286188,6,-45.786377932653,-5.60661775584411,17.5860731484177,12,1,93.6050495309473
12,91,100.705311669049,150.246101116173,8,-46.5045398775082,-6.41830881295494,13.8304571072047,10,2,54.6102267291115
12,92,97.3861475076818,5.44718116335604,5,-59.5622943131003,-7.41644518637874,4.38337254469928,6,1,69.1567107510948
12,93,75.0978677703427,184.006243954447,4,-60.5763789546903,-5.6102474987973,7.40969419372748,7,2,85.5511779021098
12,94,84.2732978079927,69.085469134613,6,-53.4452491326334,-5.61516240301869,14.5408240157843,11,1,45.7292474760259
12,95,195.950694840256,155.749636944837,1,-77.0430362582996,-5.6000153924771,-9.05696310988189,0,2,51.9304793093594
12,96,76.7118920487955,188.542106051494,4,-60.3800338054637,-5.61423240337941,7.60603934295401,7,2,86.0749133368836
12,97,85.1679097987994,116.587439117958,2,-48.6419289552791,-4.80863872332467,21.026772062913,14,2,76.6279919125691
12,98,188.162636210156,30.9415131661653,7,-88.6442238522611,-6.40000000000044,-21.1695428927953,0,2,127.214622153552
12,99,116.563776810592,161.996196508347,8,-55.3466662264117,-6.44208272565943,8.88379088079293,8,2,42.5927194698667
12,100,57.4480585571679,38.5654487386341,6,-64.3501996862205,-5.60090512461257,3.63587346219726,5,1,27.1748512198284
12.5,1,17.7792127125385,171.993029551375,3,-61.20603996902,-4.81143481809615,10.220732093893,8,1,128.346127298593
12.5,2,186.104833483275,33.9708369809662,7,-72.3966316436705,-6.40000000000056,-12.9661745364659,0,2,123.768233694081
12.5,3,149.778653719395,24.1037184163702,6,-60.25442451407,-5.60562517209598,7.73164863434778,7,1,105.729121522471
12.5,4,55.8976302170543,1.17527904754207,5,-62.5138076743593,-7.40015484527579,1.43185918344024,4,1,54.5058292136033
12.5,5,48.6993375062394,94.5186382287466,2,-53.8936371624726,-4.83492349161575,17.5331349004404,12,1,50.3572325755169
12.5,6,114.960325729363,23.5422223785737,6,-56.5898401198638,-5.61511361494564,11.3962330285539,9,1,73.9736974574735
12.5,7,62.1897076402048,87.3448815588899,2,-42.1779680657624,-4.83187740446691,21.026772062913,14,1,45.7764038670709
12.5,8,128.167498893244,137.151979082635,8,-49.2558475591169,-6.42830096978751,13.8304571072047,10,2,34.5540120111911
12.5,9,196.649484404054,164.605699810852,1,-70.6150709017229,-5.60000430461882,-2.62899775330513,2,2,54.2379098244834
12.5,10,78.755158531941,95.9035837845882,2,-46.869820682469,-4.81454934720754,21.026772062913,14,1,59.0444590665862
12.5,11,157.636553450868,49.9347411898578,7,-79.1380212182916,-6.40000000000207,-19.7075641110869,0,2,103.07096084421
12.5,12,151.597517464285,120.114363285142,8,-54.649747044993,-6.44876852341098,9.58071006221162,8,2,38.0519821284141
12.5,13,87.2813913159233,14.9986655702463,5,-61.9157705913698,-7.42343453535661,2.02989626642972,4,1,56.2782866682566
12.5,14,177.715191613807,97.5772671215668,7,-87.3100038489766,-6.40000000000163,-21.1695428927953,0,2,63.784988583785
12.5,15,184.600482504032,183.02201168837,1,-67.1914408419447,-5.60000585359783,0.794632306473024,4,2,53.2906806623698
12.5,16,92.9686738712236,152.392951522629,2,-48.7620835800229,-4.81443391520219,21.026772062913,14,2,61.7296393719946
12.5,17,140.643237750801,92.9510482851308,8,-53.3293174480534,-6.4205185940763,10.9011396591513,9,2,62.4049829064436
12.5,18,77.269552758026,26.7281273606135,6,-55.9444484209366,-5.61089049741252,12.0416247274812,9,1,42.8655871739393
12.5,19,118.154425422289,60.721151103266,6,-53.8826289833733,-5.60808633994228,14.1034441650444,11,1,72.8849695453141
12.5,20,45.8646865862281,197.897584714663,4,-70.9890756188306,-5.60554692020008,-3.00300247041289,2,2,117.006803739282
12.5,21,84.6426315254178,58.2039984315764,6,-51.3480268731818,-5.61675608235173,16.638046275236,12,1,42.6575609859633
12.5,22,137.840350398579,39.2887402102483,6,-55.2126441757931,-5.60857938195468,12.7734289726246,10,1,91.558223248536
12.5,23,122.18633091974,188.923575881364,8,-65.928844553178,-6.40002586721,-1.69838744597334,3,2,53.3000464080336
12.5,24,181.381339958749,34.6143275766378,7,-74.1207763314348,-6.40000000000053,-14.6903192242301,0,2,121.864235517226
12.5,25,104.066382501654,91.6428838784283,8,-47.7943042986607,-6.40666182344981,13.8304571072047,10,2,77.8954441447701
12.5,26,151.42720063276,108.460538275661,8,-52.050683921487,-6.43478432393345,12.1797731857177,9,2,47.7473955519455
12.5,27,62.4081367498606,153.125549179989,2,-52.2276114366851,-4.80621954330941,19.199160626228,13,2,90.7433389583371
12.5,28,153.465212640531,92.3287242988334,8,-51.2027363605916,-6.42198847013381,13.0277207466131,10,2,62.3717383086608
12.5,29,154.134494009084,181.519857804801,1,-71.7608230580101,-5.60013343379513,-3.77474990959234,2,2,39.5328404841594
12.5,30,54.5744899343221,19.4241673575652,5,-64.5544234920597,-7.40031323780964,-0.608756634260184,3,1,38.8337160201982
12.5,31,149.920170083923,143.412468208967,8,-59.898404280237,-6.40104938913961,4.33205282696764,6,2,24.4059818059707
12.5,32,37.9355542110865,85.4246200103843,2,-58.0078052471799,-4.84876504494322,13.4189668157332,10,1,44.1894167768002
12.5,33,167.21781812596,8.02290548674489,6,-60.3153373085855,-5.60615341418562,7.67073583983221,7,1,126.705735268714
12.5,34,129.908105455897,47.4620366072357,6,-59.8964994515947,-5.60923329003491,8.08957369682305,7,1,83.3306460777413
12.5,35,162.055220836105,63.6611909478791,7,-93.0612231527071,-6.40000000000206,-21.1695428927953,0,2,90.288251162296
12.5,36,12.6817414186157,10.0812972672576,5,-61.0087202347241,-7.40000080202933,2.93694662307549,5,1,59.4844958910481
12.5,37,70.8455880950943,88.4875984541946,2,-43.7725624825816,-4.81928454486692,21.026772062913,14,1,49.6798125781656
12.5,38,43.5719751878374,152.501449614807,3,-56.9648615639036,-4.81212697160941,14.4619104990094,11,1,105.357091247445
12.5,39,76.3772546559008,122.563035939108,2,-50.1148325900747,-4.8099009663592,21.026772062913,14,1,80.7056611885589
12.5,40,78.3937637960864,173.28827945511,4,-67.2243009590217,-5.61393457292603,0.761772189396087,4,2,78.8799532407948
12.5,41,197.456288263936,182.902154080735,1,-79.2828475793458,-5.60001623740316,-11.296774430928,0,2,62.3450161515913
12.5,42,132.311562563536,47.3874543968707,6,-60.5647296807788,-5.60879007018063,7.42134346763898,7,1,85.6403452011924
12.5,43,78.2532312615831,42.5539796217432,6,-57.1187453565247,-5.60991378084601,10.8673277918931,9,1,37.4958437189232
12.5,44,39.6410049694027,125.185414082304,2,-57.4680860514473,-4.81542626967273,13.9586860114658,10,1,79.4506467486038
12.5,45,45.427467394814,189.219264385621,4,-60.3477086459752,-5.60642650441244,7.63836450244253,7,2,114.130693831291
12.5,46,77.2360688369054,111.978446002841,2,-44.4588440055004,-4.81294116146893,21.026772062913,14,1,71.6615741846057
12.5,47,175.003515936562,74.486795056389,7,-92.7338135944379,-6.40000000000098,-21.1695428927953,0,2,82.9437757161183
12.5,48,122.830590032415,91.7073088064785,8,-49.9348037157385,-6.4137022123954,13.8304571072047,10,2,68.4723643857138
12.5,49,74.5469051759873,160.264719040634,2,-57.4607596050271,-4.80987834874226,13.966012457886,10,2,79.6918062005412
12.5,50,124.421495092273,31.2066284865892,6,-53.2069495847332,-5.60951888706786,14.7791235636846,11,1,80.2745273708309
12.5,51,162.948134434547,31.6485754672056,7,-66.8835944735919,-6.40000000000049,-7.45313736638726,0,1,116.81740390296
12.5,52,183.838246418513,186.31857763258,1,-65.1899217415653,-5.6000098398623,2.79615140685248,5,2,54.9209978235441
12.5,53,109.565015949038,154.22571880719,8,-56.9471652096083,-6.41901131940042,7.28329189759634,7,2,46.9584351809026
12.5,54,95.0582197314151,5.61398467715645,5,-60.7015687061824,-7.40895203085485,3.24409815161713,5,1,67.4730429253356
12.5,55,189.558952762611,45.416481680214,7,-68.1962661813229,-6.40000000000119,-8.76580907411827,0,2,114.257923348097
12.5,56,33.6556138377613,7.60243562132102,5,-67.3099559235816,-7.40011459986206,-3.36428906578207,2,1,51.1560595068132
12.5,57,153.078569505768,126.975514578113,8,-51.5079405729423,-6.44279751878216,12.7225165342623,10,2,33.0432219849174
12.5,58,23.0368770613196,67.7623444977073,2,-63.6932111892705,-4.80010826896421,7.7335608736425,7,1,39.934457310218
12.5,59,71.5355485257529,36.5010720932144,6,-57.6949613175664,-5.60750749096337,10.2911118308514,8,1,34.6157609325239
12.5,60,35.8484119385119,171.626204064395,4,-59.0279073456257,-5.6055496200744,8.95816580279208,8,2,118.534922108189
12.5,61,31.0227365089016,180.536279281456,4,-60.3342959411376,-5.60624875208646,7.65177720728011,7,2,125.061199339305
12.5,62,169.507351208491,146.540313295185,1,-60.55765848326,-5.60013862563871,7.42841466515771,7,2,30.7368863625917
12.5,63,106.003080815699,100.726728313784,8,-50.6105914606177,-6.4098067261661,13.619865646587,10,2,70.1130102076184
12.5,64,126.070106693188,177.409928229276,8,-64.5450804572327,-6.40031581222841,-0.314623350028002,3,2,43.31505464858
12.5,65,169.851590013121,183.512724246812,1,-64.7914632764616,-5.6000910388741,3.19460987195612,5,2,45.4910794825962
12.5,66,87.2863827034174,84.4354929336208,2,-46.9183874307256,-4.81426930367564,21.026772062913,14,1,55.9314536614878
12.5,67,197.189693656097,92.8152908175805,7,-67.8643007214438,-6.40000000000005,-8.43384361423914,0,2,77.7766555698698
12.5,68,53.6268054807983,150.841245073721,3,-55.825341328745,-4.80460003492063,15.601430734168,11,2,99.2005560221814
12.5,69,87.329116747994,51.2710526804596,6,-53.2603298148213,-5.61775613238339,14.7257433335964,11,1,44.1285455470931
12.5,70,23.2709102817555,64.3841593607341,2,-62.6015549195942,-4.80008170782003,8.82521714331881,8,1,38.3874755314928
12.5,71,139.317196450139,66.1645260538166,6,-52.9454366746448,-5.60632290296524,15.040636473773,11,1,93.7608846175056
12.5,72,149.881267635025,135.059897164248,8,-52.7757415620754,-6.49030402396499,11.4547155451293,9,2,27.8472758114206
12.5,73,82.2840488922945,144.557459782026,2,-55.6277047695528,-4.80998287877873,15.7990672933602,12,2,71.8840822327546
12.5,74,103.73624789226,92.4104925406449,8,-47.5992247161238,-6.40666063293087,13.8304571072047,10,2,77.5186179475454
12.5,75,97.7543865045345,173.906161867579,8,-54.2307575937556,-6.42106094505106,9.99969951344905,8,2,62.0754275438878
12.5,76,168.421519326081,165.665553804667,1,-67.1399851671901,-5.60004109917663,0.846087981227671,4,2,33.7196078015164
12.5,77,193.070965955291,84.5787852038954,7,-64.4382559737763,-6.40000000000028,-5.00779886657158,1,2,81.7758732984241
12.5,78,29.8045026857241,113.458664531913,3,-58.8015284890573,-4.8134214326341,12.6252435738557,10,1,70.6194747640108
12.5,79,39.2916969102359,66.2277221689315,2,-55.0976165174154,-4.81736945060826,16.3291555454977,12,1,30.5001101941334
12.5,80,106.455522174848,37.288268231884,6,-56.399476865266,-5.60695110569819,11.5865962831518,9,1,62.4584990900299
12.5,81,116.01803859463,83.6661776947468,8,-51.7972043119324,-6.40816215944998,12.4332527952722,10,2,78.1485744116996
12.5,82,198.629141433983,120.647214667989,1,-70.0963227486878,-5.60007193677403,-2.11024960027009,3,2,61.4705572071169
12.5,83,118.927187345094,149.596231147375,8,-46.4807542387331,-6.43455367338469,13.8304571072047,10,2,38.9606559951603
12.5,84,40.5115189790786,120.370954382822,2,-59.7022224087056,-4.81411648412014,11.7245496542074,9,1,74.7954042226769
12.5,85,10.7824093280639,176.872850806664,4,-60.475688400597,-5.60668895023643,7.51038474782074,7,1,134.859147594524
12.5,86,153.487414341309,71.6952223104347,7,-94.6550908277475,-6.40000000000236,-21.1695428927953,0,2,81.8293973325003
12.5,87,161.210041644323,105.481364461853,8,-61.143092350485,-6.4316082414107,3.08736475671964,5,2,51.5734810134612
12.5,88,110.339552160636,71.7593774674877,6,-48.0025564118824,-5.60896151569414,17.5860731484177,12,1,68.3123858660984
12.5,89,14.0410000996237,118.247284109949,3,-62.9608867954707,-4.82324037048234,8.46588526744232,8,1,80.6411276100438
12.5,90,139.929293648667,59.2073990914117,6,-55.7811257208576,-5.60635510480032,12.2049474275601,9,1,93.4039830744746
12.5,91,100.718980900187,150.057690650529,8,-55.3683619890096,-6.41338341714544,8.86209511819504,8,2,54.5973641463332
12.5,92,96.7668218912294,4.30240545568661,5,-59.777745512136,-7.40659628676438,4.16792134566351,5,1,69.4813340181551
12.5,93,74.4926102872772,184.043502593532,4,-58.6322068797165,-5.60987532230016,9.35386626870124,8,2,86.0963179820416
12.5,94,84.4286398242779,69.4458439309553,6,-46.7042483406575,-5.61992532121976,17.5860731484177,12,1,45.9969791001205
12.5,95,196.298406504265,156.364449031025,1,-75.4250702701038,-5.60000345970307,-7.43899712168604,0,2,52.3096420968708
12.5,96,75.8512408846769,188.311463091927,4,-57.3367130187019,-5.6073665249622,10.6493601297159,9,2,86.7067280122268
12.5,97,85.6358474418434,116.343609779065,2,-49.8630011366377,-4.80893079530882,21.026772062913,14,2,76.3396799654903
12.5,98,188.415355295327,31.1081610920676,7,-75.6236826208045,-6.4000000000003,-16.1932255135998,0,2,127.1348059399
12.5,99,117.415664931584,161.100266853324,8,-53.9206763162283,-6.43861944965263,10.3097807909763,9,2,41.6797890597563
12.5,100,58.2165226275031,39.298650998637,6,-57.8357253954897,-5.60134676749662,10.1503477529281,8,1,27.0976034832832
13,1,17.2694930964387,171.434431258206,3,-60.7101527759212,-4.80894273104936,10.7166192869919,9,1,127.944742671077
13,2,186.091730423022,34.3865056436317,7,-79.6773363829987,-6.40000000000077,-20.246879275794,0,2,123.374807323935
13,3,149.65768053449,23.1139844169755,6,-62.1400176966121,-5.60448229172519,5.84605545180566,6,1,105.861990928969
13,4,55.9765445895005,0.96281374561837,5,-59.8236446284539,-7.4000386912303,4.12202222934567,5,1,54.7047961423603
13,5,49.3564193485172,94.2169052462709,2,-56.5009307329457,-4.83462873669461,14.9258413299674,11,1,50.0779283278838
13,6,116.107074512708,23.5607270896681,6,-58.5944563650082,-5.61335271022795,9.39161678340958,8,1,74.9761992411974
13,7,61.0415586099351,88.2652935165398,2,-49.5470091060361,-4.83001665322555,21.026772062913,14,1,46.2428232750075
13,8,128.417006881224,136.702671637664,8,-47.5068303339097,-6.43140897645061,13.8304571072047,10,2,34.567246542658
13,9,197.009128936042,165.224494418545,1,-76.2599969856128,-5.60003333226712,-8.27392383719504,0,2,54.7164822848264
13,10,78.4821372535294,95.919533006298,2,-45.0712102692154,-4.81540221829925,21.026772062913,14,1,58.9244062680769
13,11,158.562933159216,49.0676458532961,7,-79.4779789557443,-6.40000000000143,-20.0475218485397,0,2,103.985162104431
13,12,150.371566624761,119.756474839027,8,-53.3923807732593,-6.41403374901177,10.8380763339454,9,2,38.3022045830138
13,13,87.1283243417592,14.7911469867026,5,-62.1701726188426,-7.41592616702386,1.77549423895694,4,1,56.3065342472688
13,14,177.798128650444,97.7306189600469,7,-75.3587395632815,-6.40000000000036,-15.9282824560768,0,2,63.6951658351437
13,15,185.025981425276,182.536804724986,1,-70.0164412839226,-5.60000895810268,-2.03036813550487,3,2,53.2701890039414
13,16,92.6199079211417,151.837261862415,2,-57.4460865301577,-4.81195956803896,13.9806855327553,10,2,62.0330597192283
13,17,141.104335450036,92.4874522711248,8,-51.8038614775483,-6.42273590470037,12.4265956296564,10,2,62.7620585549234
13,18,77.4215391351851,26.5960585903162,6,-65.4876564802143,-5.63231002400777,2.49841666820348,5,1,43.0341176515843
13,19,117.333712331385,60.287721151285,6,-48.5248994979042,-5.60833284746398,17.5860731484177,12,1,72.0549514107966
13,20,45.607513683205,197.146722112757,4,-59.0702637647322,-5.60213501653838,8.91580938368552,8,2,116.930982230458
13,21,84.1469186958016,57.771666709685,6,-51.1572384099094,-5.62645096871303,16.8288347385083,12,1,42.1741729007708
13,22,137.481039149529,39.0596604645255,6,-58.2544642775688,-5.60448182935838,9.73160887084896,8,1,91.240743310392
13,23,122.154622093027,190.092568171912,8,-70.4405068806911,-6.40010161028346,-6.21004977348645,1,2,54.1759087916537
13,24,182.570088793256,34.8135166623592,7,-75.5090893140413,-6.40000000000067,-16.0786322068366,0,2,121.987649488353
13,25,104.146521728503,91.9100477119239,8,-49.8728720799202,-6.40844580811422,13.8304571072047,10,2,77.6481424531559
13,26,152.057198657722,107.671597319834,8,-57.6744473836805,-6.4337637614651,6.55600972352414,7,2,48.4579791135742
13,27,63.3490987660792,153.038104454003,2,-57.2954335127237,-4.80133780981829,14.1313385501893,11,2,89.8323926171631
13,28,153.767620771149,92.8873393591331,8,-52.2903530982371,-6.42675374302826,11.9401040089676,9,2,61.8732654040016
13,29,154.674780836472,181.417604497756,1,-69.6780587607318,-5.60009925549108,-1.6919856123141,3,2,39.5116368712616
13,30,53.9084841632154,18.3857304993452,5,-61.7903537784276,-7.4003162465689,2.15531307937195,4,1,39.58520284796
13,31,151.201254897529,143.464215113027,8,-58.6961354156168,-6.40049281404621,5.53432169158786,6,2,24.4214966252606
13,32,37.6038360912088,85.7269420304316,2,-51.7169507768634,-4.84423135506526,19.7098212860496,14,1,44.5233564154752
13,33,168.192781677628,8.78772211237451,6,-62.3619727085027,-5.60220481703223,5.62410043991501,6,1,127.358688315255
13,34,129.872576130519,46.3128006157053,6,-57.6631798433986,-5.60860171224828,10.3228933050191,9,1,83.3395095799408
13,35,161.37826055183,62.3970425965496,7,-83.7140363369859,-6.40000000000161,-21.1695428927953,0,2,91.4111205434879
13,36,12.2573003853836,10.5250226851313,5,-60.3037130098966,-7.40000032991957,3.64195384790293,5,1,59.4561620709625
13,37,70.6532516361635,88.6768645457806,2,-49.1998189992717,-4.82248175705405,21.026772062913,14,1,49.746423532143
13,38,44.0572489249531,152.733706104495,3,-53.6934181771463,-4.8084054941612,17.7333538857667,13,1,105.554633533089
13,39,76.8153836034547,122.329675535769,2,-52.5992337262445,-4.81187349643999,18.8275383366686,13,1,80.6405404304193
13,40,78.801304366506,173.057155060252,4,-62.3224486884521,-5.60809623738737,5.66362445996562,6,2,78.4419317672852
13,41,196.608384351914,182.273292929922,1,-75.090274159486,-5.60002265842601,-7.10420101106825,0,2,61.3690225475061
13,42,132.375015309649,48.4337215638786,6,-56.0914249579447,-5.60757515164962,11.8946481904731,9,1,85.6758214165717
13,43,78.5444103069207,42.8017023988444,6,-49.5050852534161,-5.62987342635673,17.5860731484177,12,1,37.6676100665365
13,44,39.9045437215651,124.656768218781,2,-52.5246633506575,-4.82038183780293,18.9021087122556,13,1,78.9164195737655
13,45,44.6774039753861,189.843653867809,4,-66.1176312686483,-5.60776979205167,1.86844187976947,4,2,115.033108220641
13,46,77.3258553200025,111.031203323842,2,-53.7521819907287,-4.81412372861931,17.6745900721843,13,1,70.8784886134417
13,47,175.098561657933,74.6665114287655,7,-83.0443236400378,-6.40000000000273,-21.1695428927953,0,2,82.808950588746
13,48,122.01011475802,91.0464184194972,8,-45.7552726721344,-6.41436218158174,13.8304571072047,10,2,69.3628752073343
13,49,74.7121464742981,159.807552395357,2,-55.3948481488969,-4.80900769726578,16.0319239140162,12,2,79.4776633557833
13,50,124.458437441288,31.8698926822096,6,-63.7203370546457,-5.61059617486376,4.26573609377207,5,1,80.1561582010563
13,51,163.588645160296,31.3997610554305,7,-71.4632316351694,-6.40000000000037,-12.0327745279648,0,1,117.475951573702
13,52,184.306952200539,185.553945915412,1,-73.8729113774814,-5.60000503307888,-5.88683822906369,1,2,54.7110595715905
13,53,110.126089783146,153.330991396529,8,-51.5953382375967,-6.42358700407914,12.635118869608,10,2,46.4033858642391
13,54,93.6130244927652,5.21599521260288,5,-64.5021473166104,-7.4220494527317,-0.556480458810891,3,1,66.7828794692483
13,55,190.729430192707,44.5955222328075,7,-89.3168190744864,-6.40000000000086,-21.1695428927953,0,2,115.417678096543
13,56,33.2584995728133,7.57916778899661,5,-62.1399698493785,-7.40011039957686,1.80569700842101,4,1,51.3035558419453
13,57,153.791326071797,127.997233166253,8,-58.2786015278232,-6.40423262727157,5.95185557938148,7,2,32.4152109621842
13,58,23.9809813936063,66.7153386849104,2,-68.1613148140304,-4.80029763271636,3.26545724888267,5,1,38.8412393802145
13,59,72.3051512445421,36.7614202386581,6,-54.9733448610534,-5.60513178885424,13.0127282873643,10,1,35.0004252279784
13,60,35.4162326026373,171.982028167633,4,-57.2496784216227,-5.60629216968549,10.7363947267951,9,2,119.016382541798
13,61,32.3742749234781,181.156861884566,4,-58.7455916307104,-5.60537167670464,9.24048151770731,8,2,123.930671112003
13,62,169.515749886487,146.472907018418,1,-62.9354804094665,-5.60051274900966,5.0505927389513,6,2,30.7498760734517
13,63,106.25259705242,101.788381038112,8,-49.633039433545,-6.41083752241918,13.8304571072047,10,2,69.213044056624
13,64,125.701230915763,177.846668865012,8,-58.7306048815862,-6.40063561238023,5.49985222561844,6,2,43.796314295688
13,65,169.644102317182,183.098409838614,1,-72.0070104993424,-5.60008923511875,-4.02093735092464,2,2,45.0959586847068
13,66,87.5351734670663,83.7039193093536,2,-49.0907559165795,-4.81335318544811,21.026772062913,14,1,55.6515356842394
13,67,197.620594205222,93.5664693012951,7,-74.1595827036736,-6.40000000000022,-14.729125596469,0,2,77.490092138157
13,68,54.1431692549743,149.775083612618,3,-56.1223113874237,-4.80580941138981,15.3044606754893,11,2,98.6956563778863
13,69,88.6452397775721,50.5955200559717,6,-47.5047336186224,-5.62572808050615,17.5860731484177,12,1,45.2333859179601
13,70,23.277255561,64.2671580250005,2,-67.6752990308466,-4.80020838478544,3.75147303206647,5,1,38.339364476507
13,71,139.405669063966,65.28119238618,6,-48.6806592549925,-5.60627853684011,17.5860731484177,12,1,93.6970570590071
13,72,149.988944404795,135.168969948665,8,-57.4231659815866,-6.44626798868481,6.8072911256181,7,2,27.7886591006077
13,73,82.418150194663,144.76690267205,2,-53.2061939275868,-4.81067315958649,18.2205781353262,13,2,71.7421893362262
13,74,103.679070530709,92.406700727075,8,-50.317812202266,-6.40844845467388,13.8304571072047,10,2,77.5555712250234
13,75,96.8612578441462,174.99499232808,8,-60.5754785950539,-6.42113224671671,3.65497851215079,5,2,63.2512889938781
13,76,169.009711725433,166.472100238892,1,-67.2103593905234,-5.60003975987031,0.775713757894339,4,2,34.4230914672719
13,77,194.380979483132,85.1903226614148,7,-88.5536148713338,-6.40000000000121,-21.1695428927953,0,2,81.9891188915561
13,78,29.0719970310323,113.523457308785,3,-54.2997676122048,-4.82514487691877,17.1270044507083,12,1,70.8904855162532
13,79,39.9113284149851,65.8996848234959,2,-58.7891501702258,-4.80609310673503,12.6376218926872,10,1,30.1136392991082
13,80,106.469245230551,37.3290395528677,6,-54.222120602404,-5.61792419061213,13.7639525460138,10,1,62.462619986364
13,81,115.984054899152,83.8334410173313,8,-52.8674057499896,-6.41129649515252,11.3630513572151,9,2,78.0214588988883
13,82,198.343545899396,120.546974083159,1,-65.8397357652504,-5.6000278000449,2.14633738316738,4,2,61.2929781115674
13,83,118.587013961021,148.39987485973,8,-42.9598677178638,-6.43333539390689,13.8304571072047,10,2,39.2630372277748
13,84,40.3373469062174,120.251182200653,2,-52.7493762022145,-4.82116269964028,18.6773958606985,13,1,74.705056491513
13,85,11.5664751923593,177.943767101554,4,-60.5373918305881,-5.61144175709076,7.44868131782967,7,1,135.642889121679
13,86,153.848086721948,71.6710493570712,7,-76.677080280477,-6.40000000000186,-17.2466231732723,0,2,81.8686892544519
13,87,161.486560426325,106.862467489952,8,-54.3978153866436,-6.40859158841661,9.8326417205611,8,2,50.448367480852
13,88,110.280339212681,71.6842026982615,6,-44.4267488271857,-5.61023508771699,17.5860731484177,12,1,68.2361630094712
13,89,14.2627693362719,117.286337426723,3,-66.0227274143674,-4.81288790795165,5.40404464854569,6,1,79.7298617822414
13,90,139.713426788466,59.2766728542046,6,-53.8179093965163,-5.60677503198184,14.1681637519014,11,1,93.2030343141974
13,91,100.732650131325,149.869280184886,8,-52.8910371797246,-6.41782136901014,11.3394199274801,9,2,54.5851522921072
13,92,96.1474962747771,3.15762974801719,5,-64.3952074851569,-7.42175174510401,-0.449540627357346,3,1,69.8287123127329
13,93,73.8873528042116,184.080761232617,4,-62.112178292689,-5.60713793249975,5.87389485572874,6,2,86.6422723002184
13,94,84.583981840563,69.8062187272977,6,-49.1327932273621,-5.61980329697085,17.5860731484177,12,1,46.2664900356829
13,95,196.646118168274,156.979261117213,1,-62.4490004194096,-5.60000177646346,5.53707272900816,6,2,52.6955446495322
13,96,74.9905897205583,188.080820132359,4,-60.8789339441808,-5.61045394760158,7.10713920423695,7,2,87.3430620737716
13,97,86.1037850848875,116.099780440172,2,-42,-4.80909569898254,21.026772062913,14,2,76.053935905269
13,98,188.668074380497,31.2748090179699,7,-78.3363459618412,-6.40000000000057,-18.9058888546366,0,2,127.0556608342
13,99,118.267553052577,160.204337198302,8,-52.5105800057757,-6.44594901151363,11.719877101429,9,2,40.7839023013698
13,100,58.9849866978382,40.0318532586399,6,-64.7221389786977,-5.60042685294258,3.26393416972002,5,1,27.0618538799103
13.5,1,16.759773480339,170.875832965037,3,-61.6777629104923,-4.81264131099088,9.74900915242078,8,1,127.546578370687
13.5,2,186.078627362768,34.8021743062972,7,-88.7188752261472,-6.40000000000078,-21.1695428927953,0,2,122.981528681905
13.5,3,149.536707349585,22.1242504175809,6,-54.1260099633664,-5.60847626696848,13.8600631850514,10,1,106.004073151831
13.5,4,56.0554589619468,0.750348443694665,5,-66.1328099047144,-7.40012696154488,-2.18714304691483,3,1,54.9039776487761
13.5,5,50.013501190795,93.9151722637953,2,-55.7238732893957,-4.82389027520229,15.7028987735173,12,1,49.807555021713
13.5,6,117.253823296053,23.5792318007625,6,-56.1573344729526,-5.61529759525704,11.8287386754652,9,1,75.9827858147786
13.5,7,59.8934095796655,89.1857054741897,2,-52.5327160592351,-4.83165887842589,18.894056003678,13,1,46.7509258370458
13.5,8,128.666514869204,136.253364192694,8,-43.0884061421496,-6.43244511688085,13.8304571072047,10,2,34.5881133316722
13.5,9,197.36877346803,165.843289026237,1,-60.7022605095263,-5.60000047092086,7.28381263889145,7,2,55.200185751811
13.5,10,78.2091159751177,95.9354822280077,2,-45.0803535392367,-4.81638385761641,21.026772062913,14,1,58.8053802948102
13.5,11,159.489312867564,48.2005505167345,7,-63.9183806165935,-6.40000000000142,-4.48792350938883,2,2,104.906744176885
13.5,12,149.145615785237,119.398586392912,8,-51.1444139703364,-6.44254930681882,13.0860431368683,10,2,38.5930885928884
13.5,13,86.975257367595,14.5836284031589,5,-60.8012839743432,-7.42658751923657,3.14438288345629,5,1,56.3359479771613
13.5,14,177.881065687082,97.8839707985271,7,-66.7059541593004,-6.40000000000132,-7.27549705209575,0,2,63.6056941128399
13.5,15,185.451480346519,182.051597761602,1,-72.801384288308,-5.60000850047238,-4.81531113989028,1,2,53.2575100603773
13.5,16,92.2711419710597,151.2815722022,2,-51.1132140668389,-4.81320948183423,20.3135579960742,14,2,62.3419078681026
13.5,17,141.565433149272,92.0238562571187,8,-57.4665400640316,-6.42218503251687,6.76391704317305,7,2,63.1238874060733
13.5,18,77.5735255123443,26.4639898200189,6,-59.6659335866201,-5.60917000254054,8.32013956179765,8,1,43.2029291179669
13.5,19,116.512999240481,59.8542911993039,6,-56.6374953460446,-5.6098846946819,11.3485778023731,9,1,71.227355159411
13.5,20,45.3503407801819,196.395859510851,4,-70.646476342039,-5.6050410441969,-2.66040319362125,2,2,116.86050211502
13.5,21,83.6512058661855,57.3393349877936,6,-52.7497501241116,-5.61696499453696,15.2363230243062,11,1,41.6955572490817
13.5,22,137.121727900478,38.8305807188026,6,-57.1343107455952,-5.60863881874013,10.8517624028226,9,1,90.9241519039034
13.5,23,122.122913266314,191.26156046246,8,-64.9140184866944,-6.40001970308676,-0.68356137948972,3,2,55.0626764383527
13.5,24,183.758837627763,35.0127057480806,7,-87.8750145137256,-6.40000000000095,-21.1695428927953,0,2,122.122835527821
13.5,25,104.226660955353,92.1772115454194,8,-46.333746627722,-6.40917377769587,13.8304571072047,10,2,77.4010557548114
13.5,26,152.687196682685,106.882656364007,8,-53.1345135817723,-6.42789534293524,11.0959435254323,9,2,49.1790234575242
13.5,27,64.2900607822978,152.950659728017,2,-57.4862116370846,-4.80759312187003,13.9405604258285,10,2,88.9221573823574
13.5,28,154.070028901767,93.4459544194328,8,-58.5581818669112,-6.42331195925717,5.67227524029343,6,2,61.3773183414695
13.5,29,155.215067663861,181.315351190711,1,-70.7697952130783,-5.60029515765571,-2.78372206466051,2,2,39.4980778131821
13.5,30,53.2424783921087,17.3472936411251,5,-63.3004910058116,-7.40021781726022,0.645175851987991,4,1,40.3604125187318
13.5,31,152.482339711134,143.515962017088,8,-66.370185324024,-6.41297517168263,-2.13972821681938,3,2,24.5041783989041
13.5,32,37.272117971331,86.0292640504789,2,-52.5479038988911,-4.82476162160579,18.8788681640219,13,1,44.8593005847711
13.5,33,169.167745229296,9.55253873800413,6,-61.5813272979477,-5.60498892885229,6.40474585047008,7,1,128.02030552055
13.5,34,129.83704680514,45.163564624175,6,-55.5579465893154,-5.60938764074748,12.4281265591024,10,1,83.3642318366258
13.5,35,160.701300267556,61.1328942452202,7,-74.3148581816443,-6.40000000000131,-14.8844010744396,0,2,92.5425864812931
13.5,36,11.8328593521515,10.968748103005,5,-70.2347939801289,-7.40000161327893,-6.28912712232931,1,1,59.4341589481952
13.5,37,70.4609151772327,88.8661306373666,2,-50.4953378365691,-4.82285049877742,20.931434226344,14,1,49.8144071590816
13.5,38,44.5425226620687,152.965962594182,3,-52.6157190471725,-4.81401103787796,18.8110530157405,13,1,105.754543693596
13.5,39,77.2535125510085,122.096315132431,2,-51.6477239939765,-4.81148446535594,19.7790480689366,14,1,80.5784251648216
13.5,40,79.2088449369256,172.826030665394,4,-52.8865327677754,-5.61289388465233,15.0995403806423,11,2,78.0042646981673
13.5,41,195.760480439893,181.644431779109,1,-58.7793521390538,-5.60000054988071,9.20672100936398,8,2,60.395708727628
13.5,42,132.438468055761,49.4799887308866,6,-51.0119855101435,-5.60852659903658,16.9740876382742,12,1,85.7241006199579
13.5,43,78.8355893522583,43.0494251759456,6,-63.7948766101992,-5.62694346751307,4.19119653821854,5,1,37.8424590067407
13.5,44,40.1680824737274,124.128122355258,2,-54.4352359926364,-4.82070234823868,16.9915360702767,12,1,78.3830027886122
13.5,45,43.9273405559583,190.468043349997,4,-68.9089436976658,-5.60526679229062,-0.922870549248084,3,2,115.936713831766
13.5,46,77.4156418030995,110.083960644842,2,-45.2117879021147,-4.81384469304963,21.026772062913,14,1,70.0995702001572
13.5,47,175.193607379303,74.846227801142,7,-64.3096273127155,-6.40000000000052,-4.87917020551081,1,2,82.6744055225094
13.5,48,121.189639483624,90.3855280325158,8,-46.8643856489987,-6.41400096889174,13.8304571072047,10,2,70.2578973571334
13.5,49,74.877387772609,159.35038575008,2,-55.3874844528847,-4.81003241445307,16.0392876100283,12,2,79.2659232050082
13.5,50,124.495379790303,32.5331568778299,6,-56.9081365742918,-5.61104946500352,11.0779365741259,9,1,80.0431272424805
13.5,51,164.229155886044,31.1509466436553,7,-92.1451740929676,-6.40000000000027,-21.1695428927953,0,1,118.134824953815
13.5,52,184.775657982565,184.789314198245,1,-72.333247101132,-5.60000114750972,-4.34717395271423,2,2,54.5150692057208
13.5,53,110.687163617255,152.436263985868,8,-56.2491530815795,-6.42006397468271,7.98130402562516,7,2,45.8659403769869
13.5,54,92.1678292541154,4.8180057480493,5,-57.9909103645601,-7.40694095530282,5.95475649323945,7,1,66.1195011217382
13.5,55,191.899907622803,43.7745627854011,7,-92.5298668276543,-6.40000000000058,-21.1695428927953,0,2,116.583428368839
13.5,56,32.8613853078653,7.55589995667219,5,-67.4499941282468,-7.40010199407326,-3.50432727044721,2,1,51.453704842834
13.5,57,154.504082637827,129.018951754394,8,-55.8743079122538,-6.46305205735546,8.35614919495092,8,2,31.8235941699366
13.5,58,24.9250857258931,65.6683328721136,2,-67.1000789078457,-4.80030594760504,4.32669315506734,6,1,37.7690082057388
13.5,59,73.0747539633313,37.0217683841018,6,-62.7314320629463,-5.61782626716277,5.25464108547144,6,1,35.3995588439203
13.5,60,34.9840532667627,172.337852270872,4,-55.1064805625179,-5.60270192618723,12.8795925858998,10,2,119.498525710647
13.5,61,33.7258133380547,181.777444487675,4,-65.9187144182349,-5.60502197740424,2.06735873018283,4,2,122.807745936745
13.5,62,169.524148564483,146.405500741651,1,-56.5706341256129,-5.60004196395707,11.4154390228048,9,2,30.7630102897341
13.5,63,106.502113289142,102.85003376244,8,-46.2077740564998,-6.41021501361236,13.8304571072047,10,2,68.3186318987264
13.5,64,125.332355138338,178.283409500747,8,-66.0305829656441,-6.40343277312691,-1.80012585843946,3,2,44.2797239829703
13.5,65,169.436614621244,182.684095430416,1,-62.0099469167166,-5.60009576483961,5.97612623170118,7,2,44.7021485170377
13.5,66,87.7839642307151,82.9723456850863,2,-45.3610351310595,-4.80747285932332,21.026772062913,14,1,55.3809853014984
13.5,67,198.051494754347,94.3176477850097,7,-89.4780924344779,-6.4000000000009,-21.1695428927953,0,2,77.2121784197365
13.5,68,54.6595330291504,148.708922151516,3,-58.6192767066211,-4.80667267172469,12.807495356292,10,2,98.2024517220956
13.5,69,89.9613628071503,49.9199874314839,6,-53.0280963189285,-5.60562274315587,14.9579768294892,11,1,46.3591082681258
13.5,70,23.2836008402444,64.150156689267,2,-67.8785441165887,-4.80020595574337,3.54822794632432,5,1,38.2915515276437
13.5,71,139.494141677793,64.3978587185434,6,-49.4923831585236,-5.60622713707718,17.5860731484177,12,1,93.6416025617034
13.5,72,150.096621174566,135.278042733082,8,-52.264811203657,-6.45071411995127,11.9656459035477,9,2,27.7307656118676
13.5,73,82.5522514970315,144.976345562074,2,-55.6279977706467,-4.80998348192513,15.7987742922664,12,2,71.6008790590687
13.5,74,103.621893169159,92.4029089135052,8,-46.3011003616898,-6.40917595421284,13.8304571072047,10,2,77.5925492224538
13.5,75,95.968129183758,176.083822788581,2,-57.0194264913142,-4.80460053932728,14.4073455715988,11,2,64.4364716225923
13.5,76,169.597904124784,167.278646673118,1,-67.4720490584898,-5.60002689735836,0.51402408992792,4,2,35.1408519666026
13.5,77,195.690993010973,85.8018601189343,7,-80.2681888695922,-6.40000000000014,-20.8377317623875,0,2,82.2272339709764
13.5,78,28.3394913763405,113.588250085657,3,-61.3324589780897,-4.82161829058021,10.0943130848234,8,1,71.1680629411229
13.5,79,40.5309599197344,65.5716474780604,2,-60.0081529232434,-4.80917244049057,11.4186191396696,9,1,29.7386772608107
13.5,80,106.482968286255,37.3698108738514,6,-52.2580357801706,-5.61046550207379,15.7280373682472,12,1,62.4667702365691
13.5,81,115.950071203673,84.0007043399158,8,-44.8149216473426,-6.41149806699406,13.8304571072047,10,2,77.8945099391616
13.5,82,198.057950364809,120.44673349833,1,-76.3765047715544,-5.60007563906802,-8.39043162313669,0,2,61.1163820443029
13.5,83,118.246840576947,147.203518572085,8,-54.4147163323356,-6.42571672904775,9.81574077486908,8,2,39.6021898601894
13.5,84,40.1631748333561,120.131410018484,2,-54.8672320017165,-4.81838075349266,16.5595400611965,12,1,74.6151981873656
13.5,85,12.3505410566547,179.014683396444,4,-64.7116022519074,-5.61026218090083,3.27447089651037,5,1,136.435040552679
13.5,86,154.208759102586,71.6468764037076,7,-74.5391715210381,-6.40000000000144,-15.1087144138334,0,2,81.909557625954
13.5,87,161.763079208326,108.24357051805,8,-54.2228318894575,-6.41764041426987,10.0076252177472,8,2,49.3378093914027
13.5,88,110.221126264725,71.6090279290353,6,-50.4124095626119,-5.61070271406689,17.5736635858058,12,1,68.1599892651824
13.5,89,14.4845385729202,116.325390743497,3,-67.2527756990652,-4.81770142238788,4.17399636384781,5,1,78.8204000094894
13.5,90,139.497559928266,59.3459466169975,6,-51.7749098334083,-5.60682722200119,16.2111633150095,12,1,93.0022040130302
13.5,91,100.746319362462,149.680869719242,8,-54.9292311466476,-6.41705821061068,9.3012259605571,8,2,54.5735916032714
13.5,92,95.5281706583247,2.01285404034776,5,-56.7155294309682,-7.40517348605565,7.23013742683138,7,1,70.1985078249282
13.5,93,73.2820953211461,184.118019871702,4,-57.2580581201894,-5.61289475933705,10.7280150282283,9,2,87.1890255610162
13.5,94,84.7393238568481,70.1665935236401,6,-47.7711141536729,-5.62001136769543,17.5860731484177,12,1,46.5377493695032
13.5,95,196.993829832283,157.594073203401,1,-71.3195963794946,-5.60001320421944,-3.33352323107682,2,2,53.0880399913596
13.5,96,74.1299385564398,187.850177172792,4,-59.2977416071155,-5.61295305890806,8.68833154130227,8,2,87.9838174635617
13.5,97,86.5717227279315,115.855951101279,2,-45.0404489091475,-4.80897866680716,21.026772062913,14,2,75.7707887836772
13.5,98,188.920793465667,31.4414569438722,7,-86.1201672583559,-6.40000000000039,-21.1695428927953,0,2,126.977188091361
13.5,99,119.119441173569,159.308407543279,8,-55.311899656509,-6.40657944890897,8.91855745069571,8,2,39.9062070914344
13.5,100,59.7534507681734,40.7650555186429,6,-60.8472546654459,-5.60056072595442,7.13881848297187,7,1,27.0677668354988
14,1,16.2500538642392,170.317234671868,3,-58.9118648660197,-4.81111263465887,12.5149071968933,10,1,127.151664649945
14,2,186.065524302514,35.2178429689627,7,-89.5820625031027,-6.40000000000121,-21.1695428927953,0,2,122.58839918978
14,3,149.41573416468,21.1345164181863,6,-60.284979324695,-5.60806626924728,7.70109382372279,7,1,106.15533119874
14,4,56.134373334393,0.53788314177096,5,-67.9148874406628,-7.40015187744344,-3.96922058286321,2,1,55.1033714059568
14,5,50.6705830330729,93.6134392813196,2,-50.4655959010387,-4.83407341962035,20.9611761618743,14,1,49.546258865323
14,6,118.400572079397,23.5977365118569,6,-61.4543667165096,-5.60772542900757,6.53170643190815,7,1,76.9932969685424
14,7,58.7452605493958,90.1061174318397,2,-50.182118483696,-4.83013810089015,21.026772062913,14,1,47.2993682572329
14,8,128.916022857184,135.804056747723,8,-51.4573870233089,-6.42449908731295,12.7730700838958,10,2,34.616598576126
14,9,197.728418000018,166.46208363393,1,-63.3544141184218,-5.6000069391234,4.63165902999599,6,2,55.6888865246465
14,10,77.936094696706,95.9514314497174,2,-43.5534566073881,-4.81677493271591,21.026772062913,14,1,58.6873873944088
14,11,160.415692575912,47.3334551801728,7,-81.8756154373666,-6.40000000000067,-21.1695428927953,0,2,105.835514252436
14,12,147.919664945712,119.040697946796,8,-53.4508239157335,-6.43840898597765,10.7796331914711,9,2,38.9237225552697
14,13,86.8221903934309,14.3761098196152,5,-61.5445216066709,-7.42036309748379,2.40114525112863,5,1,56.3665260323376
14,14,177.96400272372,98.0373226370073,7,-75.7666864494774,-6.40000000000237,-16.3362293422727,0,2,63.5165749002785
14,15,185.876979267763,181.566390798218,1,-76.5032327147552,-5.60001086660821,-8.51715956633747,0,2,53.2526494120746
14,16,91.9223760209778,150.725882541985,2,-55.1883203142607,-4.81130645348444,16.2384517486523,12,2,62.6561035535522
14,17,142.026530848508,91.5602602431127,8,-43.6399253340463,-6.42030545677671,13.8304571072047,10,2,63.4903881950843
14,18,77.7255118895034,26.3319210497216,6,-62.0075195384293,-5.61238872641391,5.97855360998843,7,1,43.3720182921155
14,19,115.692286149577,59.4208612473228,6,-49.4723424588152,-5.60999116894711,17.5860731484177,12,1,70.4022662007353
14,20,45.0931678771588,195.644996908945,4,-65.2701469615167,-5.60826699113268,2.71592618690103,5,2,116.795373062753
14,21,83.1554930365693,56.9070032659022,6,-45.4826197635206,-5.6266248227814,17.5860731484177,12,1,41.2218802653783
14,22,136.762416651427,38.6015009730798,6,-56.865041579629,-5.60869111894353,11.1210315687888,9,1,90.60845834282
14,23,122.091204439601,192.430552753009,8,-64.0914967446473,-6.40000292005142,0.138960362557354,3,2,55.9598309196693
14,24,184.94758646227,35.211894833802,7,-87.7387103120741,-6.4000000000011,-21.1695428927953,0,2,122.269754588713
14,25,104.306800182202,92.444375378915,8,-43.4458287088373,-6.40895780954205,13.8304571072047,10,2,77.1541861152877
14,26,153.317194707647,106.09371540818,8,-53.7316767711771,-6.43504511336934,10.4987803360275,9,2,49.9100752091831
14,27,65.2310227985164,152.863215002031,2,-58.1923932330825,-4.80607149479591,13.2343788298305,10,2,88.0126553169117
14,28,154.372437032385,94.0045694797325,8,-51.2133353759232,-6.42523770688271,13.0171217312814,10,2,60.8839588459249
14,29,155.75535449125,181.213097883666,1,-62.6718674441401,-5.60015670234938,5.31420570427766,6,2,39.4921711838592
14,30,52.5764726210019,16.308856782905,5,-69.1287789401867,-7.40029000101391,-5.1831120823872,1,1,41.158004597424
14,31,153.76342452474,143.567708921149,8,-65.3581843908659,-6.41396761680926,-1.12772728366119,3,2,24.6533513477678
14,32,36.9403998514533,86.3315860705263,2,-53.2700575629248,-4.81694798749331,18.1567144999882,13,1,45.1972045865669
14,33,170.142708780963,10.3173553636337,6,-61.9773855351236,-5.60270585127611,6.00868761329415,7,1,128.690453253392
14,34,129.801517479762,44.0143286326447,6,-55.1704734216876,-5.60769862110496,12.8155997267302,10,1,83.40479874558
14,35,160.024339983282,59.8687458938908,7,-73.5496758528214,-6.40000000000071,-14.1192187456168,0,2,93.6823374966726
14,36,11.4084183189193,11.4124735208787,5,-63.1796598765711,-7.40000031328865,0.766006981228477,4,1,59.4184935556633
14,37,70.2685787183019,89.0553967289526,2,-42,-4.82349000582608,21.026772062913,14,1,49.8837578467769
14,38,45.0277963991843,153.19821908387,3,-55.3717285797945,-4.81439546733994,16.0550434831186,12,1,105.956808326461
14,39,77.6916414985623,121.862954729092,2,-52.511046230583,-4.81220256259433,18.91572583233,13,1,80.5193223473751
14,40,79.6163855073452,172.594906270536,4,-57.8051950901554,-5.60981802258626,10.1808780582624,8,2,77.5669580325602
14,41,194.912576527871,181.015570628296,1,-81.2592437029661,-5.60002016921775,-13.2731705545483,0,2,59.4252063670856
14,42,132.501920801873,50.5262558978946,6,-52.1955557117897,-5.6068428437997,15.790517436628,12,1,85.7851611950956
14,43,79.126768397596,43.2971479530468,6,-57.6934767930082,-5.62116100491915,10.2925963554095,8,1,38.0203480106448
14,44,40.4316212258897,123.599476491736,2,-54.9971260715011,-4.81584314547687,16.429645991412,12,1,77.8504130510712
14,45,43.1772771365304,191.092432832185,4,-62.5125344553261,-5.60683183712476,5.47353869309166,6,2,116.841483027362
14,46,77.5054282861966,109.136717965842,2,-46.0838470107624,-4.81462272999087,21.026772062913,14,1,69.3249594084171
14,47,175.288653100674,75.0259441735185,7,-75.534878734981,-6.40000000000235,-16.1044216277763,0,2,82.5401418869545
14,48,120.369164209229,89.7246376455344,8,-45.0407904543468,-6.4104327869766,13.8304571072047,10,2,71.1572606036922
14,49,75.0426290709198,158.893219104803,2,-51.5687549000945,-4.81097527016547,19.8580171628186,14,2,79.0566050538837
14,50,124.532322139318,33.1964210734503,6,-53.312410765448,-5.61114988068262,14.6736623829698,11,1,79.935457140244
14,51,164.869666611793,30.9021322318801,7,-66.6743279827068,-6.40000000000044,-7.24387087550217,0,1,118.794018623805
14,52,185.244363764591,184.024682481077,1,-75.2076328903024,-5.60000441223134,-7.22155974188461,0,2,54.3331776643787
14,53,111.248237451364,151.541536575206,8,-51.5747343699384,-6.42558250957244,12.6557227372663,10,2,45.3467246406903
14,54,90.7226340154655,4.42001628349573,5,-62.3788205747453,-7.41531401082502,1.56684628305428,4,1,65.4837219219734
14,55,193.070385052899,42.9536033379947,7,-91.8542320513166,-6.40000000000113,-21.1695428927953,0,2,117.754996101755
14,56,32.4642710429173,7.53263212434777,5,-68.6866318523204,-7.40011424862326,-4.74096499452083,1,1,51.606483355701
14,57,155.216839203857,130.040670342534,8,-54.6050324027939,-6.40452310872928,9.62542470441074,8,2,31.2704373435084
14,58,25.8691900581798,64.6213270593167,2,-71.2309659526014,-4.8001388573433,0.195806110311636,3,1,36.7196023048147
14,59,73.8443566821206,37.2821165295455,6,-63.7450734805775,-5.65680238720839,4.24099966784027,5,1,35.8126780002871
14,60,34.5518739308881,172.69367637411,4,-56.9852789439556,-5.60503253826858,11.0007942044621,9,2,119.981343384054
14,61,35.0773517526312,182.398027090784,4,-58.3536886400646,-5.60561857057769,9.63238450835314,8,2,121.692634286401
14,62,169.532547242479,146.338094464884,1,-49.4098742607556,-5.60006310488425,17.5860731484177,12,2,30.7762888264295
14,63,106.751629525863,103.911686486769,8,-48.4543439589886,-6.41121737364379,13.8304571072047,10,2,67.4299947438979
14,64,124.963479360913,178.720150136483,8,-64.4492434073343,-6.40953573197985,-0.218786300129582,3,2,44.7652140570504
14,65,169.229126925305,182.269781022218,1,-68.3003589282399,-5.60004426310478,-0.314285779822169,3,2,44.3096839249775
14,66,88.0327549943639,82.240772060819,2,-45.1565004204704,-4.8144945243914,21.026772062913,14,1,55.1199404529704
14,67,198.482395303471,95.0688262687244,7,-73.1802340508462,-6.40000000000011,-13.7497769436415,0,2,76.9430081414656
14,68,55.1758968033264,147.642760690413,3,-49.3987028402574,-4.80641659993562,21.026772062913,14,2,97.721119131005
14,69,91.2774858367284,49.244454806996,6,-52.1614233783913,-5.61481840267915,15.8246497700264,12,1,47.5042280806665
14,70,23.2899461194889,64.0331553535334,2,-68.7304763880473,-4.8000585227552,2.69629567486575,5,1,38.2440378029859
14,71,139.58261429162,63.5145250509069,6,-57.9380885456983,-5.60593934262343,10.0479846027194,8,1,93.5945360086408
14,72,150.204297944336,135.387115517499,8,-63.0468750463558,-6.42587678025884,1.18358206084889,4,2,27.6735998841674
14,73,82.6863527994,145.185788452098,2,-52.4366272088176,-4.81054335484674,18.9901448540955,13,2,71.4601548576184
14,74,103.564715807608,92.3991170999354,8,-43.4989813822471,-6.40874975114793,13.8304571072047,10,2,77.6295519045111
14,75,95.0750005233698,177.172653249081,4,-57.9054582292466,-5.60690695556267,10.0806149191711,8,2,65.6304704546801
14,76,170.186096524136,168.085193107343,1,-75.1843215941347,-5.60002437785355,-7.19824844571695,0,2,35.8720323178326
14,77,197.001006538814,86.4133975764537,7,-74.8485223956248,-6.40000000000029,-15.4180652884202,0,2,82.4900031726986
14,78,27.6069857216488,113.653042862528,3,-62.0747991594324,-4.80689184888988,9.35197290348061,8,1,71.4521305079795
14,79,41.1505914244836,65.2436101326248,2,-62.8414268580314,-4.80314823869137,8.58534520488168,8,1,29.3756647926798
14,80,106.496691341958,37.4105821948351,6,-53.6193253307687,-5.61776739032555,14.3667478176491,11,1,62.4709498347949
14,81,115.916087508194,84.1679676625003,8,-47.2654859646953,-6.4114013200795,13.8304571072047,10,2,77.7677283481694
14,82,197.772354830222,120.3464929135,1,-74.5363626831961,-5.60004441700936,-6.55028953477837,1,2,60.9407775512729
14,83,117.906667192874,146.00716228444,8,-54.3089084715626,-6.42946453211809,9.92154863564204,8,2,39.9771780356216
14,84,39.9890027604949,120.011637836315,2,-51.3119954429406,-4.8103655248339,20.1147766199724,14,1,74.5258310805905
14,85,13.13460692095,180.085599691333,4,-63.8431500808667,-5.61000280850308,4.14292306755107,5,1,137.235456256489
14,86,154.569431483225,71.622703450344,7,-74.1800543039488,-6.40000000000138,-14.7495971967441,0,2,81.9520000885433
14,87,162.039597990327,109.624673546149,8,-57.4389892342076,-6.4328026397863,6.79146787299706,7,2,48.2428119622366
14,88,110.16191331677,71.533853159809,6,-54.6806767269642,-5.60977686435434,13.3053964214536,10,1,68.0838647980761
14,89,14.7063078095684,115.364444060271,3,-61.5979587025589,-4.80822608784138,9.82881336035416,8,1,77.9128054670166
14,90,139.281693068065,59.4152203797904,6,-58.8033978916726,-5.60634411053735,9.1826752567451,8,1,92.8014929400394
14,91,100.7599885936,149.492459253599,8,-46.8151218348223,-6.41832767187217,13.8304571072047,10,2,54.5626824937306
14,92,94.9088450418724,0.86807833267834,5,-61.4738590414266,-7.41063777550759,2.47180781637291,5,1,70.5903682503409
14,93,72.6768378380806,184.155278510786,4,-62.9241380177753,-5.60684828605528,5.06193513064241,6,2,87.7365628279789
14,94,84.8946658731332,70.5269683199825,6,-42,-5.61948216042511,17.5860731484177,12,1,46.8107267066767
14,95,197.341541496292,158.208885289589,1,-66.2089199208991,-5.60002738715363,1.77715322751867,4,2,53.4869829859824
14,96,73.2692873923212,187.619534213224,4,-64.8028275438926,-5.607401241766,3.18324560452516,5,2,88.6288982877604
14,97,87.0396603709755,115.612121762386,2,-48.685471958373,-4.80735652007395,21.026772062913,14,2,75.4902678223296
14,98,189.173512550837,31.6081048697745,7,-94.7239907318823,-6.40000000000111,-21.1695428927953,0,2,126.899388958722
14,99,119.971329294561,158.412477888256,8,-63.4001516956896,-6.42364950897994,0.830305411515109,4,2,39.0479301443251
14,100,60.5219148385085,41.4982577786458,6,-62.4474301637152,-5.60163890805453,5.53864298470255,6,1,27.1153150943739
14.5,1,15.7403342481394,169.758636378698,3,-55.6938145230221,-4.81363422616782,15.732957539891,12,1,126.760031889845
14.5,2,186.05242124226,35.6335116316282,7,-69.0437142279275,-6.40000000000034,-9.61325712072285,0,2,122.195420287105
14.5,3,149.294760979775,20.1447824187916,6,-67.3377221042985,-5.60624665337455,0.648351044119299,4,1,106.315725905681
14.5,4,56.2132877068393,0.325417839847255,5,-62.1720510115625,-7.40013116010582,1.77361584623704,4,1,55.3029751181049
14.5,5,51.3276648753507,93.3117062988439,2,-47.6083107063457,-4.83237580668171,21.026772062913,14,1,49.2941842060354
14.5,6,119.547320862742,23.6162412229513,6,-59.254750125085,-5.61258273864238,8.73132302333272,8,1,78.0075801854582
14.5,7,57.5971115191262,91.0265293894896,2,-44.1965657100781,-4.83348334106386,21.026772062913,14,1,47.8867645303031
14.5,8,129.165530845164,135.354749302752,8,-43.0639300398241,-6.43298195782571,13.8304571072047,10,2,34.6526834884262
14.5,9,198.088062532006,167.080878241623,1,-73.3402583087731,-5.60003277861255,-5.35418516035534,1,2,56.1824541969045
14.5,10,77.6630734182943,95.9673806714272,2,-54.3442715087712,-4.81411274887207,17.0825005541419,12,1,58.5704338103948
14.5,11,161.34207228426,46.4663598436112,7,-81.5625934430953,-6.40000000000137,-21.1695428927953,0,2,106.771284752662
14.5,12,146.693714106188,118.682809500681,8,-48.9350805825652,-6.43304471810834,13.8304571072047,10,2,39.2931030485284
14.5,13,86.6691234192668,14.1685912360715,5,-58.6861368157011,-7.40725429771404,5.25953004209845,6,1,56.3982665189733
14.5,14,178.046939760357,98.1906744754874,7,-73.6123197859764,-6.40000000000032,-14.1818626787717,0,2,63.4278096833402
14.5,15,186.302478189007,181.081183834834,1,-74.4839301536553,-5.60001339667191,-6.49785700523756,1,2,53.2556091997648
14.5,16,91.5736100708959,150.170192881771,2,-52.2557463524646,-4.81276191190478,19.1710257104484,13,2,62.975566736352
14.5,17,142.487628547744,91.0966642291067,8,-47.9196549750362,-6.42139153783398,13.8304571072047,10,2,63.8614804853072
14.5,18,77.8774982666625,26.1998522794243,6,-57.1024143896014,-5.60404219718193,10.8836587588164,9,1,43.5413819386684
14.5,19,114.871573058673,58.9874312953418,6,-53.2540992680404,-5.60701889731344,14.7319738803773,11,1,69.5797737305549
14.5,20,44.8359949741357,194.894134307039,4,-67.9620584058168,-5.60904567541215,0.0240147426009144,3,2,116.735604030041
14.5,21,82.6597802069532,56.4746715440108,6,-46.9276162452439,-5.62129352255266,17.5860731484177,12,1,40.7533141568795
14.5,22,136.403105402376,38.3724212273569,6,-57.3930944016664,-5.60719477864659,10.5929787467513,9,1,90.2936720445469
14.5,23,122.059495612889,193.599545043557,8,-75.7760734396073,-6.40001144728784,-11.5456163324026,0,2,56.8668806372508
14.5,24,186.136335296778,35.4110839195233,7,-69.64386489186,-6.40000000000039,-10.2134077846554,0,2,122.428364430714
14.5,25,104.386939409052,92.7115392124106,8,-54.7367351785074,-6.40731763724208,9.49372192869722,8,2,76.9075356248314
14.5,26,153.94719273261,105.304774452353,8,-48.4357749419031,-6.43209685794576,13.8304571072047,10,2,50.650701053622
14.5,27,66.171984814735,152.775770276045,2,-58.9093941117239,-4.80791440911083,12.5173779511892,10,2,87.103909387159
14.5,28,154.674845163004,94.5631845400322,8,-54.0168236600445,-6.42024995341129,10.2136334471602,8,2,60.3932503318093
14.5,29,156.295641318639,181.110844576621,1,-64.1977448757582,-5.60012482920287,3.78832827265956,5,2,39.4939204167375
14.5,30,51.9104668498952,15.270419924685,5,-57.3131147465576,-7.40021322313785,6.63255211124194,7,1,41.9767032506397
14.5,31,155.044509338346,143.619455825209,8,-63.6884254282561,-6.41047084828812,0.542031678948588,4,2,24.8678189319271
14.5,32,36.6086817315755,86.6339080905736,2,-50.8924144718578,-4.8390084309262,20.5343575910553,14,1,45.5370247925228
14.5,33,171.117672332631,11.0821719892634,6,-64.7683292757355,-5.60371437856749,3.21774387268221,5,1,129.368998946223
14.5,34,129.765988154383,42.8650926411143,6,-58.9189056771437,-5.60793395887351,9.06716747127406,8,1,83.461187202586
14.5,35,159.347379699008,58.6045975425613,7,-87.9573915977982,-6.40000000000103,-21.1695428927953,0,2,94.8300748581093
14.5,36,10.9839772856872,11.8561989387525,5,-71.2966250840903,-7.4000014235505,-7.35095822629076,0,1,59.4091709068878
14.5,37,70.0762422593711,89.2446628205385,2,-48.1106782851947,-4.82237718255035,21.026772062913,14,1,49.9544699016486
14.5,38,45.5130701362999,153.430475573558,3,-54.7814038256977,-4.81298476048095,16.6453682372153,12,1,106.161413974072
14.5,39,78.1297704461162,121.629594325754,2,-50.9858691584108,-4.81226768972261,20.4409029045023,14,1,80.4632386162979
14.5,40,80.0239260777648,172.363781875678,4,-56.0250517367607,-5.61030246380865,11.9610214116571,9,2,77.1300179006398
14.5,41,194.06467261585,180.386709477483,1,-79.066674461618,-5.60002116235282,-11.0806013132002,0,2,58.4576554919112
14.5,42,132.565373547985,51.5725230649026,6,-56.0939171118562,-5.60596854674748,11.8921560365615,9,1,85.8589758726943
14.5,43,79.4179474429336,43.544870730148,6,-54.8699187338466,-5.62203358135425,13.1161544145712,10,1,38.2012346089194
14.5,44,40.6951599780521,123.070830628213,2,-53.7415677764383,-4.81975857469532,17.6852042864747,13,1,77.3186674518582
14.5,45,42.4272137171026,191.716822314373,4,-68.0194173628373,-5.60807343673236,-0.0333442144195253,3,2,117.747388984533
14.5,46,77.5952147692937,108.189475286843,2,-49.5378677110455,-4.81282379914692,21.026772062913,14,1,68.5548022557247
14.5,47,175.383698822044,75.205660545895,7,-89.666103279239,-6.4000000000004,-21.1695428927953,0,2,82.406161057679
14.5,48,119.548688934834,89.063747258553,8,-47.3624905415071,-6.41258337285644,13.8304571072047,10,2,72.0608024085009
14.5,49,75.2078703692306,158.436052459526,2,-55.6386025613984,-4.80904162332239,15.7881695015147,12,2,78.8497281910704
14.5,50,124.569264488332,33.8596852690706,6,-60.9305348149261,-5.60832334727885,7.05553833349167,7,1,79.8331695847304
14.5,51,165.510177337541,30.6533178201049,7,-86.5634127064189,-6.40000000000037,-21.1695428927953,0,1,119.453527281199
14.5,52,185.713069546617,183.260050763909,1,-72.6468322058508,-5.60000793712221,-4.66075905743308,2,2,54.1655269821992
14.5,53,111.809311285473,150.646809164545,8,-49.4724092028881,-6.42691270109703,13.8304571072047,10,2,44.8463718330176
14.5,54,89.2774387768156,4.02202681894216,5,-57.0704549310788,-7.40234506416951,6.87521192672072,7,1,64.8763532784063
14.5,55,194.240862482995,42.1326438905882,7,-80.1417542588139,-6.40000000000097,-20.7112971516092,0,2,118.932209376913
14.5,56,32.0671567779692,7.50936429202336,5,-67.179906187443,-7.40009023451959,-3.2342393296435,2,1,51.761868097026
14.5,57,155.929595769886,131.062388930675,8,-57.8626933599109,-6.41799591781518,6.36776374729373,7,2,30.7578155760009
14.5,58,26.8132943904665,63.5743212465198,2,-70.8750871716093,-4.80040043680146,0.551684891303721,4,1,35.6950348693889
14.5,59,74.6139594009098,37.5424646749891,6,-55.4817639580856,-5.62951756007039,12.5043091903321,10,1,36.2393044050728
14.5,60,34.1196945950135,173.049500477348,4,-65.5453055480525,-5.60284366605386,2.44076760036524,5,2,120.464827451867
14.5,61,36.4288901672078,183.018609693894,4,-65.2834439398175,-5.60531806555968,2.70262920860023,5,2,120.585552927247
14.5,62,169.540945920476,146.270688188117,1,-64.5377430788698,-5.60069170263334,3.44833006954793,5,2,30.7897114968168
14.5,63,107.001145762585,104.973339211097,8,-48.796324773359,-6.41118003161901,13.8304571072047,10,2,66.5473639412519
14.5,64,124.594603583488,179.156890772219,8,-67.2580671818511,-6.40882750333028,-3.02761007464648,2,2,45.2527175601995
14.5,65,169.021639229366,181.855466614021,1,-69.4905493686134,-5.6000124709232,-1.50447622019564,3,2,43.9186009814651
14.5,66,88.2815457580128,81.5091984365517,2,-47.3297493343757,-4.81539254585241,21.026772062913,14,1,54.8685368106059
14.5,67,198.913295852596,95.820004752439,7,-80.5640823681608,-6.40000000000022,-21.1336252609562,0,2,76.6826733766458
14.5,68,55.6922605775025,146.57659922931,2,-50.6818065480053,-4.80372595245672,20.7449655149078,14,2,97.2518348814996
14.5,69,92.5936088663065,48.5689221825081,6,-50.6111580268463,-5.62036987935382,17.3749151215715,12,1,48.6673761361307
14.5,70,23.2962913987333,63.9161540177998,2,-74.7026779935129,-4.80036431847611,-3.27590593059981,2,1,38.1968244191646
14.5,71,139.671086905447,62.6311913832704,6,-62.764726327194,-5.60505744296932,5.22134682122377,6,1,93.5558700593665
14.5,72,150.311974714106,135.496188301915,8,-53.3016287371213,-6.49545704293176,10.9288283700833,9,2,27.6171664367607
14.5,73,82.8204541017684,145.395231342122,2,-58.9437716653975,-4.81032149128909,12.4830003975156,10,2,71.3200202010991
14.5,74,103.507538446057,92.3953252863655,8,-55.021991176939,-6.40706551497188,9.20846593026564,8,2,77.666579235914
14.5,75,94.1818718629815,178.261483709582,4,-59.509365405347,-5.61321823119645,8.47670774307076,8,2,66.8328129752712
14.5,76,170.774288923488,168.891739541568,1,-61.8286586023763,-5.60000587810597,6.15741454604148,7,2,36.6158285879619
14.5,77,198.311020066656,87.0249350339732,7,-69.6233943902803,-6.40000000000034,-10.1929372830757,0,2,82.7771917097705
14.5,78,26.874480066957,113.7178356394,3,-64.6692077451187,-4.81696721495215,6.7575643177943,7,1,71.7426111229805
14.5,79,41.7702229292328,64.9155727871893,2,-65.0630308226478,-4.81195918345936,6.36374124026527,7,1,29.0250502532634
14.5,80,106.510414397661,37.4513535158188,6,-61.0613924361756,-5.61248043281303,6.92468071224214,7,1,62.4751587751512
14.5,81,115.882103812716,84.3352309850848,8,-51.3287250685331,-6.40927169232534,12.9017320386716,10,2,77.6411149458099
14.5,82,197.486759295635,120.246252328671,1,-70.1964446858053,-5.60007117270845,-2.21037153738756,3,2,60.7661732289497
14.5,83,117.5664938088,144.810805996794,8,-48.8713782123671,-6.43001621008343,13.8304571072047,10,2,40.3870035810719
14.5,84,39.8148306876337,119.891865654146,2,-53.6475659922237,-4.81982648007019,17.7792060706893,13,1,74.4369569403449
14.5,85,13.9186727852454,181.156515986223,4,-54.0617221052412,-5.61080973297821,13.9243510431765,10,1,138.043992477843
14.5,86,154.930103863864,71.5985304969804,7,-82.6748694318023,-6.40000000000099,-21.1695428927953,0,2,81.996014197895
14.5,87,162.316116772329,111.005776574248,8,-57.3466882639447,-6.43811815688762,6.88376884326,7,2,47.1644590017431
14.5,88,110.102700368814,71.4586783905828,6,-45.4796690043138,-5.61109724200054,17.5860731484177,12,1,68.0077897736275
14.5,89,14.9280770462167,114.403497377044,3,-68.2083998291544,-4.8203662506735,3.21837223375868,5,1,77.0071441755315
14.5,90,139.065826207864,59.4844941425833,6,-58.6083058040797,-5.60644409935679,9.377767344338,8,1,92.6009018705011
14.5,91,100.773657824738,149.304048787955,8,-51.9937375099655,-6.41855475862034,12.2367195972392,9,2,54.5524253543832
14.5,92,94.28951942542,0.228955141533885,5,-55.8153076988174,-7.40192602185319,8.13035915898212,8,1,70.6467864608016
14.5,93,72.071580355015,184.192537149871,4,-57.4395192705724,-5.61335340298906,10.5465538778454,9,2,88.2848695140351
14.5,94,85.0500078894183,70.8873431163249,6,-47.9382316270055,-5.61573669515625,17.5860731484177,12,1,47.0853921668639
14.5,95,197.689253160301,158.823697375777,1,-61.4483384935581,-5.60000352827821,6.53773465485961,7,2,53.8922304452744
14.5,96,72.4086362282026,187.388891253657,4,-56.7065560993549,-5.61460347435744,11.2795170490629,9,2,89.2782107859762
14.5,97,87.5075980140196,115.368292423493,2,-43.7535140898082,-4.80928206719167,21.026772062913,14,2,75.2124024057338
14.5,98,189.426231636008,31.7747527956767,7,-80.2013745424276,-6.40000000000506,-20.7709174352229,0,2,126.822264675961
14.5,99,120.823217415553,157.516548233234,8,-52.844735721077,-6.41754895946266,11.3857213861277,9,2,38.2103799944806
14.5,100,61.2903789088436,42.2314600386487,6,-60.898226945786,-5.60290637665743,7.08784620263175,7,1,27.2042803440263
15,1,15.2306146320397,169.200038085529,3,-56.5088399937918,-4.81099445054875,14.9179320691212,11,1,126.371710594014
15,2,186.039318182007,36.0491802942937,7,-79.8407156134799,-6.40000000000087,-20.4102585062752,0,2,121.802593431447
15,3,149.17378779487,19.155048419397,6,-56.21602365228,-5.6041324595502,11.7700494961377,9,1,106.485215986031
15,4,56.2922020792855,0.11295253792355,5,-62.8884697805602,-7.40015444962393,1.05719707723931,4,1,55.5027865200481
15,5,51.9847467176285,93.0099733163682,2,-50.4418850458546,-4.82817814157831,20.9848870170585,14,1,49.0514732113913
15,6,120.694069646087,23.6347459340457,6,-65.3770936054774,-5.60877458078832,2.60897954294035,5,1,79.0254902236492
15,7,56.4489624888566,91.9469413471395,2,-48.4447283235573,-4.82828098799864,21.026772062913,14,1,48.5116996771195
15,8,129.415038833144,134.905441857781,8,-43.551820267014,-6.43180671053445,13.8304571072047,10,2,34.6963443571478
15,9,198.447707063994,167.699672849316,1,-70.7181517211149,-5.60003315339569,-2.7320785726971,2,2,56.6807616280108
15,10,77.3900521398827,95.9833298931369,2,-42,-4.81623783843175,21.026772062913,14,1,58.4545257810424
15,11,162.268451992608,45.5992645070495,7,-83.7893027203967,-6.40000000000131,-21.1695428927953,0,2,107.713873227936
15,12,145.467763266664,118.324921054565,8,-48.4378757024492,-6.44639054451008,13.8304571072047,10,2,39.7001485640358
15,13,86.5160564451026,13.9610726525278,5,-60.1123820813789,-7.40650821023987,3.8332847764206,5,1,56.4311674755919
15,14,178.129876796995,98.3440263139676,7,-78.719080566323,-6.40000000000041,-19.2886234591183,0,2,63.3393999503168
15,15,186.727977110251,180.59597687145,1,-72.7852769202749,-5.60001646159605,-4.7992037718571,1,2,53.2663881198021
15,16,91.224844120814,149.614503221556,2,-50.525774538881,-4.8135678939451,20.9009975240321,14,2,63.3002176646243
15,17,142.94872624698,90.6330682151006,8,-57.6022854463883,-6.42265663543132,6.62817166081633,7,2,64.2370847026305
15,18,78.0294846438216,26.067783509127,6,-62.1252245800347,-5.62246704811824,5.86084856838306,6,1,43.7110168671955
15,19,114.050859967769,58.5540013433607,6,-53.7977457712489,-5.61044981446859,14.1883273771689,11,1,68.759970924899
15,20,44.5788220711125,194.143271705133,4,-65.0717116662712,-5.60364813573033,2.91436148214658,5,2,116.681203253769
15,21,82.164067377337,56.0423398221194,6,-48.8430650156392,-5.62471464819273,17.5860731484177,12,1,40.2900372397426
15,22,136.043794153326,38.1433414816341,6,-64.0644107943376,-5.60769873924214,3.92166235408019,5,1,89.9798025310181
15,23,122.027786786176,194.768537334105,8,-59.3587265737501,-6.40000402154148,4.87173053345455,6,2,57.7833596039101
15,24,187.325084131285,35.6102730052447,7,-81.9025005703456,-6.40000000000098,-21.1695428927953,0,2,122.598619679596
15,25,104.467078635901,92.9787030459062,8,-48.3056107730081,-6.4082490787813,13.8304571072047,10,2,76.661106398722
15,26,154.577190757572,104.515833496526,8,-57.7709997577793,-6.42361436196618,6.45945734942535,7,2,51.4004871353078
15,27,67.1129468309536,152.688325550059,2,-52.5221197180667,-4.8072184960097,18.9046523448464,13,2,86.1959435084473
15,28,154.977253293622,95.1217996003319,8,-55.0985377161091,-6.42398206380174,9.13191939109561,8,2,59.9052579449834
15,29,156.835928146028,181.008591269576,1,-76.337392941338,-5.60020047447773,-8.35131979292023,0,2,39.5033244947973
15,30,51.2444610787885,14.2319830664649,5,-61.1171557107583,-7.40026224727517,2.82851114704126,5,1,42.8152977186224
15,31,156.325594151952,143.67120272927,8,-62.5583577091471,-6.40152945861558,1.67209939805754,4,2,25.1459105277419
15,32,36.2769636116978,86.9362301106209,2,-59.7380127932495,-4.83014427979683,11.6887592696635,9,1,45.8787186231199
15,33,172.092635884299,11.846988614893,7,-78.8832216285304,-6.40000000000049,-19.4527645213257,0,1,130.055811154012
15,34,129.730458829005,41.715856649584,6,-59.1349709943885,-5.608269120058,8.85110215402924,8,1,83.533365167063
15,35,158.670419414734,57.3404491912319,7,-78.5441678998442,-6.40000000000129,-19.1137107926395,0,2,95.9855120781781
15,36,10.559536252455,12.2999243566262,5,-70.6902480765319,-7.40000439846337,-6.74458121873239,0,1,59.40619398798
15,37,69.8839058004403,89.4339289121245,2,-42.7653948733326,-4.82222525786076,21.026772062913,14,1,50.0265375508567
15,38,45.9983438734155,153.662732063246,3,-51.7196250165055,-4.8137429884385,19.7071470464075,14,1,106.368347127197
15,39,78.56789939367,121.396233922416,2,-50.8689696901585,-4.81252573768842,20.5578023727545,14,1,80.4101802887617
15,40,80.4314666481844,172.13265748082,4,-60.9539676095653,-5.60708717674051,7.03210553885248,7,2,76.6934505670853
15,41,193.216768703828,179.75784832667,1,-78.5169399197633,-5.60001600570071,-10.5308667713455,0,2,57.4932051135896
15,42,132.628826294097,52.6187902319106,6,-53.3085279529674,-5.60658443130913,14.6775451954503,11,1,85.9455117910107
15,43,79.7091264882712,43.7925935072492,6,-53.0758877439184,-5.62772613185156,14.9101854044993,11,1,38.3850764238179
15,44,40.9586987302144,122.54218476469,2,-56.2235187540754,-4.81383962293346,15.2032533088376,11,1,76.7877835276256
15,45,41.6771502976747,192.341211796561,4,-59.9899649693437,-5.60137263039483,7.99610817907403,7,2,118.654405666346
15,46,77.6850012523908,107.242232607843,2,-53.5358840087076,-4.81421943452756,17.8908880542054,13,1,67.789250536315
15,47,175.478744543415,75.3853769182715,7,-77.6151328171238,-6.40000000000157,-18.1846757099191,0,2,82.2724644163343
15,48,118.728213660439,88.4028568715716,8,-48.6157900409704,-6.41085670723197,13.8304571072047,10,2,72.9683675468437
15,49,75.3731116675415,157.978885814249,2,-60.9788939052097,-4.80842001319813,10.4478781577034,9,2,78.6453118820319
15,50,124.606206837347,34.522949464691,6,-67.207902510344,-5.61117868887294,0.778170638073792,4,1,79.7362852905097
15,51,166.15068806329,30.4045034083297,7,-83.1351318561339,-6.40000000000039,-21.1695428927953,0,1,120.113345737474
15,52,186.181775328644,182.495419046742,1,-73.4803981835721,-5.60001017770696,-5.49432503515436,1,2,54.0122497675831
15,53,112.370385119581,149.752081753884,8,-47.0913130231928,-6.42564577814286,13.8304571072047,10,2,44.3655201649365
15,54,87.8322435381658,3.62403735438858,5,-63.0023590881011,-7.40916679482885,0.943307769698427,4,1,64.2982003048159
15,55,195.411339913091,41.3116844431818,7,-77.6507618775056,-6.40000000000095,-18.2203047703009,0,2,120.114902203185
15,56,31.6700425130212,7.48609645969894,5,-63.9633668401674,-7.4001023826276,-0.0176999823678246,3,1,51.9198356671944
15,57,156.642352335916,132.084107518815,8,-57.6628598068156,-6.42228711136393,6.56759730038905,7,2,30.2877871088632
15,58,27.7573987227532,62.5273154337229,2,-53.7291460100176,-4.80001820235157,17.6976260528955,13,1,34.697506301672
15,59,75.3835621196991,37.8028128204328,6,-55.987179259074,-5.64543809892538,11.9988938893438,9,1,36.678966738146
15,60,33.6875152591389,173.405324580586,4,-56.9993172780021,-5.60461897995095,10.9867558704157,9,2,120.948969922507
15,61,37.7804285817843,183.639192297003,4,-62.1844778780506,-5.60245223020391,5.80159527036716,6,2,119.486725068866
15,62,169.549344598472,146.20328191135,1,-63.8625829868575,-5.60043917988629,4.12349016156023,5,2,30.8032781124752
15,63,107.250661999306,106.034991935425,8,-47.1508373066001,-6.41081515100434,13.8304571072047,10,2,65.6709816708697
15,64,124.225727806064,179.593631407954,8,-59.0732095021553,-6.4006068880835,5.15724760504938,6,2,45.7421701172669
15,65,168.814151533428,181.441152205823,1,-72.3085386496555,-5.60009341731991,-4.32246550123777,2,2,43.5289369265147
15,66,88.5303365216616,80.7776248122845,2,-49.1429132457835,-4.81165407729136,21.026772062913,14,1,54.6269074866795
15,67,199.344196401721,96.5711832361536,7,-77.869987028799,-6.40000000000003,-18.4395299215943,0,2,76.4312644100324
15,68,56.2086243516785,145.510437768207,2,-54.2994760186698,-4.80679237736122,17.1272960442433,12,2,96.7947742134754
15,69,93.9097318958846,47.8933895580203,6,-51.7680893183004,-5.61578791520829,16.2179838301173,12,1,49.8472904250845
15,70,23.3026366779778,63.7991526820663,2,-68.7192996749061,-4.80025161813744,2.70747238800699,5,1,38.1499124912631
15,71,139.759559519274,61.7478577156338,6,-45.2372839554071,-5.60621448497069,17.5860731484177,12,1,93.5256151329727
15,72,150.419651483877,135.605261086332,8,-53.1032157198543,-6.48263310277129,11.1272413873503,9,2,27.5614697677861
15,73,82.9545554041369,145.604674232146,2,-51.3604878017997,-4.81101798020871,20.0662842611133,14,2,71.180478571463
15,74,103.450361084506,92.3915334727957,8,-48.5986977614736,-6.40825287821516,13.8304571072047,10,2,77.7036311814247
15,75,93.2887432025933,179.350314170083,4,-70.2306716933018,-5.61160336401535,-2.24459854488408,3,2,68.0430568788908
15,76,171.36248132284,169.698285975793,1,-71.9715003310326,-5.6000169456684,-3.9854271826149,2,2,37.3714875092339
15,77,199.621033594497,87.6364724914926,7,-88.8023767145877,-6.40000000000067,-21.1695428927953,0,2,83.0885463724726
15,78,26.1419744122652,113.782628416272,3,-60.128360059658,-4.8052164403328,11.2984120032551,9,1,72.0394272092253
15,79,42.3898544339821,64.5875354417537,2,-63.5628607676658,-4.85620744563892,7.86391129524726,7,1,28.6872882266763
15,80,106.524137453365,37.4921248368025,6,-56.7718236412225,-5.61815776546032,11.2142495071953,9,1,62.4793970517081
15,81,115.848120117237,84.5024943076693,8,-52.4267215548427,-6.41030166428097,11.8037355523619,9,2,77.5146705562473
15,82,197.201163761048,120.146011743841,1,-58.3310356605285,-5.60000846066667,9.65503748788929,8,2,60.5925777236467
15,83,117.226320424726,143.614449709149,8,-45.0388919238447,-6.42760097631741,13.8304571072047,10,2,40.8306174998578
15,84,39.6406586147725,119.772093471977,2,-59.1877555995074,-4.82093946494555,12.2390164634057,9,1,74.3485775344624
15,85,14.7027386495408,182.227432281113,4,-60.1964664456815,-5.61148015304653,7.7896067027363,7,1,138.860507368002
15,86,155.290776244503,71.5743575436169,7,-68.2220776993436,-6.40000000000109,-8.79162059213892,0,2,82.0415974245129
15,87,162.59263555433,112.386879602347,8,-60.9780684601299,-6.43536811788388,3.25238864707481,5,2,46.1039184479208
15,88,110.043487420859,71.3835036213566,6,-48.4901483960827,-5.61115526971489,17.5860731484177,12,1,67.931764357945
15,89,15.1498462828649,113.442550693818,3,-69.2666326872407,-4.82113115708711,2.16013937567231,4,1,76.1034851543978
15,90,138.849959347664,59.5537679053761,6,-46.9765939980079,-5.60634296118131,17.5860731484177,12,1,92.4004315859578
15,91,100.787327055875,149.115638322312,8,-49.6069518531762,-6.41849112168672,13.8304571072047,10,2,54.5428205530511
15,92,93.6701938089677,1.37373084920331,5,-57.0843937188027,-7.40193360037502,6.86127313899687,7,1,69.4539407005716
15,93,71.4663228719495,184.229795788956,4,-60.6722642983012,-5.60616788306719,7.31380885011652,7,2,88.8339313720074
15,94,85.2053499057035,71.2477179126673,6,-46.1620014814975,-5.61989928160202,17.5860731484177,12,1,47.3617163802083
15,95,198.03696482431,159.438509461965,1,-59.2838442815296,-5.60000524155348,8.70222886688816,8,2,54.3036412259397
15,96,71.547985064084,187.15824829409,4,-59.0927432891128,-5.60743865940375,8.89332985930495,8,2,89.9316632993653
15,97,87.9755356570636,115.1244630846,2,-51.4439197993592,-4.808109485648,19.9828522635538,14,2,74.9372220739839
15,98,189.678950721178,31.941400721579,7,-91.9089064068644,-6.40000000000133,-21.1695428927953,0,2,126.745816475008
15,99,121.675105536545,156.620618578211,8,-51.8363101053162,-6.4322638730736,12.3941470018884,10,2,37.3949493477929
15,100,62.0588429791788,42.9646622986516,6,-66.2789899143367,-5.60124811315429,1.70708323408107,4,1,27.3342581858097
15.5,1,14.7208950159399,168.64143979236,3,-60.3354224110433,-4.81266297854698,11.0913496518697,9,1,125.986731382636
15.5,2,186.026215121753,36.4648489569592,7,-84.0895255768938,-6.40000000000137,-21.1695428927953,0,2,121.409920098668
15.5,3,149.052814609965,18.1653144200024,6,-58.7735013815162,-5.60227854796535,9.21257176690159,8,1,106.663758081803
15.5,4,56.3711164517317,0.084986120769482,5,-67.2348619212524,-7.40014094477341,-3.28919506345282,2,1,55.5369222716321
15.5,5,52.6418285599063,92.7082403338925,2,-58.2897109902263,-4.82271411180625,13.1370610726867,10,1,48.8182655422892
15.5,6,121.840818429431,23.6532506451401,6,-61.2510501241678,-5.60616876074405,6.7350230242499,7,1,80.0468887226627
15.5,7,55.3008134585869,92.8673533047894,2,-58.408991158341,-4.81877781836621,13.017780904572,10,1,49.1727424767053
15.5,8,129.664546821124,134.45613441281,8,-43.5802753751559,-6.42429755086639,13.8304571072047,10,2,34.7475526243628
15.5,9,198.807351595982,168.318467457008,1,-72.7009972813513,-5.60002182730934,-4.71492413293351,1,2,57.1836849091355
15.5,10,77.117030861471,95.9992791148466,2,-50.7617295466081,-4.81616238871524,20.665042516305,14,1,58.3396695382099
15.5,11,163.194831700956,44.7321691704878,7,-90.2121228250806,-6.4000000000016,-21.1695428927953,0,2,108.663102252638
15.5,12,144.24181242714,117.96703260845,8,-45.7840589304026,-6.44347986567677,13.8304571072047,10,2,40.1437133812051
15.5,13,86.3629894709385,13.7535540689842,5,-60.0296006877079,-7.41127231173792,3.9160661700916,5,1,56.4652268736577
15.5,14,178.212813833633,98.4973781524477,7,-77.1308142156012,-6.40000000000221,-17.7003571083965,0,2,63.251347191844
15.5,15,187.153476031495,180.110769908065,1,-65.8521658874402,-5.60001295152225,2.1339072609776,4,2,53.2849814270336
15.5,16,90.876078170732,149.058813561341,2,-49.9169180910234,-4.8139576992444,21.026772062913,14,2,63.6299769321481
15.5,17,143.409823946216,90.1694722010946,8,-49.8987994049588,-6.42102983211563,13.8304571072047,10,2,64.6171221667714
15.5,18,78.1814710209807,25.9357147388297,6,-59.6231964537002,-5.61273141672649,8.36287669471752,8,1,43.8809199315301
15.5,19,113.230146876865,58.1205713913797,6,-58.9116859852523,-5.60812094617478,9.07438716316543,8,1,67.942955144683
15.5,20,44.3216491680894,193.392409103227,4,-63.7319907441592,-5.6057202281569,4.25408240425859,5,2,116.632178245689
15.5,21,81.6683545477209,55.610008100228,6,-47.9393308773263,-5.62864205591625,17.5860731484177,12,1,39.8322340654498
15.5,22,135.684482904275,37.9142617359112,6,-57.1684683312397,-5.6082422514841,10.8176048171781,9,1,89.6668594295631
15.5,23,121.996077959463,195.937529624653,8,-62.4939305597699,-6.40001660806066,1.73652654743479,4,2,58.7088262331003
15.5,24,188.513832965792,35.8094620909661,7,-86.5403592328057,-6.40000000000116,-21.1695428927953,0,2,122.780471890572
15.5,25,104.54721786275,93.2458668794018,8,-48.0147758063054,-6.40894113521638,13.8304571072047,10,2,76.4149005776155
15.5,26,155.207188782535,103.726892540699,8,-59.4857636999826,-6.4314209427227,4.74469340722206,6,2,52.1590384205553
15.5,27,68.0539088471722,152.600880824073,2,-53.4406204896206,-4.80483511996958,17.9861515732924,13,2,85.2887825935427
15.5,28,155.27966142424,95.6804146606316,8,-59.5318357300453,-6.42919406936574,4.69862137715933,6,2,59.4200486047894
15.5,29,157.376214973417,180.906337962531,1,-65.20120193619,-5.60025348024856,2.78487121222773,5,2,39.5203779535092
15.5,30,50.5784553076817,13.1935462082448,5,-65.075353825098,-7.40023412238335,-1.12968696729843,3,1,43.6726419084945
15.5,31,157.606678965557,143.722949633331,1,-55.64135657374,-5.60013551017429,12.3447165746777,10,2,25.4855434745025
15.5,32,35.94524549182,87.2385521306683,2,-56.0814552874409,-4.82976797857297,15.3453167754722,11,1,46.2222445265664
15.5,33,173.067599435966,12.6118052405226,7,-62.7616731273142,-6.40000000000043,-3.33121602010953,2,1,130.750759608899
15.5,34,129.694929503627,40.5666206580537,6,-56.1117069152992,-5.60905953527885,11.8743662331185,9,1,83.6212917527412
15.5,35,157.993459130459,56.0763008399024,7,-82.0349305487821,-6.40000000000097,-21.1695428927953,0,2,97.1483744217413
15.5,36,10.1350952192229,12.7436497744999,5,-60.1076866572346,-7.40000130035329,3.83798020056496,5,1,59.4095637528634
15.5,37,69.6915693415095,89.6231950037105,2,-42,-4.82162496853166,21.026772062913,14,1,50.0999549444263
15.5,38,46.4836176105311,153.894988552934,3,-56.42318125325,-4.80610986309529,15.0035908096631,11,2,106.221760288701
15.5,39,79.0060283412239,121.162873519077,2,-54.1502428035014,-4.80842291487957,17.2765292594117,12,2,80.1496966654512
15.5,40,80.8390072186039,171.901533085961,2,-63.2339704654627,-4.80187474553083,8.19280159745031,8,2,76.2572624346283
15.5,41,192.368864791807,179.128987175857,1,-59.6314301760811,-5.60000219814014,8.35464297233668,8,2,56.5320139181124
15.5,42,132.692279040209,53.6650573989186,6,-56.4809839485636,-5.60688761269475,11.5050891998541,9,1,86.0447305684731
15.5,43,80.0003055336088,44.0403162843504,6,-51.7687492173582,-5.62848105794984,16.2173239310595,12,1,38.5718311997299
15.5,44,41.2222374823768,122.013538901168,2,-55.021694148556,-4.82171659281915,16.405077914357,12,1,76.2577792745485
15.5,45,40.9270868782468,192.965601278749,4,-65.8283905333668,-5.60472471151909,2.15768261505099,4,2,119.5625077945
15.5,46,77.7747877354878,106.294989928843,2,-46.7652427013027,-4.81282437896937,21.026772062913,14,1,67.0284620503856
15.5,47,175.573790264785,75.565093290648,7,-80.6960895568913,-6.4000000000005,-21.1695428927953,0,2,82.139053350627
15.5,48,117.907738386043,87.7419664845903,8,-51.3355850563951,-6.41115897003229,12.8948720508095,10,2,73.8798077468027
15.5,49,75.5383529658523,157.521719168972,2,-57.9841124890679,-4.80854801262781,13.4426595738451,10,2,78.4433753627091
15.5,50,124.643149186362,35.1862136603113,6,-55.775931499905,-5.61090869879276,12.2101416485128,9,1,79.6448239760467
15.5,51,166.791198789039,30.1556889965546,7,-78.4970600093595,-6.40000000000042,-19.0666029021548,0,1,120.773468915082
15.5,52,186.65048111067,181.730787329574,1,-68.4383467024837,-5.60001401295165,-0.452273554065979,3,2,53.8734687039753
15.5,53,112.93145895369,148.857354343223,8,-58.5955961073595,-6.41053630525126,5.63486099984518,6,2,43.9048103788061
15.5,54,86.3870482995159,3.226047889835,5,-63.292222908456,-7.41159998970373,0.653443949343503,4,1,63.7500578819762
15.5,55,196.581817343186,40.4907249957753,7,-82.2200253267946,-6.40000000000074,-21.1695428927953,0,2,121.302914305242
15.5,56,31.2729282480732,7.46282862737453,5,-68.6999017762822,-7.40010212490688,-4.75423491848263,1,1,52.080362563887
15.5,57,157.355108901946,133.105826106956,8,-56.826338722806,-6.44156630296749,7.40411838439868,7,2,29.8623632435194
15.5,58,28.70150305504,61.480309620926,2,-67.6218379319519,-4.80064280893335,3.8049341309611,5,1,33.729415665066
15.5,59,76.1531648384883,38.0631609658765,6,-55.4518713689678,-5.61006252352022,12.53420177945,10,1,37.1312019357806
15.5,60,33.2553359232643,173.761148683824,4,-62.3682752020856,-5.60536448629818,5.61779794633211,6,2,121.433762921045
15.5,61,39.1319669963609,184.259774900112,4,-60.7143690853699,-5.60761215525312,7.27170406304788,7,2,118.396380511831
15.5,62,169.557743276468,146.135875634582,1,-69.0634602994677,-5.60035656852633,-1.07738715105,3,2,30.8169884832969
15.5,63,107.500178236028,107.096644659753,8,-48.2401360721712,-6.41127098342754,13.8304571072047,10,2,64.8011014522199
15.5,64,123.856852028639,180.03037204369,8,-66.0849912315591,-6.40939401981249,-1.85453412435442,3,2,46.2335098271257
15.5,65,168.606663837489,181.026837797625,1,-74.6382949458961,-5.60008889746009,-6.65222179747837,1,2,43.1407302080233
15.5,66,88.7791272853104,80.0460511880172,2,-42,-4.81579029903325,21.026772062913,14,1,54.3951827371069
15.5,67,199.775096950846,97.3223617198682,7,-75.7658282263956,-6.40000000000144,-16.335371119191,0,2,76.1888696020522
15.5,68,56.7249881258546,144.444276307105,2,-51.7044127477248,-4.80537839016247,19.7223593151882,14,2,96.3501110838683
15.5,69,95.2258549254627,47.2178569335324,6,-51.3343834435934,-5.61920982205029,16.6516897048244,12,1,51.0428082474044
15.5,70,23.3089819572222,63.6821513463327,2,-63.1927613919384,-4.80040828599009,8.23401067097464,8,1,38.1033031327186
15.5,71,139.848032133101,60.8645240479973,6,-47.9393241061586,-5.60697301158454,17.5860731484177,12,1,93.5037793940991
15.5,72,150.527328253647,135.714333870749,8,-52.3485318425355,-6.52198011038587,11.8819252646692,9,2,27.5065143528497
15.5,73,83.0886567065054,145.814117122169,2,-48.2120156556885,-4.81105460429629,21.026772062913,14,2,71.041533463227
15.5,74,103.393183722955,92.3877416592259,8,-49.4251139205507,-6.40840282934096,13.8304571072047,10,2,77.7407077058493
15.5,75,92.395614542205,180.439144630583,4,-62.7418688325641,-5.60946967374825,5.24420431585364,6,2,69.2607879670148
15.5,76,171.950673722192,170.504832410018,1,-71.6584593222587,-5.60000703679773,-3.67238617384097,2,2,38.1383039609927
15.5,77,199.213991883295,88.248009949012,7,-82.9427629321798,-6.40000000000088,-21.1695428927953,0,2,82.386742090863
15.5,78,25.4094687575734,113.847421193144,3,-61.3009283692343,-4.81705951982849,10.1258436936788,8,1,72.342500784805
15.5,79,43.0094859387313,64.2594980963181,2,-55.9096677025583,-4.80200788237252,15.5171043603547,11,1,28.3628378833941
15.5,80,106.537860509068,37.5328961577862,6,-52.8940899427759,-5.61634810948888,15.0919832056418,11,1,62.4836646584959
15.5,81,115.814136421759,84.6697576302538,8,-52.3957773131941,-6.41086497369417,11.8346797940106,9,2,77.3883960079282
15.5,82,196.915568226461,120.045771159012,1,-69.8298575579123,-5.60010054674899,-1.84378440949457,3,2,60.4199997308015
15.5,83,116.886147040653,142.418093421504,8,-54.3108144357908,-6.41038887482177,9.91964267141384,8,2,41.3069312002031
15.5,84,39.4664865419112,119.652321289808,2,-56.3208741091,-4.82190401520177,15.1058979538131,11,1,74.2606946293284
15.5,85,15.4868045138362,183.298348576003,4,-67.2121185363139,-5.60994145237237,0.773954612103838,4,1,139.684861011334
15.5,86,155.651448625142,71.5501845902533,7,-74.4292724989565,-6.40000000000119,-14.9988153917518,0,2,82.0887471544422
15.5,87,162.869154336331,113.767982630446,8,-56.8287196206077,-6.41603772800112,7.401737486597,7,2,45.0624479583612
15.5,88,109.984274472903,71.3083288521304,6,-53.0956840189454,-5.61003920735173,14.8903891294723,11,1,67.8557887177734
15.5,89,15.3716155195132,112.481604010592,3,-59.000140249891,-4.80649549424614,12.426631813022,10,1,75.2019005841267
15.5,90,138.634092487463,59.623041668169,6,-48.5701179721868,-5.6070920717477,17.5860731484177,12,1,92.2000828742764
15.5,91,100.800996287013,148.927227856668,8,-48.2670472002381,-6.41601816254677,13.8304571072047,10,2,54.5338684344143
15.5,92,93.0508681925153,2.51850655687273,5,-56.1414366134229,-7.40355126410751,7.80423024437666,7,1,68.265067726613
15.5,93,70.861065388884,184.267054428041,4,-57.6476354845443,-5.60760850468899,10.3384376638735,9,2,89.3837344854019
15.5,94,85.3606919219886,71.6080927090097,6,-50.7362976571745,-5.61554510151672,17.2497754912433,12,1,47.6396704829383
15.5,95,198.384676488319,160.053321548153,1,-67.7312160147547,-5.60000222902635,0.254857133663041,4,2,54.721076314614
15.5,96,70.6873338999654,186.927605334522,4,-60.0533131465239,-5.61207586593082,7.93276000189383,7,2,90.5891662376788
15.5,97,88.4434733001077,114.880633745707,2,-44.2155608234537,-4.80910990292524,21.026772062913,14,2,74.6647565150902
15.5,98,189.931669806348,32.1080486474813,7,-84.3119224394807,-6.40000000000079,-21.1695428927953,0,2,126.670045579955
15.5,99,122.526993657538,155.724688923188,8,-48.959825492668,-6.44560105636607,13.8304571072047,10,2,36.6031165443635
15.5,100,62.8273070495139,43.6978645586545,6,-65.0196475439514,-5.60530175176405,2.96642560446631,5,1,27.5046671905619
16,1,14.2111753998401,168.08284149919,3,-61.6749509107917,-4.81170851449593,9.75182115212131,8,1,125.60512498614
16,2,186.013112061499,36.8805176196247,7,-78.3844898010852,-6.40000000000081,-18.9540326938805,0,2,121.017401783207
16,3,148.93184142506,17.1755804206077,6,-56.3287060395942,-5.60739720147929,11.6573671088236,9,1,106.851306816891
16,4,56.450030824178,0.297451422693187,5,-75.6020251141909,-7.4001446386016,-11.6563582563914,0,1,55.3551825280379
16,5,53.2989104021841,92.4065073514168,2,-48.0841862506705,-4.83284122446085,21.026772062913,14,1,48.5946980193046
16,6,122.987567212776,23.6717553562345,6,-56.1085778577905,-5.61377506064553,11.8774952906272,9,1,81.0716438322394
16,7,54.1526644283173,93.7877652624393,2,-49.0818607121662,-4.83040309661388,21.026772062913,14,1,49.8684570498497
16,8,129.914054809104,134.00682696784,8,-50.8706698830203,-6.43291237415642,13.3597872241843,10,2,34.8062749780594
16,9,199.16699612797,168.937262064701,1,-67.5387042550171,-5.60001297974196,0.447368893400667,4,2,57.6911033241261
16,10,76.8440095830593,96.0152283365564,2,-45.6944391000331,-4.81056036211158,21.026772062913,14,1,58.2258713061539
16,11,164.121211409304,43.8650738339262,7,-85.7718320415757,-6.40000000000098,-21.1695428927953,0,2,109.618799318111
16,12,143.015861587616,117.609144162335,8,-53.6351502712933,-6.43957239386756,10.5953068359114,9,2,40.6226012369932
16,13,86.2099224967744,13.5460354854405,5,-56.3700473977928,-7.40695054120672,7.57561946000677,7,1,56.5004426181882
16,14,178.29575087027,98.6507299909279,7,-81.7666327153509,-6.40000000000069,-21.1695428927953,0,2,63.1636529008337
16,15,187.578974952739,179.625562944681,1,-76.8629897264486,-5.60000916205891,-8.87691657803081,0,2,53.3113809452338
16,16,90.5273122206501,148.503123901127,2,-56.8965987084403,-4.8075997278752,14.5301733544727,11,2,63.9647655334983
16,17,143.870921645452,89.7058761870886,8,-56.4770192495264,-6.42272166702814,7.75343785767831,7,2,65.0015151195946
16,18,78.3334573981399,25.8036459685324,6,-63.8704610211659,-5.61127354428405,4.11561212725184,5,1,44.0510880291092
16,19,112.409433785961,57.6871414393986,6,-55.6398801060549,-5.60569957102939,12.3461930423629,10,1,67.1288281514996
16,20,44.0644762650663,192.641546501321,4,-64.3453200496396,-5.60869649607699,3.64075309877819,5,2,116.588535787268
16,21,81.1726417181047,55.1776763783366,6,-46.4050288989297,-5.62795779192774,17.5860731484177,12,1,39.3800955352334
16,22,135.325171655224,37.6851819901884,6,-55.8828240756433,-5.60667923709155,12.1032490727744,9,1,89.3548524737646
16,23,121.964369132751,197.106521915202,8,-80.5946584642581,-6.4000431121211,-16.3642013570535,0,2,59.6428621468825
16,24,189.702581800299,36.0086511766875,7,-79.6976709617465,-6.40000000000086,-20.2672138545419,0,2,122.973869615327
16,25,104.6273570896,93.5130307128974,8,-49.263232092651,-6.40962982123468,13.8304571072047,10,2,76.168920327892
16,26,155.837186807497,102.937951584872,8,-52.0581499830285,-6.43106538785531,12.1723071241762,9,2,52.9259780339813
16,27,68.9948708633908,152.513436098087,2,-54.5772306415244,-4.80909948823015,16.8495414213887,12,2,84.3824526039502
16,28,155.582069554858,96.2390297209313,8,-54.3871908897626,-6.41730604194484,9.84326621744211,8,2,58.9376910462412
16,29,157.916501800806,180.804084655486,1,-66.9946714835882,-5.60024951784236,0.991401664829542,4,2,39.5450708966931
16,30,49.912449536575,12.1551093500248,5,-69.4885750879807,-7.40022311187075,-5.54290823018116,1,1,44.5476532871512
16,31,158.887763779163,143.774696537391,1,-54.132669389594,-5.60031912796626,13.8534037588237,10,2,25.8842953969346
16,32,35.6135273719423,87.5408741507156,2,-51.936477131044,-4.82981658045666,19.4902949318691,13,1,46.5675619576301
16,33,174.042562987634,13.3766218661522,7,-80.0168823684084,-6.4000000000005,-20.5864252612037,0,1,131.453715270722
16,34,129.659400178248,39.4173846665233,6,-55.0703062734998,-5.60894306292725,12.915766874918,10,1,83.7249173427756
16,35,157.316498846185,54.812152488573,7,-80.0511797387955,-6.40000000000079,-20.6207226315908,0,2,98.3183984268708
16,36,9.71065418599077,13.1873751923736,5,-61.1796191392092,-7.40000691606982,2.76604771859038,5,1,59.4192791217454
16,37,69.4992328825787,89.8124610952965,2,-55.8611593559466,-4.81164228995829,15.5656127069664,11,1,50.1747161573788
16,38,46.9688913476467,154.127245042622,3,-56.2650818841007,-4.80588638051654,15.1616901788124,11,2,105.757711311161
16,39,79.4441572887777,120.929513115739,2,-49.4727125152759,-4.80875534244261,21.026772062913,14,2,79.8465412424279
16,40,81.2465477890235,171.670408691103,2,-61.0919778927091,-4.81078251574952,10.334794170204,9,2,75.8214600477099
16,41,191.520960879785,178.500126025044,1,-68.8853946338495,-5.6000026462014,-0.899321485431725,3,2,55.5742510145126
16,42,132.755731786321,54.7113245659266,6,-67.8294378363231,-5.60662474099504,0.156635312094611,3,1,86.1565883879752
16,43,80.2914845789465,44.2880390614516,6,-52.7933424553575,-5.62922353649589,15.1927306930603,11,1,38.7614568322716
16,44,41.4857762345391,121.484893037645,2,-52.8223405763381,-4.82248003128131,18.604431486575,13,1,75.7286731623621
16,45,40.177023458819,193.589990760937,4,-65.697170451453,-5.60810866366568,2.2889026969647,4,2,120.471670823075
16,46,77.8645742185849,105.347747249844,2,-56.5631933380022,-4.81223051280422,14.8635787249108,11,1,66.2726008393787
16,47,175.668835986156,75.7448096630245,7,-77.9330746662553,-6.40000000000358,-18.5026175590506,0,2,82.0059292543205
16,48,117.087263111648,87.0810760976089,8,-51.6534452905539,-6.41069490199811,12.5770118166507,10,2,74.794981345788
16,49,75.7035942641631,157.064552523695,2,-54.2201039501719,-4.81083962021999,17.2066681127411,12,2,78.2439378330624
16,50,124.680091535377,35.8494778559317,6,-56.5235419097862,-5.61042199680456,11.4625312386316,9,1,79.5588043442211
16,51,167.431709514787,29.9068745847794,7,-97.0726776559532,-6.40000000000059,-21.1695428927953,0,1,121.433891844563
16,52,187.119186892696,180.966155612406,1,-79.1994705795251,-5.60001516844925,-11.2133974311073,0,2,53.7492960789873
16,53,113.492532787799,147.962626932561,8,-46.919412153594,-6.42258921453151,13.8304571072047,10,2,43.4648829662047
16,54,84.9418530608661,2.82805842528143,5,-53.2255750793521,-7.40003445400957,8.94566685779954,8,1,63.2327064679017
16,55,197.752294773282,39.6697655483689,7,-83.5300727865135,-6.40000000000075,-21.1695428927953,0,2,122.496090918308
16,56,30.8758139831252,7.43956079505011,5,-61.45378659294,-7.40009506596426,2.49188026485958,5,1,52.2434251951982
16,57,158.067865467975,134.127544695096,8,-62.3486154126293,-6.48708396753919,1.88184169457534,4,2,29.4834748734866
16,58,29.6456073873267,60.4333038081291,2,-68.6929806124265,-4.80043998797066,2.73379145048652,5,1,32.7933701681235
16,59,76.9227675572776,38.3235091113201,6,-58.3147749474298,-5.62843582611632,9.67129820098798,8,1,37.5955562855056
16,60,32.8231565873897,174.116972787062,4,-62.8496567222882,-5.60442551777088,5.1364164261295,6,2,121.919198687308
16,61,40.4835054109374,184.880357503222,4,-58.2591795692166,-5.60666610060833,9.72689357920115,8,2,117.314755792393
16,62,169.566141954465,146.068469357815,1,-64.138475062807,-5.60071492757148,3.84759808561072,5,2,30.8308424174996
16,63,107.749694472749,108.158297384081,8,-47.9919842754194,-6.41213820930215,13.8304571072047,10,2,63.9379886682793
16,64,123.487976251214,180.467112679425,8,-62.7389517013012,-6.40353657535966,1.49150540590351,4,2,46.726677158525
16,65,168.39917614155,180.612523389427,1,-65.3412672565122,-5.60009051946206,2.64480589190558,5,2,42.7540205238762
16,66,89.0279180489592,79.3144775637499,2,-51.3813417892903,-4.81549649865315,20.0454302736228,14,1,54.1734896611975
16,67,199.82763978035,98.0735402035829,7,-84.3745435332957,-6.40000000000068,-21.1695428927953,0,2,75.706016359793
16,68,57.2413519000306,143.378114846002,2,-47.5635798135698,-4.80634767206165,21.026772062913,14,2,95.9180179128337
16,69,96.5419779550409,46.5423243090445,6,-52.4722182127574,-5.62042026488764,15.5138549356604,11,1,52.2528586122456
16,70,23.3153272364667,63.5651500105991,2,-66.8655228420669,-4.80038963439722,4.56124922084616,6,1,38.0569974552239
16,71,139.936504746929,59.9811903803608,6,-56.5475345990619,-5.60642112851718,11.4385385493558,9,1,93.4903687419368
16,72,150.635005023418,135.823406655166,8,-55.5506091179846,-6.5033353479116,8.67984798922009,8,2,27.4523046435917
16,73,83.2227580088739,146.023560012193,2,-58.1751132621863,-4.80870259519578,13.2516588007267,10,2,70.9031883833022
16,74,103.336006361404,92.383949845656,8,-47.2177658933584,-6.40908762080732,13.8304571072047,10,2,77.7778087740376
16,75,91.5024858818168,181.527975091084,4,-64.7948757297308,-5.61249519656159,3.1911974186869,5,2,70.4856181880464
16,76,172.538866121544,171.311378844244,1,-68.3984492222728,-5.60000915515893,-0.412376073855011,3,2,38.9156183850103
16,77,197.903978355454,88.8595474065315,7,-80.5812592504775,-6.40000000000042,-21.1508021432728,0,2,81.149221102941
16,78,24.6769631028816,113.912213970016,3,-60.6383278826513,-4.81728597918305,10.7884441802618,9,1,72.6517535386583
16,79,43.6291174434806,63.9314607508826,2,-59.9297178743882,-4.82222819066864,11.4970541885248,9,1,28.0521611146511
16,80,106.551583564771,37.5736674787699,6,-59.3836855045036,-5.61227260375408,8.60238764391419,8,1,62.4879615895053
16,81,115.78015272628,84.8370209528383,8,-49.5202157685525,-6.41083710120607,13.8304571072047,10,2,77.2622921335987
16,82,196.629972691874,119.945530574182,1,-71.0016090096986,-5.60006187036826,-3.01553586128088,2,2,60.2484479942212
16,83,116.545973656579,141.221737133859,8,-44.4904393300593,-6.42223397003201,13.8304571072047,10,2,41.8148272450499
16,84,39.29231446905,119.532549107639,2,-53.3315443408623,-4.82341174763532,18.0952277220507,13,1,74.1733099897525
16,85,16.2708703781316,184.369264870893,4,-61.2193703830631,-5.60549820631466,6.76670276535464,7,2,140.060617152675
16,86,156.01212100578,71.5260116368897,7,-79.8022150270694,-6.40000000000231,-20.3717579198647,0,2,82.1374606900025
16,87,163.145673118333,115.149085658544,8,-55.2977693262566,-6.43631756623595,8.93268778094811,8,2,44.0414004337911
16,88,109.925061524948,71.2331540829042,6,-47.4870519884398,-5.60995413700933,17.5860731484177,12,1,67.7798630204953
16,89,15.5933847561614,111.520657327366,3,-63.735327086249,-4.82231000484398,7.691444976664,7,1,74.3024659787866
16,90,138.418225627262,59.6923154309619,6,-57.5385272567978,-5.60683471982637,10.4475458916199,9,1,91.9998565297071
16,91,100.814665518151,148.738817391025,8,-53.3398609193349,-6.41846818025275,10.8905961878698,9,2,54.525569319949
16,92,92.4315425760629,3.66328226454216,5,-48.8299875391998,-7.4013186256813,8.94566685779954,8,1,67.0803787696502
16,93,70.2558079058185,184.304313067126,4,-60.0210842102463,-5.60674265562377,7.96498893817146,7,2,89.9342652594722
16,94,85.5160339382737,71.968467505352,6,-52.4292656342964,-5.61787237330526,15.5568075141214,11,1,47.9192261126817
16,95,198.732388152327,160.668133634341,1,-60.4756618980904,-5.60000219618791,7.5104112503274,7,2,55.1443989020577
16,96,69.8266827358468,186.696962374955,4,-59.9063288219872,-5.60567734645408,8.07974432643059,7,2,91.2506320454133
16,97,88.9114109431517,114.636804406814,2,-57.8025118459073,-4.80731620594379,13.6242602170057,10,2,74.3950355569401
16,98,190.184388891518,32.2746965733836,7,-80.079146944219,-6.40000000000064,-20.6486898370143,0,2,126.594953206965
16,99,123.37888177853,154.828759268166,8,-50.2710618856361,-6.42078483078266,13.8304571072047,10,2,35.8364458537868
16,100,63.5957711198491,44.4310668186574,6,-48.7246034182498,-5.60171175296717,17.5860731484177,12,1,27.7147615743232
16.5,1,13.7014557837404,167.524243206021,3,-60.2383905985504,-4.80910302868299,11.1883814643626,9,1,125.226922238661
16.5,2,186.000009001245,37.2961862822902,7,-82.7328303914282,-6.4000000000016,-21.1695428927953,0,2,120.62503999836
16.5,3,148.810868240156,16.1858464212131,6,-56.7564962032288,-5.60798147617624,11.2295769451889,9,1,107.047814852164
16.5,4,56.5289451966242,0.509916724616892,5,-69.9977555466995,-7.4000749779814,-6.05208868889997,1,1,55.1737751833684
16.5,5,53.9559922444619,92.1047743689412,2,-46.3193189716908,-4.83352818248711,21.026772062913,14,1,48.3809042835878
16.5,6,124.134315996121,23.6902600673289,6,-56.02869493085,-5.61028785291725,11.9573782175678,9,1,82.0996298623659
16.5,7,53.0045153980476,94.7081772200893,2,-46.328765755491,-4.83005440298982,21.026772062913,14,1,50.5974132058153
16.5,8,130.163562797084,133.557519522869,8,-45.609331848569,-6.4309729592685,13.8304571072047,10,2,34.8724734589627
16.5,9,199.526640659958,169.556056672394,1,-78.7290705633862,-5.60002247382398,-10.7429974149685,0,2,58.202899306087
16.5,10,76.5709883046476,96.0311775582661,2,-47.1122883317208,-4.81698100329493,21.026772062913,14,1,58.1131373003243
16.5,11,165.047591117652,42.9979784973645,7,-73.9989047115772,-6.40000000000089,-14.5684476043725,0,2,110.580796723909
16.5,12,141.789910748092,117.251255716219,8,-42.0151987715973,-6.440591403507,13.8304571072047,10,2,41.135578489779
16.5,13,86.0568555226102,13.3385169018968,5,-58.7040045285067,-7.40886609810532,5.24166232929282,6,1,56.5368125483821
16.5,14,178.378687906908,98.8040818294081,7,-82.1119111120446,-6.40000000000024,-21.1695428927953,0,2,63.0763185724059
16.5,15,188.004473873983,179.140355981297,1,-67.7055971242916,-5.60001827599502,0.280476024126163,4,2,53.3455750850522
16.5,16,90.1785462705682,147.947434240912,2,-48.6512872784325,-4.81092292784998,21.026772062913,14,2,64.3045049160472
16.5,17,144.332019344688,89.2422801730825,8,-43.6114181487456,-6.42269804373416,13.8304571072047,10,2,65.3901867505759
16.5,18,78.485443775299,25.671577198235,6,-63.2318102170377,-5.60239036634731,4.75426293138006,6,1,44.2215181003226
16.5,19,111.588720695057,57.2537114874175,6,-47.6428138127599,-5.61007908964823,17.5860731484177,12,1,66.3176963351144
16.5,20,43.8073033620432,191.890683899415,4,-62.362511848075,-5.60279523816075,5.62356130034277,6,2,116.550281925021
16.5,21,80.6769288884886,54.7453446564452,6,-49.9217567722459,-5.63190578908723,17.5860731484177,12,1,38.9338190001679
16.5,22,134.965860406173,37.4561022444656,6,-53.7551788830186,-5.6092784560464,14.2308942653992,11,1,89.0437915043078
16.5,23,121.932660306038,198.27551420575,8,-68.1415752959891,-6.40009369766009,-3.91111818878442,2,2,60.5850710103224
16.5,24,190.891330634806,36.2078402624088,7,-81.1228051396736,-6.40000000000099,-21.1695428927953,0,2,123.178758472516
16.5,25,104.707496316449,93.780194546393,8,-52.4801336474152,-6.40849615507282,11.7503234597894,9,2,75.923167842009
16.5,26,156.46718483246,102.149010629045,8,-51.0963923230845,-6.43407340023926,13.1340647841201,10,2,53.7009465785888
16.5,27,69.9358328796094,152.425991372101,2,-51.8498856324234,-4.80802830240861,19.5768864304896,13,2,83.476980604352
16.5,28,155.884477685476,96.797644781231,8,-52.0082682160768,-6.43022144361208,12.2221888911279,9,2,58.4582558622385
16.5,29,158.456788628195,180.701831348441,1,-61.298653498807,-5.60005693660867,6.68741964961075,7,2,39.5773890251751
16.5,30,49.2464437654683,11.1166724918047,5,-67.7801008360277,-7.40019610849084,-3.83443397822814,2,1,45.4393112305653
16.5,31,160.168848592769,143.826443441452,1,-69.6022929124153,-5.60264299108301,-1.61621976399754,3,2,26.3394814353708
16.5,32,35.2818092520646,87.8431961707629,2,-57.2826629376641,-4.83292565255937,14.1441091252489,11,1,46.9146313564485
16.5,33,175.017526539302,14.1414384917819,7,-71.1618582826443,-6.40000000000017,-11.7314011754397,0,1,132.164550373554
16.5,34,129.62387085287,38.268148674993,6,-54.1263699286966,-5.60991462081813,13.8597032197211,10,1,83.8441837285481
16.5,35,156.639538561911,53.5480041372435,7,-87.5065017422244,-6.40000000000079,-21.1695428927953,0,2,99.4953314393409
16.5,36,9.28621315275863,13.6311006102474,5,-61.2161145259691,-7.40001022750982,2.72955233183041,5,1,59.4353369828468
16.5,37,69.3068964236478,90.0017271868824,2,-49.2959828972236,-4.82318789389544,21.026772062913,14,1,50.2508151918676
16.5,38,47.4541650847623,154.35950153231,3,-55.8878575819652,-4.8052062302646,15.5389144809478,11,2,105.294366003473
16.5,39,79.8822862363315,120.696152712401,2,-56.2991690611836,-4.80747481264091,15.1276030017295,11,2,79.5453282682188
16.5,40,81.6540883594431,171.439284296245,2,-57.8942508518386,-4.810423667659,13.5325212110744,10,2,75.3860500962481
16.5,41,190.673056967764,177.871264874231,1,-65.3126076244398,-5.60002676154247,2.6734655239779,5,2,54.6200967482895
16.5,42,132.819184532433,55.7575917329346,6,-44.8713068987338,-5.60580567592865,17.5860731484177,12,1,86.2810360924134
16.5,43,80.5826636242841,44.5357618385528,6,-57.9904862541807,-5.63467776025305,9.99558689423702,8,1,38.9539113959192
16.5,44,41.7493149867014,120.956247174122,2,-62.1221607848259,-4.81047780950404,9.30461127808717,8,1,75.2004841488656
16.5,45,39.4269600393911,194.214380243125,4,-70.6032822944121,-5.60595591625526,-2.61720914599433,2,2,121.381870913304
16.5,46,77.954360701682,104.400504570844,2,-53.8533400521166,-4.81343108326204,17.5734320107965,12,1,65.5218374269386
16.5,47,175.763881707526,75.924526035401,7,-65.3903019516292,-6.40000000000033,-5.95984484442454,1,2,81.8730935272351
16.5,48,116.266787837253,86.4201857106275,8,-57.9891145474106,-6.41008041743182,6.24134255979409,7,2,75.713752963963
16.5,49,75.8688355624739,156.607385878418,2,-53.7930385867668,-4.8104267691226,17.6337334761463,13,2,78.0470184504818
16.5,50,124.717033884392,36.512742051552,6,-57.8934439313804,-5.61065450790488,10.0926292170374,8,1,79.4782440637017
16.5,51,168.072220240536,29.6580601730042,7,-85.0842062096259,-6.40000000000044,-21.1695428927953,0,1,122.094609661748
16.5,52,187.587892674722,180.201523895239,1,-68.7418780294036,-5.60001553400408,-0.755804880985832,3,2,53.6398333453888
16.5,53,114.053606621908,147.0678995219,8,-54.0315117025195,-6.41531895436878,10.1989454046852,8,2,43.0463751099468
16.5,54,83.4966578222162,2.43006896072785,5,-67.7985710635992,-7.40004590420113,-3.85290420579965,2,1,62.7469076874689
16.5,55,198.922772203378,38.8488061009625,7,-75.4469118667374,-6.4000000000003,-16.0164547595327,0,2,123.694282589152
16.5,56,30.4786997181771,7.41629296272569,5,-61.3616606509574,-7.40008664967392,2.58400620684215,5,1,52.4089998924756
16.5,57,158.780622034005,135.149263283237,8,-48.2546429748425,-6.40234137074545,13.8304571072047,10,2,29.1529364616101
16.5,58,30.5897117196134,59.3862979953322,2,-58.8049551648075,-4.80041695068284,12.6218168981056,10,1,31.8921915393861
16.5,59,77.6923702760668,38.5838572567638,6,-61.0916319513199,-5.61552085598035,6.89444119709788,7,1,38.0715863425827
16.5,60,32.3909772515151,174.4727968903,4,-61.5372824825363,-5.60628686880547,6.44879066588148,7,2,122.405269574016
16.5,61,41.835043825514,185.500940106331,4,-64.7821272189777,-5.60646040939633,3.20394592944006,5,2,116.242094323278
16.5,62,169.574540632461,146.001063081048,1,-67.4765053500025,-5.60071797490501,0.509567798415208,4,2,30.8448397216392
16.5,63,107.999210709471,109.219950108409,8,-50.4441811678941,-6.41258547596041,13.7862759393105,10,2,63.0819211041328
16.5,64,123.119100473789,180.903853315161,8,-56.2271162526482,-6.40102297291788,8.00334085455642,7,2,47.2216148502278
16.5,65,168.191688445612,180.198208981229,1,-58.2602541702713,-5.60000601057705,9.72581897814644,8,2,42.3688488653658
16.5,66,89.2767088126081,78.5829039394827,2,-50.9056814627644,-4.81311069699326,20.5210906001487,14,1,53.9619518991307
16.5,67,199.396739231225,98.8247186872975,7,-87.751361610463,-6.40000000000035,-21.1695428927953,0,2,74.9079252423394
16.5,68,57.7577156742067,142.311953384899,2,-53.4373744125766,-4.80694448353266,17.9893976503365,13,2,95.4986653225921
16.5,69,97.858100984619,45.8667916845567,6,-52.0426041010491,-5.60331159946758,15.9434690473686,12,1,53.4764550137052
16.5,70,23.3216725157111,63.4481486748656,2,-60.3376832669866,-4.80037432725121,11.0890887959265,9,1,38.010996568628
16.5,71,140.024977360756,59.0978567127243,6,-53.3804834020279,-5.60670598342251,14.6055897463899,11,1,93.4853868022689
16.5,72,150.742681793188,135.932479439582,8,-49.1157883344636,-6.45189527916062,13.8304571072047,10,2,27.3988450662378
16.5,73,83.3568593112424,146.233002902217,2,-50.3226036364182,-4.81042046645002,21.026772062913,14,2,70.7654468508201
16.5,74,103.278828999854,92.3801580320862,8,-52.6442387908709,-6.40783490186484,11.5862183163337,9,2,77.8149343508833
16.5,75,90.6093572214285,182.616805551585,4,-59.6877896065036,-5.62170997831263,8.29828354191418,8,2,71.7171838128197
16.5,76,173.127058520896,172.117925278469,1,-57.203052983629,-5.60000032899604,10.7830201647887,9,2,39.7028141880757
16.5,77,196.593964827613,89.4710848640509,7,-71.5880497822346,-6.40000000000008,-12.1575926750299,0,2,79.9186907168265
16.5,78,23.9444574481898,113.977006746888,3,-64.2537338266989,-4.82179423905563,7.17303823621411,7,1,72.9671069041424
16.5,79,44.2487489482298,63.6034234054471,2,-57.9374202797748,-4.80491313204112,13.4893517831383,10,1,27.7557204375666
16.5,80,106.565306620475,37.6144387997536,6,-55.6729163388125,-5.60334981373707,12.3131568096052,10,1,62.4922878386874
16.5,81,115.746169030801,85.0042842754228,8,-59.1154325231459,-6.41066099992513,5.11502458405877,6,2,77.1363597703215
16.5,82,196.344377157287,119.845289989352,1,-72.045147118261,-5.60002117997114,-4.05907396984324,2,2,60.0779313052901
16.5,83,116.205800272506,140.025380846214,8,-47.6463677863877,-6.42083340695277,13.8304571072047,10,2,42.3531694502886
16.5,84,39.1181423961888,119.41277692547,2,-58.3396084161293,-4.80698168697806,13.0871636467838,10,1,74.0864253788415
16.5,85,17.054936242427,185.440181165783,4,-65.2149399516565,-5.60437513458858,2.77113319676127,5,2,139.580250818548
16.5,86,156.372793386419,71.5018386835261,7,-75.6396410093081,-6.40000000000148,-16.2091839021034,0,2,82.1877352505417
16.5,87,163.422191900334,116.530188686643,8,-58.7964048992861,-6.43579916900524,5.43405220791854,6,2,43.0422293191362
16.5,88,109.865848576992,71.1579793136779,6,-52.4823494107507,-5.61115999814591,15.503723737667,11,1,67.703987434134
16.5,89,15.8151539928097,110.55971064414,3,-61.7117514105252,-4.82296667259018,9.71502065238783,8,1,73.4052603689768
16.5,90,138.202358767061,59.7615891937548,6,-52.0528389991204,-5.60689542084517,15.9332341492974,12,1,91.7997533529423
16.5,91,100.828334749289,148.550406925381,8,-54.2291456739183,-6.41202839097386,10.0013114332864,8,2,54.5179235078704
16.5,92,91.8122169596106,4.80805797221158,5,-60.7609291563349,-7.41152832561932,3.18473770146462,5,1,65.9000994788364
16.5,93,69.6505504227529,184.341571706211,4,-56.401928011157,-5.60963229566539,11.5841451372608,9,2,90.4855104125483
16.5,94,85.6713759545588,72.3288423016944,6,-48.2310112538287,-5.61467497549081,17.5860731484177,12,1,48.2003554035177
16.5,95,199.080099816336,161.282945720529,1,-76.0789702599307,-5.60002824017556,-8.09289711151291,0,2,55.5734744470232
16.5,96,68.9660315717282,186.466319415387,4,-57.5719315176126,-5.608640551856,10.4141416308051,9,2,91.9159751672102
16.5,97,89.3793485861957,114.392975067921,2,-56.5287917987047,-4.80938757455149,14.8979802642083,11,2,74.1280891588852
16.5,98,190.437107976689,32.4413444992858,7,-83.619177048479,-6.4000000000009,-21.1695428927953,0,2,126.520540564187
16.5,99,124.230769899522,153.932829613143,8,-53.6248734057143,-6.40521657241362,10.6055837014904,9,2,35.096586283247
16.5,100,64.3642351901842,45.1642690786603,6,-65.1589344867941,-5.6923242655462,2.82713866162368,5,1,27.9636468677197
17,1,13.1917361676406,166.965644912852,3,-64.1643988604604,-4.81285159740751,7.26237320245261,7,1,124.852154071253
17,2,185.986905940992,37.7118549449557,7,-79.5856392117741,-6.40000000000069,-20.1551821045694,0,2,120.23283627657
17,3,148.689895055251,15.1961124218184,6,-63.4342936075766,-5.60677038559517,4.55177954084117,6,1,107.25323294228
17,4,56.6078595690704,0.722382026540597,5,-66.5057099516267,-7.4001312928221,-2.5600430938272,2,1,54.9927035271295
17,5,54.6130740867397,91.8030413864655,2,-49.7451714178935,-4.82454487087418,21.026772062913,14,1,48.1770144538689
17,6,125.281064779465,23.7087647784233,6,-63.0531629377239,-5.60952575193866,4.93291021069384,6,1,83.1307269534337
17,7,51.856366367778,95.6285891777392,2,-51.5735053553339,-4.82483591420591,19.8532667075791,14,1,51.3581955138838
17,8,130.413070785064,133.108212077898,8,-52.1866512683666,-6.42511740183158,12.0438058388381,9,2,34.9461055809681
17,9,199.886285191946,170.174851280087,1,-77.8908097817706,-5.60002761160471,-9.90473663335284,0,2,58.7189583901639
17,10,76.297967026236,96.0471267799758,2,-55.3144062158695,-4.81595306216436,16.1123658470436,12,1,58.0014737261405
17,11,165.973970826,42.1308831608029,7,-80.1888275344374,-6.40000000000134,-20.7583704272327,0,2,111.548931467846
17,12,140.563959908567,116.893367270104,8,-47.2562122203022,-6.43406321405595,13.8304571072047,10,2,41.681386533072
17,13,85.9037885484461,13.1309983183531,5,-62.0581621117647,-7.40839789459779,1.8875047460348,4,1,56.5743344382664
17,14,178.461624943546,98.9574336678882,7,-69.4665578394234,-6.40000000000039,-10.0361007322187,0,2,62.989345703818
17,15,188.429972795226,178.655149017913,1,-68.680456262646,-5.60002540711055,-0.69438311422827,3,2,53.3875488693819
17,16,89.8297803204863,147.391744580697,2,-53.3931417529094,-4.81011709980378,18.0336303100036,13,2,64.6491170288757
17,17,144.793117043924,88.7786841590765,8,-52.9272227642015,-6.42024032887884,11.3032343430032,9,2,65.7830612195297
17,18,78.6374301524581,25.5395084279377,6,-64.4265349205897,-5.62706920962471,3.559538227828,5,1,44.3922071278715
17,19,110.768007604153,56.8202815354365,6,-47.4939475165296,-5.6122140280856,17.5860731484177,12,1,65.5096709532343
17,20,43.5501304590201,191.139821297509,4,-64.6704683724041,-5.6050684863495,3.31560477601369,5,2,116.517421966342
17,21,80.1812160588724,54.3130129345538,6,-49.1885257803474,-5.63277756627357,17.5860731484177,12,1,38.4936083443208
17,22,134.606549157123,37.2270224987427,6,-48.2140787875591,-5.60923598486056,17.5860731484177,12,1,88.7336864698195
17,23,121.900951479325,199.444506496298,8,-61.3582632304035,-6.40000976417415,2.87219387680116,5,2,61.5350773984213
17,24,192.080079469313,36.4070293481302,7,-90.6459352268078,-6.40000000000074,-21.1695428927953,0,2,123.395081221499
17,25,104.787635543299,94.0473583798885,8,-56.1737679131578,-6.40501199780735,8.05668919404687,7,2,75.6776453388595
17,26,157.097182857422,101.360069673218,8,-54.4586782050693,-6.4334009996779,9.77177890213541,8,2,54.4836014476457
17,27,70.8767948958279,152.338546646115,2,-56.3110447449916,-4.80885161170699,15.1157273179215,11,2,82.5723948203813
17,28,156.186885816095,97.3562598415307,8,-55.4909882989303,-6.43048586423521,8.73946880827435,8,2,57.9818155456849
17,29,158.997075455584,180.599578041396,1,-66.8640502174719,-5.60008827973836,1.12202293094589,4,2,39.6173136780489
17,30,48.5804379943615,10.0782356335846,5,-52.4553623326643,-7.40001368762249,8.94566685779954,8,1,46.3466549646837
17,31,161.449933406374,143.878190345513,1,-61.7476295662559,-5.60162409064025,6.23844358216184,7,2,26.8482313841374
17,32,34.9500911321868,88.1455181908102,2,-54.2511474512179,-4.82513747154793,17.1756246116951,12,1,47.2634141273662
17,33,175.992490090969,14.9062551174115,7,-76.7191622198504,-6.40000000000019,-17.2887051126457,0,1,132.883138468382
17,34,129.588341527491,37.1189126834626,6,-51.5533729951985,-5.61003479554067,16.4327001532193,12,1,83.9790242712598
17,35,155.962578277637,52.2838557859141,7,-83.5787812880243,-6.40000000000201,-21.1695428927953,0,2,100.678931161316
17,36,8.86177211952649,14.0748260281211,5,-64.0208942478532,-7.40001013949458,-0.0752273900536785,3,1,59.4577321973815
17,37,69.114559964717,90.1909932784684,2,-47.371907495252,-4.8209119138333,21.026772062913,14,1,50.3282459793172
17,38,47.9394388218779,154.591758021998,3,-55.2262123239485,-4.80508274139565,16.2005597389646,12,2,104.83173369608
17,39,80.3204151838854,120.462792309062,2,-44.9181209951895,-4.8088359803982,21.026772062913,14,2,79.2460798924698
17,40,82.0616289298627,171.208159901387,2,-61.4808299954078,-4.81042699840396,9.94594206750521,8,2,74.9510394195202
17,41,189.825153055742,177.242403723418,1,-62.9346485007172,-5.6000071197438,5.05142464770052,6,2,53.6697435855903
17,42,132.882637278545,56.8038588999426,6,-56.8925517483972,-5.60605423089402,11.0935214000206,9,1,86.4180192909858
17,43,80.8738426696217,44.783484615654,6,-52.2194897178033,-5.6171491847504,15.7665834306145,12,1,39.1491531701986
17,44,42.0128537388638,120.427601310599,2,-53.933047080147,-4.82252125304742,17.493724982766,12,1,74.6732316949088
17,45,38.6768966199633,194.838769725313,4,-62.1615632691242,-5.60342259169472,5.8245098792935,6,2,122.293084909336
17,46,78.044147184779,103.453261891844,2,-53.8047640952234,-4.81275530437393,17.6220079676896,13,1,64.776349065069
17,47,175.858927428897,76.1042424077775,7,-80.6690400698602,-6.40000000000099,-21.1695428927953,0,2,81.7405475752484
17,48,115.446312562857,85.7592953236461,8,-52.1747512519944,-6.41047242345556,12.0557058552103,9,2,76.6359931939181
17,49,76.0340768607848,156.150219233141,2,-54.1939901206429,-4.80816480307119,17.2327819422701,12,2,77.8526363230687
17,50,124.753976233407,37.1760062471724,6,-57.0820794554555,-5.61095006164657,10.9039936929622,9,1,79.4031597512171
17,51,168.712730966284,29.409245761229,7,-65.352345773827,-6.40000000000035,-5.92188866662233,1,1,122.75561760504
17,52,188.056598456748,179.436892178071,1,-69.4084674067329,-5.60002462602473,-1.42239425831511,3,2,53.5451707178298
17,53,114.614680456016,146.173172111239,8,-52.9027584278055,-6.42090367320461,11.3276986793991,9,2,42.6499173612334
17,54,82.0514625835663,2.03207949617427,5,-54.5189795360884,-7.40000292463077,8.94566685779954,8,1,62.2933997403184
17,55,200,38.027846653556,7,-96.6021430437789,-6.40000000000071,-21.1695428927953,0,2,124.859974071115
17,56,30.0815854532291,7.39302513040128,5,-61.7886578591126,-7.40008395593097,2.15700899868698,4,1,52.5770629228719
17,57,159.493378600034,136.170981871377,8,-52.3013774995633,-6.40059181713363,11.9290796076413,9,2,28.8724086221668
17,58,31.5338160519001,58.3392921825353,2,-59.982163761699,-4.80039701296231,11.4446083012141,9,1,31.0289178623869
17,59,78.4619729948561,38.8442054022075,6,-58.3903048729534,-5.60668573297946,9.59576827546434,8,1,38.5588596805981
17,60,31.9587979156405,174.828620993538,4,-51.6449672694586,-5.60569806080332,16.3411058789591,12,2,122.891968044951
17,61,43.1865822400905,186.12152270944,4,-60.8152150651603,-5.6056737663729,7.17085808325742,7,2,115.178646529648
17,62,169.582939310457,145.933656804281,1,-68.0694769563044,-5.60051874564105,-0.083403807886636,3,2,30.8589802006225
17,63,108.248726946192,110.281602832738,8,-47.2981667119728,-6.41219851659598,13.8304571072047,10,2,62.2331894984501
17,64,122.750224696364,181.340593950897,8,-72.7716613035324,-6.41922788628243,-8.54120419632774,0,2,47.7182678153099
17,65,167.984200749673,179.783894573032,1,-59.6001261891762,-5.60000826075854,8.3859469592416,8,2,41.9852575619348
17,66,89.5254995762569,77.8513303152154,2,-48.1619919710079,-4.81562948563131,21.026772062913,14,1,53.7606893285412
17,67,198.9658386821,99.5758971710121,7,-70.8524459068485,-6.40000000000024,-11.4219887996438,0,2,74.1113588051779
17,68,58.2740794483827,141.245791923797,2,-51.5365397701731,-4.81367773652428,19.89023229274,14,1,94.5859658433478
17,69,99.1742240141971,45.1912590600688,6,-55.1457330956302,-5.61890129983416,12.8403400527876,10,1,54.7126886272811
17,70,23.3280177949556,63.331147339132,2,-51.2087811914183,-4.80000146179143,20.2179908714947,14,1,37.9653015808363
17,71,140.113449974583,58.2145230450877,6,-57.4581536014946,-5.60468916497596,10.5279195469232,9,1,93.488834922572
17,72,150.850358562958,136.041552223999,8,-50.6499575591135,-6.4713717223432,13.5804995480911,10,2,27.346140020137
17,73,83.4909606136109,146.442445792241,2,-55.3000635346962,-4.80735892701631,16.1267085282169,12,2,70.6283123969517
17,74,103.221651638303,92.3763662185164,8,-57.2678725038135,-6.40432044249193,6.96258460339118,7,2,77.8520844013238
17,75,89.7162285610403,183.705636012085,4,-62.0526738972418,-5.60629598323996,5.93339925117592,7,2,72.9551437383542
17,76,173.715250920248,172.924471712694,1,-68.1268994229992,-5.60000108933814,-0.140826274581411,3,2,40.499315173425
17,77,195.283951299772,90.0826223215704,7,-77.8051001460571,-6.40000000000066,-18.3746430388524,0,2,78.6954788611118
17,78,23.211951793498,114.04179952376,3,-58.912992626911,-4.82303741745399,12.513779436002,10,1,73.2884821302456
17,79,44.868380452979,63.2753860600115,2,-62.4202381161921,-4.89877941912084,9.00653394672096,8,1,27.4739766728029
17,80,106.579029676178,37.6552101207373,6,-54.0115558158103,-5.61842559836021,13.9745173326074,10,1,62.4966433999537
17,81,115.712185335323,85.1715475980073,8,-51.8131176176529,-6.41057766522222,12.4173394895518,10,2,77.0105997594921
17,82,196.058781622701,119.745049404523,1,-68.8892648059526,-5.60001519604435,-0.903191657534815,3,2,59.9084585021379
17,83,115.865626888432,138.829024558569,8,-49.6238497570009,-6.41717252024075,13.8304571072047,10,2,42.9208122014577
17,84,38.9439703233276,119.293004743301,2,-53.0735535287772,-4.82050864606356,18.3532185341359,13,1,74.0000425578699
17,85,17.8390021067223,186.511097460673,4,-66.9748628949682,-5.60541183116085,1.01121025344954,4,2,139.110889587874
17,86,156.733465767058,71.4776657301626,7,-67.1029958709742,-6.40000000000125,-7.67253876376951,0,2,82.23956797321
17,87,163.698710682335,117.911291714742,8,-51.9754041376549,-6.44919881660085,12.2550529695497,9,2,42.0664934808539
17,88,109.806635629037,71.0828045444517,6,-46.1423718971901,-5.61024136961006,17.5860731484177,12,1,67.6281621273557
17,89,16.0369232294579,109.598763960914,3,-61.8162080610272,-4.810396494187,9.61056400188586,8,1,72.5103664960428
17,90,137.986491906861,59.8308629565477,6,-58.3212233806807,-5.60587198462444,9.66484976773703,8,1,91.5997741511762
17,91,100.842003980426,148.361996459738,8,-47.0777978400794,-6.41829826937254,13.8304571072047,10,2,54.510931273079
17,92,91.1928913431582,5.95283367988101,5,-57.7717837210489,-7.40226216359596,6.17388313675062,7,1,64.7244710912454
17,93,69.0452929396874,184.378830345296,4,-61.5445781312759,-5.60987156104002,6.44149501714188,7,2,91.0374569676221
17,94,85.8267179708439,72.6892170980368,6,-45.5115173183052,-5.61889730380075,17.5860731484177,12,1,48.4830309807899
17,95,199.427811480345,161.897757806717,1,-77.6798124417541,-5.60002756858112,-9.6937392933363,0,2,56.008170730384
17,96,68.1053804076096,186.23567645582,4,-63.528453402609,-5.6101654251471,4.4576197458087,6,2,92.5851120126405
17,97,89.8472862292398,114.149145729028,2,-45.4662360731647,-4.80849300286309,21.026772062913,14,2,73.8639474029478
17,98,190.689827061859,32.6079924251881,7,-89.9877811821092,-6.40000000000046,-21.1695428927953,0,2,126.446808851662
17,99,125.082658020514,153.036899958121,8,-53.9624821990822,-6.4317807076287,10.2679749081224,8,2,34.3852685416049
17,100,65.1326992605194,45.8974713386632,6,-65.7500643266421,-5.67966316066656,2.23600882177562,4,1,28.2502978449151
17.5,1,12.6820165515409,166.407046619682,3,-65.3812350544572,-4.80675994316046,6.04553700845579,7,1,124.480851504866
17.5,2,185.973802880738,38.1275236076212,7,-85.1041018163756,-6.40000000000115,-21.1695428927953,0,2,119.840792169718
17.5,3,148.568921870346,14.2063784224238,6,-67.6985789831021,-5.60901955788929,0.287494165315681,4,1,107.467509994049
17.5,4,56.6867739415167,0.934847328464302,5,-66.1738864241558,-7.40014343610451,-2.22821956635622,3,1,54.8119708861673
17.5,5,55.2701559290175,91.5013084039898,2,-52.085116643573,-4.8315613259689,19.34165541934,13,1,47.9831547812275
17.5,6,126.42781356281,23.7272694895177,6,-60.8411751325542,-5.60461200419326,7.14489801586351,7,1,84.1648207653774
17.5,7,50.7082173375083,96.5490011353891,2,-53.7168813743432,-4.82346782578015,17.7098906885699,13,1,52.1494111040537
17.5,8,130.662578773044,132.658904632927,8,-43.7813796285528,-6.43395445058088,13.8304571072047,10,2,35.0271244643152
17.5,9,199.784213280807,170.793645887779,1,-77.3899795985288,-5.6000314189411,-9.40390645011105,0,2,58.848055204019
17.5,10,76.0249457478243,96.0630760016856,2,-47.1779910596486,-4.81754784792416,21.026772062913,14,1,57.8908867777499
17.5,11,166.900350534348,41.2637878242412,7,-83.8204350187127,-6.40000000000095,-21.1695428927953,0,2,112.523045135276
17.5,12,139.338009069043,116.535478823988,8,-50.7971813579222,-6.43578426287614,13.4332757492825,10,2,42.2587532725651
17.5,13,85.750721574282,12.9234797348094,5,-51.7711604214217,-7.40702411027184,8.94566685779954,8,1,56.6130059973582
17.5,14,178.544561980183,99.1107855063684,7,-74.3392454827884,-6.40000000000273,-14.9087883755838,0,2,62.9027357943944
17.5,15,188.85547171647,178.169942054529,1,-70.6866393771251,-5.6000287995582,-2.70056622870733,2,2,53.4372839660188
17.5,16,89.4810143704043,146.836054920483,2,-50.614745299588,-4.81295087129612,20.8120267633251,14,2,64.9985243686456
17.5,17,145.25421474316,88.3150881450705,8,-53.1861629856095,-6.42260391738949,11.0442941215952,9,2,66.1800636767181
17.5,18,78.7894165296172,25.4074396576404,6,-62.141052741447,-5.65606388342541,5.84502040697072,6,1,44.5631521361359
17.5,19,109.947294513249,56.3868515834554,6,-46.8983630313877,-5.61023185842498,17.5860731484177,12,1,64.7048683841279
17.5,20,43.292957555997,190.388958695603,4,-60.8679227837378,-5.60504989552052,7.11815036467994,7,2,116.489960475834
17.5,21,79.6855032292563,53.8806812126624,6,-51.3780409450768,-5.6302698059039,16.6080322033409,12,1,38.0596740481115
17.5,22,134.247237908072,36.9979427530199,6,-57.1998980455876,-5.60905339554832,10.7861751028302,9,1,88.4245474276968
17.5,23,121.869242652613,199.532403083781,8,-76.252331280513,-6.40006078827238,-12.0218741733083,0,2,61.6201952625251
17.5,24,193.26882830382,36.6062184338516,7,-86.356626137569,-6.40000000000029,-21.1695428927953,0,2,123.622777839106
17.5,25,104.867774770148,94.3145222133841,8,-46.4239708469297,-6.40946944538334,13.8304571072047,10,2,75.4323550641352
17.5,26,157.727180882385,100.571128717391,8,-52.8077798151165,-6.43288985603369,11.4226772920881,9,2,55.2736161352035
17.5,27,71.8177569120465,152.25110192013,2,-56.2446652081704,-4.80899206943074,15.1821068547426,11,2,81.6687246999649
17.5,28,156.489293946713,97.9148749018304,8,-52.4876689744826,-6.4252036585095,11.7427881327221,9,2,57.5084445313801
17.5,29,159.537362282972,180.497324734351,1,-65.3152287891284,-5.60024861417806,2.67084435928939,5,2,39.6648218862646
17.5,30,47.9144322232548,9.03979877536456,5,-68.8855047017764,-7.40018958853483,-4.93983784397683,1,1,47.2687812124876
17.5,31,162.73101821998,143.929937249573,1,-52.6745065247735,-5.60003521954069,15.3115666236443,11,2,27.4075625824622
17.5,32,34.6183730123091,88.4478402108576,2,-60.2501828802817,-4.82330578410017,11.1765891826313,9,1,47.6138726178421
17.5,33,176.967453642637,15.6710717430411,7,-79.7503630444068,-6.40000000000048,-20.3199059372022,0,1,133.609354462053
17.5,34,129.552812202113,35.9696766919323,6,-55.1824155927924,-5.60933242169685,12.8036575556254,10,1,84.1293640852796
17.5,35,155.285617993363,51.0197074345846,7,-75.9404766028814,-6.40000000000146,-16.5100194956767,0,2,101.868965214667
17.5,36,8.43733108629436,14.5185514459948,5,-66.9262090805687,-7.400004115523,-2.9805422227692,2,1,59.4864576077684
17.5,37,68.9222235057862,90.3802593700544,2,-47.5813779412657,-4.82410610911491,21.026772062913,14,1,50.4070023825638
17.5,38,48.4247125589936,154.824014511686,3,-58.3899354502491,-4.80503924101068,13.0368366126639,10,2,104.36982387037
17.5,39,80.7585441314392,120.229431905724,2,-54.8593050009915,-4.80642877572056,16.5674670619216,12,2,78.9488184550839
17.5,40,82.4691695002823,170.977035506529,2,-56.0464738439145,-4.81470757817556,15.3802982189986,11,2,74.5164350101625
17.5,41,188.977249143721,176.613542572605,1,-70.1173971551201,-5.60002586125596,-2.13132400670231,3,2,52.7233970745015
17.5,42,132.946090024657,57.8501260669506,6,-57.2265187135213,-5.60778658263271,10.7595544348965,9,1,86.5674784757274
17.5,43,81.1650217149594,45.0312073927552,6,-54.1102964997707,-5.64195233662687,13.8757766486471,10,1,39.347140664446
17.5,44,42.2763924910261,119.898955447077,2,-49.1984899045945,-4.82145587626223,21.026772062913,14,1,74.1469357798762
17.5,45,37.9268332005354,195.463159207501,4,-60.2278052280885,-5.60452840683054,7.75826792032925,7,2,123.205290314934
17.5,46,78.1339336678761,102.506019212845,2,-50.8726199618746,-4.81346546432944,20.5541521010385,14,1,64.0363199848967
17.5,47,175.953973150267,76.283958780154,7,-74.8405832713946,-6.40000000000087,-15.41012616419,0,2,81.6082928102948
17.5,48,114.625837288462,85.0984049366647,8,-54.1099441481935,-6.40753934094801,10.1205129590112,8,2,77.5615783059338
17.5,49,76.1993181590956,155.693052587864,2,-50.7814442526185,-4.81008559981335,20.6453278102946,14,2,77.6608105027921
17.5,50,124.790918582422,37.8392704427927,6,-56.006123651017,-5.6104709163328,11.9799494974007,9,1,79.3335669547636
17.5,51,169.353241692033,29.1604313494538,7,-80.9641444185609,-6.40000000000025,-21.1695428927953,0,1,123.416911012785
17.5,52,188.525304238774,178.672260460903,1,-70.6936339337167,-5.60002667655243,-2.70756078529893,2,2,53.4653868089252
17.5,53,115.175754290125,145.278444700577,8,-49.2152336687045,-6.42561688351606,13.8304571072047,10,2,42.2761300701383
17.5,54,80.6062673449165,1.6340900316207,5,-61.0236090931782,-7.40007485982762,2.9220577646213,5,1,61.8728926740772
17.5,55,198.829522569904,37.2068872061496,7,-88.4864458443508,-6.4000000000005,-21.1695428927953,0,2,125.135360982142
17.5,56,29.6844711882811,7.36975729807686,5,-76.5903928933352,-7.40008950934555,-12.6447260355357,0,1,52.7475905016016
17.5,57,160.206135166064,137.192700459518,1,-56.6847897655807,-5.60007978695341,11.301283382837,9,2,28.6433607760614
17.5,58,32.4779203841869,57.2922863697384,2,-54.7940553891562,-4.80005503823039,16.6327166737569,12,1,30.2067991445828
17.5,59,79.2315757136453,39.1045535476512,6,-60.8117180252039,-5.64847440920973,7.17435512321385,7,1,39.0569554893694
17.5,60,31.526618579766,175.184445096776,4,-66.0327619473226,-5.60527998161927,1.95331120109518,4,2,123.379286673156
17.5,61,44.538120654667,186.74210531255,4,-63.0573213066823,-5.60814655292603,4.92875184173545,6,2,114.124669979142
17.5,62,169.591337988453,145.866250527514,1,-61.5198930115879,-5.60017468942714,6.46618013682985,7,2,30.8732636577199
17.5,63,108.498243182914,111.343255557066,8,-48.9282322841651,-6.4120932953058,13.8304571072047,10,2,61.3920981057894
17.5,64,122.381348918939,181.777334586632,8,-60.8395175346075,-6.40426260055573,3.3909395725972,5,2,48.216583049488
17.5,65,167.776713053734,179.369580164834,1,-69.144169478182,-5.60009985670087,-1.15809632976426,3,2,41.6032903272495
17.5,66,89.7742903399057,77.1197566909481,2,-42,-4.81574491007123,21.026772062913,14,1,53.5698177616775
17.5,67,198.534938132976,100.327075654727,7,-75.3844627168315,-6.4000000000018,-15.9540056096268,0,2,73.3163667442885
17.5,68,58.7904432225588,140.179630462694,2,-57.8944772591254,-4.81426325591585,13.5322948037876,10,1,93.6049552237331
17.5,69,100.490347043775,44.515726435581,6,-50.0220494567433,-5.61894416087343,17.5860731484177,12,1,55.9607219496876
17.5,70,23.3343630742,63.2141460033985,2,-61.74114481961,-4.8000081637323,9.68562724330307,8,1,37.919913597709
17.5,71,140.20192258841,57.3311893774512,6,-62.1428861781544,-5.60457353852844,5.84318697026339,6,1,93.5007121701945
17.5,72,150.958035332729,136.150625008416,8,-61.5750960633109,-6.44797813902903,2.65536104389373,5,2,27.2941938762856
17.5,73,83.6250619159794,146.651888682265,2,-51.9394439054709,-4.80975296103358,19.4873281574422,13,2,70.4917885647223
17.5,74,103.164474276752,92.3725744049465,8,-43.3333606700586,-6.40867701758189,13.8304571072047,10,2,77.8892588903403
17.5,75,88.8230999006521,184.794466472586,4,-56.1548784177657,-5.61850507501754,11.831194730652,9,2,74.1991779124102
17.5,76,174.3034433196,173.731018146919,1,-69.3579656958222,-5.60000274118314,-1.37189254740441,3,2,41.3045830323754
17.5,77,193.973937771931,90.6941597790898,7,-67.3791048747367,-6.40000000000027,-7.948647767532,0,2,77.4799321597391
17.5,78,22.4794461388062,114.106592300632,3,-57.9978814224145,-4.82472952740436,13.4288906404985,10,1,73.6158003503752
17.5,79,45.4880119577283,62.947348714576,2,-59.6352221359959,-4.81455461801522,11.7915499269172,9,1,27.2073864020497
17.5,80,106.592752731881,37.695981441721,6,-55.0509642036138,-5.61476483148652,12.9351089448039,10,1,62.501028267176
17.5,81,115.678201639844,85.3388109205918,8,-54.3514198655802,-6.40792459089652,9.87903724162446,8,2,76.8850129468557
17.5,82,195.773186088114,119.644808819693,1,-68.22765615311,-5.60001080032327,-0.2415830046923,3,2,59.7400384687694
17.5,83,115.525453504358,137.632668270924,8,-42.6769655445536,-6.42370916491948,13.8304571072047,10,2,43.5166089002484
17.5,84,38.7697982504663,119.173232561132,2,-48.0035261292106,-4.82231965470972,21.026772062913,14,1,73.9141632861499
17.5,85,18.6230679710177,187.582013755563,4,-70.178602040404,-5.60566608539257,-2.19252889198621,3,2,138.652645222769
17.5,86,157.094138147697,71.453492776799,7,-83.8564852417587,-6.40000000000172,-21.1695428927953,0,2,82.2929559137535
17.5,87,163.975229464337,119.292394742841,8,-54.9108037915125,-6.40224447864107,9.31965331569218,8,2,41.1158614066443
17.5,88,109.747422681081,71.0076297752255,6,-47.432480021434,-5.6097073605997,17.5860731484177,12,1,67.5523872694719
17.5,89,16.2586924661061,108.637817277688,3,-58.3593653861997,-4.80671977069896,13.0674066767134,10,1,71.6178710182611
17.5,90,137.77062504666,59.9001367193406,6,-59.257516784681,-5.60457758967609,8.72855636373675,8,1,91.399919738165
17.5,91,100.855673211564,148.173585994094,8,-44.4656774468561,-6.41748901114592,13.8304571072047,10,2,54.5045928671113
17.5,92,90.5735657267059,7.09760938755043,5,-56.5391486739197,-7.41490290823198,7.4065181838798,7,1,63.5537517070591
17.5,93,68.4400354566219,184.41608898438,4,-58.4017276979425,-5.60519722896209,9.5843454504752,8,2,91.5900922441827
17.5,94,85.982059987129,73.0495918943792,6,-48.7940843390706,-5.61579945651755,17.5860731484177,12,1,48.767225955705
17.5,95,199.775523144354,162.512569892905,1,-74.0188212281619,-5.60001732483719,-6.03274807974415,1,2,56.4483579001105
17.5,96,67.244729243491,186.005033496252,4,-58.6787251981824,-5.60370441261767,9.30734795023533,8,2,93.2579609204993
17.5,97,90.3152238722838,113.905316390135,2,-54.2632333590215,-4.80543308743937,17.1635387038916,12,2,73.6026404846445
17.5,98,190.942546147029,32.7746403510904,7,-93.6979712058771,-6.40000000000069,-21.1695428927953,0,2,126.37375926124
17.5,99,125.934546141506,152.140970303098,8,-54.8583026182159,-6.42914761924754,9.37215448898879,8,2,33.7042997739759
17.5,100,65.9011633308545,46.6306735986661,6,-54.7011593197479,-5.70444612888628,13.2849138286698,10,1,28.5735779291505
18,1,12.1722969354411,165.848448326513,3,-58.8873890073882,-4.81120771275044,12.5393830555248,10,1,124.11304564308
18,2,185.960699820484,38.5431922702867,7,-81.7332901517382,-6.40000000000102,-21.1695428927953,0,2,119.448909249425
18,3,148.447948685441,13.2166444230292,6,-55.5096664864221,-5.60763549760591,12.4764066619956,10,1,107.690593126201
18,4,56.7656883139629,1.14731263038801,5,-64.2259778148444,-7.40015414274229,-0.280310957044899,3,1,54.6315806250811
18,5,55.9272377712953,91.1995754215141,2,-52.2211902384957,-4.83435222145213,19.2055818244174,13,1,47.7994473033998
18,6,127.574562346155,23.7457742006121,6,-61.9295579560439,-5.60869349293978,6.05651519237384,7,1,85.2018021847115
18,7,49.5600683072387,97.469413093039,2,-48.2490906888446,-4.82991223624411,21.026772062913,14,1,52.9696962356013
18,8,130.912086761024,132.209597187956,8,-50.1372722695589,-6.43408351817179,13.8304571072047,10,2,35.1154789805497
18,9,199.424568748819,171.412440495472,1,-69.9789147317735,-5.60003614991181,-1.99284158335578,3,2,58.7667474340625
18,10,75.7519244694126,96.0790252233953,2,-47.2567252776396,-4.81533244895384,21.026772062913,14,1,57.7813826367683
18,11,167.826730242696,40.3966924876796,7,-87.1405119138915,-6.40000000000162,-21.1695428927953,0,2,113.502983788031
18,12,138.112058229519,116.177590377873,8,-49.1140969745119,-6.42569039930257,13.8304571072047,10,2,42.8664035368643
18,13,85.5976546001178,12.7159611512657,5,-64.1142297161402,-7.41304189149832,-0.168562858340657,3,1,56.6528248713444
18,14,178.627499016821,99.2641373448485,7,-82.7644835506477,-6.40000000000141,-21.1695428927953,0,2,62.8164903454538
18,15,189.280970637714,177.684735091145,1,-72.5013288181525,-5.60001752357396,-4.51525566973475,2,2,53.4947587274474
18,16,89.1322484203224,146.280365260268,2,-52.7943586476321,-4.81296240183118,18.632413415281,13,2,65.3526500224923
18,17,145.715312442395,87.8514921310645,8,-56.1732718665598,-6.41898375885619,8.05718524064484,7,2,66.5811202804626
18,18,78.9414029067763,25.2753708873431,6,-58.7885001973591,-5.60961992883415,9.19757295105868,8,1,44.7343501905505
18,19,109.126581422345,55.9534216314744,6,-59.9205167447934,-5.61210452975977,8.06555640362436,7,1,63.9034103926803
18,20,43.0357846529739,189.638096093697,4,-60.6982355424304,-5.60659233674215,7.28783760598737,7,2,116.467901272145
18,21,79.1897903996401,53.448349490771,6,-55.1610947958201,-5.63185403931138,12.8249783525976,10,1,37.6322332287817
18,22,133.887926659021,36.768863007297,6,-55.7665684393456,-5.60894739190705,12.2195047090721,9,1,88.1163845449243
18,23,121.8375338259,198.363410793232,8,-56.3077069751569,-6.4000008515837,7.92275013204776,7,2,60.6992092581303
18,24,194.457577138328,36.8054075195729,7,-71.7042720613392,-6.40000000000015,-12.2738149541346,0,2,123.861785599192
18,25,104.947913996998,94.5816860468797,8,-42,-6.4099433236311,13.8304571072047,10,2,75.1872992906948
18,26,158.357178907347,99.7821877615638,8,-55.4185920379324,-6.41447527109488,8.81186506927224,8,2,56.0706795509403
18,27,72.7587189282651,152.163657194144,2,-48.4807058323594,-4.80909980206945,21.026772062913,14,2,80.7660009784842
18,28,156.791702077331,98.4734899621301,8,-54.4149935209201,-6.41263143030874,9.81546358628459,8,2,57.0382192375422
18,29,160.077649110361,180.395071427306,1,-66.7432937180809,-5.60017736665707,1.24277943033687,4,2,39.7198864381883
18,30,47.2484264521481,8.00136191714449,5,-60.3397762053903,-7.40016756556176,3.60589065240924,5,1,48.2048416427636
18,31,164.012103033586,143.981684153634,1,-56.9533898740833,-5.60044418386282,11.0326832743345,9,2,28.014445506746
18,32,34.2866548924313,88.7501622309049,2,-61.7324858926603,-4.83491965848873,9.69428617025278,8,1,47.965970097466
18,33,177.942417194305,16.4358883686707,7,-76.4967304435295,-6.40000000000038,-17.0662733363248,0,1,134.343074652629
18,34,129.517282876734,34.820440700402,6,-55.3095733296992,-5.60953591395036,12.6764998187186,10,1,84.2951202420911
18,35,154.608657709088,49.7555590832552,7,-77.6200120798919,-6.40000000000173,-18.1895549726873,0,2,103.065210719186
18,36,8.01289005306222,14.9622768638685,5,-69.8291770121489,-7.40001370500025,-5.88351015434933,1,1,59.5215040490447
18,37,68.7298870468554,90.5695254616404,2,-53.4567458386025,-4.81859769218225,17.9700262243106,13,1,50.4870781979969
18,38,48.9099862961092,155.056271001374,3,-52.7980647972054,-4.80665106487507,18.6287072657077,13,2,103.908646161386
18,39,81.196673078993,119.996071502385,2,-48.2750720186665,-4.80782689714489,21.026772062913,14,2,78.6535664842283
18,40,82.8767100707019,170.745911111671,2,-61.8110664978927,-4.80407909618131,9.61570556502035,8,2,74.0822440182933
18,41,188.129345231699,175.984681421792,1,-72.3197386655167,-5.60002901595586,-4.33366551709892,2,2,51.7812768903022
18,42,133.009542770769,58.8963932339586,6,-55.1513549933598,-5.60404885588321,12.8347181550579,10,1,86.72934914771
18,43,81.456200760297,45.2789301698565,6,-57.0064605299951,-5.63342571476478,10.9796126184227,9,1,39.54783264116
18,44,42.5399312431885,119.370309583554,2,-58.8506473726782,-4.81568139285589,12.5761246902348,10,1,73.6216169176858
18,45,37.1767697811076,196.087548689689,4,-59.9643759232894,-5.60764360828509,8.02169722512831,7,2,124.118465271085
18,46,78.2237201509732,101.558776533845,2,-46.6020221081098,-4.8141012563763,21.026772062913,14,1,63.3019416513225
18,47,176.049018871638,76.4636751525305,7,-87.5612295031568,-6.40000000000237,-21.1695428927953,0,2,81.4763306503642
18,48,113.805362014067,84.4375145496834,8,-48.2115217069032,-6.41085279796643,13.8304571072047,10,2,78.4903899681721
18,49,76.3645594574064,155.235885942587,2,-54.1604119970108,-4.80758877421833,17.2663600659022,12,2,77.4715599785212
18,50,124.827860931437,38.5025346384131,6,-58.0820120726134,-5.61107832889271,9.90406107580435,8,1,79.2694801377888
18,51,169.993752417781,28.9116169376786,7,-75.1820486935226,-6.40000000000052,-15.751591586318,0,1,124.078485320716
18,52,188.9940100208,177.907628743736,1,-72.5929832114766,-5.60001688645687,-4.60691006305884,2,2,53.4005483080507
18,53,115.736828124234,144.383717289916,8,-46.6686555674401,-6.42462839937764,13.8304571072047,10,2,41.9256195955156
18,54,79.1610721062666,1.23610056706712,5,-70.3965603304817,-7.40008279180762,-6.45089347268212,1,1,61.4860635777903
18,55,197.659045139808,36.3859277587432,7,-73.5725783357189,-6.40000000000018,-14.1421212285142,0,2,125.426440573269
18,56,29.2873569233331,7.34648946575244,5,-61.6241279154426,-7.40009097716846,2.32153894235693,4,1,52.9205588038955
18,57,160.918891732094,138.214419047658,1,-62.8411798392017,-5.60069013891835,5.14489330921603,6,2,28.4670355857682
18,58,33.4220247164736,56.2452805569415,2,-50.1743462301116,-4.80007317850742,21.026772062913,14,1,29.4292846283447
18,59,80.0011784324345,39.3649016930948,6,-59.7516133452392,-5.63542772944905,8.2344598031785,8,1,39.5654650336921
18,60,31.0944392438914,175.540269200015,4,-57.0639284767229,-5.60442218644679,10.9221446716948,9,2,123.867218139158
18,61,45.8896590692436,187.362687915659,4,-63.2687097041762,-5.60725875124847,4.71736344424153,6,2,113.08042950485
18,62,169.59973666645,145.798844250747,1,-56.5720734016833,-5.60005424968975,11.4139997467345,9,2,30.8876898945785
18,63,108.747759419635,112.404908281394,8,-46.5841418705353,-6.41328805401432,13.8304571072047,10,2,60.5589652671731
18,64,122.012473141514,182.214075222368,8,-67.816571178232,-6.40504487777011,-3.58611407102733,2,2,48.7165095433453
18,65,167.569225357796,178.955265756636,1,-72.3023290370827,-5.60009332879991,-4.31625588866499,2,2,41.2229923066053
18,66,90.0230811035545,76.3881830666809,2,-45.0436838016597,-4.81578678552779,21.026772062913,14,1,53.3894486446748
18,67,198.104037583851,101.078254138441,7,-75.2905674534184,-6.40000000000006,-15.8601103462138,0,2,72.5230008342971
18,68,59.3068069967348,139.113469001591,2,-50.8632523610021,-4.81163671598175,20.563519701911,14,1,92.6287051295226
18,69,101.806470073353,43.8401938110931,6,-52.1551612537335,-5.61654657342182,15.8309118946843,12,1,57.2197828879676
18,70,23.3407083534445,63.0971446676649,2,-63.2952081667438,-4.80009510092529,8.13156389616925,8,1,37.8748337229597
18,71,140.290395202237,56.4478557098147,6,-54.4102274456838,-5.60512100621709,13.575845702734,10,1,93.5210153336176
18,72,151.065712102499,136.259697792833,8,-57.1800996239574,-6.41051864584097,7.05035748324728,7,2,27.2430109758392
18,73,83.7591632183479,146.861331572289,2,-52.7452145935056,-4.81097544366466,18.6815574694074,13,2,70.3558789088203
18,74,103.107296915201,92.3687825913767,8,-42.843409590062,-6.40932825626992,13.8304571072047,10,2,77.9264577829579
18,75,87.9299712402638,185.883296933087,4,-64.4148768073708,-5.61006474908891,3.57119634104693,5,2,75.4489858713988
18,76,174.891635718951,174.537564581144,1,-61.0923048384892,-5.60000012802344,6.89376830992852,7,2,42.1181149191035
18,77,192.66392424409,91.3056972366093,7,-80.5785892270414,-6.40000000000024,-21.1481321198367,0,2,76.27241709023
18,78,21.7469404841144,114.171385077504,3,-60.3430757823086,-4.82281548081346,11.0836962806045,9,1,73.948982648671
18,79,46.1076434624775,62.6193113691405,2,-62.1454670986124,-4.848521619671,9.28130496430067,8,1,26.9563992188592
18,80,106.606475787585,37.7367527627047,6,-51.6792090536433,-5.6182011849271,16.3068640947744,12,1,62.5054424341868
18,81,115.644217944366,85.5060742431763,8,-48.9148933175616,-6.41090510273531,13.8304571072047,10,2,76.759600182524
18,82,195.487590553527,119.544568234864,1,-60.3305114044151,-5.60000226550534,7.6555617440026,7,2,59.5726801341534
18,83,115.185280120285,136.436311983278,8,-44.9027225685142,-6.41955446341785,13.8304571072047,10,2,44.1394194900431
18,84,38.5956261776051,119.053460378963,2,-55.3273297908586,-4.81514470192584,16.0994422720544,12,1,73.8287893209003
18,85,19.4071338353131,188.652930050453,4,-61.1130321197064,-5.60541986626111,6.87304102871136,7,2,138.205628302877
18,86,157.454810528335,71.4293198234354,7,-73.706562493954,-6.40000000000182,-14.2761053867493,0,2,82.347896047327
18,87,164.251748246338,120.673497770939,8,-60.8745178949902,-6.4364775066117,3.35593921221448,5,2,40.1921144140003
18,88,109.688209733126,70.9324550059993,6,-42,-5.61088145808179,17.5860731484177,12,1,67.4766630304417
18,89,16.4804617027544,107.676870594461,3,-68.2204019628589,-4.81929168024285,3.20637010005416,5,1,70.7278647297568
18,90,137.554758186459,59.9694104821335,6,-54.9130901978853,-5.60508670791237,13.0729829505325,10,1,91.2001909342882
18,91,100.869342442702,147.985175528451,8,-47.1116208512328,-6.41829862594658,13.8304571072047,10,2,54.4989085180948
18,92,89.9542401102535,8.24238509521986,5,-66.3128254178761,-7.41955969604389,-2.36715856007657,2,1,62.3882176802937
18,93,67.8347779735563,184.453347623465,4,-65.8641623286468,-5.60623213294091,2.12191081977093,4,2,92.1434038502926
18,94,86.1374020034142,73.4099666907216,6,-44.1114900075845,-5.61866599913517,17.5860731484177,12,1,49.0529139197363
18,95,199.930457667198,163.127381979093,1,-74.5519881151167,-5.60002816109169,-6.56591496669896,1,2,56.724146185561
18,96,66.3840780793724,185.774390536685,4,-66.1925958444168,-5.6064533356912,1.79347730400098,4,2,93.9344421227259
18,97,90.7831615153278,113.661487051242,2,-53.4724707963261,-4.80670150333057,17.954301266587,13,2,73.3441987034201
18,98,191.1952652322,32.9412882769926,7,-78.1262571274023,-6.40000000000035,-18.6958000201976,0,2,126.301392976489
18,99,126.786434262499,151.245040648075,8,-53.4252249998972,-6.4278682883312,10.8052321073075,9,2,33.0555556671592
18,100,66.6696274011896,47.3638758586691,6,-60.3529853294953,-5.61663075916283,7.63308781892241,7,1,28.9322592996641
18.5,1,11.6625773193413,165.289850033344,3,-63.056423808868,-4.81421645962951,8.37034825404504,8,1,123.748767664597
18.5,2,185.94759676023,38.9588609329522,7,-89.339030968775,-6.40000000000064,-21.1695428927953,0,2,119.057189107351
18.5,3,148.326975500536,12.2269104236345,6,-64.1713061019641,-5.60693150338612,3.81476704645363,5,1,107.922427730417
18.5,4,56.8446026864091,1.35977793231171,5,-60.2795999031694,-7.4001303486157,3.6660669546301,5,1,54.4515361466399
18.5,5,56.5843196135731,90.8978424390384,2,-55.6493029432214,-4.83152081163258,15.7774691196916,12,1,47.626009500504
18.5,6,128.7213111295,23.7642789117066,6,-64.854153315087,-5.6112198634798,3.13191983333071,5,1,86.2415670484378
18.5,7,48.4119192769691,98.3898250506889,2,-54.035581144944,-4.82984339082829,17.391190917969,12,1,53.8177216985181
18.5,8,131.161594749004,131.760289742986,8,-45.7398141676788,-6.43147557647564,13.8304571072047,10,2,35.2111139082616
18.5,9,199.064924216831,172.031235103165,1,-70.7807546329444,-5.6000129624305,-2.79468148452667,2,2,58.6940551382703
18.5,10,75.4789031910009,96.094974445105,2,-49.4611786678508,-4.81552872108848,21.026772062913,14,1,57.6729674710023
18.5,11,168.753109951044,39.5295971511179,7,-84.1784041253856,-6.40000000000093,-21.1695428927953,0,2,114.488597853368
18.5,12,136.886107389995,115.819701931758,8,-49.3096535403937,-6.41990746337837,13.8304571072047,10,2,43.5030683448954
18.5,13,85.4445876259537,12.508442567722,5,-54.9378954084737,-7.40762905488386,8.94566685779954,8,1,56.6937886427756
18.5,14,178.710436053459,99.4174891833287,7,-71.3044678741395,-6.40000000000068,-11.8740107669348,0,2,62.7306108602364
18.5,15,189.706469558958,177.199528127761,1,-69.5267416510667,-5.60000477773356,-1.54066850264894,3,2,53.5599482375524
18.5,16,88.7834824702405,145.724675600053,2,-55.8056967897488,-4.80923696957885,15.6210752731642,11,2,65.7114177080067
18.5,17,146.176410141631,87.3878961170584,8,-46.119985277044,-6.42228828897643,13.8304571072047,10,2,66.9861582123746
18.5,18,79.0933892839355,25.1433021170458,6,-67.7281214437592,-5.63407448443563,0.257951704658555,4,1,44.9057983969896
18.5,19,108.305868331441,55.5199916794933,6,-50.2051630602166,-5.61278936417404,17.5860731484177,12,1,63.105424410466
18.5,20,42.7786117499508,188.887233491791,4,-60.9280224734972,-5.6063877782664,7.0580506749206,7,2,116.451247425319
18.5,21,78.694077570024,53.0160177688796,6,-51.8925762659074,-5.63388773839073,16.0934968825104,12,1,37.2115096546317
18.5,22,133.52861540997,36.5397832615742,6,-55.8177322340588,-5.6037364716295,12.1683409143589,9,1,87.8092080988784
18.5,23,121.805824999187,197.194418502684,8,-58.6706854694447,-6.40000058855896,5.55977163775995,6,2,59.78691028798
18.5,24,195.646325972835,37.0045966052943,7,-86.1568929237343,-6.4000000000003,-21.1695428927953,0,2,124.112039154751
18.5,25,105.028053223847,94.8488498803753,8,-48.4219531977521,-6.40983709811716,13.8304571072047,10,2,74.9424803189386
18.5,26,158.98717693231,98.9932468057368,8,-52.3577942939738,-6.43035254213817,11.8726628132309,9,2,56.8744953439863
18.5,27,73.6996809444837,152.076212468158,2,-51.4052106716939,-4.80896650265873,20.0215613912191,14,2,79.8642557480286
18.5,28,157.094110207949,99.0321050224298,8,-52.1133157368018,-6.4300586439737,12.1171413704029,9,2,56.5712181068002
18.5,29,160.61793593775,180.292818120261,1,-60.7300042519026,-5.60001893964903,7.25606889651513,7,2,39.7824759566992
18.5,30,46.5824206810413,6.96292505892443,5,-64.4746462689789,-7.40016815075841,-0.528979411179344,3,1,49.1540401990022
18.5,31,165.293187847191,144.033431057695,1,-62.1887424523679,-5.60073542107507,5.79733069604987,6,2,28.6658601732578
18.5,32,33.9549367725536,89.0524842509522,2,-57.7069128062112,-4.81356874801652,13.7198592567018,10,1,48.3196707371193
18.5,33,178.917380745972,17.2007049943003,7,-62.1212574559567,-6.40000000000014,-2.69080034875207,2,1,135.084176761281
18.5,34,129.481753551356,33.6712047088716,6,-56.0585838723625,-5.60670133530877,11.9274892760552,9,1,84.4762019935677
18.5,35,153.931697424814,48.4914107319257,7,-80.0469830518292,-6.40000000000155,-20.6165259446245,0,2,104.267453885836
18.5,36,7.58844901983009,15.4060022817422,5,-79.3555695739926,-7.40001589133843,-15.409902716193,0,1,59.5628603634377
18.5,37,68.5375505879246,90.7587915532264,2,-54.1736912419302,-4.81739504196533,17.2530808209828,12,1,50.5684671576984
18.5,38,49.3952600332248,155.288527491061,3,-52.8934106333753,-4.8063749748562,18.5333614295377,13,2,103.448210360577
18.5,39,81.6348020265469,119.762711099047,2,-52.2841454295051,-4.80815396233264,19.142626633408,13,2,78.3603466941612
18.5,40,83.2842506411214,170.514786716813,2,-55.9913784352012,-4.81543157949875,15.4353936277118,11,2,73.648473755761
18.5,41,187.281441319678,175.355820270979,1,-68.1735406115281,-5.60000388622513,-0.187467463110306,3,2,50.8436179720404
18.5,42,133.072995516881,59.9426604009666,6,-52.3632721063745,-5.60774748596395,15.6228010420432,11,1,86.903561952297
18.5,43,81.7473798056346,45.5266529469577,6,-50.7681382284669,-5.63490267451173,17.2179349199508,12,1,39.7511881379686
18.5,44,42.8034699953508,118.841663720031,2,-48.7974679177816,-4.8169397807626,21.026772062913,14,1,73.0972961733174
18.5,45,36.4267063616797,196.711938171877,4,-64.0987991053207,-5.6078921467226,3.88727404309705,5,2,125.032588534467
18.5,46,78.3135066340703,100.611533854846,2,-50.2457416667936,-4.81448081718447,21.026772062913,14,1,62.5734130206889
18.5,47,176.144064593008,76.643391524907,7,-71.4594989349688,-6.40000000000209,-12.0290418277641,0,2,81.3446625195007
18.5,48,112.984886739672,83.776624162702,8,-49.016429884129,-6.40952555368431,13.8304571072047,10,2,79.4223149811372
18.5,49,76.5298007557173,154.77871929731,2,-53.2584679891154,-4.80865709499093,18.1683040737977,13,2,77.2849036689384
18.5,50,124.864803280451,39.1657988340334,6,-62.7964962580996,-5.61099160472894,5.18957689031814,6,1,79.2109126643881
18.5,51,170.63426314353,28.6628025259035,7,-67.0539750800474,-6.40000000000023,-7.62351797284277,0,1,124.740336059476
18.5,52,189.462715802827,177.142997026568,1,-69.128410870459,-5.60000435877021,-1.14233772204123,3,2,53.3507097058599
18.5,53,116.297901958343,143.488989879255,8,-46.18680668478,-6.4244288945413,13.8304571072047,10,2,41.5989743287252
18.5,54,77.7158768676168,0.838111102513545,5,-49.3751192651438,-7.40000501163962,8.94566685779954,8,1,61.1335517576862
18.5,55,196.488567709712,35.5649683113367,7,-88.6227972160298,-6.4000000000003,-21.1695428927953,0,2,125.733103856088
18.5,56,28.890242658385,7.32322163342803,5,-74.7881356595907,-7.40008177662098,-10.8424688017911,0,1,53.0959439766483
18.5,57,161.631648298123,139.236137635798,1,-56.4132807219601,-5.60071007086314,11.5727924264577,9,2,28.3444170010023
18.5,58,34.3661290487603,55.1982747441446,2,-63.1393123417875,-4.80046122821708,8.28745972112553,8,1,28.6999996730945
18.5,59,80.7707811512238,39.6252498385385,6,-48.9225961749834,-5.63839414852701,17.5860731484177,12,1,40.0839919864433
18.5,60,30.6622599080168,175.896093303253,4,-55.5095353345423,-5.60579304620391,12.4765378138755,10,2,124.355755229231
18.5,61,47.2411974838201,187.983270518768,4,-62.5726388383051,-5.60503889364147,5.41343431011265,6,2,112.04619731995
18.5,62,169.608135344446,145.73143797398,1,-66.0557570214286,-5.6006897505568,1.93031612698917,4,2,30.9022587112348
18.5,63,108.997275656357,113.466561005722,8,-45.8679837944234,-6.41246543507124,13.8304571072047,10,2,59.7341239857872
18.5,64,121.643597364089,182.650815858104,8,-75.9814259295494,-6.42095577143955,-11.7509688223447,0,2,49.2179981983184
18.5,65,167.361737661857,178.540951348438,1,-68.0252110277571,-5.60009518071662,-0.03913787933936,3,2,40.8444101256594
18.5,66,90.2718718672034,75.6566094424136,2,-44.7137690165549,-4.81538772645599,21.026772062913,14,1,53.2196887605423
18.5,67,197.673137034726,101.829432622156,7,-77.5091407296698,-6.40000000000192,-18.0786836224651,0,2,71.7313150321055
18.5,68,59.8231707709109,138.047307540489,2,-53.0997948970232,-4.814297336286,18.3269771658898,13,1,91.6573676750749
18.5,69,103.122593102931,43.1646611866052,6,-57.7290297937347,-5.60857781323021,10.257043354683,8,1,58.4891592919023
18.5,70,23.3470536326889,62.9801433319313,2,-67.2723246057378,-4.80011422678957,4.15444745717528,5,1,37.8300630580527
18.5,71,140.378867816064,55.5645220421782,6,-52.5932234730435,-5.60679181050087,15.3928496753743,11,1,93.5497389267949
18.5,72,151.17338887227,136.36877057725,8,-52.124253202318,-6.43437671336487,12.1062039048867,9,2,27.1925956286123
18.5,73,83.8932645207164,147.070774462313,2,-56.7098308113908,-4.80499113028977,14.7169412515223,11,2,70.2205869954005
18.5,74,103.05011955365,92.3649907778069,8,-48.4152404578288,-6.40923728609941,13.8304571072047,10,2,77.9636810442454
18.5,75,87.0368425798756,186.972127393587,4,-68.523323920281,-5.6157517248503,-0.537250771863267,3,2,76.7042853843188
18.5,76,175.479828118303,175.34411101537,1,-69.6274999217688,-5.60000230660235,-1.64142677335107,3,2,42.9394411246544
18.5,77,191.353910716249,91.9172346941287,7,-78.9979750749958,-6.40000000000279,-19.5675179677911,0,2,75.0733212073663
18.5,78,21.0144348294227,114.236177854376,3,-56.719716760996,-4.8156760010171,14.707055301917,11,1,74.2879501238039
18.5,79,46.7272749672267,62.291274023705,2,-55.0987943404424,-4.8384287657365,16.3279777224706,12,1,26.7214547932171
18.5,80,106.620198843288,37.7775240836884,6,-57.092234132595,-5.60620300757778,10.8938390158228,9,1,62.509885894779
18.5,81,115.610234248887,85.6733375657608,8,-47.1010139565643,-6.41028089547283,13.8304571072047,10,2,76.6343623209913
18.5,82,195.20199501894,119.444327650034,1,-63.2154170612545,-5.60000572875629,4.77065608716322,6,2,59.4063924712713
18.5,83,114.845106736211,135.239955695633,8,-46.7897131779021,-6.4203468994472,13.8304571072047,10,2,44.7881170429753
18.5,84,38.4214541047439,118.933688196794,2,-48.5727823438928,-4.81517498853653,21.026772062913,14,1,73.7439224171138
18.5,85,20.1911996996085,189.723846345343,4,-56.4167615549026,-5.60548249107608,11.5693115935152,9,2,137.769948116036
18.5,86,157.815482908974,71.4051468700718,7,-70.7979751802282,-6.40000000000064,-11.3675180730235,0,2,82.4043852693256
18.5,87,164.528267028339,122.054600799038,1,-58.371925193589,-5.6406324369001,9.61414795482879,8,2,39.2971484887624
18.5,88,109.62899678517,70.857280236773,6,-47.1033633188197,-5.61069535630107,17.5860731484177,12,1,67.4009895808742
18.5,89,16.7022309394026,106.715923911235,3,-65.3652595812083,-4.80979389162824,6.06151248170477,7,1,69.8404427929685
18.5,90,137.338891326259,60.0386842449264,6,-47.6957395827549,-5.60716507782623,17.5860731484177,12,1,91.0005885666095
18.5,91,100.883011673839,147.796765062807,8,-56.3732109334591,-6.40988184073321,7.85724617374555,7,2,54.4938784307069
18.5,92,89.3349144938012,9.38716080288928,5,-49.8959391486552,-7.40236981992634,8.94566685779954,8,1,61.2281651357039
18.5,93,67.2295204904908,184.49060626255,4,-65.7966094722287,-5.60467905588555,2.18946367618905,4,2,92.6973796748988
18.5,94,86.2927440196993,73.770341487064,2,-43.5481936928268,-4.81774491036415,21.026772062913,14,1,49.3400689388559
18.5,95,199.582746003189,163.742194065281,1,-73.1423110986155,-5.60002875216792,-5.15623795019777,1,2,56.5645348159484
18.5,96,65.5234269152538,185.543747577118,4,-63.4407576161425,-5.60405100103745,4.54531553227529,6,2,94.6144777080565
18.5,97,91.2510991583719,113.417657712349,2,-45.0654728239093,-4.80955504137987,21.026772062913,14,2,73.0886524526912
18.5,98,191.44798431737,33.1079362028949,7,-93.9068695400816,-6.40000000000042,-21.1695428927953,0,2,126.229711172606
18.5,99,127.638322383491,150.349110993053,8,-55.983680883592,-6.45645942399794,8.24677622361265,8,2,32.4409695340654
18.5,100,67.4380914715248,48.097078118672,6,-55.0966298605475,-5.63135913164333,12.8894432878702,10,1,29.3250429813104
19,1,11.1528577032416,164.731251740175,3,-63.4135197181767,-4.81225409152871,8.01325234473634,7,1,123.388048815483
19,2,185.934493699977,39.3745295956177,7,-85.4895266291909,-6.40000000000056,-21.1695428927953,0,2,118.665633355511
19,3,148.206002315631,11.2371764242399,6,-68.2352095465585,-5.60541856163196,-0.24913639814076,3,1,108.162957533451
19,4,56.9235170588554,1.57224323423542,5,-70.4285999259526,-7.40016385440357,-6.48293306815305,1,1,54.2718408922004
19,5,57.2414014558509,90.5961094565627,2,-42.431111273843,-4.83262957439624,21.026772062913,14,1,47.4629539541527
19,6,129.868059912844,23.782783622801,6,-66.9844248773322,-5.61023611333745,1.0016482710855,4,1,87.2840158838407
19,7,47.2637702466994,99.3102370083388,2,-50.5407466227041,-4.82918175770316,20.8860254402089,14,1,54.6921971315964
19,8,131.411102736984,131.310982298015,8,-49.9382756214031,-6.43381779615832,13.8304571072047,10,2,35.3139700985327
19,9,198.705279684843,172.650029710858,1,-69.7541272166921,-5.60003554349304,-1.76805406827431,3,2,58.6300103622841
19,10,75.2058819125892,96.1109236668148,2,-49.3490664022523,-4.81418727940094,21.026772062913,14,1,57.5656474331542
19,11,169.679489659392,38.6625018145563,7,-90.7751298860061,-6.40000000000138,-21.1695428927953,0,2,115.479742013254
19,12,135.660156550471,115.461813485642,8,-49.0814887435802,-6.42775428731666,13.8304571072047,10,2,44.1674929994625
19,13,85.2915206517896,12.3009239841783,5,-53.0725185112191,-7.40440779602108,8.94566685779954,8,1,56.7358948317764
19,14,178.793373090096,99.5708410218089,7,-65.7329466820364,-6.40000000000028,-6.3024895748317,1,2,62.6450988438295
19,15,190.131968480202,176.714321164376,1,-69.80111174231,-5.60003258179418,-1.81503859389229,3,2,53.6328243650226
19,16,88.4347165201585,145.168985939839,2,-55.1497680240801,-4.81146194541112,16.277004038833,12,2,66.0747518103755
19,17,146.637507840867,86.9243001030524,8,-47.8504127102073,-6.42298036032886,13.8304571072047,10,2,67.3951056903246
19,18,79.2453756610946,25.0112333467485,6,-63.0471110590272,-5.62107386221283,4.93896208939057,6,1,45.0774939011609
19,19,107.485155240537,55.0865617275122,6,-47.1472112063419,-5.61395018632588,17.5860731484177,12,1,62.3110438304195
19,20,42.5214388469277,188.136370889885,4,-62.4960939419658,-5.60557233357554,5.48997920645194,6,2,116.440001254661
19,21,78.1983647404078,52.5836860469882,6,-51.6565474606259,-5.63119115057928,16.3295256877919,12,1,36.7977337294361
19,22,133.16930416092,36.3107035158514,6,-56.6458328886392,-5.60798488747929,11.3402402597786,9,1,87.5030284781188
19,23,121.774116172474,196.025426212136,8,-66.2188689783341,-6.4000901528213,-1.98841187112942,3,2,58.8837021242189
19,24,196.835074807342,37.2037856910157,7,-76.9977233383749,-6.40000000000025,-17.5672662311702,0,2,124.373470622346
19,25,105.108192450697,95.1160137138709,8,-44.8327707363732,-6.40939434674606,13.8304571072047,10,2,74.6979004771868
19,26,159.617174957272,98.2043058499098,8,-56.8353344868605,-6.43143137748474,7.39512262034412,7,2,57.6847812394957
19,27,74.6406429607023,151.988767742172,2,-54.9647308530938,-4.80944974740712,16.4620412098192,12,2,78.9635225310311
19,28,157.396518338568,99.5907200827295,8,-55.5691955118898,-6.42813807763677,8.66126159531485,8,2,56.1075216464825
19,29,161.158222765139,180.190564813216,1,-64.2667730648546,-5.60005895913178,3.71930008356313,5,2,39.8525549873209
19,30,45.9164149099346,5.92448820070436,5,-71.0085464056081,-7.40018598839848,-7.06287954780854,0,1,50.1156303717478
19,31,166.574272660797,144.085177961755,1,-68.9184528091847,-5.60090707565202,-0.932379660766938,3,2,29.3588425176905
19,32,33.6232186526759,89.3548062709995,2,-55.3397570388348,-4.83256856571538,16.0870150240782,12,1,48.6749395883135
19,33,179.89234429764,17.96552161993,7,-83.494884156429,-6.40000000000026,-21.1695428927953,0,1,135.832539960865
19,34,129.446224225977,32.5219687173413,6,-57.2708726943286,-5.6092165326863,10.7152004540891,9,1,84.6725110132084
19,35,153.25473714054,47.2272623805963,7,-78.1725521147467,-6.40000000000149,-18.742095007542,0,2,105.475489625035
19,36,7.16400798659795,15.849727699616,5,-62.8226228416276,-7.40001701412522,1.12304401617191,4,1,59.6105134180425
19,37,68.3452141289938,90.9480576448123,2,-51.9634818794805,-4.81922781571093,19.4632901834326,13,1,50.6511629315804
19,38,49.8805337703404,155.520783980749,3,-54.9112236755135,-4.80605404237779,16.5155483873995,12,2,102.988526418597
19,39,82.0729309741007,119.529350695709,2,-46.3472964531825,-4.8078413123039,21.026772062913,14,2,78.0691819828695
19,40,83.691791211541,170.283662321954,2,-60.2663528507506,-4.80527658865209,11.1604192121624,9,2,73.2151317005231
19,41,186.433537407656,174.726959120166,1,-72.4339974949306,-5.60003058660707,-4.4479243465128,2,2,49.9106717583071
19,42,133.136448262993,60.9889275679746,6,-52.4146151354938,-5.60515135762818,15.571458012924,11,1,87.0900428228138
19,43,82.0385588509722,45.7743757240589,6,-54.9773773490751,-5.62004672813553,13.0086957993426,10,1,39.9571664882363
19,44,43.0670087475131,118.313017856509,2,-57.9482493378355,-4.81729790401344,13.4785227250775,10,1,72.5739951798901
19,45,35.6766429422519,197.336327654065,4,-66.0305120389442,-5.60444168258365,1.95556110947358,4,2,125.947639456746
19,46,78.4032931171673,99.664291175846,2,-51.6720939411647,-4.814554220263,19.7546781217484,14,1,61.8509408004352
19,47,176.239110314378,76.8231078972835,7,-85.6437294601712,-6.40000000000397,-21.1695428927953,0,2,81.2132898477997
19,48,112.164411465276,83.1157337757206,8,-51.1265354623765,-6.40943905586303,13.1039216448282,10,2,80.3572450257548
19,49,76.6950420540281,154.321552652033,2,-52.5908283535208,-4.80942648676152,18.8359437093922,13,2,77.1008604153352
19,50,124.901745629466,39.8290630296538,6,-52.9552440604998,-5.60872048500475,15.0308290879179,11,1,79.1578767855482
19,51,171.274773869278,28.4139881141283,7,-78.7400497518816,-6.40000000000028,-19.3095926446769,0,1,125.402458852216
19,52,189.931421584853,176.3783653094,1,-69.9153878842549,-5.60003254622947,-1.92931473583711,3,2,53.3159130671455
19,53,116.858975792451,142.594262468593,8,-51.8883232809391,-6.42724919618677,12.3421338262656,10,2,41.2967605740379
19,54,76.2706816289669,0.440121637959968,5,-62.8096165919006,-7.40002894906439,1.13605026589892,4,1,60.815953963666
19,55,195.318090279616,34.7440088639303,7,-77.2176900707962,-6.40000000000032,-17.7872329635915,0,2,126.055237096081
19,56,28.493128393437,7.29995380110361,5,-65.7177609718843,-7.40002825050673,-1.77209411408477,3,1,53.2737221497529
19,57,162.344404864153,140.257856223939,1,-68.4500116207726,-5.60113945451795,-0.463938472354837,3,2,28.2762037197989
19,58,35.3102333810471,54.1512689313477,2,-68.0794951707054,-4.80133432575766,3.3472768922076,5,1,28.0227100234734
19,59,81.540383870013,39.8855979839822,6,-54.1170524946709,-5.61537504162105,13.8690206537468,10,1,40.6121526492921
19,60,30.2300805721422,176.251917406491,4,-63.0805486423622,-5.60255201546511,4.90552450605552,6,2,124.844890833677
19,61,48.5927358983967,188.603853121878,4,-60.1568039187706,-5.60744724819838,7.82926922964711,7,2,111.022253122641
19,62,169.616534022442,145.664031697213,1,-67.7026583834281,-5.60065125082037,0.283414764989604,4,2,30.9169699061276
19,63,109.246791893078,114.52821373005,8,-42,-6.41323095771466,13.8304571072047,10,2,58.9179225039974
19,64,121.274721586664,183.087556493839,8,-64.4716598657497,-6.40665376438128,-0.24120275854506,3,2,49.7210017463109
19,65,167.154249965918,178.126636940241,1,-67.8689354504483,-5.60007384989754,0.117137697969487,3,2,40.4675919404814
19,66,90.5206626308522,74.9250358181463,6,-46.9397915275099,-5.61572447707038,17.5860731484177,12,1,53.0606399375207
19,67,197.242236485601,102.580611105871,7,-67.1641333938442,-6.40000000000009,-7.73367628663957,0,2,70.9413655863357
19,68,60.3395345450869,136.981146079386,2,-45.8594696137737,-4.81433281621472,21.026772062913,14,1,90.691100709455
19,69,104.43871613251,42.4891285621174,6,-49.7862166052542,-5.61789201049012,17.5860731484177,12,1,59.7681939154293
19,70,23.3533989119334,62.8631419961978,2,-69.803862113155,-4.80020781153387,1.62290994975805,4,1,37.7856027020994
19,71,140.467340429891,54.6811883745416,6,-54.4376907206146,-5.60650948636211,13.5483824278031,10,1,93.5868751965562
19,72,151.28106564204,136.477843361666,8,-59.3289609542677,-6.42425524694391,4.90149615293693,6,2,27.1429521115675
19,73,84.0273658230849,147.280217352337,2,-52.3384192001276,-4.81104200497214,19.0883528627854,13,2,70.0859164018821
19,74,102.992942192099,92.361198964237,8,-46.2830467459567,-6.40875206589799,13.8304571072047,10,2,78.0009286393154
19,75,86.1437139194873,188.060957854088,4,-62.788460831148,-5.61891473796606,5.19761231726976,6,2,77.9648111956089
19,76,176.068020517655,176.150657449595,1,-57.858138023923,-5.60000008458526,10.1279351244947,8,2,43.7681228607641
19,77,190.043897188408,92.5287721516482,7,-71.3946905462532,-6.40000000000012,-11.9642334390485,0,2,73.8830544335636
19,78,20.2819291747309,114.300970631248,3,-59.8695395983143,-4.81170052861085,11.5572324645987,9,1,74.6326239502289
19,79,47.346906471976,61.9632366782694,2,-58.5749535905274,-4.90506442204423,12.8518184723856,10,1,26.5029797775408
19,80,106.633921898991,37.8182954046721,6,-52.0397173493311,-5.61472697869744,15.9463557990867,12,1,62.5143586427062
19,81,115.576250553408,85.8406008883453,8,-52.2143009272722,-6.41017892115748,12.0161561799325,9,2,76.5093002211516
19,82,194.916399484353,119.344087065205,1,-59.0346694944122,-5.60000119781948,8.95140365400559,8,2,59.2411844961233
19,83,114.504933352138,134.043599407988,8,-47.4014549393973,-6.42082058500067,13.8304571072047,10,2,45.4615934189393
19,84,38.2472820318827,118.813916014624,2,-63.7038562482825,-4.81474401219977,7.72291581463051,7,1,73.6595643274239
19,85,20.9752655639039,190.794762640233,4,-60.2919380021791,-5.60306519095407,7.69413514623867,7,2,137.345712547491
19,86,158.176155289613,71.3809739167083,7,-84.1337140550347,-6.40000000000192,-21.1695428927953,0,2,82.4624203962337
19,87,164.804785810341,123.435703827137,1,-57.5717196930081,-5.60669428934314,10.4143534554097,9,2,38.4329743065723
19,88,109.569783837215,70.7821054675468,6,-48.9902119976279,-5.61107856279105,17.5860731484177,12,1,67.3253670920309
19,89,16.9240001760509,105.754977228009,3,-62.4964977039737,-4.8203878740419,8.9302743589393,8,1,68.9557049855174
19,90,137.123024466058,60.1079580077193,6,-54.6245549887626,-5.60565110325571,13.3615181596552,10,1,90.801113468939
19,91,100.896680904977,147.608354597164,8,-50.128441471297,-6.41361639542703,13.8304571072047,10,2,54.4895027861381
19,92,88.7155888773488,10.5319365105587,5,-55.2847585988864,-7.40848898345223,8.6609082589131,8,1,60.07391162332
19,93,66.6242630074253,184.527864901635,4,-58.9925190773531,-5.60780608877011,8.99355407106461,8,2,93.2520078803698
19,94,86.4480860359844,74.1307162834063,2,-48.9291321144782,-4.81803808103789,21.026772062913,14,1,49.6286655476124
19,95,199.23503433918,164.357006151469,1,-67.5251173650363,-5.6000117226157,0.460955783381455,4,2,56.4133160877253
19,96,64.6627757511352,185.31310461755,4,-56.257014966683,-5.60374765485963,11.7290581817347,9,2,95.2979915855055
19,97,91.7190368014159,113.173828373456,2,-46.5728155170343,-4.8087786911633,21.026772062913,14,2,72.8360322094933
19,98,191.70070340254,33.2745841287972,7,-80.3050724131105,-6.40000000000075,-20.8746153059058,0,2,126.158715016331
19,99,128.490210504483,149.45318133803,8,-56.6898218400908,-6.43984776823547,7.54063526711391,7,2,31.862518023385
19,100,68.2065555418599,48.8302803786749,6,-59.6873325679836,-5.66649343905474,8.29874058043417,8,1,29.750578291713
19.5,1,10.6431380871418,164.172653447005,3,-62.6239994213931,-4.81109287250164,8.80277264151994,8,1,123.030920401165
19.5,2,185.921390639723,39.7901982582832,7,-86.2005368849677,-6.40000000000044,-21.1695428927953,0,2,118.274243626582
19.5,3,148.085029130726,10.2474424248453,6,-64.2089382661316,-5.60960019322851,3.77713488228615,5,1,108.412124660212
19.5,4,57.0024314313016,1.78470853615912,5,-64.0763395313578,-7.40014695924142,-0.130672673558233,3,1,54.0924983421288
19.5,5,57.8984832981287,90.294376474087,2,-47.8335570271807,-4.8326288178866,21.026772062913,14,1,47.310388012003
19.5,6,131.014808696189,23.8012883338954,6,-58.1038357560847,-5.60830616721541,9.88223739233307,8,1,88.3290536632414
19.5,7,46.1156212164298,100.230648965989,2,-55.4253214630687,-4.83118070778862,16.0014505998444,12,1,55.5918743529901
19.5,8,131.660610724964,130.861674853044,8,-52.2902652296517,-6.42967937222939,11.940191877553,9,2,35.4239846489902
19.5,9,198.345635152855,173.268824318551,1,-73.5577857434559,-5.60002842607459,-5.57171259503817,1,2,58.5746414713787
19.5,10,74.9328606341776,96.1268728885245,2,-44.5030739839875,-4.81501284823919,21.026772062913,14,1,57.4594286595109
19.5,11,170.60586936774,37.7954064779946,7,-70.0974867339532,-6.40000000000165,-10.6670296267485,0,2,116.476275094282
19.5,12,134.434205710946,115.103925039527,8,-43.8296513666069,-6.42617290555888,13.8304571072047,10,2,44.8584440155484
19.5,13,85.1384536776254,12.0934054006347,5,-60.2015892323661,-7.43428632784421,3.74407762543348,5,1,56.77914089677
19.5,14,178.876310126734,99.724192860289,7,-65.402304077137,-6.4000000000003,-5.97184696993235,1,2,62.5599558030913
19.5,15,190.557467401446,176.229114200992,1,-70.8644838476554,-5.60001424424857,-2.87841069923764,2,2,53.7133558231844
19.5,16,88.0859505700766,144.613296279624,2,-49.9767383442322,-4.81177380125424,21.026772062913,14,2,66.4425774167597
19.5,17,147.098605540103,86.4607040890464,8,-52.4786321017973,-6.41511091382489,11.7518250054073,9,2,67.8078919792648
19.5,18,79.3973620382537,24.8791645764512,6,-62.4260170533924,-5.60651373086938,5.56005609502532,6,1,45.2494338880078
19.5,19,106.664442149633,54.6531317755312,6,-61.6992780036248,-5.60645808887794,6.28679514479296,7,1,61.5204083166684
19.5,20,42.2642659439046,187.385508287979,4,-57.1461156631245,-5.60698268622241,10.8399574852932,9,2,116.434164327126
19.5,21,77.7026519107917,52.1513543250968,6,-46.9184861172423,-5.63559952751422,17.5860731484177,12,1,36.3911424432183
19.5,22,132.809992911869,36.0816237701285,6,-56.7363542942848,-5.60828357855474,11.249718854133,9,1,87.1978561831655
19.5,23,121.742407345762,194.856433921588,8,-69.3904510243508,-6.40004154009074,-5.15999391714611,1,2,57.9900095428051
19.5,24,198.023823641849,37.4029747767371,7,-88.710500127852,-6.40000000000033,-21.1695428927953,0,2,124.646009668627
19.5,25,105.188331677546,95.3831775473665,8,-50.2190030957142,-6.40979581526443,13.8304571072047,10,2,74.4535621220645
19.5,26,160.247172982235,97.4153648940827,8,-60.5034231954041,-6.42252781175141,3.72703391180059,5,2,58.5012683909529
19.5,27,75.5816049769209,151.901323016186,2,-58.0558571496763,-4.80888551405874,13.3709149132367,10,2,78.0638363586041
19.5,28,157.698926469186,100.149335143029,8,-61.7079599659749,-6.42765812492701,2.52249714122973,5,2,55.6472124680109
19.5,29,161.698509592528,180.088311506171,1,-72.1278850128572,-5.60016724308896,-4.14181186443943,2,2,39.9300840968163
19.5,30,45.2504091388279,4.88605134248429,5,-66.4258573616807,-7.40014688712131,-2.48019050388118,2,1,51.0889124646581
19.5,31,167.855357474403,144.136924865816,1,-67.2466463500464,-5.60102575024188,0.739426798371344,4,2,30.0905207759487
19.5,32,33.2915005327981,89.6571282910469,2,-52.9682035181561,-4.84250423353837,18.458568544757,13,1,49.0317425627321
19.5,33,180.867307849308,18.7303382455596,7,-88.2239989590458,-6.40000000000025,-21.1695428927953,0,1,136.588044901311
19.5,34,129.410694900599,31.3727327258109,6,-54.6705378133846,-5.60927851284328,13.3155353350332,10,1,84.8839416538847
19.5,35,152.577776856266,45.9631140292668,6,-54.3537330324775,-5.60561475894668,13.6323401159403,10,1,105.312614406416
19.5,36,6.73956695336582,16.2934531174897,5,-73.6138771944425,-7.40000630500204,-9.66821033664297,0,1,59.6644481255394
19.5,37,68.152877670063,91.1373237363983,2,-42,-4.82088584286902,21.026772062913,14,1,50.735159129518
19.5,38,50.365807507456,155.753040470437,3,-53.9895946879169,-4.80674343837701,17.4371773749961,12,2,102.529604448158
19.5,39,82.5110599216545,119.29599029237,2,-42,-4.80820115112683,21.026772062913,14,2,77.7800954295167
19.5,40,84.0993317819606,170.052537927096,2,-61.4639413931629,-4.8054805958701,9.96283066975015,8,2,72.7822255011602
19.5,41,185.585633495635,174.098097969353,1,-63.8780121037047,-5.60001145007637,4.10806104471307,5,2,48.9827075305786
19.5,42,133.199901009105,62.0351947349826,6,-46.5528093409096,-5.60761114826822,17.5860731484177,12,1,87.2887131319616
19.5,43,82.3297378963099,46.0220985011601,6,-54.5726439384182,-5.61784096220449,13.4134292099996,10,1,40.1657273403404
19.5,44,43.3305474996755,117.784371992986,2,-60.5667783333415,-4.82047712121668,10.8599937295716,9,1,72.0517361563035
19.5,45,34.926579522824,197.960717136253,4,-63.0484418242797,-5.60753491904107,4.937631324138,6,2,126.863597964667
19.5,46,78.4930796002644,98.7170484968463,2,-48.0394913408379,-4.81420246688526,21.026772062913,14,1,61.1347397095226
19.5,47,176.334156035749,77.00282426966,7,-82.1750479602352,-6.40000000000043,-21.1695428927953,0,2,81.082214071406
19.5,48,111.343936190881,82.4548433887392,8,-45.0345739411823,-6.40997329212257,13.8304571072047,10,2,81.2950764244331
19.5,49,76.8602833523389,153.864386006756,2,-57.315659717628,-4.80770397932077,14.111112345285,11,2,76.9194489742962
19.5,50,124.938687978481,40.4923272252741,6,-53.8639702284778,-5.60913622307278,14.1221029199399,11,1,79.1103836264711
19.5,51,171.915284595027,28.1651737023531,7,-79.0598930878881,-6.40000000000071,-19.6294359806834,0,2,126.001010304913
19.5,52,190.400127366879,175.613733592233,1,-67.8282822869124,-5.60000711429793,0.157790861505379,3,2,53.2961878542349
19.5,53,117.42004962656,141.699535057932,8,-50.3053817329439,-6.42033516822604,13.8304571072047,10,2,41.0195183368882
19.5,54,74.8254863903171,0.042132173406392,5,-59.9507373800856,-7.40005692587131,3.99492947771397,5,1,60.5338197398381
19.5,55,194.14761284952,33.9230494165238,7,-79.9395516816415,-6.40000000000051,-20.5090945744368,0,2,126.392722009892
19.5,56,28.096014128489,7.2766859687792,5,-71.1879238863813,-7.40006392850979,-7.2422570285818,0,1,53.4538694471192
19.5,57,163.057161430183,141.279574812079,1,-64.2711793363461,-5.60224026128931,3.71489381207163,5,2,28.2627896724999
19.5,58,36.2543377133338,53.1042631185508,2,-62.8988443552507,-4.80036955029056,8.52792770766238,8,1,27.4012715253922
19.5,59,82.3099865888023,40.1459461294258,6,-58.5159978982064,-5.61049131843897,9.47007525021133,8,1,41.1495760737916
19.5,60,29.7979012362676,176.607741509729,4,-60.3459161040641,-5.60381875270896,7.64015704435369,7,2,125.334617945142
19.5,61,49.9442743129732,189.224435724987,4,-60.2408392711249,-5.60885215682682,7.74523387729281,7,2,110.008884189874
19.5,62,169.624932700438,145.596625420446,1,-67.1477563878546,-5.6007140081867,0.838316760563164,4,2,30.9318232761116
19.5,63,109.4963081298,115.589866454379,8,-45.104767326463,-6.41400071923116,13.8304571072047,10,2,58.1107248771138
19.5,64,120.905845809239,183.524297129575,8,-58.9856118231748,-6.41151598666922,5.24484528402988,6,2,50.225474672797
19.5,65,166.94676226998,177.712322532043,1,-71.7953055571731,-5.60009344351649,-3.80923240875539,2,2,40.0925874889009
19.5,66,90.769453394501,74.193462193879,6,-50.3795535856343,-5.61650043567397,17.5860731484177,12,1,52.9123987644961
19.5,67,196.811335936476,103.331789589585,7,-91.5387306348335,-6.40000000000173,-21.1695428927953,0,2,70.1532111529357
19.5,68,60.855898319263,135.914984618283,2,-53.9746941862763,-4.81461776325531,17.4520778766367,12,1,89.7300680389691
19.5,69,105.754839162088,41.8135959376295,6,-54.6193350721643,-5.61319026858286,13.3667380762535,10,1,61.0562797872804
19.5,70,23.3597441911778,62.7461406604642,2,-72.5127250532784,-4.8000728179855,-1.08595299036537,3,1,37.7414537517545
19.5,71,140.555813043718,53.7978547069051,6,-53.3800891783739,-5.60622097443663,14.6059839700439,11,1,93.6324141330536
19.5,72,151.38874241181,136.586916146083,8,-57.3466217913415,-6.48210897441479,6.88383531586319,7,2,27.0940846672953
19.5,73,84.1614671254534,147.48966024236,2,-53.220338149692,-4.81075906628788,18.206433913221,13,2,69.9518707167403
19.5,74,102.935764830549,92.3574071506672,8,-49.0495352744239,-6.40849721411232,13.8304571072047,10,2,78.0382005333246
19.5,75,85.2505852590991,189.149788314589,4,-66.2264151487465,-5.60636872204032,1.75965799967124,4,2,79.2303138600769
19.5,76,176.656212917007,176.95720388382,1,-67.4935209010131,-5.60000188810993,0.492552247404648,4,2,44.6037501597193
19.5,77,188.733883660566,93.1403096091676,7,-72.1128263263626,-6.40000000000063,-12.6823692191579,0,2,72.7020504165571
19.5,78,19.5494235200391,114.365763408119,3,-58.7209985845338,-4.81309246079759,12.7057734783793,10,1,74.982925436875
19.5,79,47.9665379767252,61.6351993328339,2,-58.6143494323989,-4.89387767675676,12.8124226305141,10,1,26.3013845893116
19.5,80,106.647644954695,37.8590667256558,6,-55.5547188427676,-5.61739447185019,12.4313543056501,10,1,62.5188606716824
19.5,81,115.54226685793,86.0078642109298,8,-43.2007038890447,-6.41137177254719,13.8304571072047,10,2,76.384414746314
19.5,82,194.630803949766,119.243846480375,1,-69.9084689952589,-5.60002778273081,-1.92239584684115,3,2,59.0770652666936
19.5,83,114.164759968064,132.847243120343,8,-51.1278910628377,-6.41842939770671,13.102566044367,10,2,46.1587640293703
19.5,84,38.0731099590214,118.694143832455,2,-60.3429605485878,-4.81829859237845,11.0838115143253,9,1,73.5757168019698
19.5,85,21.7593314281993,191.865678935123,4,-63.3832665198659,-5.60226067288269,4.60280662855186,6,2,136.93302796784
19.5,86,158.536827670252,71.3568009633447,7,-81.0660918306672,-6.40000000000226,-21.1695428927953,0,2,82.5219981664923
19.5,87,165.081304592342,124.816806855236,1,-59.7990154320734,-5.61956622961721,8.18705771634436,8,2,37.6017149233049
19.5,88,109.510570889259,70.7069306983206,6,-53.8436478391944,-5.60935883398349,14.1424253092233,11,1,67.249795735828
19.5,89,17.1457694126991,104.794030544783,3,-62.7314061914409,-4.81302226367881,8.69536587147219,8,1,68.0737559623836
19.5,90,136.907157605857,60.1772317705122,6,-48.4509255221271,-5.60728168620877,17.5860731484177,12,1,90.601766481896
19.5,91,100.910350136115,147.419944131521,8,-53.2982103931164,-6.41377535630627,10.9322467140882,9,2,54.4857817420593
19.5,92,88.0962632608964,11.6767122182281,5,-59.8263579475963,-7.43346840046818,4.11930891020325,5,1,58.9257979228795
19.5,93,66.0190055243598,184.56512354072,4,-65.4227284485014,-5.61242405665416,2.5633446999163,5,2,93.8072768952534
19.5,94,86.6034280522695,74.4910910797487,2,-45.0320077750058,-4.81642522626474,21.026772062913,14,1,49.9186787430739
19.5,95,198.887322675172,164.971818237657,1,-76.6020035295892,-5.6000246782678,-8.61593038117142,0,2,56.270557662847
19.5,96,63.8021245870166,185.082461657983,4,-64.3553789689777,-5.61187703685307,3.63069417944005,5,2,95.984909447767
19.5,97,92.18697444446,112.929999034563,2,-45.6858228118909,-4.80959407136814,21.026772062913,14,2,72.5863685237317
19.5,98,191.95342248771,33.4412320546994,7,-79.478922268081,-6.40000000000059,-20.0484651608763,0,2,126.088405665861
19.5,99,129.342098625475,148.557251683007,8,-48.0472268035313,-6.45063768646235,13.8304571072047,10,2,31.3222031777106
19.5,100,68.9750196121951,49.5634826386778,6,-53.5734555218369,-5.65705850611484,14.4126176265809,11,1,30.2074811377897
20,1,10.133418471042,163.614055153836,3,-61.7373564348023,-4.80955233572277,9.68941562811076,8,1,122.677413778185
20,2,185.908287579469,40.2058669209487,7,-74.1993631725113,-6.40000000000045,-14.7689060653067,0,2,117.88302157423
20,3,147.964055945821,9.25770842545062,6,-68.6984405838423,-5.60529293757898,-0.712367435424594,3,1,108.669869697638
20,4,57.0813458037478,1.99717383808283,5,-64.4452252550811,-7.40014338483541,-0.499558397281512,3,1,53.9135120162237
20,5,58.5555651404065,89.9926434916114,2,-48.6099200359819,-4.82871282687925,21.026772062913,14,1,47.1684134598447
20,6,132.161557479534,23.8197930449898,6,-60.4600403540279,-5.60303269379199,7.5260327943899,7,1,89.3765895728287
20,7,44.9674721861601,101.151060923639,2,-50.157713009233,-4.83119093587878,21.026772062913,14,1,56.5155498054373
20,8,131.910118712945,130.412367408073,8,-46.4265318757803,-6.43219581077518,13.8304571072047,10,2,35.5410910853349
20,9,197.985990620867,173.887618926243,1,-71.3749707537397,-5.60002875068515,-3.38889760532191,2,2,58.5279730883564
20,10,74.6598393557659,96.1428221102342,2,-46.1370381980807,-4.81710375615752,21.026772062913,14,1,57.3543172686146
20,11,171.532249076088,36.928311141433,7,-85.6200345830715,-6.40000000000156,-21.1695428927953,0,2,117.478059958459
20,12,133.208254871422,114.746036593412,8,-49.4089524151425,-6.42080459654554,13.8304571072047,10,2,45.5747149232575
20,13,84.9853867034613,11.885886817091,5,-58.3847640285364,-7.40987737054684,5.56090282926316,6,1,56.8235242352173
20,14,178.959247163372,99.8775446987692,7,-76.06746627843,-6.400000000001,-16.6370091712254,0,2,62.4751832465751
20,15,190.982966322689,175.743907237608,1,-71.2724419239735,-5.60003232315569,-3.28636877555575,2,2,53.8015082359711
20,16,87.7371846199947,144.057606619409,2,-48.1328237803343,-4.81224321146189,21.026772062913,14,2,66.814820347991
20,17,147.559703239339,85.9971080750403,8,-58.8891951471355,-6.42169777625242,5.34126196006914,6,2,68.2244474000205
20,18,79.5493484154128,24.7470958061539,6,-58.9510171165716,-5.63864506169767,9.03505603184619,8,1,45.4216155811199
20,19,105.843729058729,54.2197018235501,6,-48.0364938575055,-5.61476732447931,17.5860731484177,12,1,60.7336641300725
20,20,42.0070930408815,186.634645686073,4,-60.813075324548,-5.60645198737655,7.17299782386975,7,2,116.433737456224
20,21,77.2069390811755,51.7190226032054,6,-50.9531494706571,-5.63239388012639,17.0329236777606,12,1,35.9919792853509
20,22,132.450681662818,35.8525440244057,6,-55.6154161481464,-5.60952367674592,12.3706570002714,10,1,86.8937018272598
20,23,121.710698519049,193.68744163104,8,-59.8588469578681,-6.40000603993077,4.37161014933653,6,2,57.1062792917348
20,24,199.212572476356,37.6021638624584,7,-88.9602899742546,-6.40000000000027,-21.1695428927953,0,2,124.929583598691
20,25,105.268470904396,95.6503413808621,8,-43.2888848306627,-6.40955479398199,13.8304571072047,10,2,74.2094676388919
20,26,160.877171007197,96.6264239382557,8,-57.167103057534,-6.42472561855204,7.06335404967068,7,2,59.3237007505315
20,27,76.5225669931395,151.8138782902,2,-61.0271708666212,-4.80743437039401,10.3996011962918,9,2,77.1652338539146
20,28,158.001334599804,100.707950203329,8,-53.8467143640627,-6.42897647270056,10.383742743142,9,2,55.1903753251917
20,29,162.238796419917,179.986058199126,1,-65.143265690018,-5.6000078373852,2.84280745839976,5,2,40.0150199816208
20,30,44.5844033677212,3.84761448426423,5,-66.9252977523887,-7.40012081032377,-2.97963089458912,2,1,52.0732308933933
20,31,169.136442288009,144.188671769876,1,-65.5336458070319,-5.60076293396185,2.45242734138586,5,2,30.8581425111835
20,32,32.9597824129204,89.9594503110942,2,-62.8977946456304,-4.82124687000374,8.5289774172826,8,1,49.3900464120031
20,33,181.842271400976,19.4951548711892,7,-92.7287772414606,-6.40000000000079,-21.1695428927953,0,2,136.373365618321
20,34,129.375165575221,30.2234967342806,6,-58.4379694355697,-5.60805584874158,9.54810371284802,8,1,85.1103812205814
20,35,151.900816571992,44.6989656779374,6,-59.5448160689123,-5.60487422481705,8.44125707950549,8,1,104.709729170323
20,36,6.31512592013369,16.7371785353634,5,-66.4705354736498,-7.40001769325957,-2.52486861585029,2,1,59.724647467876
20,37,67.9605412111322,91.3265898279843,2,-44.6314368228469,-4.81925379672158,21.026772062913,14,1,50.8204493034766
20,38,50.8510812445716,155.985296960125,3,-61.5394727392292,-4.80517060260954,9.88729932368387,8,2,102.071454726929
20,39,82.9491888692084,119.062629889032,2,-45.0777974033942,-4.808163538419,21.026772062913,14,2,77.4931102916905
20,40,84.5068723523802,169.821413532238,2,-59.3833268898601,-4.80973610805533,12.043445173053,9,2,72.3497629815289
20,41,184.737729583613,173.46923681854,1,-70.8745866282372,-5.60003039157282,-2.88851347981946,2,2,48.0600138729587
20,42,133.263353755217,63.0814619019906,6,-57.0399616964325,-5.60531690841321,10.9461114519852,9,1,87.4994898502826
20,43,82.6209169416475,46.2698212782613,6,-55.1710051548642,-5.61004986137263,12.8150679935535,10,1,40.3768306756483
20,44,43.5940862518378,117.255726129463,2,-52.1407860010946,-4.82298254827875,19.2859860618185,13,1,71.5305419254618
20,45,34.1765161033962,198.585106618441,4,-65.2756845860688,-5.60404369047838,2.71038856234896,5,2,127.780444540908
20,46,78.5828660833615,97.7698058178467,2,-50.6166177175502,-4.8142109834163,20.8101543453629,14,1,60.4250327382134
20,47,176.429201757119,77.1825406420365,7,-62.6791566593389,-6.40000000000149,-3.2486995521342,2,2,80.9514366325094
20,48,110.523460916486,81.7939530017579,8,-44.5101602110969,-6.40998630234766,13.8304571072047,10,2,82.2357099144809
20,49,77.0255246506498,153.407219361479,2,-61.3938762559343,-4.80898773871892,10.0328958069788,8,2,76.7406880102737
20,50,124.975630327496,41.1555914208945,6,-54.9987278913483,-5.61062017705435,12.9873452570694,10,1,79.0684431750082
20,51,172.555795320776,27.9163592905779,7,-87.0253051626332,-6.40000000000166,-21.1695428927953,0,2,126.35437954982
20,52,190.868833148905,174.849101875065,1,-70.7638452407753,-5.60003299119758,-2.77777209235758,2,2,53.2915508026403
20,53,117.981123460669,140.804807647271,8,-50.7024734759685,-6.40459621124438,13.5279836312361,10,2,40.7677570789052
20,54,73.3802911516672,0.318391571642861,5,-64.5957523184549,-7.40007605242089,-0.650085460655341,3,1,59.725624570743
20,55,192.977135419424,33.1020899691174,7,-91.0414325922471,-6.40000000000097,-21.1695428927953,0,2,126.745435966933
20,56,27.698899863541,7.25341813645478,5,-70.5531668650622,-7.40006098315788,-6.60750000726261,1,1,53.6363619973721
20,57,163.769917996212,142.30129340022,1,-58.1860354399383,-5.6002987147978,9.8000377084795,8,2,28.304252771128
20,58,37.1984420456206,52.0572573057539,2,-59.0871327055823,-4.80099024744357,12.3396393573307,10,1,26.8395639622072
20,59,83.0795893075915,40.4062942748695,6,-55.2668303284607,-5.61475199680625,12.719242819957,10,1,41.6959040949986
20,60,29.365721900393,176.963565612967,4,-60.431949434666,-5.60310945499824,7.55412371375178,7,2,125.824929656957
20,61,51.2958127275498,189.845018328096,4,-61.4495393382537,-5.60566759529429,6.53653381016409,7,2,109.00638545829
20,62,169.633331378435,145.529219143679,1,-66.3059780427611,-5.60073029698582,1.68009510565661,4,2,30.9468186164697
20,63,109.745824366522,116.651519178707,8,-48.5163206938077,-6.41415437323366,13.8304571072047,10,2,57.3129115384928
20,64,120.536970031814,183.96103776531,8,-68.026146615399,-6.41881897863602,-3.7956895081943,2,2,50.7313731432832
20,65,166.739274574041,177.298008123845,1,-69.2660594918387,-5.60000488074582,-1.27998634342095,3,2,39.7194481431282
20,66,91.0182441581499,73.4618885696118,6,-53.3754071338584,-5.61659015233202,14.6106660145593,11,1,52.7750563151805
20,67,196.380435387351,104.0829680733,7,-90.6266021783431,-6.40000000000073,-21.1695428927953,0,2,69.3669129173115
20,68,61.372262093439,134.848823157181,2,-56.3916160181034,-4.81446615224791,15.0351560448097,11,1,88.7744396562454
20,69,107.070962191666,41.1380633131416,6,-54.3214268117249,-5.61607363158719,13.6646463366929,10,1,62.3528559676655
20,70,23.3660894704223,62.6291393247306,2,-60.8318608135497,-4.80001172269573,10.5949112493633,9,1,37.6976173011108
20,71,140.644285657546,52.9145210392686,6,-50.6402575291149,-5.60675565997826,17.3458156193028,12,1,93.6863434832156
20,72,151.496419181581,136.6959889305,8,-59.5525322947598,-6.4557822419336,4.67792481244491,6,2,27.0459975024842
20,73,84.2955684278219,147.699103132384,2,-49.9974745475527,-4.81111693605267,21.026772062913,14,2,69.8184535392932
20,74,102.878587468998,92.3536153370974,8,-46.4678623007343,-6.40894359853813,13.8304571072047,10,2,78.0754966914731
20,75,84.3574565987108,190.238618775089,4,-57.5598094482293,-5.60508754827008,10.4262637001884,9,2,80.5005586633851
20,76,177.244405316359,177.763750318045,1,-64.6721392485222,-5.60000055042297,3.31393389989551,5,2,45.445939893073
20,77,187.423870132725,93.7518470666871,7,-82.2088296827533,-6.40000000000125,-21.1695428927953,0,2,71.5307679542199
20,78,18.8169178653473,114.430556184991,3,-61.2315620454984,-4.81567291204888,10.1952100174147,8,1,75.3387760832616
20,79,48.5861694814744,61.3071619873984,2,-56.5591996850448,-4.86491803917292,14.8675723778682,11,1,26.1170601129679
20,80,106.661368010398,37.8998380466395,6,-55.0216899375177,-5.61770376227058,12.9643832109,10,1,62.5233919753825
20,81,115.508283162451,86.1751275335143,8,-42,-6.41160782835918,13.8304571072047,10,2,76.2597067642199
20,82,194.345208415179,119.143605895546,1,-66.3514763079967,-5.60003557741087,1.63459684042104,4,2,58.9140438818714
20,83,113.82458658399,131.650886832698,8,-49.4127019854876,-6.41734366567488,13.8304571072047,10,2,46.8785717556078
20,84,37.8989378861602,118.574371650286,2,-57.5611987464032,-4.81976347725624,13.8655733165099,10,1,73.4923815882613
20,85,22.5433972924947,192.936595230012,4,-63.3278255025731,-5.60571673675173,4.65824764584464,6,2,136.531999119931
20,86,158.897500050891,71.3326280099811,7,-72.5308071568986,-6.40000000000243,-13.1003500496939,0,2,82.5831152413834
20,87,165.357823374343,126.197909883335,1,-53.4405483499928,-5.60393507509733,14.5455247984249,11,2,36.8056005618627
20,88,109.451357941304,70.6317559290944,6,-47.2658303881424,-5.61153211976834,17.5860731484177,12,1,67.1742756848389
20,89,17.3675386493474,103.833083861557,3,-61.5926598022172,-4.8132812677048,9.8341122606958,8,1,67.1947055343444
20,90,136.691290745656,60.2465055333051,6,-52.5986345983232,-5.60636588325735,15.3874385500946,11,1,90.4025484529722
20,91,100.924019367253,147.231533665877,8,-50.2849621120793,-6.4112565277731,13.8304571072047,10,2,54.4827154325936
20,92,87.4769376444441,12.8214879258975,5,-57.1314988896049,-7.40875109327242,6.81416796819467,7,1,57.7841900111937
20,93,65.4137480412942,184.602382179805,4,-63.6514661105739,-5.60991812353535,4.33460703784383,6,2,94.3631754072473
20,94,86.7587700685546,74.8514658760911,2,-49.6886960051974,-4.81210583025406,21.026772062913,14,1,50.210083978653
20,95,198.539611011163,165.586630323845,1,-65.0647795564475,-5.60001324869261,2.92129359197026,5,2,56.1363240867017
20,96,62.941473422898,184.851818698415,4,-63.3704581361633,-5.60700235094146,4.61561501225443,6,2,96.6751587346159
20,97,92.654912087504,112.686169695671,2,-44.4142728382805,-4.80940015770224,21.026772062913,14,2,72.3396920070316
20,98,192.206141572881,33.6078799806017,7,-89.4699433943151,-6.40000000000102,-21.1695428927953,0,2,126.018784270759
20,99,130.193986746467,147.661322027985,8,-60.352481732931,-6.45245267590277,3.87797537427369,5,2,30.8220306867653
20,100,69.7434836825302,50.2966848986807,6,-54.016842463011,-5.64647607387582,13.9692306854067,10,1,30.6943507807453
20.5,1,9.22470153145816,164.510158796434,3,-60.5555644891151,-4.81425415087693,10.8712075737979,9,1,123.804084879229
20.5,2,186.253921736038,40.2011289948355,7,-80.2406677896088,-6.4000000000004,-20.8102106824041,0,2,117.993173172229
20.5,3,147.989478295735,8.39540268342072,6,-63.3822654262687,-5.60918510161342,4.60380772214906,6,1,109.018945025831
20.5,4,57.8423162485921,1.9175563428986,5,-64.2369729740369,-7.40014512560166,-0.29130611623736,3,1,54.0894935470953
20.5,5,58.4260051834753,89.7135503240682,2,-43.7197234013882,-4.8335824668302,21.026772062913,14,1,46.9085668369249
20.5,6,132.117567177011,23.9267919369673,6,-61.6313372589122,-5.6098689973391,6.35473588950552,7,1,89.3048543908403
20.5,7,45.2266359879018,100.345015197965,2,-44.935042653809,-4.83242014271074,21.026772062913,14,1,55.764285696809
20.5,8,132.102942564417,129.217497395968,8,-45.2651760890297,-6.43278820825893,13.8304571072047,10,2,36.1174068745135
20.5,9,197.410320592605,173.244634282584,1,-73.2654161047307,-5.6000333004946,-5.279342956313,1,2,57.7953416948521
20.5,10,74.1052468091245,96.3659109725324,2,-49.0667112389116,-4.81576122698801,21.026772062913,14,1,57.298434743382
20.5,11,172.443376428198,36.9264410665067,7,-87.6975578195065,-6.40000000000073,-21.1695428927953,0,2,117.650265088456
20.5,12,133.111202595817,114.531588251824,8,-52.2976941290948,-6.42813837754276,11.9327629781099,9,2,45.7765191959554
20.5,13,84.9236940797821,10.7924358571822,5,-68.2821207982151,-7.41899829273512,-4.3364539404156,2,1,57.5251900839222
20.5,14,178.821868143746,98.7754154801625,7,-71.4676911247492,-6.40000000000076,-12.0372340175445,0,2,63.3001433057262
20.5,15,190.894896558004,175.664477472734,1,-64.4478514557808,-5.60003374806325,3.53822169263696,5,2,53.6964427912905
20.5,16,87.6611443093853,144.474779935819,2,-47.7441262213174,-4.8121922103821,21.026772062913,14,2,66.8499138785751
20.5,17,147.011523989213,86.1183211050723,8,-50.1645772162291,-6.42017712628998,13.8304571072047,10,2,68.1325904931091
20.5,18,80.2136909148935,23.7128535831014,6,-57.6525120235002,-5.60202224700437,10.3335611249175,9,1,46.4341596827614
20.5,19,105.719109368763,53.8236023701896,6,-48.837996892292,-5.61138101121544,17.5860731484177,12,1,60.5928137977884
20.5,20,42.1517086960393,186.431442149132,4,-61.3200733711449,-5.60343929855594,6.66599977727285,7,2,116.235768652552
20.5,21,77.1740468181292,51.6855448987732,6,-53.5484813317401,-5.63567973041851,14.4375918166777,11,1,35.9655374223667
20.5,22,133.049366166727,35.4087944802106,6,-55.2935621684245,-5.60726598339265,12.6925109799932,10,1,87.5348530541737
20.5,23,121.707440037188,193.68830389211,8,-65.154876387059,-6.40000802011046,-0.924419279854335,3,2,57.1085531791753
20.5,24,199.005032788296,37.033291344681,7,-83.0434223019534,-6.40000000000082,-21.1695428927953,0,2,125.360362567271
20.5,25,105.316817281458,95.640234580801,8,-55.5121463357695,-6.40943628884284,8.7183107714352,8,2,74.1877409973438
20.5,26,161.085843078778,96.135929470337,8,-46.7273390689318,-6.4310044210612,13.8304571072047,10,2,59.8037123495842
20.5,27,75.9533731644045,152.266859536926,2,-54.4944386049963,-4.80850718228022,16.9323334579167,12,2,77.7193129015567
20.5,28,157.575543198835,100.978090592488,8,-47.5264503251707,-6.43397097736207,13.8304571072047,10,2,54.8888554873917
20.5,29,161.987393071643,180.360065543824,1,-78.6647845216292,-5.60004113762571,-10.6787113732115,0,2,40.2204074131453
20.5,30,45.0255108327076,4.02227000930166,5,-61.7433232707887,-7.40013744604664,2.20234358701084,4,1,51.8743404543428
20.5,31,169.202312567788,143.323905332471,1,-60.2204038551304,-5.60016700310063,7.76566929328735,7,2,31.0732851169751
20.5,32,32.8188559867311,89.9773476505234,2,-52.3725973178979,-4.83331862799576,19.0541747450152,13,1,49.4533116664142
20.5,33,181.526370901647,18.2889381855514,7,-94.5868168461222,-6.40000000000062,-21.1695428927953,0,1,137.320893107922
20.5,34,129.487493864936,31.6316828335677,6,-57.6171922633451,-5.60816644481985,10.3688808850726,9,1,84.8993919675218
20.5,35,150.501202738325,44.390044660761,6,-55.3899891624686,-5.60607029142692,12.5960839859492,10,1,103.364468511951
20.5,36,6.25270464586016,16.6866457814889,5,-63.0049703718982,-7.40001797312907,0.940696485901333,4,1,59.7984566698032
20.5,37,67.7869864490049,91.4128986973718,2,-48.3888018655038,-4.82407389056643,21.026772062913,14,1,50.8296671782913
20.5,38,51.2860004919839,156.060189881534,3,-59.7999061088603,-4.80447834843414,11.6268659540527,9,2,101.653478052986
20.5,39,81.8192007343592,118.762531013572,2,-54.6987268707398,-4.80785664549609,16.7280451921732,12,2,78.5916716782362
20.5,40,84.5411841549166,169.763273573044,2,-55.7257688225378,-4.81200905996701,15.7010032403752,12,2,72.3027907771446
20.5,41,184.577608223665,172.984841844258,1,-66.1633580282659,-5.60003595391864,1.82271512015186,4,2,47.7091599703332
20.5,42,133.18966273887,63.1631541183253,6,-55.8689416854418,-5.60766961025745,12.1171314629759,9,1,87.4416297477909
20.5,43,82.7371679357727,46.5451040744599,6,-55.3010266912806,-5.63017252230136,12.6850464571372,10,1,40.4463653535308
20.5,44,43.2211204467043,117.113259330588,2,-62.8299410315071,-4.82083489812341,8.59683103140592,8,1,71.4310351736053
20.5,45,34.3997726727319,198.528018525862,4,-68.2545916025559,-5.6082094082045,-0.268518454138186,3,2,127.556384160741
20.5,46,78.6993048028274,98.0272093027612,2,-49.1577567655702,-4.81600228937289,21.026772062913,14,1,60.6837122264025
20.5,47,176.294488826821,76.5334551690377,7,-87.6416804048072,-6.4000000000015,-21.1695428927953,0,2,81.4922287832627
20.5,48,110.635766617069,81.5898740180585,8,-47.4492014532581,-6.40999839064555,13.8304571072047,10,2,82.3513096841269
20.5,49,78.3809131741191,153.898920973225,2,-56.6212956081281,-4.8091978705656,14.805476454785,11,2,75.4767857193755
20.5,50,125.922010316853,40.3129138053073,6,-52.6792772603999,-5.61002278487159,15.3067958880178,11,1,80.0639824733676
20.5,51,172.896128048774,28.822011237507,7,-87.9485783876659,-6.40000000000122,-21.1695428927953,0,2,125.541179061489
20.5,52,190.823210096902,174.310277514388,1,-66.3054259732316,-5.60003747448745,1.68064717518611,4,2,53.0073020954886
20.5,53,117.817310589652,141.077517880104,8,-50.6505508966771,-6.41800897840699,13.5799062105275,10,2,40.8360892454551
20.5,54,73.4861686726293,0.650375766375095,5,-69.6157608917055,-7.40008425864821,-5.67009403390593,1,1,59.491474438941
20.5,55,191.727614715746,33.497796459837,7,-72.100023048222,-6.40000000000055,-12.6695659410173,0,2,125.961133924633
20.5,56,28.1586533839889,7.40183362320381,5,-62.9507920393715,-7.40006284423835,0.994874818428022,4,1,53.3282120520269
20.5,57,163.926720302907,142.833799450212,1,-57.8781840754544,-5.60015211514,10.1078890729634,8,2,28.2410688309627
20.5,58,36.1673304339176,52.7718052445666,2,-60.206668734537,-4.80013067050866,11.220103328376,9,1,27.4094080862435
20.5,59,83.302596000345,39.5428293176153,6,-56.4871093307267,-5.63823443172903,11.4989638176911,9,1,42.0792742219102
20.5,60,29.4391908528307,176.049490784227,4,-65.0921255543063,-5.60452197876684,2.89394759411148,5,2,125.561676766192
20.5,61,51.9960234723319,189.272825570264,4,-59.3018879249289,-5.60533450576373,8.68418522348883,8,2,108.163691891078
20.5,62,169.198506983083,144.764691283421,1,-57.7481940843808,-5.60011339257072,10.2378790640369,8,2,30.7935241201353
20.5,63,110.114538758313,116.083883144787,8,-47.0963912455093,-6.41258626109608,13.8304571072047,10,2,57.3881782338366
20.5,64,120.962875910004,183.106243462463,8,-61.153799652783,-6.40806530039787,3.07665745442169,5,2,49.9142057095342
20.5,65,167.398451657087,175.95691249946,1,-71.3121263336054,-5.60001799753945,-3.32605318518763,2,2,39.0988161786082
20.5,66,89.9054840714348,73.1113829170032,6,-49.9566838977735,-5.61625000452816,17.5860731484177,12,1,51.7574504715204
20.5,67,195.661332197093,103.7192572384,7,-84.5568729319086,-6.40000000000028,-21.1695428927953,0,2,69.1311392107689
20.5,68,61.3715871296751,135.242942893844,2,-57.6035013093509,-4.81172680380316,13.8232707535621,10,1,89.151120615789
20.5,69,106.519817531893,41.3192058917424,6,-50.641096943039,-5.61293481859051,17.3449762053788,12,1,61.8231021559774
20.5,70,23.3543359014691,62.6127314840563,2,-72.7302928878923,-4.80020263032767,-1.30352082497922,3,1,37.7004298482212
20.5,71,141.432601902535,53.3642435008294,6,-54.0244676400938,-5.60645598826105,13.9616055083239,10,1,94.4642198136437
20.5,72,152.052306343959,136.719977399977,8,-57.4298467869507,-6.51651997082911,6.80061032025398,7,2,27.0706660720893
20.5,73,84.2976869993811,147.65880904765,2,-51.5682429444696,-4.81012766370205,19.8585291184435,14,2,69.8177993688333
20.5,74,103.074076157035,91.7467344842418,8,-53.5035363414921,-6.40906741637905,10.7269207657125,9,2,78.4074949973867
20.5,75,85.3031808874505,190.742583290048,4,-62.1294440197776,-5.60366927034441,5.85662912864011,6,2,79.9867895119468
20.5,76,177.854597906185,177.658009903234,1,-70.5849917739942,-5.60000194730566,-2.59891862557644,2,2,45.7503457508529
20.5,77,187.859640474218,93.5127227291935,7,-76.4542611559923,-6.40000000000112,-17.0238040487876,0,2,71.9473062060423
20.5,78,19.0448157519847,115.235818486242,3,-57.9785592902085,-4.80769683065985,13.4482127727045,10,1,75.935403109475
20.5,79,49.720582509913,61.438493848417,2,-60.8198885013706,-4.91206072189498,10.6068835615424,9,1,26.1374676595503
20.5,80,106.625813585577,37.247797045782,6,-55.391612225163,-5.61239851101004,12.5944609232548,10,1,62.6206950170154
20.5,81,115.523252998583,85.9348795554187,8,-47.4834575546949,-6.41142321951419,13.8304571072047,10,2,76.4541414272533
20.5,82,193.981637507622,119.003220146869,1,-69.6177585200446,-5.60007235828438,-1.63168537162687,3,2,58.7148601217389
20.5,83,113.581636913452,130.408331448708,8,-52.5832367417203,-6.41646962119409,11.6472203654844,9,2,47.5644893437038
20.5,84,37.8957019448288,117.55719634984,2,-59.9703405311946,-4.81815851909425,11.4564315317185,9,1,72.5447366116887
20.5,85,21.3012663460841,192.749112043568,4,-65.268650564182,-5.6057157102292,2.71742258423574,5,2,137.6339370382
20.5,86,158.818050081906,72.2580800536799,7,-80.724217586862,-6.40000000000192,-21.1695428927953,0,2,81.6934154273589
20.5,87,163.924963603256,125.789484674725,1,-56.9288880525688,-5.60489256521096,11.057185095849,9,2,36.5007351113287
20.5,88,109.629980217757,70.6404410704171,6,-48.6315248427521,-5.60862611935353,17.5860731484177,12,1,67.3350751714989
20.5,89,17.0775181449982,103.634338667246,3,-61.2870006954465,-4.80477137918131,10.1397713674665,8,1,67.1772438833696
20.5,90,135.85073519347,60.1832401386665,6,-57.487259453069,-5.60744944155876,10.4988136953487,9,1,89.58960382199
20.5,91,100.858964390581,146.679598320038,8,-47.1003837145008,-6.41553104025949,13.8304571072047,10,2,54.5721215281438
20.5,92,87.5119082542172,12.8525965729644,5,-63.4725414997548,-7.40935442240337,0.473125358044788,4,1,57.786874307612
20.5,93,66.2548476723176,184.810080196737,4,-56.929995705215,-5.60860028475817,11.0560774432028,9,2,93.6869373055282
20.5,94,86.0822802316649,75.8224325409103,2,-42.3915260945023,-4.81806720847745,21.026772062913,14,1,50.2093514103325
20.5,95,198.295312851642,165.750847429559,1,-75.5838704009777,-5.6000301643224,-7.59779725255995,0,2,55.971210797938
20.5,96,62.3349593441801,184.221075734823,4,-55.829856482984,-5.61038556789141,12.1562166654338,9,2,96.9973781998002
20.5,97,92.5564911331645,113.049130266525,2,-49.6708946360681,-4.80889695508348,21.026772062913,14,2,72.2313885024681
20.5,98,192.426668233092,32.3940787649966,7,-72.1018098675707,-6.40000000000055,-12.6713527603661,0,2,127.214090756074
20.5,99,129.292410712481,148.390887924365,8,-65.7626919884393,-6.45066607731873,-1.53223488123463,3,2,31.3630912980933
20.5,100,69.7744091731551,49.1182702013723,6,-54.6850576814567,-5.64017153848468,13.3010154669611,10,1,30.7254732361464
21,1,8.31598459187426,165.406262439033,3,-56.0151529396048,-4.81219050916079,15.4116191233083,11,1,124.933632584232
21,2,186.599555892606,40.1963910687223,7,-81.9868450056467,-6.40000000000115,-21.1695428927953,0,2,118.104233733889
21,3,148.014900645649,7.53309694139082,6,-58.7771020949037,-5.60798397739666,9.20897105351402,8,1,109.373710753388
21,4,58.6032866934365,1.83793884771438,5,-62.8997294050082,-7.40014330467023,1.04593745279134,4,1,54.2756913946378
21,5,58.2964452265441,89.434457156525,2,-49.5887663179683,-4.83416078676014,21.026772062913,14,1,46.6493024023602
21,6,132.073576874489,24.0337908289447,6,-58.6106578297283,-5.60782507733091,9.37541531868948,8,1,89.233211528487
21,7,45.4857997896435,99.5389694722916,2,-53.7495465129089,-4.81822781874368,17.6772255500042,13,1,55.0157931862826
21,8,132.29576641589,128.022627383862,8,-49.0851209225014,-6.43288299582522,13.8304571072047,10,2,36.7245802414308
21,9,196.834650564343,172.601649638925,1,-77.6762481995606,-5.60003483321142,-9.69017505114288,0,2,57.0663566375574
21,10,73.550654262483,96.5889998348305,2,-44.0005056619596,-4.81844856944576,21.026772062913,14,1,57.2487399145243
21,11,173.354503780308,36.9245709915805,7,-69.7615234338833,-6.40000000000055,-10.3310663266786,0,2,117.829264159047
21,12,133.014150320212,114.317139910236,8,-49.2882577673664,-6.42631766560484,13.8304571072047,10,2,45.978642797825
21,13,84.8620014561029,9.69898489727342,5,-68.5363232619809,-7.41676778149908,-4.59065640418133,2,1,58.2389986506938
21,14,178.684489124121,97.6732862615558,7,-74.0675448063979,-6.40000000000045,-14.6370876991933,0,2,64.1337265951144
21,15,190.806826793319,175.585047707859,1,-75.1062065060662,-5.60003316094444,-7.12013335764845,0,2,53.5914338225187
21,16,87.5851039987758,144.89195325223,2,-51.7538818922227,-4.80959314516355,19.6728901706903,14,2,66.8876773734971
21,17,146.463344739086,86.2395341351043,8,-58.6729412508832,-6.41598021707171,5.55751585632146,6,2,68.0452418449893
21,18,80.8780334143741,22.6786113600489,6,-66.8088066661204,-5.60729831977577,1.17726648229734,4,1,47.4569407437358
21,19,105.594489678796,53.427502916829,6,-51.0978253779314,-5.61254796020577,16.8882477704864,12,1,60.4544875000246
21,20,42.2963243511971,186.228238612192,4,-57.2259535637091,-5.60202297709266,10.7601195847087,9,2,116.037998178202
21,21,77.1411545550829,51.652067194341,6,-56.2397271958642,-5.62793661587857,11.7463459525536,9,1,35.9391373936203
21,22,133.648050670635,34.9650449360155,6,-54.8907145726069,-5.6093085056282,13.0953585758108,10,1,88.1776403334383
21,23,121.704181555327,193.689166153181,8,-67.5896868398877,-6.40009463038404,-3.35922973268305,2,2,57.1108271750126
21,24,198.797493100236,36.4644188269037,7,-86.5040903762145,-6.40000000000069,-21.1695428927953,0,2,125.792581359873
21,25,105.36516365852,95.63012778074,8,-45.0687857736266,-6.40662334998255,13.8304571072047,10,2,74.1660408837451
21,26,161.294515150359,95.6454350024183,8,-57.075479278332,-6.42855127894381,7.15497782887264,7,2,60.2846150237192
21,27,75.3841793356696,152.719840783653,2,-52.1268037921378,-4.80844162382988,19.2999682707753,13,2,78.2762302828895
21,28,157.149751797865,101.248230981646,8,-58.1845845344891,-6.4278935174184,6.04587257271555,7,2,54.5903282018894
21,29,161.73598972337,180.734072888523,1,-62.8087595300339,-5.60004149772145,5.17731361838382,6,2,40.4297748089709
21,30,45.4666182976941,4.19692553433908,5,-60.1658907496065,-7.4001727112377,3.77977610819301,5,1,51.679040046867
21,31,169.268182847567,142.459138895065,1,-61.0733928783889,-5.60024502827366,6.91268027002889,7,2,31.3109798066299
21,32,32.6779295605418,89.9952449899526,2,-57.4542320791937,-4.80778499523127,13.9725399837194,10,1,49.5169036402306
21,33,181.210470402319,17.0827214999137,7,-82.3648303650727,-6.40000000000041,-21.1695428927953,0,1,137.302530082479
21,34,129.599822154651,33.0398689328548,6,-55.6317335792567,-5.61007487322788,12.3543395691611,10,1,84.7114380285619
21,35,149.101588904658,44.0811236435845,6,-54.7143444280038,-5.60658095502836,13.2717287204139,10,1,102.021605656598
21,36,6.19028337158664,16.6361130276144,5,-67.7878840124738,-7.40002053191006,-3.84221715467423,2,1,59.8722826103031
21,37,67.6134316868776,91.4992075667594,2,-45.9717851900256,-4.82312916016333,21.026772062913,14,1,50.8396223870446
21,38,51.7209197393962,156.135082802944,3,-57.9686137167793,-4.8059702761104,13.4581583461337,10,2,101.235699522793
21,39,80.6892125995101,118.462432138111,2,-52.2132903314228,-4.81098858528651,19.2134817314902,13,1,78.6204959552114
21,40,84.5754959574529,169.70513361385,2,-54.2540603001813,-4.81576218103507,17.1727117627317,12,2,72.2558511122315
21,41,184.417486863717,172.500446869976,1,-70.5423388226711,-5.60003787814347,-2.55626567425336,2,2,47.3612025962469
21,42,133.115971722523,63.2448463346599,6,-53.5506128704498,-5.60749193651897,14.435460277968,11,1,87.3838698491203
21,43,82.8534189298979,46.8203868706585,6,-55.0414145995103,-5.6199418064601,12.9446585489075,10,1,40.5179845875341
21,44,42.8481546415707,116.970792531713,2,-55.9684676191882,-4.81932142434197,15.4583044437248,11,1,71.333624219975
21,45,34.6230292420677,198.470930433284,4,-64.479310739197,-5.60654585998915,3.50676240922076,5,2,127.332346551632
21,46,78.8157435222933,98.2846127876758,2,-45.2214618091108,-4.81561489577392,21.026772062913,14,1,60.9426033805446
21,47,176.159775896523,75.8843696960388,7,-63.4279109936202,-6.40000000000038,-3.99745388641555,2,2,82.0348129168939
21,48,110.748072317652,81.3857950343591,8,-50.2737805381987,-6.4098986037565,13.8304571072047,10,2,82.4674053784114
21,49,79.7363016975884,154.390622584971,2,-56.6890705147476,-4.80946238842549,14.7377015481655,11,2,74.2193698829084
21,50,126.86839030621,39.4702361897201,6,-55.0285711213181,-5.61019949387397,12.9575020270996,10,1,81.0671040198677
21,51,173.236460776772,29.7276631844361,7,-78.6649487423979,-6.4000000000006,-19.2344916351932,0,2,124.730181241378
21,52,190.777587044899,173.771453153712,1,-73.9201575293618,-5.60003728909121,-5.93408438094405,1,2,52.7270669603712
21,53,117.653497718636,141.350228112938,8,-44.4251602442619,-6.42566268197306,13.8304571072047,10,2,40.9067813881333
21,54,73.5920461935915,0.982359961107329,5,-68.6624161483178,-7.40006745398785,-4.7167492905183,1,1,59.2584481621229
21,55,190.478094012068,33.8935029505566,7,-85.1108630522357,-6.40000000000052,-21.1695428927953,0,2,125.185641157212
21,56,28.6184069044368,7.55024910995285,5,-65.0347446084416,-7.40008891677725,-1.08907775064203,3,1,53.0226732061983
21,57,164.083522609601,143.366305500204,1,-63.7071815963361,-5.60147583135732,4.27889155208163,5,2,28.1886770142156
21,58,35.1362188222146,53.4863531833793,2,-60.9859068650202,-4.80082710102114,10.4408651978929,9,1,28.0238585747992
21,59,83.5256026930984,38.6793643603611,6,-55.9463880784297,-5.60820556863426,12.0396850699881,9,1,42.4779098734972
21,60,29.5126598052684,175.135415955487,4,-61.6938031653115,-5.60417861062006,6.29226998310628,7,2,125.304582048927
21,61,52.696234217114,188.700632812432,4,-64.6440874205898,-5.60722992924145,3.34198572782798,5,2,107.322000613171
21,62,168.76368258773,144.000163423163,1,-62.7637976935476,-5.60039594074577,5.22227545487016,6,2,30.6646999529075
21,63,110.483253150104,115.516247110867,8,-46.3276261401323,-6.41371870619579,13.8304571072047,10,2,57.4713188896646
21,64,121.388781788193,182.251449159615,8,-65.3560469138513,-6.41511091145761,-1.12558980664668,3,2,49.1020140163198
21,65,168.057628740133,174.615816875074,1,-62.1882212077684,-5.60000814804851,5.79785194064933,6,2,38.5261780630217
21,66,88.7927239847197,72.7608772643947,6,-42,-5.61756269761748,17.5860731484177,12,1,50.7462606307054
21,67,194.942229006835,103.355546403499,7,-90.0986361699921,-6.4000000000002,-21.1695428927953,0,2,68.9039839154375
21,68,61.3709121659111,135.637062630508,2,-56.547489479583,-4.81059452073416,14.87928258333,11,1,89.5279517216069
21,69,105.96867287212,41.5003484703431,6,-60.2305618443806,-5.61397790709634,7.75551130403719,7,1,61.294260899304
21,70,23.3425823325158,62.596323643382,2,-64.7380031777151,-4.80006288892997,6.68876888519796,7,1,37.7032529899944
21,71,142.220918147525,53.8139659623903,6,-53.6945571815227,-5.60628111351332,14.291515966895,11,1,95.2443913326913
21,72,152.608193506337,136.743965869455,8,-56.6899464985384,-6.4791615208274,7.54051060866625,7,2,27.1067355879803
21,73,84.2998055709404,147.618514962916,2,-55.0235753461805,-4.809887825626,16.4031967167326,12,2,69.81716851175
21,74,103.269564845071,91.1398536313863,8,-48.5608691615641,-6.40669956724316,13.8304571072047,10,2,78.7432562211116
21,75,86.2489051761902,191.246547805008,4,-62.5410619013336,-5.60621363043444,5.4450112470841,6,2,79.4841480866793
21,76,178.46479049601,177.552269488422,1,-64.7648526782605,-5.60000042719514,3.22122047015727,5,2,46.0610665523973
21,77,188.29541081571,93.2735983916999,7,-77.1912654248525,-6.40000000000043,-17.7608083176479,0,2,72.364861148006
21,78,19.2727136386221,116.041080787492,3,-62.6144558961924,-4.80377273575258,8.81231616672065,8,1,76.5365303545582
21,79,50.8549955383515,61.5698257094356,2,-59.7135543589636,-4.87374049929548,11.7132177039494,9,1,26.2076684258123
21,80,106.590259160755,36.5957560449246,6,-65.014998470397,-5.61154242204936,2.97107467802076,5,1,62.7246457773071
21,81,115.538222834714,85.6946315773232,8,-47.3733038599108,-6.41115520079164,13.8304571072047,10,2,76.6488388259473
21,82,193.618066600066,118.862834398193,1,-64.8394616562051,-5.60006900575283,3.14661149221267,5,2,58.5175940691529
21,83,113.338687242914,129.165776064719,8,-42.8374587227756,-6.4192650785683,13.8304571072047,10,2,48.2738722297927
21,84,37.8924660034974,116.540021049394,2,-54.5437162669821,-4.81890545535185,16.883055795931,12,1,71.5989998584497
21,85,20.0591353996736,192.561628857124,4,-62.3670985311831,-5.603604021532,5.61897461723462,6,2,138.738496979216
21,86,158.738600112921,73.1835320973787,7,-77.9566105741003,-6.40000000000228,-18.5261534668957,0,2,80.8045968554265
21,87,162.492103832169,125.381059466115,8,-59.8479462475956,-6.41500005845697,4.38251085960908,6,2,36.2545844158314
21,88,109.808602494209,70.6491262117398,6,-42,-5.61123009054778,17.5860731484177,12,1,67.495965402524
21,89,16.7874976406491,103.435593472934,3,-61.1444544833617,-4.80070332263302,10.2823175795514,8,1,67.1616182262949
21,90,135.010179641284,60.119974744028,6,-54.5961002448767,-5.60739537154623,13.389972903541,10,1,88.7772185386725
21,91,100.793909413909,146.127662974199,8,-54.3415385320386,-6.40999790789231,9.88891857516606,8,2,54.6670316077977
21,92,87.5468788639903,12.8837052200312,5,-67.4766287546722,-7.42047848679379,-3.53096189687266,2,1,57.7895963874182
21,93,67.0959473033409,185.017778213669,4,-60.1295148146968,-5.61014858411866,7.85655833372098,7,2,93.0138524336678
21,94,85.4057903947751,76.7933992057295,2,-42.320991289404,-4.81772847442602,21.026772062913,14,1,50.2365030080352
21,95,198.051014692121,165.915064535273,1,-80.2207905572633,-5.60002994070673,-12.2347174088455,0,2,55.8071616560486
21,96,61.7284452654622,183.590332771231,4,-61.2948010496354,-5.60781579743495,6.69127209878237,7,2,97.3263984278395
21,97,92.4580701788249,113.412090837379,2,-51.5912316516197,-4.80737148267241,19.8355404112934,14,2,72.1248832542367
21,98,192.647194893303,31.1802775493916,7,-81.2922765804651,-6.40000000000025,-21.1695428927953,0,2,128.410122947947
21,99,128.390834678494,149.120453820746,8,-53.1531356194634,-6.43130998377682,11.0773214877413,9,2,31.937119897912
21,100,69.8053346637799,47.9398555040639,6,-57.9214423735583,-5.63283624445648,10.0646307748594,8,1,30.8017122330636
21.5,1,7.40726765229037,166.302366081631,3,-62.7693414449827,-4.81121644473008,8.65743061793031,8,1,126.06597957034
21.5,2,186.945190049175,40.1916531426091,7,-77.5461821315782,-6.40000000000067,-18.1157250243736,0,2,118.216200697378
21.5,3,148.040322995563,6.67079119936093,6,-61.9792218917759,-5.60612664226759,6.0068512566418,7,1,109.734111689865
21.5,4,59.3642571382808,1.75832135253015,5,-61.5819915042446,-7.4000587680414,2.36367535355497,4,1,54.4720007937802
21.5,5,58.1668852696129,89.1553639889818,2,-51.0052227761795,-4.81654183933246,20.4215492867336,14,1,46.3906299172222
21.5,6,132.029586571967,24.1407897209222,6,-57.1499025270026,-5.61122960156488,10.8361706214152,9,1,89.1616612083098
21.5,7,45.7449635913852,98.7329237466181,2,-61.637942034586,-4.8252200808457,9.78883002832708,8,1,54.2701869513302
21.5,8,132.488590267362,126.827757371757,8,-45.2498921840202,-6.42127112977401,13.8304571072047,10,2,37.3611067722368
21.5,9,196.258980536081,171.958664995267,1,-70.1213242027072,-5.60001109585534,-2.13525105428949,3,2,56.3411594539188
21.5,10,72.9960617158416,96.8120886971287,2,-43.8838156644645,-4.81867601018853,21.026772062913,14,1,57.2052489080035
21.5,11,174.265631132418,36.9227009166542,7,-82.999319978059,-6.40000000000078,-21.1695428927953,0,2,118.015026256147
21.5,12,132.917098044608,114.102691568649,8,-47.004602338606,-6.41991359576269,13.8304571072047,10,2,46.1810815359829
21.5,13,84.8003088324237,8.60553393736464,5,-70.0762869276649,-7.43265533008534,-6.13062006986538,1,1,58.9645089476945
21.5,14,178.547110104495,96.571157042949,7,-76.7223258907444,-6.4000000000012,-17.2918687835398,0,2,64.9756012288257
21.5,15,190.718757028634,175.505617942985,1,-69.1836700402964,-5.6000130425121,-1.1975968918787,3,2,53.4864816622898
21.5,16,87.5090636881664,145.30912656864,2,-56.5764906839693,-4.80997054453946,14.8502813789437,11,2,66.9281063132574
21.5,17,145.91516548896,86.3607471651363,8,-55.7096831656764,-6.42127150450292,8.52077394152826,8,2,67.9624188383719
21.5,18,81.5423759138548,21.6443691369965,6,-55.1662759792626,-5.60032880579228,12.8197971691551,10,1,48.4893109863385
21.5,19,105.469869988829,53.0314034634685,6,-52.7069528212777,-5.61149581496413,15.27912032714,11,1,60.3187026015643
21.5,20,42.4409400063549,186.025035075252,4,-64.2629210430707,-5.60525699274249,3.723152105347,5,2,115.840427048978
21.5,21,77.1082622920366,51.6185894899088,6,-54.5038996012394,-5.64119446292702,13.4821735471784,10,1,35.9127792913706
21.5,22,134.246735174544,34.5212953918204,6,-52.863205723201,-5.6094963793195,15.1228674252167,11,1,88.8220281457085
21.5,23,121.700923073466,193.690028414252,8,-68.1711786380363,-6.40008637264613,-3.94072153083163,2,2,57.1131012792339
21.5,24,198.589953412177,35.8955463091263,7,-78.4080312776761,-6.40000000000046,-18.9775741704714,0,2,126.226225185934
21.5,25,105.413510035582,95.620020980679,8,-50.5893854281096,-6.41011068184633,13.641071679095,10,2,74.144367321388
21.5,26,161.503187221941,95.1549405344996,7,-76.7179200863008,-6.40000000000369,-17.2874629790962,0,2,60.7663876171465
21.5,27,74.8149855069346,153.17282203038,2,-52.4134055446216,-4.80997120707165,19.0133665182914,13,2,78.8359258457647
21.5,28,156.723960396896,101.518371370805,8,-51.0663190103383,-6.42045491906384,13.1641380968664,10,2,54.2948428302193
21.5,29,161.484586375096,181.108080233222,1,-68.683322133834,-5.60019178440894,-0.697248985416277,3,2,40.643060662352
21.5,30,45.9077257626805,4.37158105937651,5,-59.5574748214636,-7.40009965640497,4.38819203633599,6,1,51.4873705237943
21.5,31,169.334053127346,141.59437245766,1,-69.7858072460571,-5.60050189885139,-1.79973409763934,3,2,31.5707172029966
21.5,32,32.5370031343525,90.0131423293818,2,-54.2179670662428,-4.83982020080865,17.2088049966702,12,1,49.5808210763092
21.5,33,180.894569902991,15.8765048142759,7,-77.1666758684716,-6.40000000000044,-17.7362187612669,0,1,137.295489196765
21.5,34,129.712150444367,34.448055032142,6,-54.8583376044997,-5.60973367160372,13.1277355439181,10,1,84.5466730318152
21.5,35,147.701975070992,43.7722026264081,6,-52.5428155940735,-5.60587889852607,15.4432575543442,11,1,100.681236548322
21.5,36,6.12786209731311,16.58558027374,5,-68.0023724877716,-7.40001260969724,-4.0567056299721,2,1,59.9461252275329
21.5,37,67.4398769247503,91.5855164361469,2,-47.044183786596,-4.81721276691315,21.026772062913,14,1,50.8503144966822
21.5,38,52.1558389868085,156.209975724353,3,-63.5159161863132,-4.80463326596567,7.91085587659984,7,2,100.818121599603
21.5,39,79.5592244646609,118.162333262651,2,-50.182017295433,-4.8122091831715,21.026772062913,14,1,77.9236897660839
21.5,40,84.6098077599893,169.646993654657,2,-57.2332130804425,-4.80518495265848,14.1935589824706,11,2,72.2089440502469
21.5,41,184.257365503769,172.016051895694,1,-74.2961076281439,-5.60004174915847,-6.31003447972614,1,2,47.0162060605989
21.5,42,133.042280706176,63.3265385509946,6,-59.8058694564647,-5.6041069840193,8.18020369195303,8,1,87.3262103531032
21.5,43,82.9696699240231,47.0956696668571,6,-55.8412784126891,-5.61225703164342,12.1447947357287,9,1,40.5916773437985
21.5,44,42.4751888364371,116.828325732838,2,-64.8684353835626,-4.82208389061564,6.55833667935046,7,1,71.2383176619263
21.5,45,34.8462858114034,198.413842340705,4,-60.9788795243827,-5.6077147253354,7.007193624035,7,2,127.10833183399
21.5,46,78.9321822417592,98.5420162725903,2,-42,-4.81593288659233,21.026772062913,14,1,61.2017035145165
21.5,47,176.025062966226,75.23528422304,7,-75.4735548882146,-6.40000000000092,-16.0430977810099,0,2,82.5791537108829
21.5,48,110.860378018235,81.1817160506597,8,-48.061754645352,-6.40989368657612,13.8304571072047,10,2,82.5839949058379
21.5,49,81.0916902210578,154.882324196718,2,-56.8487544205053,-4.81092059413354,14.5780176424078,11,2,72.9687758301626
21.5,50,127.814770295566,38.6275585741329,6,-50.1015360841951,-5.60987684341038,17.5860731484177,12,1,82.0775298125895
21.5,51,173.57679350477,30.6333151313652,7,-83.3360725303047,-6.40000000000121,-21.1695428927953,0,2,123.921429335263
21.5,52,190.731963992897,173.232628793035,1,-71.392766861095,-5.60001761939714,-3.40669371267721,2,2,52.4509097285605
21.5,53,117.489684847619,141.622938345771,8,-49.1296902918916,-6.42044694413682,13.8304571072047,10,2,40.979821293728
21.5,54,73.6979237145536,1.31434415583956,5,-68.3606182808407,-7.40010209658,-4.41495142304114,2,1,59.0265590506243
21.5,55,189.228573308391,34.2892094412763,7,-78.7310946942616,-6.40000000000034,-19.3006375870569,0,2,124.419122386941
21.5,56,29.0781604248847,7.69866459670188,5,-60.7235332783795,-7.40007911832716,3.22213357942005,5,1,52.7197908579803
21.5,57,164.240324916296,143.898811550196,1,-61.5696880598867,-5.60172507515859,6.41638508853102,7,2,28.1471375848715
21.5,58,34.1051072105117,54.200901122192,2,-63.9940415746142,-4.80134716592108,7.43273048829887,7,1,28.680048588309
21.5,59,83.7486093858519,37.8158994031068,6,-65.8140072481608,-5.63331654377858,2.17206590025698,4,1,42.8913854151859
21.5,60,29.5861287577061,174.221341126747,4,-62.190850528198,-5.60437192879437,5.79522262021979,6,2,125.053683486469
21.5,61,53.3964449618962,188.128440054599,4,-59.1315452340544,-5.60966579344002,8.85452791436333,8,2,106.481335392627
21.5,62,168.328858192378,143.235635562905,1,-67.048056432179,-5.60057221869908,0.938016716238724,4,2,30.5606555700977
21.5,63,110.851967541896,114.948611076947,8,-44.7575331813018,-6.41170918890877,13.8304571072047,10,2,57.5622993874975
21.5,64,121.814687666383,181.396654856768,8,-68.077962693226,-6.43625880336693,-3.84750558602132,2,2,48.2950490996598
21.5,65,168.716805823179,173.274721250689,1,-69.5053345933348,-5.60004573498241,-1.51926144491705,3,2,38.0037033658542
21.5,66,87.6799638980046,72.4103716117862,6,-42,-5.61809237077408,17.5860731484177,12,1,49.7418780820877
21.5,67,194.223125816576,102.991835568599,7,-78.2580484437781,-6.40000000000021,-18.8275913365734,0,2,68.6855325392354
21.5,68,61.3702372021471,136.031182367171,2,-56.9767215916415,-4.81206065762575,14.4500504712715,11,1,89.9049310857118
21.5,69,105.417528212347,41.6814910489438,6,-51.5267107832587,-5.61641958728573,16.459362365159,12,1,60.7663560231733
21.5,70,23.3308287635626,62.5799158027078,2,-57.9838669171206,-4.80003438494921,13.4429051457924,10,1,37.7060867240508
21.5,71,143.009234392515,54.2636884239511,6,-58.42188675004,-5.60706644099753,9.5641863983777,8,1,96.0268020984682
21.5,72,153.164080668715,136.767954338932,8,-62.5645796282124,-6.41182332128361,1.66587747899223,4,2,27.1541606177529
21.5,73,84.3019241424996,147.578220878181,2,-58.2749693065084,-4.81094221902853,13.1518027564047,10,2,69.8165609686753
21.5,74,103.465053533108,90.5329727785307,8,-51.3138167341134,-6.4089001460897,12.9166403730913,10,2,79.0827324340495
21.5,75,87.1946294649298,191.750512319967,4,-65.4826915916674,-5.60810028679574,2.50338155675036,5,2,78.9928468092343
21.5,76,179.074983085836,177.44652907361,1,-68.0168714348014,-5.60000702260715,-0.0307982863836543,3,2,46.3779753722623
21.5,77,188.731181157203,93.0344740542063,7,-76.2368107346612,-6.40000000000032,-16.8063536274566,0,2,72.7834152820061
21.5,78,19.5006115252595,116.846343088743,3,-62.656203115605,-4.82498409007612,8.77056894730809,8,1,77.1420526151012
21.5,79,51.98940856679,61.7011575704542,2,-54.7552657193574,-4.90791449855703,16.6715063435556,12,1,26.3272640989187
21.5,80,106.554704735934,35.9437150440671,6,-56.2568165795538,-5.61868791331445,11.729256568864,9,1,62.8352112635191
21.5,81,115.553192670845,85.4543835992276,8,-45.8145104910526,-6.41112412421962,13.8304571072047,10,2,76.8437969632395
21.5,82,193.254495692509,118.722448649516,1,-68.6493850343805,-5.60001869425156,-0.663311885962738,3,2,58.3222651831653
21.5,83,113.095737572375,127.923220680729,8,-46.7675618288525,-6.41306183849443,13.8304571072047,10,2,49.0057014074769
21.5,84,37.8892300621659,115.522845748948,2,-60.3842045258596,-4.81924612942692,11.0425675370535,9,1,70.6552479546112
21.5,85,18.8170044532631,192.374145670679,4,-64.4646814697334,-5.60281322577851,3.52139167868437,5,2,139.845616813453
21.5,86,158.659150143937,74.1089841410774,7,-79.5008118847395,-6.40000000000219,-20.0703547775348,0,2,79.9166889286242
21.5,87,161.059244061081,124.972634257505,8,-58.3247357105785,-6.41732538574527,5.90572139662615,7,2,36.0683506028646
21.5,88,109.987224770662,70.6578113530625,6,-49.15284050165,-5.61136117094553,17.5860731484177,12,1,67.6569457305359
21.5,89,16.4974771362999,103.236848278623,3,-63.0748626362191,-4.80968518047856,8.35190942669391,8,1,67.1478298448569
21.5,90,134.169624089098,60.0567093493894,6,-59.244308236362,-5.6058613934879,8.74176491205574,8,1,87.9654081002199
21.5,91,100.728854437238,145.57572762836,8,-46.2792562824149,-6.41769673199416,13.8304571072047,10,2,54.7674170569087
21.5,92,87.5818494737634,12.9148138670981,5,-68.8622120785236,-7.43116184734162,-4.9165452207241,1,1,57.7923562452734
21.5,93,67.9370469343643,185.225476230601,4,-62.2082830678996,-5.60869126849836,5.77779008051818,6,2,92.3439897422965
21.5,94,84.7293005578854,77.7643658705486,2,-42.9418085894343,-4.81787769754618,21.026772062913,14,1,50.2914936090948
21.5,95,197.8067165326,166.079281640987,1,-67.2808630057819,-5.6000071291878,0.705210142635851,4,2,55.6441860729274
21.5,96,61.1219311867443,182.95958980764,4,-59.9925023161766,-5.60866756898347,7.99357083224118,7,2,97.6621506841912
21.5,97,92.3596492244854,113.775051408233,2,-42,-4.80914617739206,21.026772062913,14,2,72.0201842402569
21.5,98,192.867721553513,29.9664763337865,7,-79.7028026127896,-6.40000000000053,-20.272345505585,0,2,129.606860755583
21.5,99,127.489258644508,149.850019717126,8,-54.0894823619982,-6.44739691948194,10.1409747452064,8,2,32.5423719242947
21.5,100,69.8362601544048,46.7614408067555,6,-52.3934040606293,-5.64340079835987,15.5926690877885,11,1,30.9227340731924
22,1,6.49855071270647,167.19846972423,3,-60.4250177674893,-4.80636525876846,11.0017542954238,9,1,127.201051079762
22,2,187.290824205744,40.1869152164959,7,-93.3798985158724,-6.40000000000101,-21.1695428927953,0,2,118.329071489692
22,3,148.065745345477,5.80848545733103,6,-61.4739078427314,-5.60136623389844,6.5121653056864,7,1,110.100092496505
22,4,60.1252275831251,1.67870385734592,5,-59.7312051383819,-7.40006822956038,4.21446171941761,5,1,54.6783128353112
22,5,58.0373253126818,88.8762708214386,2,-48.9996537763221,-4.82396727352571,21.026772062913,14,1,46.1325593389714
22,6,131.985596269445,24.2477886128997,6,-60.2520534497991,-5.60532990514539,7.73401969861866,7,1,89.0902036532768
22,7,46.0041273931269,97.9268780209446,2,-48.2475777387134,-4.8257347206318,21.026772062913,14,1,53.5275876041958
22,8,132.681414118835,125.632887359652,8,-47.1280145746363,-6.43261868848598,13.8304571072047,10,2,38.0255124271943
22,9,195.68331050782,171.315680351608,1,-63.6272754678214,-5.60000707888246,4.35879768059633,6,2,55.6198983081214
22,10,72.4414691692002,97.0351775594269,2,-46.4196093254268,-4.81858476346636,21.026772062913,14,1,57.1679758826476
22,11,175.176758484528,36.920830841728,7,-82.1376699600196,-6.40000000000052,-21.1695428927953,0,2,118.207519495645
22,12,132.820045769003,113.888243227061,8,-50.7238635067646,-6.42664660973024,13.50659360044,10,2,46.3838312842638
22,13,84.7386162087445,7.51208297745586,5,-67.4002860961978,-7.42628989932,-3.45461923839829,2,1,59.7012943663121
22,14,178.40973108487,95.4690278243423,7,-90.0062717131198,-6.40000000000238,-21.1695428927953,0,2,65.8254490811643
22,15,190.630687263949,175.42618817811,1,-74.0999110412338,-5.60003310292584,-6.11383789281609,1,2,53.3815866456733
22,16,87.433023377557,145.72629988505,2,-51.7750652981858,-4.8112373433422,19.6517067647272,14,2,66.9711958706566
22,17,145.366986238833,86.4819601951683,8,-56.8237807194898,-6.41603156307787,7.4066763877149,7,2,67.8841380379787
22,18,82.2067184133355,20.610126913944,5,-64.7611432439897,-7.44225036537287,-0.815476386190121,3,1,49.5306708108255
22,19,105.345250298863,52.635304010108,6,-54.1045362851,-5.61530882512309,13.8815368633178,10,1,60.1854763034193
22,20,42.5855556615127,185.821831538312,4,-71.626659658095,-5.60391310496704,-3.64058650967727,2,2,115.643056286597
22,21,77.0753700289903,51.5851117854766,6,-47.3684684219461,-5.63771702794076,17.5860731484177,12,1,35.8864632080009
22,22,134.845419678453,34.0775458476253,6,-57.7555569741332,-5.60261293313265,10.2305161742845,8,1,89.4679819077598
22,23,121.697664591606,193.690890675323,8,-60.9605708964107,-6.4000071065692,3.26988621079394,5,2,57.1153754918261
22,24,198.382413724117,35.3266737913489,7,-96.6839500184907,-6.40000000000055,-21.1695428927953,0,2,126.66127940901
22,25,105.461856412645,95.6099141806179,8,-43.0353852575097,-6.40996599123641,13.8304571072047,10,2,74.1227203335632
22,26,161.711859293522,94.6644460665809,7,-68.1671502163791,-6.40000000000147,-8.73669310917444,0,2,61.2490096020302
22,27,74.2457916781997,153.625803277106,2,-56.0889531978216,-4.80797823015882,15.3378188650914,11,2,79.3983408382505
22,28,156.298168995927,101.788511759964,8,-57.6713973366769,-6.4256957377755,6.55905977052772,7,2,54.002449305753
22,29,161.233183026823,181.482087577921,1,-69.9395178737919,-5.60014784657218,-1.95344472537412,3,2,40.860203611558
22,30,46.348833227667,4.54623658441394,5,-56.5977472351539,-7.40003214927255,7.3479196226456,7,1,51.2993725832925
22,31,169.399923407125,140.729606020254,1,-49.03164335272,-5.6000253470676,17.5860731484177,12,2,31.8519580676295
22,32,32.3960767081632,90.031039668811,2,-61.6831662574836,-4.83801692635138,9.7436058054294,8,1,49.6450627175634
22,33,180.578669403662,14.6702881286381,7,-76.9421723953,-6.40000000000018,-17.5117152880954,0,1,137.299772192616
22,34,129.824478734082,35.8562411314291,6,-58.5551393186266,-5.60643269165131,9.43093382979118,8,1,84.4052327767671
22,35,146.302361237325,43.4632816092317,6,-62.4044335152162,-5.60285808415512,5.58163963320156,6,1,99.3434621261229
22,36,6.06544082303959,16.5350475198655,5,-68.8236178355084,-7.40001878620043,-4.87795097770883,1,1,60.0199844599405
22,37,67.266322162623,91.6718253055344,2,-49.7336958646493,-4.82245877087434,21.026772062913,14,1,50.8617430424722
22,38,52.5907582342208,156.284868645762,3,-53.0413579740494,-4.8064964173097,18.3854140888637,13,2,100.400746786458
22,39,78.4292363298118,117.86223438719,2,-51.7898960117628,-4.81145872867888,19.6368760511502,14,1,77.2382957755948
22,40,84.6441195625256,169.588853695463,2,-54.1966467031771,-4.80587979033806,17.230125359736,12,2,72.1620696547687
22,41,184.09724414382,171.531656921412,1,-76.8227436817523,-5.600035822836,-8.83667053333458,0,2,46.6742360192932
22,42,132.968589689828,63.4082307673292,6,-53.1880354795868,-5.60732653217572,14.798037668831,11,1,87.2686514587516
22,43,83.0859209181483,47.3709524630557,6,-45.6239247766883,-5.63575338886379,17.5860731484177,12,1,40.6674323501432
22,44,42.1022230313036,116.685858933962,2,-53.4992835198721,-4.8230698866615,17.9274885430409,13,1,71.1451239566535
22,45,35.0695423807392,198.356754248127,4,-61.0587705642234,-5.60687750311291,6.92730258419431,7,2,126.884340129058
22,46,79.048620961225,98.7994197575049,2,-47.046251400634,-4.81530781512181,21.026772062913,14,1,61.4610099853401
22,47,175.890350035928,74.5861987500411,7,-74.218921073414,-6.40000000000076,-14.7884639662094,0,2,83.125216655063
22,48,110.972683718819,80.9776370669603,8,-50.5154962260019,-6.4100408973849,13.7149608812028,10,2,82.7010761778322
22,49,82.4470787445271,155.374025808464,2,-54.1584564779745,-4.81040551645196,17.2683155849385,12,2,71.725360393226
22,50,128.761150284923,37.7848809585458,6,-57.7690344030527,-5.60792357771061,10.2170387453651,8,1,83.0949933955177
22,51,173.917126232768,31.5389670782943,7,-74.0766180584222,-6.40000000000087,-14.6461609512175,0,2,123.114967603909
22,52,190.686340940894,172.693804432359,1,-73.0298072481337,-5.6000378230891,-5.043734099716,1,2,52.1788951471071
22,53,117.325871976602,141.895648578605,8,-47.3361449214101,-6.41150336861727,13.8304571072047,10,2,41.0551964317655
22,54,73.8038012355157,1.6463283505718,5,-65.0015458553485,-7.4000727100798,-1.05587899754893,3,1,58.7958205592937
22,55,187.979052604713,34.6849159319959,7,-83.7450681242869,-6.40000000000102,-21.1695428927953,0,2,123.661744490212
22,56,29.5379139453326,7.84708008345092,5,-65.3508871265114,-7.40008372548716,-1.40522026871181,3,1,52.4196110554019
22,57,164.39712722299,144.431317600189,1,-62.9485776791232,-5.60155398249435,5.03749546929453,6,2,28.1164986430553
22,58,33.0739955988087,54.9154490610048,2,-67.140566469773,-4.80088775869626,4.28620559314007,5,1,29.3751810966414
22,59,83.9716160786054,36.9524344458526,6,-55.4989945964103,-5.62244593592006,12.4870785520074,10,1,43.3192759159468
22,60,29.6595977101438,173.307266298007,4,-57.3822845943486,-5.6046637207397,10.6037885540692,9,2,124.809018446467
22,61,54.0966557066783,187.556247296767,4,-67.0502720717622,-5.60631338228266,0.935801076655554,4,2,105.641720724623
22,62,167.894033797026,142.471107702648,1,-54.5851501351966,-5.60014306522415,13.4009230132212,10,2,30.481644718654
22,63,111.220681933687,114.380975043028,8,-46.1608779382976,-6.41439130762413,13.8304571072047,10,2,57.6610826170797
22,64,122.240593544572,180.54186055392,8,-68.9998560755366,-6.41769444059332,-4.7693989683319,1,2,47.4935773852924
22,65,169.375982906224,171.933625626303,1,-69.6264674615626,-5.60002698399504,-1.64039431314485,3,2,37.5334870042358
22,66,86.5672038112895,72.0598659591776,6,-47.2731070898036,-5.61828543748512,17.5860731484177,12,1,48.744723619211
22,67,193.504022626318,102.628124733699,7,-75.4705873476857,-6.4000000000005,-16.040130240481,0,2,68.4758683838122
22,68,61.3695622383832,136.425302103835,2,-55.3825288177516,-4.81387841782318,16.0442432451614,12,1,90.2820568509137
22,69,104.866383552574,41.8626336275446,6,-50.522948888728,-5.61771127523439,17.4631242596897,12,1,60.2394121453529
22,70,23.3190751946093,62.5635079620335,2,-65.8783651601158,-4.80014135865497,5.54840690279721,6,1,37.7089310480023
22,71,143.797550637505,54.713410885512,6,-60.0972220548003,-5.60555573430245,7.88885109361746,7,1,96.8113978195285
22,72,153.719967831094,136.79194280841,8,-62.4222879966198,-6.49215905989265,1.80816911058491,4,2,27.2128817922817
22,73,84.3040427140589,147.537926793447,2,-52.2831859695758,-4.81131164753514,19.1435860933373,13,2,69.8159767402178
22,74,103.660542221145,89.9260919256752,8,-42.4146184179593,-6.40910278133198,13.8304571072047,10,2,79.4258760012171
22,75,88.1403537536695,192.254476834926,4,-64.6272587143875,-5.61352373047406,3.35881443403021,5,2,78.5130985652358
22,76,179.685175675661,177.340788658799,1,-75.6260502761878,-5.60001097418595,-7.63997712777003,0,2,46.7009462364518
22,77,189.166951498695,92.7953497167127,7,-82.4814910573451,-6.40000000000047,-21.1695428927953,0,2,73.2029514687377
22,78,19.728509411897,117.651605389993,3,-62.4693563886301,-4.81453449573367,8.95741567428297,8,1,77.7518672076045
22,79,53.1238215952286,61.8324894314728,2,-56.6117207322318,-4.82896654489856,14.8150513306812,11,1,26.495585811692
22,80,106.519150311113,35.2916740432096,6,-56.6540403447124,-5.61793747447582,11.3320328037053,9,1,62.9523566226187
22,81,115.568162506976,85.214135621132,8,-42.815315581767,-6.41142893421917,13.8304571072047,10,2,77.0390138596222
22,82,192.890924784953,118.58206290084,1,-70.2282021296815,-5.60001732539439,-2.2421289812638,3,2,58.1288929919989
22,83,112.852787901837,126.68066529674,8,-47.2299413072115,-6.41735917546376,13.8304571072047,10,2,49.758986501622
22,84,37.8859941208345,114.505670448502,2,-53.9290286287031,-4.82350078037457,17.49774343421,12,1,69.7135615103058
22,85,17.5748735068525,192.186662484235,4,-62.0843868176414,-5.60423882905277,5.90168633077632,7,2,140.955236221592
22,86,158.579700174952,75.0344361847762,7,-63.9487490023655,-6.40000000000155,-4.51829189516083,2,2,79.0297223405629
22,87,159.626384289994,124.564209048895,8,-55.0585355414328,-6.4403913828419,9.17192156577184,8,2,35.9429650391691
22,88,110.165847047115,70.6664964943852,6,-52.5344855731844,-5.6087079905434,15.4515875752333,11,1,67.8180155139422
22,89,16.2074566319508,103.038103084312,3,-64.0830908178039,-4.82114640720994,7.34368124510909,7,1,67.135879871076
22,90,133.329068536912,59.9934439547509,6,-50.6683998419205,-5.60729035782296,17.3176733064973,12,1,87.1541885700636
22,91,100.663799460566,145.023792282521,8,-60.2765349430588,-6.41155131659987,3.95392216414582,5,2,54.8732478254636
22,92,87.6168200835365,12.945922514165,5,-65.911259149522,-7.43222523836354,-1.96559229172245,3,1,57.7951538757656
22,93,68.7781465653876,185.433174247533,4,-57.8343436531407,-5.61266673249085,10.151729495277,8,2,91.6774198623068
22,94,84.0528107209956,78.7353325353678,2,-43.4270059721752,-4.81637649053549,21.026772062913,14,1,50.3742320429614
22,95,197.562418373079,166.243498746702,1,-66.3998985508303,-5.60000624043994,1.58617459758748,4,2,55.4822935090999
22,96,60.5154171080264,182.328846844048,4,-60.6807893311991,-5.60865445028307,7.30528381721864,7,2,98.004565779439
22,97,92.2612282701459,114.138011979087,2,-50.3618096780354,-4.80991313512447,21.026772062913,14,2,71.9172993492131
22,98,193.088248213724,28.7526751181815,7,-76.5395065389205,-6.4000000000006,-17.1090494317158,0,2,130.804284811793
22,99,126.587682610521,150.579585613506,8,-51.8875935501128,-6.43963343159808,12.3428635570919,10,2,33.1771385901358
22,100,69.8671856450297,45.5830261094471,6,-49.9511826032856,-5.65681865329356,17.5860731484177,12,1,31.0880157585507
22.5,1,5.58983377312258,168.094573366828,3,-64.6830355293452,-4.80947975812477,6.74373653356783,7,1,128.338774822701
22.5,2,187.636458362312,40.1821772903827,7,-86.3843845019472,-6.40000000000086,-21.1695428927953,0,2,118.442843526905
22.5,3,148.091167695391,4.94617971530113,6,-66.6468569679299,-5.60697106990716,1.33921618048781,4,1,110.471597716749
22.5,4,60.8861980279694,1.5990863621617,5,-66.8879191247244,-7.40012746651,-2.94225226692482,2,1,54.8945147394678
22.5,5,57.9077653557506,88.5971776538955,2,-43.1353415509665,-4.83393813875678,21.026772062913,14,1,45.8751008256982
22.5,6,131.941605966923,24.3547875048772,6,-62.1874143591891,-5.61139116174717,5.79865878922861,6,1,89.0188390867823
22.5,7,46.2632911948686,97.120832295271,2,-57.8227166985317,-4.8311132711567,13.6040553643814,10,1,52.7881220436322
22.5,8,132.874237970308,124.438017347546,8,-51.6542220487879,-6.42547487332777,12.5762350584168,10,2,38.7163619445577
22.5,9,195.107640479558,170.672695707949,1,-72.1890276397009,-5.60001115085832,-4.20295449128318,2,2,54.9027283244328
22.5,10,71.8868766225587,97.258266421725,2,-48.6620255524208,-4.81338121250659,21.026772062913,14,1,57.1369330072752
22.5,11,176.087885836639,36.9189607668018,7,-79.9322941870728,-6.40000000000154,-20.5018370798681,0,2,118.406711049187
22.5,12,132.722993493398,113.673794885474,8,-43.6619112355874,-6.42620906333607,13.8304571072047,10,2,46.5868879820472
22.5,13,84.6769235850654,6.41863201754708,5,-62.9727725415989,-7.40579950930444,0.972894316200616,4,1,60.448942625545
22.5,14,178.272352065244,94.3668986057356,7,-94.6051915313483,-6.4000000000011,-21.1695428927953,0,2,66.682965306333
22.5,15,190.542617499264,175.346758413236,1,-68.7607564901615,-5.60000350236192,-0.774683341743779,3,2,53.2767491101943
22.5,16,87.3569830669475,146.14347320146,2,-54.854208540871,-4.81254481543667,16.572563522042,12,2,67.0169409136417
22.5,17,144.818806988707,86.6031732252003,8,-51.3876892231295,-6.42160074053153,12.8427678840752,10,2,67.8104151744718
22.5,18,82.8710609128161,19.5758846908915,5,-53.5741397589017,-7.40564640507965,8.94566685779954,8,1,50.5804649827974
22.5,19,105.220630608896,52.2392045567474,6,-55.9481890825736,-5.61206477114877,12.0378840658442,9,1,60.0548256336749
22.5,20,42.7301713166705,185.618628001371,4,-59.0727464900914,-5.60427395373117,8.91332665832632,8,2,115.445886918724
22.5,21,77.042477765944,51.5516340810444,6,-47.1016357447971,-5.63375342630351,17.5860731484177,12,1,35.8601892360182
22.5,22,135.444104182361,33.6337963034302,6,-59.69910932871,-5.60726070358224,8.28696381970773,8,1,90.1154679450971
22.5,23,121.694406109745,193.691752936394,8,-62.4746834880407,-6.40002785035411,1.755773619164,4,2,57.1176498127763
22.5,24,198.174874036057,34.7578012735715,7,-76.4242351334802,-6.40000000000112,-16.9937780262756,0,2,127.097729545777
22.5,25,105.510202789707,95.5998073805569,8,-43.3586900938888,-6.40995713472533,13.8304571072047,10,2,74.1010999435602
22.5,26,161.920531365103,94.1739515986622,7,-73.4048034900668,-6.40000000000222,-13.9743463828621,0,2,61.7324610568453
22.5,27,73.6765978494647,154.078784523833,2,-55.1167816040363,-4.80771715710054,16.3099904588767,12,2,79.9634178798292
22.5,28,155.872377594957,102.058652149122,8,-53.2776031010002,-6.42230215877329,10.9528540062044,9,2,53.7131981209146
22.5,29,160.981779678549,181.85609492262,1,-74.2324303153067,-5.60015516364526,-6.24635716688899,1,2,41.0811424941803
22.5,30,46.7899406926534,4.72089210945137,5,-64.4441685053328,-7.40015666237462,-0.498501647533296,3,1,51.1150867368982
22.5,31,169.465793686904,139.864839582849,1,-57.6161781661025,-5.60025931441217,10.3698949823152,9,2,32.1541381558037
22.5,32,32.2551502819739,90.0489370082403,2,-62.6669701398436,-4.84070333362696,8.75980192306945,8,1,49.7096273070451
22.5,33,180.262768904334,13.4640714430004,7,-70.605325019785,-6.40000000000034,-11.1748679125803,0,1,137.315378010426
22.5,34,129.936807023798,37.2644272307163,6,-55.7145833681629,-5.60671151672746,12.2714897802548,9,1,84.2872346854588
22.5,35,144.902747403658,43.1543605920552,6,-59.9215963352513,-5.60650839410806,8.06447681316644,7,1,98.0083886392698
22.5,36,6.00301954876606,16.484514765991,5,-66.0786661760656,-7.40001637766803,-2.1329993182661,3,1,60.0938602462626
22.5,37,67.0927674004958,91.758134174922,2,-46.1275018454986,-4.82361585389975,21.026772062913,14,1,50.8739075281056
22.5,38,53.0256774816331,156.359761567172,3,-54.4768642713944,-4.80707954090291,16.9499077915186,12,2,99.9835776269659
22.5,39,77.2992481949627,117.56213551173,2,-53.5559463848525,-4.81106913055891,17.8708256780605,13,1,76.5646204647783
22.5,40,84.678431365062,169.530713736269,2,-54.8771072112832,-4.81031037366395,16.5496648516299,12,2,72.1152279894961
22.5,41,183.937122783872,171.04726194713,1,-75.5316629027786,-5.60003579388113,-7.54558975436089,0,2,46.3353594819196
22.5,42,132.894898673481,63.4899229836639,6,-59.7237858479473,-5.60592886381003,8.26228730047041,8,1,87.2111933652551
22.5,43,83.2021719122735,47.6462352592543,6,-48.222959606471,-5.63009491703927,17.5860731484177,12,1,40.7452381039421
22.5,44,41.72925722617,116.543392135087,2,-57.9467179589247,-4.82084734453795,13.4800541039883,10,1,71.05405141774
22.5,45,35.2927989500749,198.299666155548,4,-64.3159216090714,-5.60678384811149,3.67015153934631,5,2,126.660371558927
22.5,46,79.1650596806909,99.0568232424194,2,-50.9288850853249,-4.81208790028404,20.4978869775882,14,1,61.7205201923659
22.5,47,175.75563710563,73.9371132770422,7,-74.1264450723408,-6.40000000000085,-14.6959879651362,0,2,83.6729680323723
22.5,48,111.084989419402,80.7735580832609,8,-48.4612825534703,-6.41008559204956,13.8304571072047,10,2,82.8186471088469
22.5,49,83.8024672679964,155.86572742021,2,-52.4806383470771,-4.8086823594661,18.9461337158359,13,2,70.4895034595428
22.5,50,129.70753027428,36.9422033429586,6,-55.7659045709343,-5.60659741689657,12.2201685774834,9,1,84.1192393924356
22.5,51,174.257458960766,32.4446190252234,7,-80.3134190784073,-6.40000000000171,-20.8829619712026,0,2,122.310841348419
22.5,52,190.640717888891,172.154980071682,1,-67.8177360597594,-5.60000324074206,0.16833708865838,3,2,51.9110883386301
22.5,53,117.162059105586,142.168358811438,8,-50.5710931586619,-6.41400172803149,13.6593639485428,10,2,41.1328939644589
22.5,54,73.9096787564779,1.97831254530403,5,-64.5874350404668,-7.40003316840092,-0.641768182667299,3,1,58.5662462877251
22.5,55,186.729531901035,35.0806224227155,7,-92.1173493795096,-6.40000000000123,-21.1695428927953,0,2,122.913676441719
22.5,56,29.9976674657805,7.99549557019995,5,-61.8425107279605,-7.40008308616863,2.10315612983902,4,1,52.1221804916351
22.5,57,164.553929529685,144.963823650181,1,-54.513496089616,-5.60046798568024,13.4725770588017,10,2,28.0967958490199
22.5,58,32.0428839871057,55.6299969998175,2,-56.1185275826758,-4.80008828636396,15.3082444802372,11,1,30.1065587824065
22.5,59,84.1946227713588,36.0889694885984,6,-50.7913977569476,-5.62790408886997,17.1946753914701,12,1,43.7611585354487
22.5,60,29.7330666625815,172.393191469267,4,-57.8134822980709,-5.60367616074703,10.1725908503469,8,2,124.570623658093
22.5,61,54.7968664514604,186.984054538934,4,-66.4831922325597,-5.60633374921373,1.50288091585802,4,2,104.803181858186
22.5,62,167.459209401674,141.70657984239,1,-57.9084528906981,-5.60047493370923,10.0776202577196,8,2,30.4278624100044
22.5,63,111.589396325478,113.813339009108,8,-45.5496944305508,-6.41219720873769,13.8304571072047,10,2,57.7676285501745
22.5,64,122.666499422762,179.687066251073,8,-60.6325733010887,-6.40606244214596,3.59788380611594,5,2,46.6978817121448
22.5,65,170.03515998927,170.592530001918,1,-70.5309631092336,-5.60000277272413,-2.54488996081583,2,2,37.1175151064231
22.5,66,85.4544437245744,71.7093603065691,6,-42,-5.61935277438004,17.5860731484177,12,1,47.7552500227928
22.5,67,192.784919436059,102.264413898798,7,-88.2708322607637,-6.40000000000105,-21.1695428927953,0,2,68.2750724025637
22.5,68,61.3688872746192,136.819421840499,2,-55.4094255054072,-4.80987427235315,16.0173465575058,12,1,90.6593271902094
22.5,69,104.315238892801,42.0437762061453,6,-54.9912349066136,-5.61661225202501,12.9948382418041,10,1,59.7134547069578
22.5,70,23.3073216256561,62.5471001213592,2,-65.3169769596081,-4.80013514869113,6.10979510330496,7,1,37.7117859594527
22.5,71,144.585866882495,55.1631333470728,6,-52.0616381476009,-5.60607140228365,15.9244350008168,12,1,97.5981258010251
22.5,72,154.275854993472,136.815931277887,8,-60.770851713722,-6.42231835305532,3.45960539348263,5,2,27.2828261731551
22.5,73,84.3061612856181,147.497632708713,2,-52.3426135005757,-4.81192579654537,19.0841585623374,13,2,69.8154158269628
22.5,74,103.856030909182,89.3192110728196,8,-43.9217133551784,-6.40918526779987,13.8304571072047,10,2,79.7726395970411
22.5,75,89.0860780424092,192.758441349885,4,-59.5940750628794,-5.6038518904581,8.39199808553835,8,2,78.0451164066466
22.5,76,180.295368265487,177.235048243987,1,-67.7570862667638,-5.60001539499572,0.2289868816539,4,2,47.0298542544389
22.5,77,189.602721840188,92.5562253792191,7,-67.4049461092969,-6.40000000000058,-7.97448900209223,0,2,73.6234529198025
22.5,78,19.9564072985344,118.456867691244,3,-61.8140455109212,-4.81716800963367,9.61272655199184,8,1,78.3658739280562
22.5,79,54.2582346236671,61.9638212924914,2,-50.1894655075249,-4.86927050755461,21.026772062913,14,1,26.7117124503254
22.5,80,106.483595886292,34.6396330423522,6,-59.7174479050634,-5.61528347374836,8.26862524335435,8,1,63.0760451940314
22.5,81,115.583132343108,84.9738876430364,8,-49.1357380661407,-6.41155925675551,13.8304571072047,10,2,77.2344875529869
22.5,82,192.527353877396,118.441677152163,1,-72.1343178257577,-5.60008589485492,-4.14824467733991,2,2,57.9374970876511
22.5,83,112.609838231298,125.43810991275,8,-48.4086653963424,-6.41775857506459,13.8304571072047,10,2,50.5327680000593
22.5,84,37.8827581795031,113.488495148056,2,-56.0240877414016,-4.82058157876007,15.4026843215114,11,1,68.774025369329
22.5,85,16.332742560442,191.99917929779,4,-60.5806490208142,-5.60554723380244,7.40542412760351,7,2,142.067296634732
22.5,86,158.500250205968,75.959888228475,7,-80.5346376430174,-6.40000000000147,-21.1041805358128,0,2,78.1437291451078
22.5,87,158.193524518907,124.155783840286,8,-63.1523834611586,-6.42901770060304,1.07807364604611,4,2,35.8790656644228
22.5,88,110.344469323568,70.6751816357079,6,-44.2315927732259,-5.6113670785281,17.5860731484177,12,1,67.9791741168762
22.5,89,15.9174361276016,102.83935789,3,-60.1766317169584,-4.81497094667704,11.2501403459546,9,1,67.1257692867921
22.5,90,132.488512984726,59.9301785601123,6,-61.8966996692378,-5.60560557244247,6.0893734791799,7,1,86.3435766033994
22.5,91,100.598744483894,144.471856936682,8,-56.8050136316225,-6.41641026936987,7.42544347558217,7,2,54.9844924710238
22.5,92,87.6517906933096,12.9770311612318,5,-57.1705248122139,-7.40535590210732,6.77514204558563,7,1,57.7979892734098
22.5,93,69.619246196411,185.640872264465,4,-64.0007243903678,-5.60573317358042,3.98534875804994,5,2,91.0142151414003
22.5,94,83.3763208841059,79.706299200187,2,-42,-4.81710579637101,21.026772062913,14,1,50.4845818832822
22.5,95,197.318120213558,166.407715852416,1,-74.0744219453318,-5.60002943187247,-6.08834879691403,1,2,55.3214934725949
22.5,96,59.9089030293085,181.698103880456,4,-59.5795409388957,-5.60855283801559,8.40653220952206,8,2,98.3535741241705
22.5,97,92.1628073158063,114.500972549941,2,-50.7356808295594,-4.80909732281466,20.6910912333537,14,2,71.8162363779152
22.5,98,193.308774873935,27.5388739025764,7,-90.6378314820977,-6.40000000000154,-21.1695428927953,0,2,132.002376441223
22.5,99,125.686106576534,151.309151509887,8,-52.6853225015033,-6.43852900851818,11.5451346057014,9,2,33.8397590281532
22.5,100,69.8981111356545,44.4046114121386,6,-55.9766123609866,-5.63500731687913,12.0094607874312,9,1,31.2968560755873
23.0000000000001,1,4.68111683353869,168.990677009426,3,-64.1442626913936,-4.81044374735025,7.28250937151941,7,1,129.479080884199
23.0000000000001,2,187.982092518881,40.1774393642695,7,-81.8294919585708,-6.40000000000098,-21.1695428927953,0,2,118.557514214416
23.0000000000001,3,148.116590045305,4.08387397327124,6,-62.5864781789805,-5.60545706384371,5.39959496943729,6,1,110.848571805959
23.0000000000001,4,61.6471684728137,1.51946886697747,5,-66.3011141051111,-7.40013468950514,-2.35544724731151,2,1,55.1204901318382
23.0000000000001,5,57.7782053988194,88.3180844863523,2,-44.0517141535567,-4.82936602338007,21.026772062913,14,1,45.6182647404464
23.0000000000001,6,131.897615664401,24.4617863968547,6,-62.7101288323366,-5.6025621481442,5.27594431608114,6,1,88.9475677326466
23.0000000000001,7,46.5224549966103,96.3147865695975,2,-52.112139322716,-4.82237858548864,19.3146327401971,13,1,52.051923828404
23.0000000000001,8,133.06706182178,123.243147335441,8,-49.6501150538006,-6.43246036040666,13.8304571072047,10,2,39.4322654670047
23.0000000000001,9,194.531970451296,170.02971106429,1,-72.985418196574,-5.60003355860516,-4.99934504815625,1,2,54.1898119354
23.0000000000001,10,71.3322840759173,97.4813552840232,2,-44.8229177738054,-4.81975089856698,21.026772062913,14,1,57.1121304409428
23.0000000000001,11,176.999013188749,36.9170906918755,7,-81.8474759466932,-6.40000000000099,-21.1695428927953,0,2,118.612567170413
23.0000000000001,12,132.625941217793,113.459346543886,8,-57.5751306958644,-6.42710378518167,6.65532641134027,7,2,46.7902476331061
23.0000000000001,13,84.6152309613862,5.3251810576383,5,-66.316423945979,-7.41346771153521,-2.37075708817944,2,1,61.2070556557241
23.0000000000001,14,178.134973045618,93.2647693871289,7,-88.7577489270231,-6.40000000000021,-21.1695428927953,0,2,67.5478578562884
23.0000000000001,15,190.454547734579,175.267328648362,1,-71.399756502934,-5.6000314849682,-3.41368335451623,2,2,53.1719693958542
23.0000000000001,16,87.2809427563381,146.560646517871,2,-54.2418644667083,-4.810897525236,17.1849075962047,12,2,67.0653360083193
23.0000000000001,17,144.27062773858,86.7243862552322,8,-50.6200622650553,-6.41958668641851,13.6103948421494,10,2,67.7412651290701
23.0000000000001,18,83.5354034122968,18.5416424678391,5,-61.6066096906839,-7.42367590581043,2.33905716711568,4,1,51.6381790988679
23.0000000000001,19,105.096010918929,51.8431051033869,6,-48.1989430909045,-5.61547984885301,17.5860731484177,12,1,59.9267674382734
23.0000000000001,20,42.8747869718283,185.415424464431,4,-65.0987377043729,-5.60794497697803,2.88733544404481,5,2,115.248919979004
23.0000000000001,21,77.0095855028977,51.5181563766122,6,-53.6621508549105,-5.61653947701916,14.3239222935073,11,1,35.8339574680524
23.0000000000001,22,136.04278868627,33.1900467592351,6,-58.6498783031188,-5.60716495321404,9.33619484529899,8,1,90.7644534653672
23.0000000000001,23,121.691147627884,193.692615197465,8,-64.6644079377374,-6.40000175974519,-0.433950830532724,3,2,57.1199242420716
23.0000000000001,24,197.967334347997,34.1889287557942,7,-70.77843065832,-6.40000000000146,-11.3479735511154,0,2,127.535561265018
23.0000000000001,25,105.558549166769,95.5897005804958,8,-46.2339846407821,-6.40989208917841,13.8304571072047,10,2,74.0795061746671
23.0000000000001,26,162.129203436684,93.6834571307435,7,-85.0134861504205,-6.40000000000252,-21.1695428927953,0,2,62.2167226455499
23.0000000000001,27,73.1074040207298,154.531765770559,2,-54.0327389886829,-4.80771467047621,17.3940330742301,12,2,80.5311009326862
23.0000000000001,28,155.446586193988,102.328792538281,8,-52.9882782381219,-6.42701486391495,11.2421788690827,9,2,53.427140313017
23.0000000000001,29,160.730376330275,182.230102267319,1,-68.334470618151,-5.600157869989,-0.348397469733267,3,2,41.3058163985552
23.0000000000001,30,47.2310481576399,4.8955476344888,5,-60.2743429297133,-7.40010675427116,3.67132392808626,5,1,50.9345532767097
23.0000000000001,31,169.531663966683,139.000073145443,1,-63.1715234627986,-5.60022258069499,4.81454968561917,6,2,32.4766729840518
23.0000000000001,32,32.1142238557846,90.0668343476695,2,-59.8978498123487,-4.80494237942881,11.5289222505644,9,1,49.7745135880259
23.0000000000001,33,179.946868405006,12.2578547573626,7,-71.8455356675216,-6.40000000000017,-12.4150785603169,0,1,137.342302790452
23.0000000000001,34,130.049135313513,38.6726133300034,6,-59.0577098841177,-5.61003648163462,8.92836326430009,8,1,84.1927773221241
23.0000000000001,35,143.503133569991,42.8454395748788,6,-56.5590170350459,-5.6075055899724,11.4270561133718,9,1,96.6761279855807
23.0000000000001,36,5.94059827449254,16.4339820121165,5,-74.7654028187091,-7.40002031719973,-10.8197359609095,0,1,60.1677525255229
23.0000000000001,37,66.9192126383685,91.8444430443095,2,-42.8801632337506,-4.82234183634176,21.026772062913,14,1,50.8868074258033
23.0000000000001,38,53.4605967290454,156.434654488581,3,-62.8010602758482,-4.8045514817718,8.62571178706484,8,2,99.5666167060999
23.0000000000001,39,76.1692600601135,117.26203663627,2,-52.6254600750368,-4.81199692460993,18.8013119878762,13,1,75.9029758609815
23.0000000000001,40,84.7127431675983,169.472573777075,2,-55.8204088276302,-4.81552773178196,15.6063632352828,11,2,72.0684191182491
23.0000000000001,41,183.777001423924,170.562866972848,1,-70.4569893039262,-5.60004176374406,-2.47091615550841,2,2,45.9996448174852
23.0000000000001,42,132.821207657134,63.5716151999986,6,-47.1118296656648,-5.60778051860276,17.5860731484177,12,1,87.1538362719792
23.0000000000001,43,83.3184229063987,47.921518055453,6,-52.4090799668486,-5.62006875249715,15.5769931815692,11,1,40.825082880056
23.0000000000001,44,41.3562914210365,116.400925336212,2,-58.4109765472186,-4.81672057727121,13.0157955156945,10,1,70.9651082117348
23.0000000000001,45,35.5160555194106,198.24257806297,4,-65.9786463144299,-5.60461142510381,2.00742683398787,4,2,126.436426246539
23.0000000000001,46,79.2814984001568,99.3142267273339,2,-46.4826832563183,-4.81568258964725,21.026772062913,14,1,61.9802315764735
23.0000000000001,47,175.620924175332,73.2880278040434,7,-76.7122906170776,-6.4000000000019,-17.281833509873,0,2,84.2223748999713
23.0000000000001,48,111.197295119985,80.5694790995615,8,-43.4008812960123,-6.40979344297729,13.8304571072047,10,2,82.9367056164624
23.0000000000001,49,85.1578557914657,156.357429031956,2,-52.1962596539418,-4.8131527332421,19.2305124089713,13,2,69.2616096366285
23.0000000000001,50,130.653910263637,36.0995257273714,6,-57.3511954259027,-5.60877078601337,10.634877722515,9,1,85.1500230523678
23.0000000000001,51,174.597791688765,33.3502709721525,7,-77.8294819982249,-6.40000000000139,-18.3990248910202,0,2,121.509096936131
23.0000000000001,52,190.595094836888,171.616155711006,1,-73.719397130043,-5.60003377319473,-5.73332398162523,1,2,51.6475547585594
23.0000000000001,53,116.998246234569,142.441069044272,8,-45.3436450512814,-6.42046208266916,13.8304571072047,10,2,41.2129007567726
23.0000000000001,54,74.01555627744,2.31029674003626,5,-68.8005426675685,-7.40009721747418,-4.85487580976896,1,1,58.3378499804225
23.0000000000001,55,185.480011197357,35.4763289134351,7,-79.8654700291138,-6.40000000000123,-20.4350129219092,0,2,122.175089251894
23.0000000000001,56,30.4574209862285,8.14391105694898,5,-64.6752679059271,-7.40009568267541,-0.729601048127571,3,1,51.8275464991167
23.0000000000001,57,164.710731836379,145.496329700173,1,-70.9105547061568,-5.60113964724884,-2.92448155773901,2,2,28.0880522167593
23.0000000000001,58,31.0117723754028,56.3445449386302,2,-63.4110558102733,-4.80029477564287,8.01571625263979,7,1,30.8716057049486
23.0000000000001,59,84.4176294641123,35.2255045313442,6,-61.8442190032289,-5.61872186686457,6.14185414518883,7,1,44.216613781273
23.0000000000001,60,29.8065356150192,171.479116640527,3,-63.1493483979647,-4.803383296837,8.27742366494833,8,2,124.33853518729
23.0000000000001,61,55.4970771962425,186.411861781102,4,-59.0735165332327,-5.60896106944751,8.91255661518506,8,2,103.965744824048
23.0000000000001,62,167.024385006322,140.942051982132,1,-69.8658100562583,-5.60078180318093,-1.87973690784056,3,2,30.3994425464988
23.0000000000001,63,111.95811071727,113.245702975188,8,-54.3155470116392,-6.41306210946595,9.91491009556549,8,2,57.881894319274
23.0000000000001,64,123.092405300951,178.832271948225,8,-70.7234651856682,-6.41625176597953,-6.49300807846356,1,2,45.9082624173982
23.0000000000001,65,170.694337072316,169.251434377533,1,-67.9779546091778,-5.60001901220824,0.00811853923993319,3,2,36.7576293095063
23.0000000000001,66,84.3416836378593,71.3588546539606,6,-45.4911860418925,-5.6150514837007,17.5860731484177,12,1,46.7739447471755
23.0000000000001,67,192.065816245801,101.900703063898,7,-92.2457135676502,-6.40000000000136,-21.1695428927953,0,2,68.0832230595231
23.0000000000001,68,61.3682123108553,137.213541577162,2,-56.0230006383341,-4.81439644404118,15.4037714245789,11,1,91.0367403061867
23.0000000000001,69,103.764094233028,42.224918784746,6,-44.681619649914,-5.61836650922301,17.5860731484177,12,1,59.1885100049128
23.0000000000001,70,23.2955680567029,62.5306922806849,2,-69.9189248081408,-4.80014357397698,1.50784725477229,4,1,37.7146514559979
23.0000000000001,71,145.374183127485,55.6128558086337,6,-50.9425934210803,-5.60644799256094,17.0434797273375,12,1,98.3869348926143
23.0000000000001,72,154.83174215585,136.839919747364,8,-53.0489633761785,-6.41049951497335,11.1814937310261,9,2,27.3639076982149
23.0000000000001,73,84.3082798571774,147.457338623979,2,-54.1448682373668,-4.81037226431268,17.2819038255463,12,2,69.8148782294723
23.0000000000001,74,104.051519597219,88.7123302199641,8,-46.7993903639642,-6.40924038764242,13.8304571072047,10,2,80.1229762202548
23.0000000000001,75,90.0318023311489,193.262405864844,4,-65.5204028557523,-5.60551985698959,2.46567029266544,5,2,77.589113236748
23.0000000000001,76,180.905560855312,177.129307829175,1,-69.3213595517595,-5.60001406789521,-1.33528640334175,3,2,47.3645757404367
23.0000000000001,77,190.03849218168,92.3171010417255,7,-81.9620623496118,-6.40000000000047,-21.1695428927953,0,2,74.0449031899765
23.0000000000001,78,20.1843051851718,119.262129992494,3,-59.3456583879547,-4.82212809376453,12.0811136749584,9,1,78.9839750100495
23.0000000000001,79,55.3926476521056,62.09515315351,2,-48.5182606869068,-4.85879531456168,21.026772062913,14,1,26.9744949629576
23.0000000000001,80,106.44804146147,33.9875920414947,6,-62.5936842749592,-5.61374838502353,5.39238887345852,6,1,63.2062385644445
23.0000000000001,81,115.598102179239,84.7336396649408,8,-49.3477663797188,-6.41103787263376,13.8304571072047,10,2,77.4302160984707
23.0000000000001,82,192.16378296984,118.301291403487,1,-61.8880839555939,-5.60004331853568,6.09798919282389,7,2,57.7480971202896
23.0000000000001,83,112.36688856076,124.195554528761,8,-43.9278629904704,-6.41640500741994,13.8304571072047,10,2,51.3261189130488
23.0000000000001,84,37.8795222381717,112.47131984761,2,-54.8653175353497,-4.82275352864423,16.5614545275634,12,1,67.8367288766
23.0000000000001,85,15.0906116140315,191.811696111346,4,-61.527199255621,-5.60538172192903,6.45887389279675,7,2,143.181741176672
23.0000000000001,86,158.420800236983,76.8853402721737,7,-76.4199305614865,-6.40000000000149,-16.9894734542818,0,2,77.2587428304848
23.0000000000001,87,156.760664747819,123.747358631676,8,-54.0547075970485,-6.44536091856967,10.1757495101561,8,2,35.8769810135447
23.0000000000001,88,110.523091600021,70.6838667770307,6,-52.3746055687482,-5.60820275044845,15.6114675796696,11,1,68.140420909138
23.0000000000001,89,15.6274156232525,102.640612695689,3,-62.1886195512579,-4.80678112903992,9.23815251165512,8,1,67.1174989232625
23.0000000000001,90,131.647957432541,59.8669131654737,6,-46.7657018837238,-5.60812224925352,17.5860731484177,12,1,85.5335894740829
23.0000000000001,91,100.533689507223,143.919921590843,8,-49.6796217712912,-6.41688130226898,13.8304571072047,10,2,55.101118203076
23.0000000000001,92,87.6867613030827,13.0081398082987,5,-60.4029568126697,-7.41964121646011,3.54271004512986,5,1,57.8008624326481
23.0000000000001,93,70.4603458274344,185.848570281397,4,-59.7582263197789,-5.60910163028133,8.22784682863889,8,2,90.3544496807523
23.0000000000001,94,82.6998310472161,80.6772658650061,2,-46.069289984661,-4.81826009667405,21.026772062913,14,1,50.6223625630882
23.0000000000001,95,197.073822054037,166.57193295813,1,-69.6069235376937,-5.60003495272317,-1.620850389276,3,2,55.1617955177668
23.0000000000001,96,59.3023889505906,181.067360916864,4,-60.1543589690993,-5.60690686323253,7.83171417931848,7,2,98.7091057826411
23.0000000000001,97,92.0643863614668,114.863933120795,2,-54.0937217669764,-4.80509949782837,17.3330502959366,12,2,71.7170030286637
23.0000000000001,98,193.529301534146,26.3250726869714,7,-82.2357604439939,-6.40000000000163,-21.1695428927953,0,2,133.201117630197
23.0000000000001,99,124.784530542548,152.038717406267,8,-47.2098127135167,-6.43856389012977,13.8304571072047,10,2,34.5286296951141
23.0000000000001,100,69.9290366262794,43.2261967148302,6,-53.3218961345715,-5.60318514696996,14.6641770138463,11,1,31.5483900032595
23.5000000000001,1,3.7723998939548,169.886780652025,3,-60.4734362326707,-4.81202989457615,10.9533358302424,9,1,130.621901634723
23.5000000000001,2,188.32772667545,40.1727014381563,7,-75.4713547672454,-6.40000000000067,-16.0408976600408,0,2,118.673080947198
23.5000000000001,3,148.142012395219,3.22156823124134,6,-66.4297644227743,-5.60702681048337,1.55630872564345,4,1,111.230959160333
23.5000000000001,4,62.408138917658,1.43985137179324,5,-64.170002453423,-7.40011144247211,-0.224335595623453,3,1,55.3561193202109
23.5000000000001,5,57.6486454418882,88.0389913188091,2,-56.4292854589237,-4.82715463472837,14.9974866039894,11,1,45.3620616556187
23.5000000000001,6,131.853625361878,24.5687852888322,6,-62.5979228248517,-5.60994370143199,5.38815032356607,6,1,88.876389815115
23.5000000000001,7,46.781618798352,95.508740843924,2,-52.3366731675373,-4.82881346646719,19.0900988953757,13,1,51.3191335737321
23.5000000000001,8,133.259885673253,122.048277323336,8,-49.1327731317689,-6.40902028589906,13.8304571072047,10,2,40.1718835538704
23.5000000000001,9,193.956300423034,169.386726420631,1,-71.6799047757421,-5.60003146568577,-3.6938316273244,2,2,53.4813192450261
23.5000000000001,10,70.7776915292759,97.7044441463213,2,-47.4824754832352,-4.81739321827394,21.026772062913,14,1,57.0935763163881
23.5000000000001,11,177.910140540859,36.9152206169493,7,-93.7975381803612,-6.40000000000143,-21.1695428927953,0,2,118.825053221632
23.5000000000001,12,132.528888942188,113.244898202299,8,-42,-6.42588659607655,13.8304571072047,10,2,46.9939063044752
23.5000000000001,13,84.553538337707,4.23173009772952,5,-67.6467541277094,-7.40736295136922,-3.70108726990982,2,1,61.9752494267063
23.5000000000001,14,177.997594025993,92.1626401685222,7,-60.9529150979731,-6.40000000000073,-1.52245799076839,3,2,68.4198470001224
23.5000000000001,15,190.366477969894,175.187898883487,1,-66.7606039285665,-5.60003469222083,1.22546921985122,4,2,53.0672478451513
23.5000000000001,16,87.2049024457287,146.977819834281,2,-53.0620066055723,-4.80985690870034,18.3647654573407,13,2,67.1163754221316
23.5000000000001,17,143.722448488454,86.8455992852642,8,-47.4809102284972,-6.42184507931097,13.8304571072047,10,2,67.6767019188844
23.5000000000001,18,84.1997459117775,17.5074002447866,5,-60.6588642204165,-7.42552866554543,3.28680263738304,5,1,52.7033363202239
23.5000000000001,19,104.971391228963,51.4470056500264,6,-51.8846611908172,-5.61405440580117,16.1014119576006,12,1,59.8013183717456
23.5000000000001,20,43.0194026269862,185.212220927491,4,-64.6297983584618,-5.60761515963781,3.35627478995592,5,2,115.052156507096
23.5000000000001,21,76.9766932398514,51.48467867218,6,-55.0390681615453,-5.64046509603407,12.9470049868725,10,1,35.807767996856
23.5000000000001,22,136.641473190179,32.74629721504,6,-58.4549936581113,-5.60709440992026,9.53107949030647,8,1,91.4149065325572
23.5000000000001,23,121.687889146023,193.693477458536,8,-63.4039057193396,-6.40003032112277,0.826551387865065,4,2,57.122198779699
23.5000000000001,24,197.759794659937,33.6200562380168,7,-91.8351778503811,-6.4000000000015,-21.1695428927953,0,2,127.974760386577
23.5000000000001,25,105.606895543832,95.5795937804348,8,-42,-6.41017400299439,13.8304571072047,10,2,74.0579390501704
23.5000000000001,26,162.337875508265,93.1929626628248,7,-82.7343952359882,-6.4000000000024,-21.1695428927953,0,2,62.7017755975433
23.5000000000001,27,72.5382101919948,154.984747017286,2,-55.7520826321334,-4.80996804818098,15.6746894307796,11,2,81.1013352731378
23.5000000000001,28,155.020794793019,102.59893292744,8,-55.0393517522306,-6.42154698343716,9.19110535497404,8,2,53.1443274486655
23.5000000000001,29,160.478972982002,182.604109612017,1,-71.5103483150741,-5.60018272597249,-3.52427516665639,2,2,41.5341647123181
23.5000000000001,30,47.6721556226264,5.07020315952622,5,-67.0004663402707,-7.40016972552218,-3.05479948247113,2,1,50.7578122417773
23.5000000000001,31,169.597534246463,138.135306708038,1,-60.233840819716,-5.60020863172061,7.75223232870171,7,2,32.8189624371888
23.5000000000001,32,31.9732974295953,90.0847316870987,2,-62.1618967731615,-4.83663581325344,9.26487528975156,8,1,49.839720304076
23.5000000000001,33,179.630967905677,11.0516380717248,7,-88.3853387006211,-6.40000000000074,-21.1695428927953,0,1,137.380539877592
23.5000000000001,34,130.161463603229,40.0807994292906,6,-56.3286763510987,-5.60926057163852,11.6573967973191,9,1,84.1219399857951
23.5000000000001,35,142.103519736325,42.5365185577023,6,-59.4179793911329,-5.60768930725817,8.56809375728485,8,1,95.346798074498
23.5000000000001,36,5.87817700021901,16.383449258242,5,-62.5145591164261,-7.40001040770199,1.43110774137349,4,1,60.2416612370309
23.5000000000001,37,66.7456578762412,91.9307519136971,2,-50.734061981459,-4.81647420650483,20.692710081454,14,1,50.9004421764303
23.5000000000001,38,53.8955159764576,156.50954740999,3,-54.8276439861881,-4.80476336702252,16.5991280767249,12,2,99.1498666510158
23.5000000000001,39,75.0392719252644,116.961937760809,2,-48.3266903080129,-4.81121427620639,21.026772062913,14,1,75.2536792936388
23.5000000000001,40,84.7470549701347,169.414433817881,2,-59.6984390864399,-4.81239226963724,11.7283329764731,9,2,72.021643104969
23.5000000000001,41,183.616880063975,170.078471998566,1,-68.6730507329146,-5.60000671805267,-0.686977584496813,3,2,45.6671617580172
23.5000000000001,42,132.747516640787,63.6533074163332,6,-54.8151955701235,-5.60663745418957,13.1708775782942,10,1,87.0965803784637
23.5000000000001,43,83.4346739005239,48.1968008516516,6,-50.2279855189004,-5.63199672585377,17.5860731484177,12,1,40.9069547388091
23.5000000000001,44,40.9833256159029,116.258458537337,2,-51.243586261724,-4.8237703219665,20.183185801189,14,1,70.8783023547602
23.5000000000001,45,35.7393120887464,198.185489970391,4,-55.3349334314892,-5.60581350954561,12.6511397169285,10,2,126.212504315696
23.5000000000001,46,79.3979371196227,99.5716302122485,2,-47.4664334010245,-4.81509029570403,21.026772062913,14,1,62.2401416192893
23.5000000000001,47,175.486211245034,72.6389423310445,7,-67.7087700659769,-6.40000000000226,-8.27831295877228,0,2,84.7734050707292
23.5000000000001,48,111.309600820568,80.3654001158621,8,-45.8952458488884,-6.41001653198902,13.8304571072047,10,2,83.0552496214883
23.5000000000001,49,86.5132443149351,156.849130643703,2,-48.7661933398623,-4.81319289616302,21.026772062913,14,2,68.0421100348132
23.5000000000001,50,131.600290252994,35.2568481117843,6,-57.9835445813983,-5.60851699872347,10.0025285670195,8,1,86.18710980751
23.5000000000001,51,174.938124416763,34.2559229190816,7,-98.6729529836941,-6.40000000000125,-21.1695428927953,0,2,120.709781827073
23.5000000000001,52,190.549471784885,171.077331350329,1,-70.0456229166169,-5.60003513302604,-2.05954976819916,3,2,51.3883601497925
23.5000000000001,53,116.834433363553,142.713779277105,8,-53.8636312505947,-6.41804911078056,10.36682585661,9,2,41.2952033865844
23.5000000000001,54,74.1214337984022,2.6422809347685,5,-65.0988146828711,-7.40006234817909,-1.15314782507157,3,1,58.110645526892
23.5000000000001,55,184.230490493679,35.8720354041547,7,-81.4595469844885,-6.40000000000132,-21.1695428927953,0,2,121.446155897288
23.5000000000001,56,30.9171745066764,8.29232654369802,5,-68.7331382903679,-7.40009013921653,-4.78747143256835,1,1,51.5357570425249
23.5000000000001,57,164.867534143073,146.028835750165,1,-60.1652400449778,-5.60089810149228,7.82083310343998,7,2,28.0902779800169
23.5000000000001,58,29.9806607636998,57.0590928774429,2,-66.7619978022925,-4.80075794051814,4.6647742606205,6,1,31.6678817686064
23.5000000000001,59,84.6406361568657,34.36203957409,6,-58.4799915960301,-5.62209592722809,9.5060815523876,8,1,44.6852266373875
23.5000000000001,60,29.8800045674569,170.565041811787,3,-66.6086431251218,-4.80513577155759,4.81812893779123,6,2,124.112788412132
23.5000000000001,61,56.1972879410247,185.83966902327,4,-61.9914114578945,-5.60683557833007,5.99466169052329,7,2,103.129436463682
23.5000000000001,62,166.58956061097,140.177524121874,1,-60.9807934871808,-5.60040882403953,7.00527966123694,7,2,30.3964562678186
23.5000000000001,63,112.326825109061,112.678066941268,8,-46.9742678016682,-6.41376125942463,13.8304571072047,10,2,58.0038343008781
23.5000000000001,64,123.518311179141,177.977477645378,8,-57.9943894872217,-6.40114841923859,6.23606761998299,7,2,45.1250384842211
23.5000000000001,65,171.353514155362,167.910338753147,1,-68.4263702372097,-5.60003622144693,-0.440297088791919,3,2,36.4554906843362
23.5000000000001,66,83.2289235511442,71.008349001352,6,-44.5171908232929,-5.62096662181058,17.5860731484177,12,1,45.8013328204583
23.5000000000001,67,191.346713055542,101.536992228998,7,-73.7572394951599,-6.40000000000034,-14.3267823879552,0,2,67.9003961896363
23.5000000000001,68,61.3675373470913,137.607661313826,2,-56.1736422338098,-4.81335319950443,15.2531298291032,11,1,91.4142944304419
23.5000000000001,69,103.212949573255,42.4060613633468,6,-54.3436787211699,-5.61552030090184,13.6423944272479,10,1,58.6646052258343
23.5000000000001,70,23.2838144877496,62.5142844400106,2,-67.024152539269,-4.80042036079309,4.402619523644,6,1,37.7175275352251
23.5000000000001,71,146.162499372475,56.0625782701945,6,-53.2141373531488,-5.60594762796256,14.7719357952689,11,1,99.177775438066
23.5000000000001,72,155.387629318228,136.863908216842,8,-60.5046930480873,-6.40387652428937,3.72576405911734,5,2,27.4560276989624
23.5000000000001,73,84.3103984287366,147.417044539244,2,-53.1553088594951,-4.81081709964945,18.2714632034179,13,2,69.8143639482848
23.5000000000001,74,104.247008285255,88.1054493671085,8,-45.4632314946713,-6.40873001273994,13.8304571072047,10,2,80.4768392079178
23.5000000000001,75,90.9775266198885,193.766370379803,4,-69.1626848723748,-5.62146041499626,-1.17661172395703,3,2,77.1453014779779
23.5000000000001,76,181.515753445138,177.023567414364,1,-74.6090463206426,-5.60000781367542,-6.62297317222484,1,2,47.7049883242139
23.5000000000001,77,190.474262523173,92.0779767042319,7,-76.7277784772494,-6.40000000000046,-17.2973213700447,0,2,74.4672861696344
23.5000000000001,78,20.4122030718092,120.067392293745,3,-63.2069463499281,-4.82109062905085,8.21982571298497,8,1,79.6060750816755
23.5000000000001,79,56.5270606805442,62.2264850145286,2,-55.1707733938661,-4.87777036853844,16.2559986690469,12,1,27.2825852319387
23.5000000000001,80,106.412487036649,33.3355510406372,6,-55.7204700356868,-5.61350608653999,12.265603112731,9,1,63.3428966244779
23.5000000000001,81,115.61307201537,84.4933916868452,8,-48.4164440483168,-6.41141738980865,13.8304571072047,10,2,77.6261975683029
23.5000000000001,82,191.800212062283,118.16090565481,1,-66.0973398173447,-5.60006207063756,1.88873333107307,4,2,57.5607127924396
23.5000000000001,83,112.123938890222,122.952999144771,8,-44.980451641814,-6.41236076443759,13.8304571072047,10,2,52.1381459245956
23.5000000000001,84,37.8762862968402,111.454144547164,2,-49.9044539253878,-4.82620525057262,21.026772062913,14,1,66.9017661648769
23.5000000000001,85,13.848480667621,191.624212924902,4,-62.3841238753241,-5.60424956497926,5.6019492730937,6,2,144.298514608199
23.5000000000001,86,158.341350267998,77.8107923158725,7,-84.8975288129876,-6.40000000000138,-21.1695428927953,0,2,76.3747983981335
23.5000000000001,87,155.327804976732,123.338933423066,8,-58.0822264801471,-6.41217503248826,6.14823062705758,7,2,35.936721843955
23.5000000000001,88,110.701713876474,70.6925519183534,6,-45.0439591371993,-5.61029800958134,17.5860731484177,12,1,68.3017552661354
23.5000000000001,89,15.3373951189033,102.441867501378,3,-65.6804240253918,-4.81563238277932,5.74634803752128,6,1,67.1110694608204
23.5000000000001,90,130.807401880355,59.8036477708352,6,-49.6812311071106,-5.60768206851752,17.5860731484177,12,1,84.7242451029676
23.5000000000001,91,100.468634530551,143.367986245004,8,-54.1825708855379,-6.41466804187828,10.0478862216667,8,2,55.2230909286557
23.5000000000001,92,87.7217319128558,13.0392484553655,5,-63.0437980710973,-7.42928505871549,0.901868786702229,4,1,57.8037733478495
23.5000000000001,93,71.3014454584577,186.056268298329,4,-63.0968425332119,-5.6034328457727,4.88923061520582,6,2,89.6981993717221
23.5000000000001,94,82.0233412103263,81.6482325298253,2,-47.8398968485108,-4.81669084240593,21.026772062913,14,1,50.7873508320219
23.5000000000001,95,196.829523894516,166.736150063844,1,-74.3829021361567,-5.60002812825294,-6.39682898773898,1,2,55.0032092440667
23.5000000000001,96,58.6958748718726,180.436617953272,4,-61.2442130305253,-5.60776229731476,6.74186011789247,7,2,99.0710905251687
23.5000000000001,97,91.9659654071273,115.226893691649,2,-52.8819888649707,-4.80850825626323,18.5447831979424,13,2,71.6196069066189
23.5000000000001,98,193.749828194357,25.1112714713663,7,-84.7493786187563,-6.40000000000136,-21.1695428927953,0,2,134.400490998116
23.5000000000001,99,123.882954508561,152.768283302648,8,-57.9233666765732,-6.43950076548314,6.30709043063144,7,2,35.2422113047067
23.5000000000001,100,69.9599621169043,42.0477820175218,6,-59.9223071710282,-5.61636282902201,8.06376597738958,7,1,31.8416057784325
24.0000000000001,1,2.8636829543709,170.782884294623,3,-66.1256462982253,-4.8100436576674,5.30112576468771,6,1,131.767171644361
24.0000000000001,2,188.673360832018,40.1679635120431,7,-85.474168422161,-6.40000000000061,-21.1695428927953,0,2,118.789541110046
24.0000000000001,3,148.167434745133,2.35926248921144,5,-57.0250372667757,-7.41014574053207,6.92062959102386,7,1,111.618704145012
24.0000000000001,4,63.1691093625023,1.36023387660902,5,-70.6528086782026,-7.40011205158084,-6.70714182040308,0,1,55.6012795710649
24.0000000000001,5,57.519085484957,87.7598981512659,2,-51.4015733639958,-4.83281455950377,20.0251986989172,14,1,45.1065023574658
24.0000000000001,6,131.809635059356,24.6757841808097,6,-51.706580950016,-5.61023369664611,16.2794921984017,12,1,88.8053055588572
24.0000000000001,7,47.0407826000937,94.7026951182505,2,-50.7083252827196,-4.83420640471436,20.7184467801935,14,1,50.5898993718624
24.0000000000001,8,133.452709524726,120.85340731123,8,-49.7664900849755,-6.42910081324864,13.8304571072047,10,2,40.9339307596786
24.0000000000001,9,193.380630394772,168.743741776972,1,-67.7779022955642,-5.60002388417875,0.208170852853516,4,2,52.7774284069395
24.0000000000001,10,70.2230989826345,97.9275330086195,2,-51.6220213805822,-4.81839748171667,19.8047506823308,14,1,57.0812767267319
24.0000000000001,11,178.821267892969,36.9133505420231,7,-78.415147083556,-6.4000000000012,-18.9846899763513,0,2,119.044133700866
24.0000000000001,12,132.431836666583,113.030449860711,8,-49.0428489254983,-6.42122070394796,13.8304571072047,10,2,47.1978601253385
24.0000000000001,13,84.4918457140278,3.13827913782074,5,-58.2854180231138,-7.40016097579173,5.66024883468576,6,1,62.7531537289171
24.0000000000001,14,177.860215006367,91.0605109499154,7,-80.195153658217,-6.40000000000224,-20.7646965510124,0,2,69.298664847788
24.0000000000001,15,190.278408205209,175.108469118613,1,-69.6704111229331,-5.6000356550738,-1.68433797451538,3,2,52.9625848031021
24.0000000000001,16,87.1288621351193,147.394993150691,2,-51.0707955765454,-4.8095966821013,20.3559764863677,14,2,67.1700531271919
24.0000000000001,17,143.174269238328,86.9668123152962,8,-57.8623499053533,-6.42016791635999,6.3681072018514,7,2,67.6167386830061
24.0000000000001,18,84.8640884112582,16.4731580217342,5,-56.1879585420261,-7.43173879018178,7.75770831577343,7,1,53.7754943611273
24.0000000000001,19,104.846771538996,51.0509061966658,6,-50.0166995847493,-5.61474779317051,17.5860731484177,12,1,59.6784948878992
24.0000000000001,20,43.164018282144,185.00901739055,4,-59.6705635712083,-5.60377734799435,8.31550957720944,8,2,114.855597548704
24.0000000000001,21,76.9438009768051,51.4512009677478,6,-59.5206358361641,-5.62393904154352,8.46543731225369,8,1,35.7816209153033
24.0000000000001,22,137.240157694087,32.3025476708449,6,-57.8955140701063,-5.60688345143481,10.0905590783115,8,1,92.0667960419604
24.0000000000001,23,121.684630664162,193.694339719606,8,-73.1617124217229,-6.40004919207878,-8.93125531451821,0,2,57.1244734256456
24.0000000000001,24,197.552254971877,33.0511837202394,7,-90.008356821058,-6.40000000000033,-21.1695428927953,0,2,128.415312880309
24.0000000000001,25,105.655241920894,95.5694869803738,8,-46.0886043791825,-6.4097912249754,13.8304571072047,10,2,74.036398593355
24.0000000000001,26,162.546547579847,92.7024681949061,7,-87.086438171798,-6.40000000000152,-21.1695428927953,0,2,63.1876016883779
24.0000000000001,27,71.9690163632599,155.437728264012,2,-59.2225189520617,-4.80915742822808,12.2042531108513,9,2,81.6740674632435
24.0000000000001,28,154.595003392049,102.869073316598,8,-54.2108677527673,-6.4288011291567,10.0195893544374,8,2,52.8648116066741
24.0000000000001,29,160.227569633728,182.978116956716,1,-67.8020556373101,-5.600041201866,0.184017511107672,3,2,41.7661271681205
24.0000000000001,30,48.1132630876128,5.24485868456365,5,-72.0911673052708,-7.40015965199488,-8.14550044747126,0,1,50.5849033837294
24.0000000000001,31,169.663404526242,137.270540270632,1,-65.5096820266633,-5.60018756205794,2.47639112175446,5,2,33.1803951538287
24.0000000000001,32,31.832371003406,90.1026290265279,2,-59.3577058399884,-4.83708966235875,12.0690662229246,9,1,49.9052461991443
24.0000000000001,33,179.315067406349,9.84542138608706,7,-82.9739870726442,-6.40000000000018,-21.1695428927953,0,1,137.430079829597
24.0000000000001,34,130.273791892944,41.4889855285777,6,-53.2348541207626,-5.60956044264278,14.7512190276551,11,1,84.0747823797627
24.0000000000001,35,140.703905902658,42.2275975405259,6,-53.0723028955471,-5.6077660074781,14.9137702528707,11,1,94.0205232169567
24.0000000000001,36,5.81575572594549,16.3329165043676,5,-72.7317827366134,-7.40001974095271,-8.78611587881381,0,1,60.31558632038
24.0000000000001,37,66.5721031141139,92.0170607830846,2,-47.7118272037386,-4.81443376967856,21.026772062913,14,1,50.914811189616
24.0000000000001,38,54.3304352238699,156.5844403314,3,-60.4167981011957,-4.80724643223383,11.0099739617174,9,2,98.7333301318856
24.0000000000001,39,73.9092837904152,116.661838885349,2,-49.8020413367078,-4.81457596863507,21.026772062913,14,1,74.6170531108462
24.0000000000001,40,84.781366772671,169.356293858688,2,-54.6681745752011,-4.81324672139135,16.758597487712,12,2,71.9749000137182
24.0000000000001,41,183.456758704027,169.594077024284,1,-67.7559062804017,-5.60003358372103,0.230166868016031,4,2,45.3379813998492
24.0000000000001,42,132.67382562444,63.7349996326679,6,-48.0841384485469,-5.60768230011934,17.5860731484177,12,1,87.0394258844211
24.0000000000001,43,83.5509248946491,48.4720836478502,6,-60.5829283651247,-5.62485933265741,7.40314478329308,7,1,40.9908415340006
24.0000000000001,44,40.6103598107693,116.115991738462,2,-52.062293329823,-4.82064065247291,19.36447873309,13,1,70.7936417091502
24.0000000000001,45,35.9625686580821,198.128401877813,4,-66.4666494415943,-5.6079288895818,1.51942370682342,4,2,125.988605891068
24.0000000000001,46,79.5143758390886,99.829033697163,2,-48.1207112596108,-4.81487841413933,21.026772062913,14,1,62.5002478424204
24.0000000000001,47,175.351498314736,71.9898568580456,7,-69.3258838892162,-6.40000000000094,-9.89542678201149,0,2,85.3260270950796
24.0000000000001,48,111.421906521152,80.1613211321627,8,-51.4489077597992,-6.40777981790205,12.7815493474054,10,2,83.1742770480613
24.0000000000001,49,87.8686328384044,157.340832255449,2,-58.0150434170743,-4.81138882093786,13.4117286458388,10,2,66.8314641734837
24.0000000000001,50,132.54667024235,34.4141704961971,6,-57.6136422229403,-5.60735749356357,10.3724309254775,9,1,87.2302748443506
24.0000000000001,51,175.278457144761,35.1615748660107,7,-78.0877277721453,-6.4000000000014,-18.6572706649407,0,2,119.912944600966
24.0000000000001,52,190.503848732883,170.538506989653,1,-67.9668580017227,-5.60004367037457,0.0192151466950783,3,2,51.133570494737
24.0000000000001,53,116.670620492536,142.986489509938,8,-54.2010250322087,-6.42709101181585,10.029432074996,8,2,41.3797881549285
24.0000000000001,54,74.2273113193643,2.97426512950073,5,-65.8479764294603,-7.40007914075986,-1.90230957166075,3,1,57.8846469616589
24.0000000000001,55,182.980969790001,36.2677418948743,7,-84.4539849557138,-6.40000000000081,-21.1695428927953,0,2,120.727051243621
24.0000000000001,56,31.3769280271243,8.44074203044705,5,-72.1846892478523,-7.40009358376957,-8.23902239005277,0,1,51.2468607105524
24.0000000000001,57,165.024336449768,146.561341800158,1,-69.1097760070786,-5.60122324356386,-1.12370285866083,3,2,28.1034705325013
24.0000000000001,58,28.9495491519969,57.7736408162557,2,-57.2016440466903,-4.80010351504378,14.2251280162228,11,1,32.4930911494175
24.0000000000001,59,84.8636428496192,33.4985746168357,6,-59.0749576433048,-5.60472516387328,8.91111550511294,8,1,45.1665875667173
24.0000000000001,60,29.9534735198946,169.650966983047,3,-64.0992946922735,-4.80536410812224,7.32747737063954,7,1,123.573731528573
24.0000000000001,61,56.8974986858068,185.267476265437,4,-60.4858588555032,-5.60928447160489,7.50021429291458,7,2,102.294284459556
24.0000000000001,62,166.154736215618,139.412996261616,1,-61.5776463149343,-5.60012383178591,6.40842683348341,7,2,30.4189110645457
24.0000000000001,63,112.695539500853,112.110430907348,8,-42,-6.41413513751422,13.8304571072047,10,2,58.1334002029752
24.0000000000001,64,123.94421705733,177.12268334253,8,-70.5158837953963,-6.41547626192985,-6.28542668819161,1,2,44.3485487525205
24.0000000000001,65,172.012691238408,166.569243128762,1,-69.7530909576017,-5.60004656938534,-1.76701780918391,3,2,36.2125446967966
24.0000000000001,66,82.1161634644291,70.6578433487435,6,-49.879225847237,-5.61759730463839,17.5860731484177,12,1,44.8379799667108
24.0000000000001,67,190.627609865284,101.173281394097,7,-84.6117645974312,-6.40000000000239,-21.1695428927953,0,2,67.7266648609372
24.0000000000001,68,61.3668623833274,138.001781050489,2,-52.6673091598547,-4.81222618494429,18.7594629030584,13,1,91.7919878230109
24.0000000000001,69,102.661804913481,42.5872039419475,6,-58.0728226948254,-5.61903104287573,9.91325045359239,8,1,58.1417684813926
24.0000000000001,70,23.2720609187964,62.4978765993363,2,-69.9499983325115,-4.80023039410109,1.47677373040155,4,1,37.7204141947138
24.0000000000001,71,146.950815617465,56.5123007317554,6,-49.5858086669827,-5.60638870320011,17.5860731484177,12,1,99.9705992265348
24.0000000000001,72,155.943516480606,136.887896686319,8,-63.596692419717,-6.44299733192446,0.633764687487711,4,2,27.5590754827494
24.0000000000001,73,84.3125170002959,147.37675045451,2,-52.7108133127807,-4.81003975194897,18.7159587501324,13,2,69.8138729839158
24.0000000000001,74,104.442496973292,87.498568514253,8,-46.9253058966986,-6.40803627858394,13.8304571072047,10,2,80.8341822485761
24.0000000000001,75,91.9232509086282,194.270334894762,4,-64.8847080665354,-5.62169968742328,3.10136508188237,5,2,76.7138927230041
24.0000000000001,76,182.125946034963,176.917826999552,1,-69.666115522567,-5.60002276741159,-1.68004237414923,3,2,48.0509710517821
24.0000000000001,77,190.910032864665,91.8388523667383,7,-71.7641933658742,-6.40000000000153,-12.3337362586695,0,2,74.8905860773306
24.0000000000001,78,20.6401009584466,120.872654594995,3,-57.2225427483605,-4.81502209346691,14.2042293145526,11,1,80.2320811214048
24.0000000000001,79,57.6614737089827,62.3578168755473,2,-48.8765424513114,-4.85451122538303,21.026772062913,14,1,27.6344679218362
24.0000000000001,80,106.376932611828,32.6835100397797,6,-51.8931896224558,-5.60897162403319,16.092883525962,12,1,63.4859776270395
24.0000000000001,81,115.628041851502,84.2531437087496,8,-50.3694952618793,-6.40859493612365,13.8304571072047,10,2,77.8224300516532
24.0000000000001,82,191.436641154726,118.020519906134,1,-64.3877692890903,-5.60010183962421,3.59830385932742,5,2,57.37536385296
24.0000000000001,83,111.880989219683,121.710443760782,8,-42,-6.41614531074281,13.8304571072047,10,2,52.9679900985663
24.0000000000001,84,37.8730503555088,110.436969246718,2,-55.9309017527275,-4.81459528869738,15.4958703101856,11,1,65.9692364622231
24.0000000000001,85,12.6063497212104,191.436729738457,4,-66.9013857077645,-5.60566919756777,1.08468744065327,4,2,145.417563273314
24.0000000000001,86,158.261900299014,78.7362443595713,7,-81.5985851903908,-6.40000000000704,-21.1695428927953,0,2,75.4919324466501
24.0000000000001,87,153.894945205645,122.930508214456,8,-48.7411469049574,-6.45267354508585,13.8304571072047,10,2,36.0579808597568
24.0000000000001,88,110.880336152927,70.7012370596761,6,-50.0932161044587,-5.60601333619893,17.5860731484177,12,1,68.4631765688262
24.0000000000001,89,15.0473746145542,102.243122307066,3,-59.8680489118601,-4.82490241369305,11.5587231510529,9,1,67.1064814285952
24.0000000000001,90,129.966846328169,59.7403823761966,6,-53.1296530582473,-5.60809097560604,14.8564200901704,11,1,83.9155620877764
24.0000000000001,91,100.403579553879,142.816050899164,8,-50.0164976751878,-6.41644170519362,13.8304571072047,10,2,55.3503752991049
24.0000000000001,92,87.7567025226289,13.0703571024324,5,-54.3716546648713,-7.41943748092521,8.94566685779954,8,1,57.8067220133105
24.0000000000001,93,72.1425450894811,186.263966315261,4,-64.5580852757912,-5.6036325767623,3.42798787262652,5,2,89.0455419325296
24.0000000000001,94,81.3468513734366,82.6191991946445,2,-48.5057785298526,-4.81371044061151,21.026772062913,14,1,50.9792825285745
24.0000000000001,95,196.585225734996,166.900367169558,1,-62.1905292954384,-5.60000395453904,5.7955438529794,6,2,54.8457442947615
24.0000000000001,96,58.0893607931547,179.80587498968,4,-56.661604382194,-5.60579794619278,11.3244687662238,9,2,99.4394578792107
24.0000000000001,97,91.8675444527878,115.589854262503,2,-46.9881784478386,-4.80934247684378,21.026772062913,14,2,71.5240555171781
24.0000000000001,98,193.970354854568,23.8974702557612,7,-93.7699133048407,-6.40000000000033,-21.1695428927953,0,2,135.600479770292
24.0000000000001,99,122.981378474575,153.497849199028,8,-53.7230972415743,-6.43361109671402,10.5073598656304,9,2,35.979033591153
24.0000000000001,100,69.9908876075291,40.8693673202134,6,-57.4329449019967,-5.61632212305678,10.5531282464211,9,1,32.1753638747109
24.5000000000001,1,1.95496601478701,171.678987937222,3,-68.2148600887793,-4.81074335591123,3.21191197413371,5,1,132.914827600486
24.5000000000001,2,189.018994988587,40.1632255859299,7,-81.9205704882102,-6.40000000000034,-21.1695428927953,0,2,118.906892077822
24.5000000000001,3,148.192857095047,1.49695674718154,5,-58.8908703563468,-7.40091814314555,5.05479650145276,6,1,112.011751121358
24.5000000000001,4,63.9300798073466,1.28061638142479,5,-70.1317111305506,-7.40013969113325,-6.1860442727511,1,1,55.8558453844621
24.5000000000001,5,57.3895255280258,87.4808049837227,2,-46.4283071394607,-4.83685941216751,21.026772062913,14,1,44.8515978506586
24.5000000000001,6,131.765644756834,24.7827830727872,6,-56.9767194381538,-5.61017767683031,11.009353710264,9,1,88.7343151889668
24.5000000000001,7,47.2999464018354,93.8966493925769,2,-57.0713125066735,-4.83635943129651,14.3554595562395,11,1,49.864377237942
24.5000000000001,8,133.645533376198,119.658537299125,8,-43.642522390246,-6.43114491307279,13.8304571072047,10,2,41.7171779651698
24.5000000000001,9,192.80496036651,168.100757133313,1,-68.7294472389767,-5.60002937576775,-0.743374090558927,3,2,52.0783260174296
24.5000000000001,10,69.668506435993,98.1506218709176,2,-42,-4.82016934402576,21.026772062913,14,1,57.0752357154904
24.5000000000001,11,179.732395245079,36.9114804670968,7,-78.5297258603619,-6.40000000000086,-19.0992687531572,0,2,119.269772269228
24.5000000000001,12,132.334784390978,112.816001519123,8,-44.9113386208308,-6.42419895918488,13.8304571072047,10,2,47.402105285937
24.5000000000001,13,84.4301530903486,2.04482817791195,5,-60.0396354792567,-7.40001335119849,3.90603137854286,5,1,63.5404119148659
24.5000000000001,14,177.722835986742,89.9583817313087,7,-80.5933358542478,-6.40000000000153,-21.1628787470431,0,2,70.1840548805142
24.5000000000001,15,190.190338440524,175.029039353738,1,-71.7930079110585,-5.60003606681324,-3.8069347626407,2,2,52.8579806172619
24.5000000000001,16,87.0528218245098,147.812166467101,2,-58.2138868592598,-4.81234900241569,13.2128852036533,10,2,67.2263628037735
24.5000000000001,17,142.626089988201,87.0880253453282,8,-56.8129411367877,-6.42115423747054,7.41751597041695,7,2,67.5613876693794
24.5000000000001,18,85.5284309107388,15.4389157986817,5,-59.0093260858403,-7.41384212315475,4.93634077195927,6,1,54.8542427178587
24.5000000000001,19,104.722151849029,50.6548067433053,6,-55.1813776811522,-5.61133057023624,12.8046954672656,10,1,59.5583132304744
24.5000000000001,20,43.3086339373018,184.80581385361,4,-61.7003668648811,-5.60637401262535,6.28570628353664,7,2,114.659244155615
24.5000000000001,21,76.9109087137587,51.4177232633156,6,-49.3178367303321,-5.63310288589552,17.5860731484177,12,1,35.7555163163896
24.5000000000001,22,137.838842197996,31.8587981266498,6,-59.0669631204126,-5.60884480418,8.91911002800513,8,1,92.7200916958891
24.5000000000001,23,121.681372182301,193.695201980677,8,-66.171321796341,-6.40001372329414,-1.94086468913638,3,2,57.1267481798985
24.5000000000001,24,197.344715283817,32.482311202462,7,-83.26079636409,-6.4000000000009,-21.1695428927953,0,2,128.857204865
24.5000000000001,25,105.703588297956,95.5593801803127,8,-44.6056567870669,-6.41005199095598,13.8304571072047,10,2,74.014884827504
24.5000000000001,26,162.755219651428,92.2119737269874,7,-72.5398135461643,-6.40000000000157,-13.1093564389596,0,2,63.674183221197
24.5000000000001,27,71.3998225345249,155.890709510739,2,-50.9760743719551,-4.8087519470147,20.450697690958,14,2,82.2492453226416
24.5000000000001,28,154.16921199108,103.139213705757,8,-52.2165126507337,-6.41099170349831,12.013944456471,9,2,52.5886453594433
24.5000000000001,29,159.976166285455,183.352124301415,1,-67.8493514175605,-5.60018167204375,0.136721730857264,3,2,42.0016438865443
24.5000000000001,30,48.5543705525993,5.41951420960108,5,-65.1366699482338,-7.40018979912444,-1.1910030904343,3,1,50.4158661316768
24.5000000000001,31,169.729274806021,136.405773833227,1,-70.9125358279853,-5.60019548984103,-2.92646267956755,2,2,33.5603526418432
24.5000000000001,32,31.6914445772167,90.1205263659571,2,-59.6236042101979,-4.81129424366331,11.8031678527151,9,1,49.9710900176351
24.5000000000001,33,178.999166907021,8.6392047004493,7,-82.8883621894478,-6.40000000000022,-21.1695428927953,0,1,137.490910428714
24.5000000000001,34,130.38612018266,42.8971716278649,6,-59.7829870532331,-5.60773460305572,8.20308609518466,8,1,84.0513443610808
24.5000000000001,35,139.304292068991,41.9186765233495,6,-54.3667247367337,-5.60727984837915,13.619348411684,10,1,92.6974345442094
24.5000000000001,36,5.75333445167196,16.2823837504931,5,-62.4211928041491,-7.40000939737774,1.52447405365043,4,1,60.3895277154459
24.5000000000001,37,66.3985483519866,92.1033696524721,2,-44.3134139239158,-4.82516300653511,21.026772062913,14,1,50.9299138438811
24.5000000000001,38,54.7653544712822,156.659333252809,3,-56.5913823610447,-4.80618888833184,14.8353897018683,11,2,98.3170098627521
24.5000000000001,39,72.7792956555661,116.361740009889,2,-53.450771889548,-4.81503642821217,17.9760001733651,13,1,73.9934243544908
24.5000000000001,40,84.8156785752074,169.298153899494,2,-54.1577299266302,-4.81413167714375,17.2690421362829,12,2,71.9281899086806
24.5000000000001,41,183.296637344079,169.109682050002,1,-69.7340598470608,-5.60002427090898,-1.74798669864301,3,2,45.012176202393
24.5000000000001,42,132.600134608092,63.8166918490025,6,-58.6730242814769,-5.60619893716493,9.31304886694081,8,1,86.9823729897344
24.5000000000001,43,83.6671758887743,48.7473664440488,6,-48.4369849290425,-5.62811724702602,17.5860731484177,12,1,41.0767309209382
24.5000000000001,44,40.2373940056358,115.973524939586,2,-55.1831343932678,-4.8196192413142,16.2436376696453,12,1,70.7111339801266
24.5000000000001,45,36.1858252274179,198.071313785234,4,-61.1215900619434,-5.6077847861731,6.86448308647434,7,2,125.764731098199
24.5000000000001,46,79.6308145585545,100.086437182078,2,-44.0176223337925,-4.81506838783936,21.026772062913,14,1,62.7605478067045
24.5000000000001,47,175.216785384438,71.3407713850468,7,-65.0017883407081,-6.40000000000062,-5.57133123350346,1,2,85.8802102432468
24.5000000000001,48,111.534212221735,79.9572421484634,8,-50.9254426881051,-6.40999471483922,13.3050144190996,10,2,83.2937858237428
24.5000000000001,49,89.2240213618737,157.832533867195,2,-51.7807337974099,-4.81241869844418,19.6460382655031,14,2,65.6301620156673
24.5000000000001,50,133.493050231707,33.5714928806099,6,-58.0345649488116,-5.61004686276015,9.95150819960617,8,1,88.279302688491
24.5000000000001,51,175.618789872759,36.0672268129399,7,-78.4348831892348,-6.40000000000099,-19.0044260820301,0,2,119.118634984786
24.5000000000001,52,190.45822568088,169.999682628976,1,-69.7942817943384,-5.60003358438479,-1.80820864592063,3,2,50.8832519647159
24.5000000000001,53,116.50680762152,143.259199742772,8,-47.7174861817183,-6.42286038173579,13.8304571072047,10,2,41.4666410963047
24.5000000000001,54,74.3331888403264,3.30624932423296,5,-67.2447142572863,-7.40006513589845,-3.2990473994868,2,1,57.6598684642072
24.5000000000001,55,181.731449086323,36.663448385594,7,-79.1046623861491,-6.40000000000073,-19.6742052789444,0,2,120.017951961208
24.5000000000001,56,31.8366815475722,8.58915751719609,5,-58.2989965085242,-7.40006820172519,5.64667034927536,6,1,50.9609067064147
24.5000000000001,57,165.181138756462,147.09384785015,1,-66.9924989879798,-5.60067889236938,0.993574160437934,4,2,28.1276144431241
24.5000000000001,58,27.9184375402939,58.4881887550684,2,-69.5292993702974,-4.8004838659837,1.89747269261564,4,1,33.3450858299026
24.5000000000001,59,85.0866495423726,32.6351096595815,6,-51.4616623466086,-5.61046597495979,16.5244108018091,12,1,45.6602933920057
24.5000000000001,60,30.0269424723322,168.736892154307,3,-56.173727266208,-4.81297366101657,15.2530447967051,11,1,122.676903227409
24.5000000000001,61,57.5977094305889,184.695283507605,4,-62.4540277945327,-5.60691276546719,5.53204535388506,6,2,101.460317366678
24.5000000000001,62,165.719911820266,138.648468401358,1,-67.8060549380762,-5.60044088042406,0.180018210341577,3,2,30.4667506845066
24.5000000000001,63,113.064253892644,111.542794873429,8,-43.0745876422325,-6.41388294733891,13.8304571072047,10,2,58.2705411563532
24.5000000000001,64,124.37012293552,176.267889039683,8,-66.1232897877475,-6.40433446858256,-1.89283268054278,3,2,43.5791531921108
24.5000000000001,65,172.671868321453,165.228147504377,1,-63.7707407706105,-5.60001958689991,4.21533237780728,5,2,36.0299887538197
24.5000000000001,66,81.003403377714,70.307337696135,6,-47.9496814231143,-5.62105141691105,17.5860731484177,12,1,43.8844959559308
24.5000000000001,67,189.908506675025,100.809570559197,7,-80.7420675948477,-6.4000000000001,-21.1695428927953,0,2,67.562099239153
24.5000000000001,68,61.3661874195634,138.395900787153,2,-51.4985795553976,-4.81381688629147,19.9281925075155,14,1,92.1698187718129
24.5000000000001,69,102.110660253708,42.7683465205482,6,-49.3123413366996,-5.61778942381349,17.5860731484177,12,1,57.6200288452227
24.5000000000001,70,23.2603073498432,62.481468758662,2,-66.4011924435714,-4.80008325581048,5.02557961934164,6,1,37.7233114320351
24.5000000000001,71,147.739131862455,56.9620231933162,7,-83.1620612753449,-6.40000000000149,-21.1695428927953,0,2,95.9865962153904
24.5000000000001,72,156.499403642985,136.911885155797,8,-53.5547737791419,-6.40025775361955,10.6756833280627,9,2,27.6729289720025
24.5000000000001,73,84.3146355718551,147.336456369776,2,-57.12785410406,-4.8119012882683,14.298917958853,11,2,69.8134053368571
24.5000000000001,74,104.637985661329,86.8916876613974,8,-49.7663919212514,-6.40904151805863,13.8304571072047,10,2,81.1949593945856
24.5000000000001,75,92.8689751973679,194.774299409722,4,-67.0847462935102,-5.61711866222264,0.901326854907584,4,2,76.2950973695582
24.5000000000001,76,182.736138624789,176.81208658474,1,-73.3299855225477,-5.60002189977609,-5.34391237412995,1,2,48.4024044763173
24.5000000000001,77,191.345803206158,91.5997280292447,7,-95.4412793735841,-6.40000000000039,-21.1695428927953,0,2,75.314787452535
24.5000000000001,78,20.8679988450841,121.677916896245,3,-56.8964695013797,-4.82131852880586,14.5303025615333,11,1,80.861902413158
24.5000000000001,79,58.7958867374212,62.4891487365659,2,-56.7471709072453,-4.8356869644583,14.6796011556677,11,1,28.0284937101801
24.5000000000001,80,106.341378187006,32.0314690389223,6,-57.1916069746027,-5.61667175308257,10.7944661738151,9,1,63.6354382471786
24.5000000000001,81,115.643011687633,84.012895730654,8,-48.4372107026233,-6.41074925688087,13.8304571072047,10,2,78.0189116544807
24.5000000000001,82,191.07307024717,117.880134157457,1,-56.1113653825617,-5.60033084881342,11.8747077658561,9,2,57.1920700908079
24.5000000000001,83,111.638039549145,120.467888376792,8,-43.9302897702528,-6.41459583133121,13.8304571072047,10,2,53.8148271999326
24.5000000000001,84,37.8698144141774,109.419793946271,2,-59.0817276149471,-4.81909643275781,12.3450444479659,10,1,65.0392444218401
24.5000000000001,85,11.3642187747999,191.249246552013,4,-69.9269048539181,-5.60173802723496,-1.94083170550033,3,2,146.538835047336
24.5000000000001,86,158.182450330029,79.66169640327,7,-65.3783604858476,-6.40000000000163,-5.94790337864289,1,2,74.6101832611953
24.5000000000001,87,152.462085434557,122.522083005847,8,-54.6577491603651,-6.43417127021998,9.57270794683956,8,2,36.2401405491845
24.5000000000001,88,111.05895842938,70.7099222009988,6,-50.9573897887543,-5.60836802232928,17.0286833596635,12,1,68.6246842036605
24.5000000000001,89,14.757354110205,102.044377112755,3,-66.0205885824841,-4.8065753720974,5.40618348042898,6,1,67.1037352042949
24.5000000000001,90,129.126290775983,59.677116981558,6,-59.1950199723237,-5.60498652198121,8.79105317609408,8,1,83.1075597346
24.5000000000001,91,100.338524577208,142.264115553325,8,-49.5295169014031,-6.41464479479521,13.8304571072047,10,2,55.4829347578234
24.5000000000001,92,87.791673132402,13.1014657494992,5,-54.9502171879463,-7.40454211048779,8.94566685779954,8,1,57.8097084232544
24.5000000000001,93,72.9836447205044,186.471664332193,4,-63.6929540083445,-5.61240501235775,4.29311914007329,5,2,88.3965569448135
24.5000000000001,94,80.6703615365468,83.5901658594637,2,-44.6142342614817,-4.81766475703848,21.026772062913,14,1,51.1978546352166
24.5000000000001,95,196.340927575475,167.064584275272,1,-63.9763390202285,-5.60000860304281,4.00973412818925,5,2,54.6894103556004
24.5000000000001,96,57.4828467144368,179.175132026088,4,-54.9300213590145,-5.60818515234509,13.0560517894033,10,2,99.8141371790794
24.5000000000001,97,91.7691234984482,115.952814833357,2,-53.0016590280257,-4.80748178814298,18.4251130348874,13,2,71.4303562633607
24.5000000000001,98,194.190881514779,22.6836690401562,7,-86.535834288063,-6.40000000000055,-21.1695428927953,0,2,136.801067752155
24.5000000000001,99,122.079802440588,154.227415095408,8,-52.0701802804364,-6.43335072236322,12.1602768267682,9,2,36.7376982151233
24.5000000000001,100,70.021813098154,39.690952622905,6,-53.3464023699436,-5.60719339530447,14.6396707784742,11,1,32.5484171283428
25.0000000000001,1,1.04624907520312,172.57509157982,3,-65.5286098364869,-4.81059170957314,5.89816222642616,6,1,134.064808228738
25.0000000000001,2,189.364629145155,40.1584876598167,7,-79.7844842236343,-6.40000000000032,-20.3540271164296,0,2,119.025131215699
25.0000000000001,3,148.218279444961,0.634651005151644,5,-61.4777463828055,-7.40713761304591,2.46792047499404,5,1,112.410044473399
25.0000000000001,4,64.691050252191,1.20099888624056,5,-67.6611573906594,-7.40012573746552,-3.71549053285988,2,1,56.1196887661817
25.0000000000001,5,57.2599655710946,87.2017118161796,2,-51.0689581151879,-4.83266877476784,20.3578139477252,14,1,44.5973593629438
25.0000000000001,6,131.721654454312,24.8897819647647,6,-58.181452855033,-5.61149028902134,9.8046202933847,8,1,88.6634189309607
25.0000000000001,7,47.5591102035771,93.0906036669034,2,-51.5677367030133,-4.83555874926454,19.8590353598997,14,1,49.1427315823656
25.0000000000001,8,133.838357227671,118.463667287019,8,-47.2997326149534,-6.42852975549349,13.8304571072047,10,2,42.5204536439134
25.0000000000001,9,192.229290338248,167.457772489654,1,-73.5210174430492,-5.60003502336561,-5.53494429463143,1,2,51.384207523057
25.0000000000001,10,69.1139138893516,98.3737107332158,2,-51.9397464244861,-4.81937998103126,19.487025638427,13,1,57.0754552699353
25.0000000000001,11,180.643522597189,36.9096103921706,7,-80.2527776793702,-6.40000000000047,-20.8223205721655,0,2,119.501931778591
25.0000000000001,12,132.237732115373,112.601553177536,8,-43.2945445861458,-6.42417876466202,13.8304571072047,10,2,47.6066380364956
25.0000000000001,13,84.3684604666694,0.951377218003174,5,-65.2598452590469,-7.40004794156384,-1.31417840124735,3,1,64.3366806080298
25.0000000000001,14,177.585456967116,88.856252512702,7,-65.1661475501154,-6.40000000000074,-5.73569044291076,1,2,71.0757714898338
25.0000000000001,15,190.102268675839,174.949609588864,1,-77.4903268041785,-5.60003146910105,-9.50425365576075,0,2,52.7534356377468
25.0000000000001,16,86.9767815139004,148.229339783512,2,-56.7130733992117,-4.81254659264732,14.7136986637014,11,2,67.2852978439488
25.0000000000001,17,142.077910738075,87.2092383753602,8,-52.3528573201279,-6.4185301103555,11.8775997870768,9,2,67.5106602224882
25.0000000000001,18,86.1927734102195,14.4046735756292,5,-60.8613437078896,-7.42294729165084,3.08432314990994,5,1,55.9392001228208
25.0000000000001,19,104.597532159063,50.2587072899448,6,-55.4602519037993,-5.60446693323491,12.5258212446185,10,1,59.4407894237766
25.0000000000001,20,43.4532495924596,184.60261031667,4,-61.376443393398,-5.60527338225007,6.60962975501974,7,2,114.463097385725
25.0000000000001,21,76.8780164507124,51.3842455588834,6,-52.5479888324814,-5.62926114728054,15.4380843159364,11,1,35.7294542932306
25.0000000000001,22,138.437526701905,31.4150485824547,6,-59.0992174654946,-5.60650323513821,8.88685568292319,8,1,93.3747639801173
25.0000000000001,23,121.67811370044,193.696064241748,8,-66.5652788817841,-6.40001868267257,-2.33482177457943,2,2,57.1290230424446
25.0000000000001,24,197.137175595757,31.9134386846846,7,-81.5822937558347,-6.40000000000039,-21.1695428927953,0,2,129.300422607279
25.0000000000001,25,105.751934675019,95.5492733802517,8,-48.8130339982842,-6.41003174217094,13.8304571072047,10,2,73.9933977758988
25.0000000000001,26,162.963891723009,91.7214792590687,7,-84.433952333307,-6.40000000000289,-21.1695428927953,0,2,64.1615030088686
25.0000000000001,27,70.83062870579,156.343690757465,2,-50.0309625780633,-4.80931750009918,21.026772062913,14,2,82.8268179006464
25.0000000000001,28,153.743420590111,103.409354094915,8,-49.1906044301701,-6.43165322587157,13.8304571072047,10,2,52.3158817527473
25.0000000000001,29,159.724762937181,183.726131646114,1,-74.7746965574681,-5.60014861539342,-6.78862340905034,0,2,42.240655416262
25.0000000000001,30,48.9954780175857,5.59416973463851,5,-70.5021182898623,-7.4001653285394,-6.55645143206274,1,1,50.2507395564408
25.0000000000001,31,169.7951450858,135.541007395821,1,-62.9758527797474,-5.60036061654698,5.01022036867031,6,2,33.9582130874929
25.0000000000001,32,31.5505181510274,90.1384237053863,2,-58.2427584149096,-4.82713969950222,13.1840136480035,10,1,50.037250504486
25.0000000000001,33,178.683266407692,7.43298801481153,7,-92.0842492760489,-6.4000000000002,-21.1695428927953,0,1,137.563016696714
25.0000000000001,34,130.498448472375,44.305357727152,6,-54.3099725886173,-5.60772374967459,13.6761005598005,10,1,84.0516457725565
25.0000000000001,35,137.904678235325,41.609755506173,6,-51.9120926718626,-5.60786435158205,16.0739804765552,12,1,91.3776704579526
25.0000000000001,36,5.69091317739844,16.2318509966186,5,-57.2116183293407,-7.40000881604879,6.73404852845888,7,1,60.4634853623856
25.0000000000001,37,66.2249935898594,92.1896785218597,2,-53.9544597508847,-4.82000949991103,17.4723123120284,12,1,50.9457494867712
25.0000000000001,38,55.2002737186945,156.734226174218,3,-61.6156737739577,-4.80728916245484,9.81109828895538,8,2,97.9009086024025
25.0000000000001,39,71.6493075207169,116.061641134428,2,-50.0305425544234,-4.81417051443156,21.026772062913,14,1,73.3831243917875
25.0000000000001,40,84.8499903777437,169.2400139403,2,-56.4819745354919,-4.81274050598933,14.9447975274211,11,2,71.8815128541618
25.0000000000001,41,183.136515984131,168.62528707572,1,-60.148852048936,-5.60000523727167,7.83722109948179,7,2,44.6898199841924
25.0000000000001,42,132.526443591745,63.8983840653372,6,-52.5367309858099,-5.60771734113552,15.4493421626079,11,1,86.9254218944557
25.0000000000001,43,83.7834268828994,49.0226492402474,6,-53.8266706428502,-5.62771118049461,14.1594025055675,11,1,41.1646103644842
25.0000000000001,44,39.8644282005022,115.831058140711,2,-50.129468401108,-4.82360207521135,21.026772062913,14,1,70.6307867125127
25.0000000000001,45,36.4090817967536,198.014225692656,4,-60.8093720233129,-5.60767867201991,7.17670112510486,7,2,125.540880063515
25.0000000000001,46,79.7472532780204,100.343840666992,2,-46.7561478653338,-4.81516422623171,21.026772062913,14,1,63.0210391114759
25.0000000000001,47,175.08207245414,70.6916859120479,7,-84.5522432797005,-6.400000000002,-21.1695428927953,0,2,86.4359244878423
25.0000000000001,48,111.646517922318,79.753163164764,8,-48.9714192800315,-6.40898835929239,13.8304571072047,10,2,83.4137738796138
25.0000000000001,49,90.5794098853431,158.324235478942,2,-57.1547474500941,-4.81422692148042,14.272024612819,11,2,64.4387261348557
25.0000000000001,50,134.439430221064,32.7288152650227,6,-59.3099543853287,-5.6082813970944,8.67611876308905,8,1,89.3339868034985
25.0000000000001,51,175.959122600757,36.972878759869,7,-82.8905199313672,-6.40000000000165,-21.1695428927953,0,2,118.326903880869
25.0000000000001,52,190.412602628877,169.4608582683,1,-59.4532324438172,-5.60000086354042,8.53284070460052,8,2,50.6374708667243
25.0000000000001,53,116.342994750503,143.531909975605,8,-52.1852075264374,-6.42219448805004,12.0452495807673,9,2,41.5557479890369
25.0000000000001,54,74.4390663612886,3.6382335189652,5,-64.0860439433033,-7.40007719523326,-0.140377085503752,3,1,57.4363243588365
25.0000000000001,55,180.481928382645,37.0591548763136,7,-80.1014321738315,-6.40000000000047,-20.6709750666269,0,2,119.319036432487
25.0000000000001,56,32.2964350680201,8.73757300394512,5,-69.3859861431178,-7.40009848336922,-5.44031928531822,1,1,50.6779448370352
25.0000000000001,57,165.337941063157,147.626353900142,1,-59.4032746412263,-5.60091162785407,8.5827985071914,8,2,28.1626815460504
25.0000000000001,58,26.887325928591,59.2027366938811,2,-66.4520581974776,-4.80015771451093,4.97471386543543,6,1,34.2218653113487
25.0000000000001,59,85.3096562351261,31.7716447023273,6,-56.0686868401019,-5.64254096625791,11.9173863083159,9,1,46.1659480602421
25.0000000000001,60,30.1004114247699,167.822817325567,3,-58.2337731665876,-4.81080807961622,13.1929988963254,10,1,121.780375709707
25.0000000000001,61,58.297920175371,184.123090749772,4,-60.717572162755,-5.6068554210128,7.2685009856627,7,2,100.627564645478
25.0000000000001,62,165.285087424914,137.883940541101,1,-62.0832217317739,-5.60125478400238,5.90285141664387,7,2,30.5398558346112
25.0000000000001,63,113.432968284435,110.975158839509,8,-45.9264503685432,-6.41439942027672,13.8304571072047,10,2,58.4152038093567
25.0000000000001,64,124.796028813709,175.413094736835,8,-64.5051725853816,-6.42288777976638,-0.274715478176932,3,2,42.8172342364934
25.0000000000001,65,173.331045404499,163.887051879991,1,-66.8104669767192,-5.60006601657211,1.17560617169858,4,2,35.9087439154361
25.0000000000001,66,79.8906432909989,69.9568320435264,6,-48.3258897447542,-5.62084354374976,17.5860731484177,12,1,42.9415381834799
25.0000000000001,67,189.189403484767,100.445859724297,7,-78.3236646484248,-6.4000000000025,-18.8932075412202,0,2,67.4067664552746
25.0000000000001,68,61.3655124557995,138.790020523817,2,-51.4318280830778,-4.80543566928976,19.9949439798353,14,2,92.3795757842581
25.0000000000001,69,101.559515593935,42.949489099149,6,-55.8516393631635,-5.61620388457196,12.1344337852542,9,1,57.0994163914509
25.0000000000001,70,23.2485537808899,62.4650609179877,2,-69.6134536074893,-4.80034495449645,1.81331845542377,4,1,37.7262192447518
25.0000000000001,71,148.527448107444,57.4117456548771,7,-71.1652617028023,-6.40000000000098,-11.7348045955976,0,2,95.5353507962023
25.0000000000001,72,157.055290805363,136.935873625274,8,-61.7241328979552,-6.40102851502446,2.5063242092495,5,2,27.7974553922306
25.0000000000001,73,84.3167541434144,147.296162285041,2,-58.9376659860826,-4.81176338302568,12.4891060768305,10,2,69.8129610075773
25.0000000000001,74,104.833474349366,86.2848068085418,8,-45.0183995753248,-6.4086828433475,13.8304571072047,10,2,81.559125073619
25.0000000000001,75,93.8146994861075,195.278263924681,4,-64.3758250844546,-5.62265007412197,3.61024806396319,5,2,75.8891242397055
25.0000000000001,76,183.346331214615,176.706346169929,1,-75.2608713007007,-5.60002118911708,-7.27479815228295,0,2,48.7591707396962
25.0000000000001,77,191.781573547651,91.3606036917511,7,-69.0255399225784,-6.40000000000027,-9.59508281537373,0,2,75.7398751485213
25.0000000000001,78,21.0958967317215,122.483179197496,3,-61.7201962736452,-4.81421626606831,9.70657578926781,8,1,81.4954505007464
25.0000000000001,79,59.9302997658597,62.6204805975845,2,-48.8220306077481,-4.85673332838842,21.026772062913,14,1,28.4629124292269
25.0000000000001,80,106.305823762185,31.3794280380648,6,-61.0892972239899,-5.61782279239039,6.89677592442783,7,1,63.791233643251
25.0000000000001,81,115.657981523764,83.7726477525584,8,-49.1353600884308,-6.41097365897319,13.8304571072047,10,2,78.2156404993837
25.0000000000001,82,190.709499339613,117.739748408781,1,-68.1588651312581,-5.61279427843896,-0.172791982840321,3,2,57.0108513285912
25.0000000000001,83,111.395089878606,119.225332992802,8,-46.3967494822687,-6.4152072196665,13.8304571072047,10,2,54.677867687802
25.0000000000001,84,37.866578472846,108.402618645825,2,-57.0227273943468,-4.82763565112612,14.4040446685662,11,1,64.1119004760061
25.0000000000001,85,10.1220878283894,191.061763365568,4,-66.1609096265262,-5.60427885300395,1.82516352189151,4,2,147.66227928682
25.0000000000001,86,158.103000361045,80.5871484469688,7,-89.2328701712254,-6.4000000000025,-21.1695428927953,0,2,73.7295909087677
25.0000000000001,87,151.02922566347,122.113657797237,8,-60.190352221801,-6.45049832397672,4.04010488540369,5,2,36.4822886743137
25.0000000000001,88,111.237580705833,70.7186073423215,6,-52.9930196942195,-5.61069859731911,14.9930534541982,11,1,68.7862775625244
25.0000000000001,89,14.4673336058559,101.845631918443,3,-63.8917668613747,-4.82386663603524,7.53500520153835,7,1,67.1028310140509
25.0000000000001,90,128.285735223797,59.6138515869195,6,-52.9802191430242,-5.60845729299832,15.0058540053936,11,1,82.3002580911245
25.0000000000001,91,100.273469600536,141.712180207486,8,-58.7162059112832,-6.40930510582309,5.5142511959215,6,2,55.6207315888777
25.0000000000001,92,87.8266437421751,13.1325743965661,5,-59.9829737775298,-7.41801151195675,3.96269308026978,5,1,57.812732571832
25.0000000000001,93,73.8247443515278,186.679362349125,4,-63.8265993711397,-5.6080220185,4.15947377727804,5,2,87.7513258899746
25.0000000000001,94,79.9938716996571,84.5611325242828,2,-44.8029173407448,-4.81764983007932,21.026772062913,14,1,51.442727580257
25.0000000000001,95,196.096629415954,167.228801380986,1,-74.7103284925843,-5.60003730345479,-6.72425534416653,0,2,54.534217153428
25.0000000000001,96,56.8763326357189,178.544389062496,4,-64.8679557680829,-5.6079069744452,3.11811738033481,5,2,100.195057614258
25.0000000000001,97,91.6707025441087,116.315775404211,2,-46.9863784436573,-4.80879563652755,21.026772062913,14,2,71.3385164432047
25.0000000000001,98,194.41140817499,21.4698678245511,7,-83.4144173877195,-6.40000000000027,-21.1695428927953,0,2,138.002239304744
25.0000000000001,99,121.178226406602,154.956980991789,8,-53.9372946044004,-6.43689966619081,10.2931625028043,8,2,37.5168801157835
25.0000000000001,100,70.0527385887789,38.5125379255966,6,-59.832301591409,-5.6447750793491,8.15377155700878,8,1,32.959431272714
25.5000000000001,1,0.137532135619228,173.471195222418,3,-63.0862242071942,-4.8097769010125,8.3405478557188,8,1,135.217054217207
25.5000000000001,2,189.710263301724,40.1537497337035,7,-65.6296599409374,-6.40000000000064,-6.19920283373276,1,2,119.144255879409
25.5000000000001,3,148.243701794875,0.17246114840598,5,-59.3002447601066,-7.40938184919852,4.64542209769293,6,1,112.635955939333
25.5000000000001,4,65.4520206970353,1.12138139105634,5,-65.9104285682353,-7.40010736973926,-1.96476171043577,3,1,56.3926794960142
25.5000000000001,5,57.1304056141634,86.9226186486364,2,-53.9428976172572,-4.82681151424582,17.4838744456558,12,1,44.3437983498834
25.5000000000001,6,131.67766415179,24.9967808567422,6,-61.2934418324429,-5.61055833801772,6.69263131597481,7,1,88.5926170107778
25.5000000000001,7,47.8182740053188,92.2845579412299,2,-53.8142541190319,-4.8285673750566,17.6125179438812,13,1,48.4251357107143
25.5000000000001,8,134.031181079144,117.268797274914,8,-44.3180962147336,-6.43034017335854,13.8304571072047,10,2,43.3426442381839
25.5000000000001,9,191.653620309986,166.814787845995,1,-71.6344509603515,-5.60004163862745,-3.64837781193375,2,2,50.6952776423439
25.5000000000001,10,68.5593213427102,98.5967995955139,2,-52.47512844626,-4.81830396156684,18.951643616653,13,1,57.0819353178264
25.5000000000001,11,181.554649949299,36.9077403172443,7,-72.9407159198357,-6.40000000000038,-13.5102588126311,0,2,119.740574299502
25.5000000000001,12,132.140679839768,112.387104835948,8,-45.1292155446815,-6.42547772078397,13.8304571072047,10,2,47.811454686169
25.5000000000001,13,84.3067678429902,0,5,-64.4711668377391,-7.40005990898603,-0.525499979939577,3,1,65.0323328801361
25.5000000000001,14,177.448077947491,87.7541232940953,7,-96.8146170053857,-6.40000000000204,-21.1695428927953,0,2,71.9735795267834
25.5000000000001,15,190.014198911154,174.87017982399,1,-68.7816607342475,-5.60002060839138,-0.795587585829762,3,2,52.6489502172546
25.5000000000001,16,86.900741203291,148.646513099922,2,-55.7672966147608,-4.81132398571542,15.6594754481523,11,2,67.3468513553733
25.5000000000001,17,141.529731487948,87.3304514053921,8,-55.3246841025805,-6.41695241841992,8.90577300462413,8,2,67.4645667718853
25.5000000000001,18,86.8571159097002,13.3704313525768,5,-59.7506151125289,-7.41683094868196,4.19505174527068,5,1,57.030012208287
25.5000000000001,19,104.472912469096,49.8626078365842,6,-55.7154128425458,-5.61596669935927,12.270660305872,9,1,59.3259392632966
25.5000000000001,20,43.5978652476174,184.399406779729,4,-59.084675199439,-5.60429596556886,8.9013979489787,8,2,114.267158303081
25.5000000000001,21,76.8451241876661,51.3507678544512,6,-51.6910999977422,-5.64024761402446,16.2949731506755,12,1,35.703434939062
25.5000000000001,22,139.036211205813,30.9712990382596,6,-54.0126119668483,-5.60770581060447,13.9734611815695,10,1,94.0307841410329
25.5000000000001,23,121.674855218579,193.696926502819,8,-63.8292068002698,-6.40001697070244,0.401250306934896,4,2,57.1312980132712
25.5000000000001,24,196.929635907697,31.3445661669072,7,-79.4063858640011,-6.40000000000029,-19.9759287567965,0,2,129.744952520506
25.5000000000001,25,105.800281052081,95.5391665801907,8,-48.179414662545,-6.40952924108281,13.8304571072047,10,2,73.971937461819
25.5000000000001,26,163.17256379459,91.23098479115,7,-83.2302270623535,-6.40000000000195,-21.1695428927953,0,2,64.6495443567902
25.5000000000001,27,70.261434877055,156.796672004192,2,-54.9670038330916,-4.80891073578552,16.4597682298214,12,2,83.4067354486357
25.5000000000001,28,153.317629189141,103.679494484074,8,-51.9196624054549,-6.4323214972916,12.3107947017498,10,2,52.0465742838812
25.5000000000001,29,159.473359588908,184.100138990813,1,-73.6460681663959,-5.60005916697705,-5.65999501797819,1,2,42.4831027714961
25.5000000000001,30,49.4365854825722,5.76882525967594,5,-66.0223286404919,-7.40013633306493,-2.07666178269234,3,1,50.0895623341583
25.5000000000001,31,169.861015365579,134.676240958416,1,-55.9786734406039,-5.60001368596129,12.0073997078139,9,2,34.3733548335962
25.5000000000001,32,31.4095917248381,90.1563210448155,2,-56.7338417848142,-4.83717581844669,14.6929302780989,11,1,50.1037264052436
25.5000000000001,33,178.367365908364,6.22677132917377,7,-82.7102438524425,-6.4000000000003,-21.1695428927953,0,1,137.646380913267
25.5000000000001,34,130.61077676209,45.7135438264392,6,-61.4800307886956,-5.60872214424502,6.5060423597221,7,1,84.0756863588721
25.5000000000001,35,136.505064401658,41.3008344889966,6,-49.7863325093405,-5.60841382412475,17.5860731484177,12,1,90.0613771142927
25.5000000000001,36,5.62849190312491,16.1813182427441,5,-71.3875719236618,-7.40002022067806,-7.4419050658623,0,1,60.5374592016348
25.5000000000001,37,66.0514388277321,92.2759873912472,2,-49.5256640343427,-4.82326968751867,21.026772062913,14,1,50.9623174349962
25.5000000000001,38,55.6351929661068,156.809119095628,3,-55.1942322558331,-4.80470611034357,16.23253980708,12,2,97.4850291552623
25.5000000000001,39,70.5193193858678,115.761542258968,2,-51.3212460566219,-4.81550455893385,20.1055260062911,14,1,72.7864885012134
25.5000000000001,40,84.8843021802801,169.181873981106,2,-58.4282621753407,-4.81090809357371,12.9985098875723,10,2,71.8348689145885
25.5000000000001,41,182.976394624182,168.140892101438,1,-67.9451909893032,-5.60004898338177,0.0408821591145776,3,2,44.370987916045
25.5000000000001,42,132.452752575398,63.9800762816719,6,-58.9782048923306,-5.6073669659138,9.00786825608715,8,1,86.8685727988042
25.5000000000001,43,83.8996778770246,49.297932036446,6,-50.6403360243524,-5.62645422753791,17.3457371240654,12,1,41.254467147104
25.5000000000001,44,39.4914623953687,115.688591341836,2,-50.2560455777653,-4.8232689559636,21.026772062913,14,1,70.5526072874892
25.5000000000001,45,36.6323383660894,197.957137600077,4,-63.9999908476838,-5.60425564543665,3.9860823007339,5,2,125.317052914332
25.5000000000001,46,79.8636919974863,100.601244151907,2,-54.0906000728901,-4.81441961761966,17.336171990023,12,1,63.281719393847
25.5000000000001,47,174.947359523842,70.0426004390491,7,-81.6279633669121,-6.40000000000106,-21.1695428927953,0,2,86.9931404868303
25.5000000000001,48,111.758823622901,79.5490841810646,8,-49.3308361449119,-6.4097677442569,13.8304571072047,10,2,83.5342391503693
25.5000000000001,49,91.9347984088124,158.815937090688,2,-57.1776740717927,-4.81595078488473,14.2490979911203,11,2,63.2577140166496
25.5000000000001,50,135.385810210421,31.8861376494356,6,-55.9547339185101,-5.60714339406635,12.0313392299076,9,1,90.3941292039765
25.5000000000001,51,176.299455328755,37.8785307067981,7,-68.0365042735796,-6.40000000000036,-8.60604716637488,0,2,117.53780339557
25.5000000000001,52,190.366979576874,168.922033907623,1,-70.5797232373197,-5.60004269096679,-2.59365008890198,2,2,50.3962935875349
25.5000000000001,53,116.179181879486,143.804620208439,8,-51.9702660759138,-6.41873409186088,12.2601910312909,9,2,41.6470943656643
25.5000000000001,54,74.5449438822507,3.97021771369743,5,-63.4148056692282,-7.40005706666546,0.530861188571299,4,1,57.2140291144336
25.5000000000001,55,179.232407678967,37.4548613670332,7,-70.5637378214327,-6.40000000000034,-11.1332807142281,0,2,118.630484651387
25.5000000000001,56,32.7561885884681,8.88598849069415,5,-68.2542872869723,-7.40010155982154,-4.30862042917276,2,1,50.3980255008449
25.5000000000001,57,165.494743369851,148.158859950134,1,-60.6169991280936,-5.60032417188658,7.36907402032418,7,2,28.2086311043406
25.5000000000001,58,25.856214316888,59.9172846326939,2,-59.819415865298,-4.80006436483311,11.6073561976151,9,1,35.1215734499169
25.5000000000001,59,85.5326629278796,30.9081797450731,6,-67.9695237740186,-5.61178075872464,0.0165493743991787,3,1,46.6831632967684
25.5000000000001,60,30.1738803772076,166.908742496827,3,-63.9995185512922,-4.80250000369662,7.42725351162085,7,1,120.884155667675
25.5000000000001,61,58.9981309201532,183.55089799194,4,-66.8534703680367,-5.60453131063354,1.13260278038109,4,2,99.7960566960997
25.5000000000001,62,164.850263029561,137.119412680843,1,-56.9143783040955,-5.60003958579133,11.0716948443223,9,2,30.6380456578678
25.5000000000001,63,113.801682676227,110.407522805589,8,-45.8848402736837,-6.41216993509255,13.8304571072047,10,2,58.5673324257008
25.5000000000001,64,125.221934691899,174.558300433988,8,-65.5051933584577,-6.42905946689859,-1.27473625125299,3,2,42.0631981739208
25.5000000000001,65,173.990222487545,162.545956255606,1,-66.6496423413546,-5.60008038985458,1.33643080706315,4,2,35.8494322600719
25.5000000000001,66,78.7778832042838,69.6063263909179,6,-50.2920973105995,-5.61866850313134,17.5860731484177,12,1,42.0098154752744
25.5000000000001,67,188.470300294508,100.082148889396,7,-93.7172214126346,-6.40000000000071,-21.1695428927953,0,2,67.2607304766313
25.5000000000001,68,61.3648374920355,139.18414026048,2,-51.7669715731317,-4.80685234704424,19.6598004897813,14,2,92.3332272517226
25.5000000000001,69,101.008370934162,43.1306316777497,6,-58.5970864984654,-5.61865988513238,9.3889866499523,8,1,56.5799622349099
25.5000000000001,70,23.2368002119367,62.4486530773134,2,-58.1634736862085,-4.80003477698977,13.2632983767046,10,1,37.729137630419
25.5000000000001,71,149.315764352434,57.861468116438,7,-79.0917311583826,-6.40000000000191,-19.6612740511779,0,2,95.0906264364663
25.5000000000001,72,157.611177967741,136.959862094752,8,-61.2407135694054,-6.40050301577085,2.98974353779928,5,2,27.9325120002574
25.5000000000001,73,84.3188727149736,147.255868200307,2,-55.5468857062029,-4.81076637833141,15.8798863567101,12,2,69.8125399965216
25.5000000000001,74,105.028963037403,85.6779259556863,8,-48.8278787691236,-6.40861785946971,13.8304571072047,10,2,81.9266340993786
25.5000000000001,75,94.7604237748472,195.78222843964,4,-59.896083949282,-5.61592978300186,8.08998919913579,7,2,75.4961801843897
25.5000000000001,76,183.95652380444,176.600605755117,1,-64.7929814069085,-5.600006848709,3.19309174150927,5,2,49.1211536450507
25.5000000000001,77,192.217343889143,91.1214793542575,7,-79.2140060824591,-6.40000000000019,-19.7835489752544,0,2,76.1658343254066
25.5000000000001,78,21.3237946183589,123.288441498746,3,-58.2759015609136,-4.81791161067181,13.1508705019994,10,1,82.1326391418493
25.5000000000001,79,61.0647127942983,62.7518124586031,2,-45.225286456996,-4.83919248145493,21.026772062913,14,1,28.9359048622934
25.5000000000001,80,106.270269337364,30.7273870372073,6,-61.7823597531193,-5.60649238665332,6.20371339529847,7,1,63.9533175192113
25.5000000000001,81,115.672951359896,83.5323997744628,8,-49.2424545954892,-6.41117073424535,13.8304571072047,10,2,78.4126147254505
25.5000000000001,82,190.345928432057,117.599362660104,1,-60.4198522341196,-5.60017787780959,7.56622091429819,7,2,56.8317274159081
25.5000000000001,83,111.152140208068,117.982777608813,8,-46.5429453733363,-6.40596963162231,13.8304571072047,10,2,55.5563564325483
25.5000000000001,84,37.8633425315145,107.385443345379,2,-51.0575410013844,-4.82759424457319,20.3692310615286,14,1,63.187321215993
25.5000000000001,85,8.87995688197887,190.874280179124,4,-67.4389105384286,-5.6100566114467,0.54716260998919,4,1,148.622578237676
25.5000000000001,86,158.02355039206,81.5126004906676,7,-67.4065604225531,-6.40000000000372,-7.9761033153484,0,2,72.8501973397796
25.5000000000001,87,149.596365892383,121.705232588627,8,-57.0065956984508,-6.45374318098144,7.22386140875387,7,2,36.7832405227778
25.5000000000001,88,111.416202982285,70.7272924836442,6,-50.0626401501779,-5.61103400766522,17.5860731484177,12,1,68.9479560426835
25.5000000000001,89,14.1773131015067,101.646886724132,3,-59.2500714420049,-4.81509788444005,12.1767006209081,9,1,67.1037689323247
25.5000000000001,90,127.445179671611,59.5505861922809,6,-58.6104549960251,-5.60577701014468,9.37561815239261,8,1,81.4936779816952
25.5000000000001,91,100.208414623865,141.160244861647,8,-46.8274602683435,-6.41593038121729,13.8304571072047,10,2,55.7637269663266
25.5000000000001,92,87.8616143519481,13.1636830436329,5,-59.4587616225733,-7.4166796306133,4.48690523522622,6,1,57.8157944531214
25.5000000000001,93,74.6658439825511,186.887060366057,4,-66.6915928501563,-5.61099133045082,1.29448029826142,4,2,87.109932185202
25.5000000000001,94,79.3173818627673,85.532099189102,2,-48.2539669399248,-4.81700228350311,21.026772062913,14,1,51.7135277473071
25.5000000000001,95,195.852331256433,167.3930184867,1,-72.2560723029628,-5.60003711793749,-4.26999915454509,2,2,54.3801744547435
25.5000000000001,96,56.269818557001,177.913646098904,4,-58.7038659286597,-5.60578429958167,9.28220721975808,8,2,100.582148276284
25.5000000000001,97,91.5722815897692,116.678735975065,2,-44.8021971563256,-4.80955041812905,21.026772062913,14,2,71.2485432471754
25.5000000000001,98,194.631934835201,20.2560666089461,7,-82.641097550772,-6.40000000000062,-21.1695428927953,0,2,139.203979321411
25.5000000000001,99,120.276650372615,155.686546888169,8,-54.5511326010177,-6.41509085958985,9.67932450618694,8,2,38.3153275933159
25.5000000000001,100,70.0836640794037,37.3341232282882,6,-54.2036299079214,-5.60463979909837,13.7824432404963,10,1,33.4070052122384
26.0000000000001,1,0.726973551667114,174.367298865017,3,-65.0568891183113,-4.81218107221197,6.36988294460175,7,1,135.820860556685
26.0000000000001,2,190.055897458293,40.1490118075903,7,-79.4723761352851,-6.40000000000018,-20.0419190280805,0,2,119.264263415485
26.0000000000001,3,148.269124144789,1.03476689043588,5,-62.4964932809356,-7.40580703539954,1.44917357686393,4,1,112.279405118026
26.0000000000001,4,66.2129911418797,1.04176389587211,5,-65.495020055311,-7.40010937203687,-1.54935319751142,3,1,56.6746853912238
26.0000000000001,5,57.0008456572322,86.6435254810932,2,-53.3280686548483,-4.83513330944679,18.0987034080647,13,1,44.0909264996769
26.0000000000001,6,131.633673849268,25.1037797487196,6,-57.8270578834096,-5.61117043125475,10.1590152650082,8,1,88.5219096547791
26.0000000000001,7,48.0774378070605,91.4785122155563,2,-47.7905418202422,-4.83595955561704,21.026772062913,14,1,47.7117723523427
26.0000000000001,8,134.224004930616,116.073927262809,8,-51.446225586953,-6.42650263332909,12.7842315202517,10,2,44.1826938042309
26.0000000000001,9,191.077950281724,166.171803202336,1,-76.4352594102649,-5.60002601605386,-8.4491862618472,0,2,50.011750800816
26.0000000000001,10,68.0047287960687,98.8198884578121,2,-47.1012197116161,-4.82147006379778,21.026772062913,14,1,57.0946737275309
26.0000000000001,11,182.465777301409,36.9058702423181,7,-85.5279716015278,-6.40000000000059,-21.1695428927953,0,2,119.985661149289
26.0000000000001,12,132.043627564164,112.172656494361,8,-45.4258888191833,-6.42271929639282,13.8304571072047,10,2,48.0165516020059
26.0000000000001,13,84.245075219311,1.09345095990878,5,-66.4401716741407,-7.4000545182029,-2.49450481634113,2,1,64.1624946194201
26.0000000000001,14,177.310698927865,86.6519940754886,7,-63.5561774978105,-6.40000000000105,-4.12572039060585,2,2,72.8772538625079
26.0000000000001,15,189.926129146469,174.790750059115,1,-67.5490161717728,-5.60000547861959,0.437056976644986,4,2,52.5445247110868
26.0000000000001,16,86.8247008926815,149.063686416332,2,-51.8843289085753,-4.81055858007528,19.5424431543377,13,2,67.4110161652093
26.0000000000001,17,140.981552237822,87.4516644354241,8,-49.8840820330275,-6.41796958239033,13.8304571072047,10,2,67.4231168215911
26.0000000000001,18,87.5214584091808,12.3361891295243,5,-61.0809496938417,-7.4297472529494,2.86471716395783,5,1,58.1263493644565
26.0000000000001,19,104.348292779129,49.4665083832237,6,-53.6470065320165,-5.61231649643923,14.3390666164013,11,1,59.2137783063294
26.0000000000001,20,43.7424809027752,184.196203242789,4,-60.0818274578417,-5.60309275410828,7.90424569057602,7,2,114.071427977909
26.0000000000001,21,76.8122319246198,51.317290150019,6,-52.7015573829471,-5.6341522304653,15.2845157654706,11,1,35.6774583472385
26.0000000000001,22,139.634895709722,30.5275494940645,6,-59.8921364354542,-5.60901506000229,8.09393671296359,7,1,94.6881241634812
26.0000000000001,23,121.671596736719,193.69778876389,8,-70.3170501626176,-6.40006187939921,-6.08659305541295,1,2,57.1335730923652
26.0000000000001,24,196.722096219637,30.7756936491298,7,-92.0146754466861,-6.40000000000055,-21.1695428927953,0,2,130.190781163657
26.0000000000001,25,105.848627429143,95.5290597801296,8,-42.8837878694421,-6.40920593262712,13.8304571072047,10,2,73.950503908542
26.0000000000001,26,163.381235866171,90.7404903232313,7,-54.7367557989492,-6.40000000000106,4.69370130825544,6,2,65.1382910463358
26.0000000000001,27,69.6922410483201,157.249653250918,2,-61.9907712281749,-4.80929128826232,9.43600083473812,8,2,83.9889493927605
26.0000000000001,28,152.891837788172,103.949634873233,8,-52.8706607662185,-6.41247242595213,11.3597963409862,9,2,51.7807768781203
26.0000000000001,29,159.221956240634,184.474146335512,1,-61.4379474600577,-5.60002358973663,6.54812568836009,7,2,42.7289274668396
26.0000000000001,30,49.8776929475587,5.94348078471337,5,-63.7980664685322,-7.40017530735195,0.147600389267372,3,1,49.9323727093155
26.0000000000001,31,169.926885645358,133.81147452101,1,-59.3588950459671,-5.60004395365602,8.62717810245069,8,2,34.8051595127374
26.0000000000001,32,31.2686652986488,90.1742183842447,2,-58.1028923235891,-4.82908766531577,13.323879739324,10,1,50.1705164661381
26.0000000000001,33,178.051465409036,5.02055464353601,7,-71.8161654279824,-6.40000000000016,-12.3857083207778,0,1,137.740982637618
26.0000000000001,34,130.723105051806,47.1217299257263,6,-56.2312145972164,-5.60881967611683,11.7548585512014,9,1,84.1234457676654
26.0000000000001,35,135.105450567991,40.9919134718201,6,-50.9587916594986,-5.60872566085294,17.0272814889191,12,1,88.7487089442996
26.0000000000001,36,5.56607062885139,16.1307854888696,5,-69.8867089695502,-7.40001638579437,-5.94104211175067,1,1,60.6114491739076
26.0000000000001,37,65.8778840656048,92.3622962606347,2,-51.678701416027,-4.82528521209703,19.7480706468861,14,1,50.9796169745769
26.0000000000001,38,56.0701122135191,156.884012017037,3,-54.3304933331844,-4.8055334267709,17.0962787297287,12,2,97.0693743723097
26.0000000000001,39,69.3893312510187,115.461443383508,2,-44.1692489810335,-4.81519347106872,21.026772062913,14,1,72.203855411009
26.0000000000001,40,84.9186139828164,169.123734021912,2,-54.6191925301375,-4.81328561043467,16.8075795327755,12,2,71.7882581545095
26.0000000000001,41,182.816273264234,167.656497127156,1,-66.6874562400853,-5.60004600117777,1.29861690833245,4,2,44.055756510973
26.0000000000001,42,132.379061559051,64.0617684980065,6,-56.3326109517955,-5.60631052792411,11.6534621966223,9,1,86.8118259031648
26.0000000000001,43,84.0159288711498,49.5732148326447,6,-49.3364662396859,-5.63066644861173,17.5860731484177,12,1,41.3462883769051
26.0000000000001,44,39.1184965902351,115.546124542961,2,-55.7294747531959,-4.81510563925571,15.6972973097172,11,1,70.4766029193947
26.0000000000001,45,36.8555949354251,197.900049507498,4,-66.5895363494184,-5.60820031692549,1.39653679899934,4,2,125.093249778865
26.0000000000001,46,79.9801307169522,100.858647636821,2,-46.8893123047014,-4.81486018027251,21.026772062913,14,1,63.5425863280042
26.0000000000001,47,174.812646593544,69.3935149660502,7,-60.1831692244785,-6.4000000000009,-0.752712117273821,3,2,87.5518295668599
26.0000000000001,48,111.871129323485,79.3450051973652,8,-46.6697625190434,-6.40991065560148,13.8304571072047,10,2,83.65517957441
26.0000000000001,49,93.2901869322817,159.307638702434,2,-58.1847014779108,-4.8074324966168,13.2420705850022,10,2,62.0877204960095
26.0000000000001,50,136.332190199778,31.0434600338484,6,-57.5130583905379,-5.60966710300684,10.4730147578798,9,1,91.459540082918
26.0000000000001,51,176.639788056754,38.7841826537272,7,-83.4040737174544,-6.4000000000006,-21.1695428927953,0,2,116.751386868458
26.0000000000001,52,190.321356524871,168.383209546947,1,-76.475111881904,-5.60003059009311,-8.48903873348622,0,2,50.1597865351591
26.0000000000001,53,116.01536900847,144.077330441272,8,-47.453788913032,-6.42570492176479,13.8304571072047,10,2,41.7406655233521
26.0000000000001,54,74.6508214032129,4.30220190842966,5,-63.3422588036964,-7.40005100549204,0.603408054103118,4,1,56.9929973441565
26.0000000000001,55,177.982886975289,37.8505678577528,7,-84.0125302284578,-6.40000000000063,-21.1695428927953,0,2,117.952478114282
26.0000000000001,56,33.215942108916,9.03440397744319,5,-57.8278659595195,-7.40001169204943,6.11780089828,7,1,50.1211996741357
26.0000000000001,57,165.651545676546,148.691366000126,1,-56.364658062745,-5.60011819511451,11.6214150856728,9,2,28.2654100449759
26.0000000000001,58,24.8251027051851,60.6318325715066,2,-77.3521766288825,-4.80033016347535,-5.92540456596947,1,1,36.0424932216548
26.0000000000001,59,85.755669620633,30.0447147878188,6,-66.8908873633707,-5.63467034274348,1.09518578504702,4,1,47.2115591557762
26.0000000000001,60,30.2473493296453,165.994667668087,3,-58.8709163230552,-4.81268555523406,12.5558557398578,10,1,119.988249991134
26.0000000000001,61,59.6983416649353,182.978705234108,4,-63.904483729225,-5.60433803320511,4.08158941919278,5,2,98.9658248941569
26.0000000000001,62,164.415438634209,136.354884820585,1,-59.3919986261171,-5.60054599411861,8.59407452230062,8,2,30.7610799432685
26.0000000000001,63,114.170397068018,109.839886771669,8,-53.8490702291852,-6.41420255006082,10.3813868780195,9,2,58.726868984953
26.0000000000001,64,125.647840570088,173.70350613114,8,-67.02075726713,-6.4299958916928,-2.79030015992537,2,2,41.3174765905282
26.0000000000001,65,174.649399570591,161.20486063122,1,-61.2120123174954,-5.60007991832562,6.77406083092238,7,2,35.8523611629097
26.0000000000001,66,77.6651231175687,69.2558207383094,2,-42.7313020142346,-4.82240150759294,21.026772062913,14,1,41.0900921076619
26.0000000000001,67,187.75119710425,99.718438054496,7,-81.9244510170581,-6.40000000000101,-21.1695428927953,0,2,67.1240519820092
26.0000000000001,68,61.3641625282715,139.578259997144,2,-50.124766201289,-4.8067783737857,21.026772062913,14,2,92.2885385570808
26.0000000000001,69,100.457226274389,43.3117742563504,6,-53.3938755905326,-5.61192474183821,14.5921975578851,11,1,56.0616985731162
26.0000000000001,70,23.2250466429834,62.4322452366391,2,-78.3331675371189,-4.80023011620337,-6.90639547420587,0,1,37.7320665865832
26.0000000000001,71,150.104080597424,58.3111905779988,7,-79.6750139181067,-6.40000000000134,-20.244556810902,0,2,94.6525150537206
26.0000000000001,72,158.167065130119,136.983850564229,8,-65.4222917557801,-6.40182773628325,-1.19183464857538,3,2,28.0779468439901
26.0000000000001,73,84.3209912865329,147.215574115573,2,-53.2304935715392,-4.80979392623934,18.1962784913738,13,2,69.8121423041118
26.0000000000001,74,105.22445172544,85.0710451028307,8,-47.7011238757296,-6.40743337303552,13.8304571072047,10,2,82.2974416815379
26.0000000000001,75,95.7061480635869,196.286192954599,4,-63.0355187795782,-5.61755191197328,4.95055436883951,6,2,75.1164696742567
26.0000000000001,76,184.566716394266,176.494865340306,1,-65.6119657506872,-5.60000835984881,2.37410739773057,4,2,49.4882387207558
26.0000000000001,77,192.653114230636,90.882355016764,7,-76.1870148451545,-6.40000000000021,-16.7565577379498,0,2,76.5926504433394
26.0000000000001,78,21.5516925049963,124.093703799997,3,-67.3376035056529,-4.81339980284471,4.08916855726017,5,1,82.7733842616813
26.0000000000001,79,62.1991258227368,62.8831443196217,2,-52.614447313869,-4.8418589206029,18.8123247490441,13,1,29.4456122096173
26.0000000000001,80,106.234714912542,30.0753460363498,6,-56.7951376135875,-5.61759562941596,11.1909355348302,9,1,64.1216421878457
26.0000000000001,81,115.687921196027,83.2921517963672,8,-47.9660120503788,-6.41125849445192,13.8304571072047,10,2,78.6098324881117
26.0000000000001,82,189.9823575245,117.458976911428,1,-62.8018221586726,-5.60177253495034,5.18425098974513,6,2,56.6547182224741
26.0000000000001,83,110.909190537529,116.740222224823,8,-51.92588191991,-6.41440998846288,12.3045751872947,10,2,56.4495722046262
26.0000000000001,84,37.8601065901831,106.368268044933,2,-53.2705660906367,-4.82676288637013,18.1562059722763,13,1,62.2656297999719
26.0000000000001,85,7.63782593556834,190.686796992679,4,-60.9171310023359,-5.60980899736962,7.0689421460819,7,1,148.793745297054
26.0000000000001,86,157.944100423076,82.4380525343663,7,-70.9416067129045,-6.400000000002,-11.5111496056998,0,2,71.9720464964068
26.0000000000001,87,148.163506121295,121.296807380017,8,-51.3147655672376,-6.45412198099583,12.9156915399671,10,2,37.1415666921355
26.0000000000001,88,111.594825258738,70.7359776249669,6,-49.0705996916554,-5.61045155872542,17.5860731484177,12,1,69.1097190467277
26.0000000000001,89,13.8872925971576,101.448141529821,3,-57.5284667896175,-4.82014140470661,13.8983052732955,10,1,67.1065488818773
26.0000000000001,90,126.604624119425,59.4873207976424,6,-58.791835105127,-5.60603330897674,9.19423804329077,8,1,80.6878410443339
26.0000000000001,91,100.143359647193,140.608309515808,8,-52.831516072143,-6.41558136219903,11.3989410350617,9,2,55.9118810041301
26.0000000000001,92,87.8965849617212,13.1947916906998,5,-60.4115165251893,-7.42960318826726,3.53415033261023,5,1,57.818894061128
26.0000000000001,93,75.5069436135745,187.094758382989,4,-59.0489240931188,-5.61489763992076,8.93714905529899,8,2,86.4724612190698
26.0000000000001,94,78.6408920258775,86.5030658539212,2,-42,-4.81809397133129,21.026772062913,14,1,52.009850151425
26.0000000000001,95,195.608033096912,167.557235592414,1,-80.1981971694844,-5.6000196271647,-12.2121240210667,0,2,54.2272920642047
26.0000000000001,96,55.6633044782831,177.282903135312,4,-62.419677849467,-5.60721453588662,5.56639529895076,6,2,100.975338204177
26.0000000000001,97,91.4738606354296,117.04169654592,2,-46.494233930242,-4.81016120905967,21.026772062913,14,2,71.1604437555891
26.0000000000001,98,194.852461495412,19.042265393341,7,-94.778527585584,-6.40000000000059,-21.1695428927953,0,2,140.406273205671
26.0000000000001,99,119.375074338628,156.41611278455,8,-54.8780805824508,-6.43627454816602,9.35237652475389,8,2,39.1318613795536
26.0000000000001,100,70.1145895700286,36.1557085309798,6,-64.0741646995657,-5.66732280311647,3.91190844885209,5,1,33.8896904655367
26.5000000000001,1,1.63569049125101,175.263402507615,4,-67.7380753426932,-5.61276603685062,0.247997805724513,4,1,136.316823767439
26.5000000000001,2,190.401531614861,40.1442738814771,7,-82.4934338555301,-6.40000000000056,-21.1695428927953,0,2,119.385151161501
26.5000000000001,3,148.294546494703,1.89707263246578,5,-63.6018989698117,-7.40855590359291,0.343767887987857,4,1,111.928367681859
26.5000000000001,4,66.973961586724,0.962146400687884,5,-67.2837381655066,-7.40010960601498,-3.33807130770702,2,1,56.9655725642703
26.5000000000001,5,56.8712857003011,86.36443231355,2,-55.7980175739651,-4.8327143954971,15.6287544889479,11,1,43.8387557380672
26.5000000000001,6,131.589683546746,25.2107786406971,6,-65.4698164918391,-5.61153080558338,2.51625665657866,5,1,88.4512970897465
26.5000000000001,7,48.3366016088022,90.6724664898828,2,-55.9312013730519,-4.81949202255294,15.4955706898611,11,1,47.0028342185711
26.5000000000001,8,134.416828782089,114.879057250703,8,-50.8719156089645,-6.42978587403624,13.3585414982402,10,2,45.039603071143
26.5000000000001,9,190.502280253462,165.528818558678,1,-72.2126774257012,-5.60004208121712,-4.22660427728345,2,2,49.3338515783873
26.5000000000001,10,67.4501362494273,99.0429773201103,2,-45.1678547982398,-4.82067276201618,21.026772062913,14,1,57.1136663115267
26.5000000000001,11,183.37690465352,36.9040001673919,7,-88.601881584135,-6.400000000001,-21.1695428927953,0,2,120.237152920333
26.5000000000001,12,131.946575288559,111.958208152773,8,-51.8503765587472,-6.42582438910101,12.3800805484575,10,2,48.2219252079322
26.5000000000001,13,84.1833825956318,2.18690191981756,5,-60.6529348706394,-7.4000117581041,3.29273198716012,5,1,63.2996523979752
26.5000000000001,14,177.173319908239,85.5498648568818,7,-70.4041542029117,-6.40000000000034,-10.9736970957071,0,2,73.7865789612292
26.5000000000001,15,189.838059381784,174.711320294241,1,-72.9440992325398,-5.60002840167311,-4.95802608412208,1,2,52.4401594771705
26.5000000000001,16,86.7486605820721,149.480859732742,2,-53.1891058076741,-4.81183354678334,18.2376662552389,13,2,67.477784824185
26.5000000000001,17,140.433372987695,87.5728774654561,8,-47.3729732874029,-6.41992138168635,13.8304571072047,10,2,67.3863189403867
26.5000000000001,18,88.1858009086615,11.3019469064719,5,-57.5733087187124,-7.41997516061164,6.37235813908716,7,1,59.2279047769331
26.5000000000001,19,104.223673089163,49.0704089298632,6,-54.6435902808001,-5.61306860629926,13.3424828676177,10,1,59.104321862602
26.5000000000001,20,43.887096557933,183.992999705849,4,-57.0343384132003,-5.60671582487783,10.9517347352174,9,2,113.875907486646
26.5000000000001,21,76.7793396615735,51.2838124455868,6,-42,-5.64006316420056,17.5860731484177,12,1,35.6515246112332
26.5000000000001,22,140.233580213631,30.0837999498694,6,-57.3619476051733,-5.60917526164258,10.6241255432445,9,1,95.3467567492808
26.5000000000001,23,121.668338254858,193.698651024961,8,-70.6662731840189,-6.4001026363171,-6.43581607681425,1,2,57.1358482797137
26.5000000000001,24,196.514556531577,30.2068211313524,7,-90.7116112462524,-6.40000000000046,-21.1695428927953,0,2,130.637895240183
26.5000000000001,25,105.896973806206,95.5189529800686,8,-46.6374214738149,-6.41007898890919,13.8304571072047,10,2,73.9290971393435
26.5000000000001,26,163.589907937753,90.2499958553126,7,-65.5257469384692,-6.40000000000069,-6.09528983126457,1,2,65.6277273189217
26.5000000000001,27,69.1230472195851,157.702634497645,2,-56.0902679499138,-4.80636779330263,15.3365041129993,11,2,84.5734123069997
26.5000000000001,28,152.466046387203,104.219775262391,8,-53.2892237175327,-6.42623804542663,10.941233389672,9,2,51.5185438634457
26.5000000000001,29,158.970552892361,184.84815368021,1,-72.548077165128,-5.60012767482219,-4.5620040167103,2,2,42.978071549503
26.5000000000001,30,50.3188004125451,6.11813630975079,5,-65.6389059281923,-7.40016623440778,-1.69323907039272,3,1,49.7792084572731
26.5000000000001,31,169.992755925137,132.946708083605,1,-60.9690378619545,-5.60037308752151,7.01703528646321,7,2,35.2530148309037
26.5000000000001,32,31.1277388724595,90.192115723674,2,-64.3831691512375,-4.81761046936036,7.04360291167556,7,1,50.2376194341578
26.5000000000001,33,177.735564909708,3.81433795789825,7,-85.0019081981723,-6.40000000000014,-21.1695428927953,0,1,137.846798733483
26.5000000000001,34,130.835433341521,48.5299160250135,6,-58.5183929118697,-5.60788942984957,9.46768023654806,8,1,84.1948836355573
26.5000000000001,35,133.705836734325,40.6829924546437,6,-64.4324867143467,-5.60805393717635,3.55358643407107,5,1,87.4398292141153
26.5000000000001,36,5.50364935457786,16.0802527349951,5,-72.943372783294,-7.40001984305791,-8.99770592549446,0,1,60.6854552201939
26.5000000000001,37,65.7043293034775,92.4486051300223,2,-48.498028313772,-4.82444822211495,21.026772062913,14,1,50.9976473609971
26.5000000000001,38,56.5050314609314,156.958904938446,3,-58.5023997147738,-4.80755362345463,12.9243723481392,10,2,96.6539471520111
26.5000000000001,39,68.2593431161695,115.161344508047,2,-44.2256906065018,-4.81653529116111,21.026772062913,14,1,71.635566788645
26.5000000000001,40,84.9529257853528,169.065594062718,2,-56.6616952152009,-4.81348982883291,14.7650768477121,11,2,71.7416806385952
26.5000000000001,41,182.656151904286,167.172102152874,1,-74.9734236310366,-5.60004446068184,-6.98735048261887,0,2,43.7442036108159
26.5000000000001,42,132.305370542703,64.1434607143412,6,-53.42886067952,-5.6073461173363,14.5572124688977,11,1,86.7551814080855
26.5000000000001,43,84.132179865275,49.8484976288433,6,-45.4293609502539,-5.630048283931,17.5860731484177,12,1,41.4400609956592
26.5000000000001,44,38.7455307851015,115.403657744085,2,-57.1872399347922,-4.82234248490794,14.2395321281208,11,1,70.4027806525749
26.5000000000001,45,37.0788515047609,197.84296141492,4,-60.7217019679272,-5.60517492679502,7.26437118049057,7,2,124.869470786231
26.5000000000001,46,80.0965694364181,101.116051121736,2,-45.9889235775791,-4.81423334756129,21.026772062913,14,1,63.8036376245197
26.5000000000001,47,174.677933663246,68.7444294930513,7,-72.9002934671824,-6.40000000000044,-13.4698363599778,0,2,88.1119637069636
26.5000000000001,48,111.983435024068,79.1409262136658,8,-53.1185906748303,-6.4061014607453,11.1118664323744,9,2,83.776593093933
26.5000000000001,49,94.6455754557511,159.799340314181,2,-52.9178675593313,-4.81819024744851,18.5089045035818,13,2,60.9293803285252
26.5000000000001,50,137.278570189134,30.2007824182612,6,-56.7033841018188,-5.60817303381087,11.282689046599,9,1,92.5300374532978
26.5000000000001,51,176.980120784752,39.6898346006563,7,-84.5809256857686,-6.40000000000038,-21.1695428927953,0,2,115.967708902049
26.5000000000001,52,190.275733472868,167.84438518627,1,-71.6641016155707,-5.60004334158624,-3.67802846715291,2,2,49.9280160776844
26.5000000000001,53,115.851556137453,144.350040674106,8,-47.0755083378366,-6.42321689238605,13.8304571072047,10,2,41.8364465343051
26.5000000000001,54,74.756698924175,4.6341861031619,5,-63.8996533548121,-7.40006720597387,0.0460135029874272,3,1,56.7732438050249
26.5000000000001,55,176.733366271611,38.2462743484724,7,-85.5707603837116,-6.40000000000038,-21.1695428927953,0,2,117.285199702303
26.5000000000001,56,33.6756956293639,9.18281946419222,5,-66.1014588051796,-7.40010855192175,-2.15579194738007,3,1,49.8475188959079
26.5000000000001,57,165.80834798324,149.223872050119,1,-59.8958206583335,-5.60020166465728,8.09025249008426,7,2,28.3329532621258
26.5000000000001,58,23.7939910934821,61.3463805103193,2,-61.9379700348716,-4.80009525052139,9.48880202804147,8,1,36.9830400791153
26.5000000000001,59,85.9786763133865,29.1812498305646,6,-58.046541524023,-5.64132367310267,9.93953162439476,8,1,47.7507644743077
26.5000000000001,60,30.320818282083,165.080592839347,3,-63.191956218458,-4.81154006380401,8.23481584445503,8,1,119.092665774775
26.5000000000001,61,60.3985524097174,182.406512476275,4,-58.738912649406,-5.6073134712482,9.24716049901173,8,2,98.1369016280275
26.5000000000001,62,163.980614238857,135.590356960327,1,-62.2976325912517,-5.60104948652819,5.68844055716603,6,2,30.9086620064106
26.5000000000001,63,114.539111459809,109.27225073775,8,-50.7602664313224,-6.41436388524018,13.4701906758823,10,2,58.8937532852897
26.5000000000001,64,126.073746448278,172.848711828293,8,-61.9739166445915,-6.41343326804006,2.2565404626132,4,2,40.580527857997
26.5000000000001,65,175.308576653637,159.863765006835,1,-62.2347074734083,-5.6000062969374,5.75136567500946,6,2,35.9175153976868
26.5000000000001,66,76.5523630308536,68.9053150857008,2,-43.5931988930423,-4.82627879549877,21.026772062913,14,1,40.1831920211905
26.5000000000001,67,187.032093913991,99.3547272195957,7,-58.7299393467085,-6.40000000000025,0.700517760496167,4,2,66.9967882413496
26.5000000000001,68,61.3634875645076,139.972379733807,2,-61.8925885309544,-4.80586377340937,9.53418353195866,8,2,92.2455121126776
26.5000000000001,69,99.9060816146163,43.4929168349512,6,-59.7204616481885,-5.61062424068191,8.2656115002292,8,1,55.5446587300849
26.5000000000001,70,23.2132930740302,62.4158373959648,2,-60.7353395514282,-4.8000641799091,10.6914325114848,9,1,37.7350061107831
26.5000000000001,71,150.892396842414,58.7609130395597,7,-72.0716239767651,-6.40000000000108,-12.6411668695604,0,2,94.2211088955078
26.5000000000001,72,158.722952292498,137.007839033706,8,-60.6151215400906,-6.40135459522307,3.61533556711404,5,2,28.2335995450682
26.5000000000001,73,84.3231098580921,147.175280030839,2,-56.6156661290443,-4.8104429112862,14.8111059338687,11,2,69.8117679307466
26.5000000000001,74,105.419940413476,84.4641642499752,8,-48.3409087728354,-6.40688794844934,13.8304571072047,10,2,82.6715034349336
26.5000000000001,75,96.6518723523265,196.790157469558,4,-71.5928203453974,-5.61298534995187,-3.60674719697962,2,2,74.7501943779313
26.5000000000001,76,185.176908984091,176.389124925494,1,-75.3351190629322,-5.60001742255829,-7.34904591451442,0,2,49.8603132762757
26.5000000000001,77,193.088884572128,90.6432306792704,7,-79.1620700081006,-6.40000000000035,-19.7316129008959,0,2,77.0203092558352
26.5000000000001,78,21.7795903916337,124.898966101247,3,-55.1957836444022,-4.82173123610934,16.2309884185109,12,1,83.4176039064882
26.5000000000001,79,63.3335388511753,63.0144761806403,2,-47.9717357194156,-4.84319304181599,21.026772062913,14,1,29.9901625296072
26.5000000000001,80,106.199160487721,29.4233050354924,6,-61.2256588811048,-5.61481983519641,6.76041426731291,7,1,64.2961586347662
26.5000000000001,81,115.702891032158,83.0519038182716,8,-53.3079851207292,-6.4048288603352,10.9224719864755,9,2,78.8072919589931
26.5000000000001,82,189.618786616944,117.318591162751,1,-68.1154942908453,-5.6033314535053,-0.129421142427514,3,2,56.4798436310361
26.5000000000001,83,110.666240866991,115.497666840834,8,-44.776907784588,-6.41452032591652,13.8304571072047,10,2,57.3568269777859
26.5000000000001,84,37.8568706488517,105.351092744487,2,-56.7893324719827,-4.82735762410708,14.6374395909303,11,1,61.3469563910674
26.5000000000001,85,6.39569498915782,190.499313806235,4,-64.8449798437024,-5.61009981887988,3.14109330471534,5,1,148.975308677316
26.5000000000001,86,157.864650454091,83.3635045780651,7,-73.6706671778527,-6.40000000000169,-14.240210070648,0,2,71.0951844282198
26.5000000000001,87,146.730646350208,120.888382171408,8,-47.7774558526572,-6.44613198356964,13.8304571072047,10,2,37.5556249566617
26.5000000000001,88,111.773447535191,70.7446627662897,6,-50.1587153739226,-5.60892529853838,17.5860731484177,12,1,69.2715659825163
26.5000000000001,89,13.5972720928084,101.249396335509,3,-67.8077703324473,-4.81598862459411,3.61900173046575,5,1,67.111170633801
26.5000000000001,90,125.764068567238,59.4240554030038,6,-53.4722197658767,-5.60918119077162,14.5138533825411,11,1,79.8827697698327
26.5000000000001,91,100.078304670521,140.056374169969,8,-49.3985895467452,-6.41473714296122,13.8304571072047,10,2,56.0651528065068
26.5000000000001,92,87.9315555714943,13.2259003377666,5,-57.2163386766208,-7.42935996435331,6.72932818117872,7,1,57.8220313897846
26.5000000000001,93,76.3480432445978,187.302456399921,4,-66.497397015817,-5.60979275703342,1.48867613260078,4,2,85.8390003865823
26.5000000000001,94,77.9644021889878,87.4740325187404,2,-47.6369922096289,-4.81773855013084,21.026772062913,14,1,52.3312612403244
26.5000000000001,95,195.363734937391,167.721452698128,1,-68.4516017753701,-5.60003312992897,-0.46552862695236,3,2,54.0755798230761
26.5000000000001,96,55.0567903995652,176.652160171721,4,-60.389919048802,-5.60638031095681,7.59615409961576,7,2,101.374556428382
26.5000000000001,97,91.3754396810901,117.404657116774,2,-47.4125135132608,-4.81009615621527,21.026772062913,14,2,71.0742249360526
26.5000000000001,98,195.072988155623,17.8284641777359,7,-87.2282823873523,-6.40000000000088,-21.1695428927953,0,2,141.609106850135
26.5000000000001,99,118.473498304642,157.14567868093,8,-57.9047802709853,-6.41810091306682,6.3256768362194,7,2,39.9653729240516
26.5000000000001,100,70.1455150606535,34.9772938336714,6,-60.4695162738489,-5.62004122308929,7.51655687456885,7,1,34.406009324228
27.0000000000001,1,2.5444074308349,176.159506150214,4,-61.9114632693284,-5.61004202996051,6.07460987908934,7,1,136.822893764737
27.0000000000001,2,190.74716577143,40.1395359553639,7,-81.4806725594909,-6.40000000000043,-21.1695428927953,0,2,119.506916446318
27.0000000000001,3,148.319968844617,2.75937837449567,6,-67.9414792307346,-5.60813618386897,0.0445939176831764,3,1,111.582895665825
27.0000000000001,4,67.7349320315684,0.882528905503658,5,-71.1425675546702,-7.40010763541548,-7.19690069687064,0,1,57.2652056739783
27.0000000000001,5,56.7417257433699,86.0853391460068,2,-54.6791560815636,-4.83379293972277,16.7476159813495,12,1,43.5872982333288
27.0000000000001,6,131.545693244223,25.3177775326746,6,-59.5639715831333,-5.60973466608072,8.42210156528447,8,1,88.3807795428821
27.0000000000001,7,48.5957654105439,89.8664207642093,2,-54.9741647210245,-4.8358721700237,16.4526073418886,12,1,46.2985245912999
27.0000000000001,8,134.609652633561,113.684187238598,8,-47.202484419168,-6.42741353145308,13.8304571072047,10,2,45.9124280405737
27.0000000000001,9,189.926610225201,164.885833915019,1,-68.0215959954519,-5.60004197518252,-0.0355228470341404,3,2,48.6618151677536
27.0000000000001,10,66.8955437027859,99.2660661824084,2,-43.2397909290754,-4.82184510295708,21.026772062913,14,1,57.1389068332795
27.0000000000001,11,184.28803200563,36.9021300924656,7,-81.173947730858,-6.40000000000077,-21.1695428927953,0,2,120.495009508447
27.0000000000001,12,131.849523012954,111.743759811186,8,-47.6941275028645,-6.42331844325027,13.8304571072047,10,2,48.4275719837527
27.0000000000001,13,84.1216899719526,3.28035287972634,5,-66.6889469419123,-7.40010140191654,-2.74328008411272,2,1,62.4440962268247
27.0000000000001,14,177.035940888614,84.4477356382751,7,-71.1460258212424,-6.40000000000083,-11.7155687140377,0,2,74.70134846629
27.0000000000001,15,189.749989617099,174.631890529366,1,-72.1557980374666,-5.60002606254627,-4.16972488904889,2,2,52.3358548760802
27.0000000000001,16,86.6726202714627,149.898033049153,2,-54.7194904120208,-4.8121761413007,16.7072816508922,12,2,67.5471496107824
27.0000000000001,17,139.885193737569,87.6940904954881,8,-55.1250555084461,-6.42049555982812,9.10540159875854,8,2,67.3541807530233
27.0000000000001,18,88.8501434081422,10.2677046834194,5,-61.0570429568244,-7.43119667948425,2.88862390097513,5,1,60.3343926293883
27.0000000000001,19,104.099053399196,48.6743094765026,6,-53.3824364780631,-5.61429215116192,14.6036366703547,11,1,58.9975849849224
27.0000000000001,20,44.0317122130908,183.789796168908,4,-59.0929348369883,-5.60645374057273,8.89313831142944,8,2,113.680597911981
27.0000000000001,21,76.7464473985272,51.2503347411546,6,-46.2122872884163,-5.63511251508862,17.5860731484177,12,1,35.625633824637
27.0000000000001,22,140.832264717539,29.6400504056743,6,-60.253579965302,-5.60851943383881,7.73249318311572,7,1,96.0066552963939
27.0000000000001,23,121.665079772997,193.699513286032,8,-67.7774004251723,-6.4000055316989,-3.54694331796763,2,2,57.1381235753038
27.0000000000001,24,196.307016843518,29.637948613575,7,-84.1266260114687,-6.40000000000072,-21.1695428927953,0,2,131.086281596871
27.0000000000001,25,105.945320183268,95.5088461800075,8,-50.6711808058731,-6.40987347855844,13.5592763013316,10,2,73.9077171774968
27.0000000000001,26,163.798580009334,89.759501387394,7,-83.9807893836322,-6.40000000000448,-21.1695428927953,0,2,66.1178378606664
27.0000000000001,27,68.5538533908502,158.155615744372,2,-56.5475104745983,-4.8094647081976,14.8792615883147,11,2,85.1600778865835
27.0000000000001,28,152.040254986233,104.48991565155,8,-52.2162775438095,-6.42272223342954,12.0141795633952,9,2,51.2599299434936
27.0000000000001,29,158.719149544087,185.222161024909,1,-72.4049368262647,-5.60019600078653,-4.41886367784694,2,2,43.2304776290615
27.0000000000001,30,50.7599078775316,6.29279183478822,5,-67.8506259947631,-7.40016056171976,-3.90495913696354,2,1,49.6301068463437
27.0000000000001,31,170.058626204917,132.081941646199,1,-64.1571784466833,-5.60018727003018,3.82889470173449,5,2,35.7163170049599
27.0000000000001,32,30.9868124462703,90.2100130631032,2,-65.6747079806193,-4.82778291495204,5.75206408229374,6,1,50.3050340571223
27.0000000000001,33,177.419664410379,2.60812127226049,7,-81.1577520614678,-6.40000000000039,-21.1695428927953,0,1,137.963803397117
27.0000000000001,34,130.947761631237,49.9381021243006,6,-57.520515259924,-5.60797439710093,10.4655578884938,9,1,84.2899397582804
27.0000000000001,35,132.306222900658,40.3740714374673,6,-55.5445671350685,-5.60869004671026,12.4415060133492,10,1,86.1349106278273
27.0000000000001,36,5.44122808030433,16.0297199811207,5,-67.5587048636685,-7.40001747760513,-3.61303800586895,2,1,60.7594772817585
27.0000000000001,37,65.5307745413502,92.5349139994098,2,-46.4178842181488,-4.82345936146992,21.026772062913,14,1,51.0164078193618
27.0000000000001,38,56.9399507083437,157.033797859856,3,-52.2747611190535,-4.80748022435821,19.1520109438595,13,2,96.2387504412792
27.0000000000001,39,67.1293549813204,114.861245632587,2,-45.1936039425882,-4.81734793844444,21.026772062913,14,1,71.0819666799312
27.0000000000001,40,84.9872375878891,169.007454103525,2,-52.9445877311713,-4.81498024344946,18.4821843317417,13,2,71.6951364316379
27.0000000000001,41,182.496030544337,166.687707178592,1,-66.3296930496087,-5.60002512206463,1.65638009880903,4,2,43.4364083692118
27.0000000000001,42,132.231679526356,64.2251529306758,6,-56.4182489982598,-5.60786107419443,11.5678241501579,9,1,86.6986395142765
27.0000000000001,43,84.2484308594002,50.1237804250419,6,-46.7315995564729,-5.62468947781454,17.5860731484177,12,1,41.5357717867953
27.0000000000001,44,38.372564979968,115.26119094521,2,-61.2558442520229,-4.81986382248406,10.1709278108902,8,1,70.3311473582812
27.0000000000001,45,37.3021080740966,197.785873322341,4,-59.9582459169526,-5.60760121849765,8.02782723146516,7,2,124.645716066464
27.0000000000001,46,80.2130081558839,101.37345460665,2,-46.6322304985922,-4.81421831205312,21.026772062913,14,1,64.0648710296763
27.0000000000001,47,174.543220732948,68.0953440200525,7,-73.5958468845458,-6.40000000000038,-14.1653897773411,0,2,88.6735155226168
27.0000000000001,48,112.095740724651,78.9368472299664,8,-48.994817849623,-6.41007364404448,13.8304571072047,10,2,83.8984776550207
27.0000000000001,49,96.0009639792204,160.291041925927,2,-54.5460936613569,-4.8175614260194,16.8806784015561,12,2,59.7833708910315
27.0000000000001,50,138.224950178491,29.358104802674,6,-61.482529783341,-5.60895137337509,6.50354336507671,7,1,93.6054468037766
27.0000000000001,51,177.32045351275,40.5954865475854,7,-79.8475535089376,-6.40000000000048,-20.417096401733,0,2,115.186825392064
27.0000000000001,52,190.230110420866,167.305560825593,1,-69.3642924995632,-5.60003981256997,-1.37821935114544,3,2,49.7010484795176
27.0000000000001,53,115.687743266437,144.622750906939,8,-48.9646803073018,-6.42695544308005,13.8304571072047,10,2,41.9344222561703
27.0000000000001,54,74.8625764451371,4.96617029789413,5,-69.2867557461856,-7.40009845283856,-5.34108888838605,1,1,56.5547833974153
27.0000000000001,55,175.483845567933,38.6419808391921,7,-82.6922828470469,-6.40000000000093,-21.1695428927953,0,2,116.628833554782
27.0000000000001,56,34.1354491498118,9.33123495094125,5,-63.4242216573217,-7.40011340115026,0.521445200477876,4,1,49.5770352511498
27.0000000000001,57,165.965150289935,149.756378100111,1,-67.1446144901909,-5.60026180939047,0.841458658226845,4,2,28.4111839846619
27.0000000000001,58,22.7628794817792,62.060928449132,2,-68.5881979647223,-4.80030815269588,2.83857409819072,5,1,37.9417544293773
27.0000000000001,59,86.2016830061399,28.3177848733104,6,-48.4534944412192,-5.60225879517068,17.5860731484177,12,1,48.3004172370911
27.0000000000001,60,30.3942872345207,164.166518010607,3,-58.4573591854353,-4.81131254208659,12.9694128774778,10,1,118.197410325728
27.0000000000001,61,61.0987631544995,181.834319718443,4,-57.4418651753076,-5.60277122489514,10.5442079731102,9,2,97.3093203377549
27.0000000000001,62,163.545789843505,134.825829100069,1,-62.4664658188977,-5.6001362683773,5.51960732952006,6,2,31.0804421619885
27.0000000000001,63,114.907825851601,108.70461470383,8,-46.9751628811548,-6.41357279889276,13.8304571072047,10,2,59.0679230481379
27.0000000000001,64,126.499652326467,171.993917525445,8,-58.8259714626017,-6.4024184982133,5.40448564460294,6,2,39.8528386553958
27.0000000000001,65,175.967753736683,158.52266938245,1,-63.6394546375991,-5.60002641963495,4.34661851081863,6,2,36.044557529973
27.0000000000001,66,75.4396029441385,68.5548094330923,2,-46.1416200913415,-4.82395546671794,21.026772062913,14,1,39.2900031948814
27.0000000000001,67,186.312990723733,98.9910163846954,7,-63.6911810076841,-6.40000000000012,-4.26072390047942,2,2,66.8789930005553
27.0000000000001,68,61.3628126007436,140.366499470471,2,-56.5185253345419,-4.80391260723827,14.9082467283712,11,2,92.2041502455466
27.0000000000001,69,99.3549369548432,43.6740594135519,6,-56.1583488004108,-5.61913140872518,11.8277243480069,9,1,55.0288772020638
27.0000000000001,70,23.201539505077,62.3994295552905,2,-68.8441992441603,-4.80030562425075,2.58257281875274,5,1,37.7379562005491
27.0000000000001,71,151.680713087404,59.2106355011205,7,-86.9403789273703,-6.40000000000179,-21.1695428927953,0,2,93.7965004815882
27.0000000000001,72,159.278839454876,137.031827503184,8,-59.1951491732899,-6.40054670871587,5.03530793391479,6,2,28.3993020959414
27.0000000000001,73,84.3252284296514,147.134985946104,2,-53.0997249361979,-4.81091072577054,18.3270471267151,13,2,69.811416876801
27.0000000000001,74,105.615429101513,83.8572833971196,8,-49.3216648302817,-6.40856635298579,13.8304571072047,10,2,83.0487753880318
27.0000000000001,75,97.5975966410662,197.294121984517,4,-70.2441338234756,-5.61975754387887,-2.25806067505789,3,2,74.3975527290972
27.0000000000001,76,185.787101573917,176.283384510682,1,-74.758756264601,-5.60002715322261,-6.77268311618327,0,2,50.2372664502977
27.0000000000001,77,193.524654913621,90.4041063417768,7,-69.5574117958231,-6.400000000001,-10.1269546886184,0,2,77.4487968032558
27.0000000000001,78,22.0074882782711,125.704228402498,3,-61.620673730332,-4.8215010504464,9.80609833258103,8,1,84.0652181969967
27.0000000000001,79,64.4679518796139,63.1458080416589,2,-43.6677865414148,-4.84021889608294,21.026772062913,14,1,30.5676937412518
27.0000000000001,80,106.1636060629,28.7712640346349,6,-58.6004959057593,-5.61554153109324,9.38557724265846,8,1,64.4768165829841
27.0000000000001,81,115.717860868289,82.811655840176,8,-44.5729536156714,-6.41135681974726,13.8304571072047,10,2,79.0049913257695
27.0000000000001,82,189.255215709387,117.178205414075,1,-63.5800811669046,-5.60400350424789,4.40599198151313,6,2,56.3071235300753
27.0000000000001,83,110.423291196453,114.255111456844,8,-42,-6.41333115990697,13.8304571072047,10,2,58.2774650845712
27.0000000000001,84,37.8536347075202,104.333917444041,2,-55.121765788882,-4.81428315286194,16.3050062740311,12,1,60.4314386278716
27.0000000000001,85,5.15356404274729,190.311830619791,4,-62.6149368808903,-5.60435238581795,5.37113626752744,6,1,149.167230415882
27.0000000000001,86,157.785200485106,84.2889566217639,7,-91.7151365716599,-6.40000000000814,-21.1695428927953,0,2,70.2196594156489
27.0000000000001,87,145.297786579121,120.479956962798,8,-50.3021233939559,-6.43191431883217,13.8304571072047,10,2,38.0235946745409
27.0000000000001,88,111.952069811644,70.7533479076124,6,-53.1713852469788,-5.60805071399695,14.8146879014389,11,1,69.4334962631238
27.0000000000001,89,13.3072515884593,101.050651141198,3,-65.9635129175684,-4.81467152624887,5.46325914534469,6,1,67.1176338076138
27.0000000000001,90,124.923513015052,59.3607900083652,6,-51.7837958610947,-5.60905053399929,16.202277287323,12,1,79.0784875430572
27.0000000000001,91,100.01324969385,139.50443882413,8,-49.6959215257116,-6.41499007130671,13.8304571072047,10,2,56.2235005186074
27.0000000000001,92,87.9665261812674,13.2570089848335,5,-59.9673661726521,-7.43232814867317,3.97830068514742,5,1,57.8252064329517
27.0000000000001,93,77.1891428756212,187.510154416854,4,-58.0154158405421,-5.60476582221417,9.97065730787563,8,2,85.209639123534
27.0000000000001,94,77.287912352098,88.4449991835595,2,-47.7053248858547,-4.81879601869081,21.026772062913,14,1,52.6773017794161
27.0000000000001,95,195.11943677787,167.885669803842,1,-73.3073547826461,-5.60002979635879,-5.32128163422831,1,2,53.925047607622
27.0000000000001,96,54.4502763208472,176.021417208129,4,-63.5666748381574,-5.6024549018963,4.4193983102604,6,2,101.779732013215
27.0000000000001,97,91.2770187267506,117.767617687628,2,-51.8634324574249,-4.80821120809964,19.5633396054882,13,2,70.9898936409214
27.0000000000001,98,195.293514815834,16.6146629621309,7,-80.2352111947113,-6.40000000000093,-20.8047540875067,0,2,142.812466616462
27.0000000000001,99,117.571922270655,157.87524457731,8,-54.8184522355139,-6.43038789165349,9.41200487169078,8,2,40.8148220916481
27.0000000000001,100,70.1764405512783,33.7988791363629,6,-64.9060370946648,-5.65201758829895,3.08003605375291,5,1,34.9544713957663
27.5000000000001,1,3.45312437041879,177.055609792812,4,-63.2445088799996,-5.61053697734306,4.74156426841812,6,1,137.338958823413
27.5000000000001,2,191.092799927999,40.1347980292507,7,-79.6662012253167,-6.40000000000033,-20.235744118112,0,2,119.629556590318
27.5000000000001,3,148.345391194531,3.62168411652557,6,-56.7750091431746,-5.61030276048329,11.2110640052432,9,1,111.243040921186
27.5000000000001,4,68.4959024764127,0.802911410319432,5,-67.4906115499806,-7.4000951649559,-3.5449446921811,2,1,57.5734481694283
27.5000000000001,5,56.6121657864387,85.8062459784637,2,-54.2323391007002,-4.81921428515999,17.1944329622129,12,1,43.3365664013382
27.5000000000001,6,131.501702941701,25.4247764246521,6,-60.3159539956356,-5.60840052435415,7.67011915278218,7,1,88.3103572418074
27.5000000000001,7,48.8549292122856,89.0603750385358,2,-58.1772016169368,-4.81928616691014,13.2495704459762,10,1,45.5990579426806
27.5000000000001,8,134.802476485034,112.489317226493,8,-44.5198995359847,-6.42391410920195,13.8304571072047,10,2,46.8002782376627
27.5000000000001,9,189.350940196939,164.24284927136,1,-75.1809747693426,-5.60003693043957,-7.19490162092483,0,2,47.995887842082
27.5000000000001,10,66.3409511561444,99.4891550447066,2,-44.4097514825091,-4.82168953310037,21.026772062913,14,1,57.170387017463
27.5000000000001,11,185.19915935774,36.9002600175394,7,-77.5434206726906,-6.40000000000087,-18.1129635654859,0,2,120.759190141338
27.5000000000001,12,131.752470737349,111.529311469598,8,-44.891235371579,-6.42350142062482,13.8304571072047,10,2,48.6334884641695
27.5000000000001,13,84.0599973482734,4.37380383963512,5,-56.0853139495817,-7.40000753966967,7.8603529082178,7,1,61.5961297114396
27.5000000000001,14,176.898561868988,83.3456064196684,7,-73.6155678772572,-6.40000000000056,-14.1851107700526,0,2,75.6213647997809
27.5000000000001,15,189.661919852414,174.552460764492,1,-73.9699905260539,-5.60003205673133,-5.98391737763617,1,2,52.2316112710606
27.5000000000001,16,86.5965799608533,150.315206365563,2,-55.5162734053593,-4.8121988359599,15.9104986575538,12,2,67.619102535551
27.5000000000001,17,139.337014487443,87.8153035255201,8,-50.5397495351544,-6.42056405278183,13.6907075720503,10,2,67.326708932371
27.5000000000001,18,89.5144859076228,9.23346246036695,5,-56.6503169536858,-7.40806226102723,7.29534990411374,7,1,61.4455464579333
27.5000000000001,19,103.974433709229,48.2782100231421,6,-50.0127768151397,-5.60784283322164,17.5860731484177,12,1,58.8935824598605
27.5000000000001,20,44.1763278682486,183.586592631968,4,-64.8738973950031,-5.60694361367212,3.11217575341461,5,2,113.485500342882
27.5000000000001,21,76.7135551354809,51.2168570367224,6,-51.9500068638261,-5.6415201201826,16.0360662845916,12,1,35.5997860811578
27.5000000000001,22,141.430949221448,29.1963008614792,6,-62.7175848510503,-5.60570551867688,5.26848829736746,6,1,96.6677938787323
27.5000000000001,23,121.661821291136,193.700375547103,8,-64.6924507142005,-6.40000742459627,-0.461993606995806,3,2,57.1403989791225
27.5000000000001,24,196.099477155458,29.0690760957976,7,-98.9072916973977,-6.40000000000098,-21.1695428927953,0,2,131.535927222681
27.5000000000001,25,105.99366656033,95.4987393799465,8,-47.0375281236153,-6.40926432300891,13.8304571072047,10,2,73.886364046273
27.5000000000001,26,164.007252080915,89.2690069194753,7,-63.7456519378931,-6.40000000000119,-4.31519483068844,2,2,66.6086077876204
27.5000000000001,27,67.9846595621152,158.608596991098,2,-56.6459739140182,-4.80828694925287,14.7807981488948,11,2,85.7489009218036
27.5000000000001,28,151.614463585264,104.760056040709,8,-47.3471022678841,-6.43376455998844,13.8304571072047,10,2,51.004990168688
27.5000000000001,29,158.467746195813,185.596168369608,1,-68.6673473978854,-5.6002162693111,-0.681274249467659,3,2,43.4860889047774
27.5000000000001,30,51.201015342518,6.46744735982565,5,-63.4807165495178,-7.40010489988736,0.464950308281706,4,1,49.4851045994905
27.5000000000001,31,170.124496484696,131.217175208793,1,-53.6097319158931,-5.60000523111713,14.3763412325247,11,2,36.1944728639567
27.5000000000001,32,30.845886020081,90.2279104025324,2,-59.2117410401768,-4.83495742685185,12.2150310227363,9,1,50.3727590837538
27.5000000000001,33,177.103763911051,1.40190458662272,7,-81.0921500417212,-6.40000000000055,-21.1695428927953,0,1,138.091968188465
27.5000000000001,34,131.060089920952,51.3462882235878,6,-54.5948373988487,-5.60887970446793,13.3912357495691,10,1,84.4085343432394
27.5000000000001,35,130.906609066991,40.0651504202908,6,-55.60435599123,-5.60908720338744,12.3817171571877,10,1,84.8341359765656
27.5000000000001,36,5.37880680603081,15.9791872272462,5,-74.658319189834,-7.40001910252021,-10.7126523320345,0,1,60.8335153001394
27.5000000000001,37,65.3572197792229,92.6212228687973,2,-48.1053124301142,-4.8256620283262,21.026772062913,14,1,51.0358975445622
27.5000000000001,38,57.374869955756,157.108690781265,3,-64.554426303736,-4.80730811965628,6.87234575917709,7,2,95.8237872364517
27.5000000000001,39,65.9993668464712,114.561146757126,2,-48.4640856059901,-4.81728111039193,21.026772062913,14,1,70.5434008967755
27.5000000000001,40,85.0215493904255,168.949314144331,2,-54.4662524242703,-4.81112061374823,16.9605196386427,12,2,71.6486255985518
27.5000000000001,41,182.335909184389,166.20331220431,1,-63.9449674910312,-5.60000689384033,4.04110565738654,5,2,43.1324512307311
27.5000000000001,42,132.157988510009,64.3068451470105,6,-52.6563164199101,-5.60718136212747,15.3297567285076,11,1,86.6422004226076
27.5000000000001,43,84.3646818535254,50.3990632212405,6,-50.555120109142,-5.62597561089787,17.4309530392758,12,1,41.633407383357
27.5000000000001,44,37.9995991748344,115.118724146335,2,-55.4318329533892,-4.82511582385756,15.9949391095238,12,1,70.2617097316249
27.5000000000001,45,37.5253646434324,197.728785229763,4,-68.4331083490219,-5.60563375445941,-0.44703520060413,3,2,124.421985750516
27.5000000000001,46,80.3294468753498,101.630858091565,2,-48.3136129693232,-4.81448340918323,21.026772062913,14,1,64.3262843248074
27.5000000000001,47,174.40850780265,67.4462585470536,7,-81.1686577930643,-6.4000000000013,-21.1695428927953,0,2,89.2364582501567
27.5000000000001,48,112.208046425234,78.732768246267,8,-59.5555895235952,-6.40998850660791,4.67486758360944,6,2,84.0208312077281
27.5000000000001,49,97.3563525026897,160.782743537673,8,-54.3422457733128,-6.41762618812654,9.8882113338919,8,2,58.6504150029673
27.5000000000001,50,139.171330167848,28.5154271870868,6,-61.9844455525284,-5.60608381661763,6.00162759588935,7,1,94.685600768315
27.5000000000001,51,177.660786240748,41.5011384945145,7,-77.7555559520825,-6.40000000000046,-18.3250988448779,0,2,114.4087935582
27.5000000000001,52,190.184487368863,166.766736464917,1,-74.648961001654,-5.60003453976044,-6.66288785323622,1,2,49.4789498350791
27.5000000000001,53,115.52393039542,144.895461139773,8,-49.4882051578454,-6.42379185559393,13.8304571072047,10,2,42.0345773424144
27.5000000000001,54,74.9684539660993,5.29815449262636,5,-57.8296089710954,-7.40001550431877,6.11605788670414,7,1,56.3376311644563
27.5000000000001,55,174.234324864255,39.0376873299117,7,-76.2906941336895,-6.40000000000128,-16.8602370264848,0,2,115.983564933661
27.5000000000001,56,34.5952026702597,9.47965043769029,5,-65.7618574965578,-7.4001329556019,-1.81619063875821,3,1,49.3098013524912
27.5000000000001,57,166.121952596629,150.288884150103,1,-67.1572877678392,-5.60055982855392,0.828785380578526,4,2,28.5000142031568
27.5000000000001,58,21.7317678700762,62.7754763879448,2,-73.9688061923815,-4.80025746122978,-2.54203412946841,2,1,38.9172936455015
27.5000000000001,59,86.4246896988934,27.4543199160562,6,-56.1144837168545,-5.60414443856903,11.8715894315633,9,1,48.8601648596094
27.5000000000001,60,30.4677561869584,163.252443181866,3,-64.0590438995637,-4.81163590613552,7.36772816334935,7,1,117.302491171475
27.5000000000001,61,61.7989738992817,181.26212696061,4,-59.7040328997062,-5.60917917393594,8.28204024871153,8,2,96.4831155556293
27.5000000000001,62,163.110965448153,134.061301239811,1,-50.9754386342861,-5.60008506197373,17.0106345141316,12,2,31.2760216963523
27.5000000000001,63,115.276540243392,108.13697866991,8,-42,-6.41285488117365,13.8304571072047,10,2,59.2493140243188
27.5000000000001,64,126.925558204657,171.139123222598,8,-60.5258202737392,-6.45625645926544,3.70463683346545,5,2,39.1349255114515
27.5000000000001,65,176.626930819728,157.181573758064,1,-61.2992936105084,-5.60000924887339,6.68677953790935,7,2,36.2328365784562
27.5000000000001,66,74.3268428574234,68.2043037804838,2,-42,-4.82765266729144,21.026772062913,14,1,38.4114821315438
27.5000000000001,67,185.593887533474,98.6273055497951,7,-75.0126669181752,-6.40000000000013,-15.5822098109705,0,2,66.7707163719227
27.5000000000001,68,61.3621376369797,140.760619207135,2,-51.5828000923928,-4.80723566072459,19.8439719705203,14,2,92.1644551967911
27.5000000000001,69,98.8037922950702,43.8552019921527,6,-47.8808923579091,-5.61370561194733,17.5860731484177,12,1,54.5143897052659
27.5000000000001,70,23.1897859361237,62.3830217146162,2,-74.8390418873264,-4.80022553222746,-3.41226982441336,2,1,37.7409168534036
27.5000000000001,71,152.469029332394,59.6603579626814,7,-79.7763263311936,-6.40000000000176,-20.3458692239889,0,2,93.3787825433331
27.5000000000001,72,159.834726617254,137.055815972661,1,-58.6618455536935,-5.60169623067625,9.32422759472425,8,2,28.5748796632591
27.5000000000001,73,84.3273470012106,147.09469186137,2,-59.4255465552803,-4.81030726958329,12.0012255076327,9,2,69.8110891426268
27.5000000000001,74,105.81091778955,83.2504025442641,8,-55.6571752682297,-6.40805634037775,8.57328183897495,8,2,83.4292139906921
27.5000000000001,75,98.5433209298059,197.798086499476,4,-62.715543759218,-5.60671467176134,5.27052938919973,6,2,74.0587394839014
27.5000000000001,76,186.397294163742,176.177644095871,1,-74.9948886008676,-5.60002985291998,-7.00881545244986,0,2,50.6189892515848
27.5000000000001,77,193.960425255113,90.1649820042832,7,-79.203785071353,-6.40000000000071,-19.7733279641483,0,2,77.8780994064322
27.5000000000001,78,22.2353861649086,126.509490703748,3,-58.8787786184023,-4.80883572702101,12.5479934445108,10,1,84.7161492819325
27.5000000000001,79,65.6023649080524,63.2771399026775,2,-45.3894335000122,-4.84090247485548,21.026772062913,14,1,31.1763730205952
27.5000000000001,80,106.128051638078,28.1192230337774,6,-59.6340664916636,-5.60984786303224,8.35200665675413,8,1,64.6635645578897
27.5000000000001,81,115.732830704421,82.5714078620804,8,-57.7974941779993,-6.41067422536785,6.43296292920541,7,2,79.2029287920201
27.5000000000001,82,188.89164480183,117.037819665398,1,-59.6784900056462,-5.6007489399524,8.30758314277158,8,2,56.1365778062979
27.5000000000001,83,110.180341525914,113.012556072855,8,-44.520049665896,-6.41303064763727,13.8304571072047,10,2,59.2108622573304
27.5000000000001,84,37.8503987661888,103.316742143595,2,-52.0657069960886,-4.82710239860596,19.3610650668244,13,1,59.5192221298902
27.5000000000001,85,3.91143309633677,190.124347433346,4,-62.4204573525534,-5.60724401387694,5.56561579586438,6,1,149.369470585038
27.5000000000001,86,157.705750516122,85.2144086654627,7,-76.3094792163303,-6.400000000002,-16.8790221091257,0,2,69.3455221018805
27.5000000000001,87,143.864926808033,120.071531754188,8,-45.0806712477372,-6.43712809458038,13.8304571072047,10,2,38.5435122246451
27.5000000000001,88,112.130692088097,70.7620330489351,6,-54.1621400660361,-5.60105142831975,13.8239330823817,10,1,69.5955093067864
27.5000000000001,89,13.0172310841101,100.851905946887,3,-59.5343935409224,-4.8192103163107,11.8923785219906,9,1,67.1259378714155
27.5000000000001,90,124.082957462866,59.2975246137267,6,-49.7241667129573,-5.608276257287,17.5860731484177,12,1,78.2750186866009
27.5000000000001,91,99.948194717178,138.952503478291,8,-56.1124579725266,-6.4130962200403,8.11799913467811,8,2,56.3868813773798
27.5000000000001,92,88.0014967910405,13.2881176319003,5,-56.5997996611107,-7.41173363892294,7.34586719668884,7,1,57.828419184417
27.5000000000001,93,78.0302425066445,187.717852433786,4,-57.9464237741222,-5.61393917902659,10.0396493742955,8,2,84.5844689400437
27.5000000000001,94,76.6114225152083,89.4159658483787,2,-45.0166137358143,-4.81852919543534,21.026772062913,14,1,53.0474897807944
27.5000000000001,95,194.875138618349,168.049886909556,1,-72.6561267003318,-5.60003794102289,-4.67005355191403,2,2,53.7757053274417
27.5000000000001,96,53.8437622421293,175.390674244537,4,-63.591622695361,-5.60831149373316,4.39445045305677,6,2,102.190794097807
27.5000000000001,97,91.178597772411,118.130578258482,2,-46.3166377875846,-4.8098936405887,21.026772062913,14,2,70.9074566047786
27.5000000000001,98,195.514041476045,15.4008617465258,7,-89.9756557288907,-6.4000000000004,-21.1695428927953,0,2,144.016339316277
27.5000000000001,99,116.670346236669,158.604810473691,8,-57.3868908421133,-6.42577069834142,6.84356626509139,7,2,41.6792344372073
27.5000000000001,100,70.2073660419032,32.6204644390545,6,-64.2228941405888,-5.61630137252889,3.76317900782897,5,1,35.5335883167691
28.0000000000001,1,4.36184131000268,177.95171343541,4,-65.5638613676053,-5.61111926541139,2.42221178081248,5,1,137.864906700983
28.0000000000001,2,191.438434084567,40.1300601031375,7,-72.9476855640757,-6.40000000000048,-13.5172284568711,0,2,119.753068905649
28.0000000000001,3,148.370813544444,4.48398985855547,6,-59.5494045987284,-5.60946109404597,8.43666854968939,8,1,110.908855086472
28.0000000000001,4,69.2568729212571,0.723293915135206,5,-66.6015895613945,-7.40009392132969,-2.655922703595,2,1,57.8901625259387
28.0000000000001,5,56.4826058295075,85.5271528109205,2,-48.249123407052,-4.82924221035149,21.026772062913,14,1,43.0865729107254
28.0000000000001,6,131.457712639179,25.5317753166296,6,-60.6766065527517,-5.60944791350991,7.30946659566607,7,1,88.2400304145628
28.0000000000001,7,49.1140930140273,88.2543293128622,2,-53.3497588012541,-4.82898300288126,18.0770132616589,13,1,44.9046605862321
28.0000000000001,8,134.995300336507,111.294447214387,8,-54.7106327828307,-6.42606121281088,9.51982432437401,8,2,47.7023147072707
28.0000000000001,9,188.775270168677,163.599864627701,1,-66.4782188380177,-5.60000705708628,1.50785431040001,4,2,47.3363274298468
28.0000000000001,10,65.786358609503,99.7122439070047,2,-51.9152346272779,-4.821568758635,19.5115374356352,13,1,57.2080965634879
28.0000000000001,11,186.11028670985,36.8983899426132,7,-72.1031411793663,-6.40000000000037,-12.6726840721616,0,2,121.029653407092
28.0000000000001,12,131.655418461744,111.31486312801,8,-54.3964652052871,-6.42372915835192,9.83399190191757,8,2,48.8396712378194
28.0000000000001,13,83.9983047245942,5.46725479954391,5,-57.9116139127741,-7.40094424350973,6.03405294502543,7,1,60.7560706368928
28.0000000000001,14,176.761182849363,82.2434772010617,7,-77.4206139057614,-6.40000000000155,-17.9901567985567,0,2,76.5464387760794
28.0000000000001,15,189.573850087728,174.473030999617,1,-73.1272178867318,-5.60003286191935,-5.14114473831406,1,2,52.1274290280486
28.0000000000001,16,86.5205396502438,150.732379681973,2,-55.9403956880302,-4.81277084185152,15.4863763748829,11,2,67.6936353455392
28.0000000000001,17,138.788835237316,87.936516555552,8,-57.7106850872894,-6.41812667104063,6.51977201991525,7,2,67.3039091925225
28.0000000000001,18,90.1788284071035,8.19922023731449,5,-55.7620039467473,-7.40257363878341,8.18366291105229,8,1,62.5611176445562
28.0000000000001,19,103.849814019263,47.8821105697816,6,-47.998122893573,-5.61442616391581,17.5860731484177,12,1,58.7923287984733
28.0000000000001,20,44.3209435234064,183.383389095028,4,-59.1231774733657,-5.60494281215789,8.86289567505203,8,2,113.29061587463
28.0000000000001,21,76.6806628724346,51.1833793322902,6,-53.1742420904966,-5.62848420722103,14.8118310579211,11,1,35.5739814746199
28.0000000000001,22,142.029633725357,28.7525513172841,6,-67.8723003078441,-5.60791107162723,0.113772840573619,3,1,97.330147226581
28.0000000000001,23,121.658562809275,193.701237808173,8,-72.7532861904141,-6.400084299733,-8.52282908320945,0,2,57.142674491157
28.0000000000001,24,195.891937467398,28.5002035780203,7,-73.7089937980188,-6.40000000000037,-14.2785366908141,0,2,131.986819247583
28.0000000000001,25,106.042012937393,95.4886325798855,8,-42,-6.40999493563875,13.8304571072047,10,2,73.8650377689411
28.0000000000001,26,164.215924152496,88.7785124515566,7,-76.5606437432933,-6.40000000000163,-17.1301866360886,0,2,67.1000226315441
28.0000000000001,27,67.4154657333802,159.061578237825,2,-57.2207696129008,-4.80928654384651,14.2060024500123,11,2,86.3398372722274
28.0000000000001,28,151.188672184295,105.030196429867,8,-50.4015074614672,-6.41638363411385,13.8289496457375,10,2,50.7537799055206
28.0000000000001,29,158.21634284754,185.970175714307,1,-66.3259628912967,-5.6000737373002,1.66011025712104,4,2,43.7448491905783
28.0000000000001,30,51.6421228075045,6.64210288486308,5,-63.2458555613956,-7.40016340984649,0.699811296403927,4,1,49.3442378557185
28.0000000000001,31,170.190366764475,130.352408771388,1,-64.6527686063492,-5.60025534523586,3.33330454206851,5,2,36.6869016294732
28.0000000000001,32,30.7049595938917,90.2458077419616,2,-55.0218030710599,-4.81351465119372,16.4049689918532,12,1,50.4407932637492
28.0000000000001,33,176.787863411723,0.19568790098496,6,-63.4617102919973,-5.60481564284797,4.52436285642044,6,1,138.2312620653
28.0000000000001,34,131.172418210668,52.7544743228749,6,-58.0092104559773,-5.6078617953419,9.97686269244049,8,1,84.5505683420454
28.0000000000001,35,129.506995233325,39.7562294031144,6,-62.2193127287634,-5.6096939072447,5.76676041965434,6,1,83.537698837552
28.0000000000001,36,5.31638553175728,15.9286544733717,5,-64.9184563049072,-7.40002009385174,-0.972789447107667,3,1,60.9075692171461
28.0000000000001,37,65.1836650170957,92.7075317381849,2,-50.0757768985733,-4.81808430175001,21.026772062913,14,1,51.056115701446
28.0000000000001,38,57.8097892031682,157.183583702674,3,-57.4764053249551,-4.80653612407916,13.9503667379579,10,2,95.4090605842946
28.0000000000001,39,64.8693787116221,114.261047881666,2,-52.3719870245079,-4.81358622260168,19.0547850384051,13,1,70.0202163529893
28.0000000000001,40,85.0558611929618,168.891174185137,2,-65.4400816295587,-4.81269403593783,5.9866904333543,7,2,71.6021482043732
28.0000000000001,41,182.175787824441,165.718917230028,1,-70.6962791925417,-5.60005393398879,-2.71020604412393,2,2,42.8324139059182
28.0000000000001,42,132.084297493662,64.3885373633452,6,-47.4031599148671,-5.60729946749288,17.5860731484177,12,1,86.5858643341068
28.0000000000001,43,84.4809328476506,50.6743460174391,6,-48.2348998348131,-5.62485758121703,17.5860731484177,12,1,41.7329542759128
28.0000000000001,44,37.6266333697008,114.97625734746,2,-53.3659549026674,-4.81915878472281,18.0608171602456,13,1,70.1944742885872
28.0000000000001,45,37.7486212127681,197.671697137184,4,-66.4079689714658,-5.60793628731566,1.57810417695194,4,2,124.198279970272
28.0000000000001,46,80.4458855948157,101.888261576479,2,-48.1929111252463,-4.81442806708835,21.026772062913,14,1,64.5878753256502
28.0000000000001,47,174.273794872352,66.7971730740547,7,-84.7771324315379,-6.40000000000293,-21.1695428927953,0,2,89.8007657315562
28.0000000000001,48,112.320352125818,78.5286892625676,8,-55.0994306102741,-6.407009337077,9.13102649693053,8,2,84.1436517061685
28.0000000000001,49,98.711741026159,161.274445149419,8,-55.4019779462346,-6.41683613527173,8.82847916097012,8,2,57.5312838549171
28.0000000000001,50,140.117710157205,27.6727495714996,6,-68.1151969534466,-5.60861644232642,-0.129123805028865,3,1,95.7703388094401
28.0000000000001,51,178.001118968746,42.4067904414436,7,-80.4022511110907,-6.40000000000145,-20.9717940038861,0,2,113.633671975402
28.0000000000001,52,190.13886431686,166.22791210424,1,-69.1953035830502,-5.60001829200839,-1.20923043463241,3,2,49.2617860000047
28.0000000000001,53,115.360117524403,145.168171372606,8,-42,-6.42646276569836,13.8304571072047,10,2,42.1368962526625
28.0000000000001,54,75.0743314870614,5.6301386873586,5,-64.8734662091362,-7.40005195012664,-0.927799351336625,3,1,56.1218022913205
28.0000000000001,55,172.984804160577,39.4333938206313,7,-85.8607252066561,-6.40000000000144,-21.1695428927953,0,2,115.349580078662
28.0000000000001,56,35.0549561907077,9.62806592443932,5,-66.6716652703591,-7.40013285784383,-2.72599841255951,2,1,49.0458703201716
28.0000000000001,57,166.278754903324,150.821390200095,1,-71.4776892051648,-5.6003256544492,-3.49161605674702,2,2,28.5993451509522
28.0000000000001,58,20.7006562583733,63.4900243267575,2,-64.0066479018969,-4.80030614035098,7.42012416101613,7,1,39.9084239231082
28.0000000000001,59,86.6476963916468,26.5908549588019,6,-62.6393665810579,-5.63081397045538,5.34670656735981,6,1,49.4296643967382
28.0000000000001,60,30.5412251393961,162.338368353126,3,-57.6406191446654,-4.81176173758527,13.7861529182477,10,1,116.407916068102
28.0000000000001,61,62.4991846440638,180.689934202778,4,-61.0330449647893,-5.60694216443433,6.95302818362842,7,2,95.6583229485259
28.0000000000001,62,162.676141052801,133.296773379554,1,-54.9369787323814,-5.60094506513193,13.0490944160363,10,2,31.4949572396041
28.0000000000001,63,115.645254635183,107.56934263599,8,-42,-6.41341881400445,13.8304571072047,10,2,59.4378601013141
28.0000000000001,64,127.351464082846,170.28432891975,8,-64.6414134013754,-6.42812586918427,-0.410956294170691,3,2,38.427336349469
28.0000000000001,65,177.286107902774,155.840478133679,1,-65.8268521473767,-5.60008151084183,2.15922100104102,4,2,36.481404431735
28.0000000000001,66,73.2140827707083,67.8537981278753,2,-48.1095392124579,-4.82967831598852,21.026772062913,14,1,37.5486583845044
28.0000000000001,67,184.874784343216,98.2635947148948,7,-74.044907289751,-6.40000000000034,-14.6144501825464,0,2,66.6720047307
28.0000000000001,68,61.3614626732157,141.154738943798,2,-47.8667691452205,-4.80653387962641,21.026772062913,14,2,92.1264291209862
28.0000000000001,69,98.2526476352971,44.0363445707534,6,-49.8925344258415,-5.61296623941169,17.5860731484177,12,1,54.001233225686
28.0000000000001,70,23.1780323671705,62.3666138739419,2,-63.956801611121,-4.80035847060357,7.46997045179202,7,1,37.7438880668609
28.0000000000001,71,153.257345577384,60.1100804242422,7,-83.3853329227778,-6.40000000000244,-21.1695428927953,0,2,92.9680479602896
28.0000000000001,72,160.390613779632,137.079804442139,1,-61.2448532578361,-5.60053824849388,6.74121989058168,7,2,28.7601513899156
28.0000000000001,73,84.3294655727699,147.054397776636,2,-54.6179104105267,-4.81062201918956,16.8088616523863,12,2,69.8107847285525
28.0000000000001,74,106.006406477587,82.6435216914085,8,-56.1502392057235,-6.40862582334249,8.08021790148122,7,2,83.8127761212518
28.0000000000001,75,99.4890452185455,198.302051014436,4,-67.1400701604233,-5.6149429135436,0.846002987994413,4,2,73.7339452703792
28.0000000000001,76,187.007486753568,176.071903681059,1,-70.3748677612639,-5.60002691123989,-2.38879461284618,2,2,51.0053745929771
28.0000000000001,77,194.396195596606,89.9258576667896,7,-84.0608732165923,-6.40000000000019,-21.1695428927953,0,2,78.3082036604268
28.0000000000001,78,22.463284051546,127.314753004999,3,-65.2641296933777,-4.82106922953985,6.16264236953531,7,1,85.37032129171
28.0000000000001,79,66.7367779364909,63.4084717636961,6,-49.19386404275,-5.63068559284085,17.5860731484177,12,1,31.8144126259349
28.0000000000001,80,106.092497213257,27.46718203292,6,-59.5300600732853,-5.61319338450139,8.45601307513241,8,1,64.8563499524666
28.0000000000001,81,115.747800540552,82.3311598839848,8,-54.6095001403108,-6.4090664728449,9.62095696689384,8,2,79.4011025770841
28.0000000000001,82,188.528073894274,116.897433916722,1,-74.5401446449846,-5.60388243404798,-6.55407149656686,1,2,55.9682263369174
28.0000000000001,83,109.937391855376,111.770000688865,8,-43.8173097223853,-6.41326474303971,13.8304571072047,10,2,60.1564245835728
28.0000000000001,84,37.8471628248574,102.299566843149,2,-56.3763368587997,-4.82266203809558,15.0504352041133,11,1,58.6104610405558
28.0000000000001,85,2.66930214992624,189.936864246902,4,-58.6001092616234,-5.61105298753714,9.38596388679432,8,1,149.581987332134
28.0000000000001,86,157.626300547137,86.1398607091614,7,-82.2923362833414,-6.40000000000212,-21.1695428927953,0,2,68.4728256338277
28.0000000000001,87,142.432067036946,119.663106545578,8,-53.1406236840676,-6.44426070387436,11.089833423137,9,2,39.1133060964964
28.0000000000001,88,112.30931436455,70.7707181902578,6,-48.5666525191002,-5.61037029206979,17.5860731484177,12,1,69.7576045368489
28.0000000000001,89,12.727210579761,100.653160752575,3,-61.0278655868526,-4.81143518967586,10.3989064760605,9,1,67.1360821421069
28.0000000000001,90,123.24240191068,59.2342592190881,6,-47.6894102047573,-5.60952665056831,17.5860731484177,12,1,77.4723885069445
28.0000000000001,91,99.8831397405064,138.400568132452,8,-42,-6.41545335695351,13.8304571072047,10,2,56.5552517624977
28.0000000000001,92,88.0364674008136,13.3192262789672,5,-53.7232275124796,-7.40290392283098,8.94566685779954,8,1,57.8316696378962
28.0000000000001,93,78.8713421376679,187.925550450718,4,-63.2974905068916,-5.60694009524023,4.68858264152619,6,2,83.9635834531056
28.0000000000001,94,75.9349326783185,90.3869325131979,2,-52.8460244666498,-4.81862740116142,18.5807475962633,13,1,53.4413234384639
28.0000000000001,95,194.630840458828,168.21410401527,1,-70.3389682851825,-5.60003853718736,-2.35289513676475,2,2,53.6275629237474
28.0000000000001,96,53.2372481634114,174.759931280945,4,-60.2869860974712,-5.60870716663121,7.69908705094656,7,2,102.607671935515
28.0000000000001,97,91.0801768180715,118.493538829336,2,-43.8022996268935,-4.80886008624385,21.026772062913,14,2,70.8269204419357
28.0000000000001,98,195.734568136256,14.1870605309208,7,-98.8117502926411,-6.40000000000155,-21.1695428927953,0,2,145.220712192998
28.0000000000001,99,115.768770202682,159.334376370071,8,-51.7178799515444,-6.43248396706266,12.5125771556603,10,2,42.5576981949791
28.0000000000001,100,70.2382915325281,31.4420497417461,6,-62.4798753358918,-5.61511831574171,5.50619781252593,6,1,36.1418865299451
28.5000000000001,1,5.27055824958657,178.847817078009,4,-67.2566291903365,-5.61020312409957,0.729443958081294,4,1,138.400624727895
28.5000000000001,2,191.784068241136,40.1253221770243,7,-83.9406984800305,-6.40000000000156,-21.1695428927953,0,2,119.877450696462
28.5000000000001,3,148.396235894358,5.34629560058537,6,-64.412133289171,-5.6080113320896,3.57393985924675,5,1,110.580389557862
28.5000000000001,4,70.0178433661014,0.64367641995098,5,-67.2321249573197,-7.40004196787722,-3.28645809952016,2,1,58.2152104725928
28.5000000000001,5,56.3530458725763,85.2480596433773,2,-51.4154426856424,-4.83397235351145,20.0113293772706,14,1,42.8373306881059
28.5000000000001,6,131.413722336657,25.6387742086071,6,-56.2991071549613,-5.60907971514507,11.6869659934564,9,1,88.1697992896065
28.5000000000001,7,49.373256815769,87.4482835871887,2,-52.8611030355519,-4.83294333535145,18.5656690273611,13,1,44.2155713594825
28.5000000000001,8,135.188124187979,110.099577202282,8,-46.453479804898,-6.42264712839757,13.8304571072047,10,2,48.617747834586
28.5000000000001,9,188.199600140415,162.956879984042,1,-64.7593669464269,-5.60000117141314,3.22670620199088,5,2,46.6834037941585
28.5000000000001,10,65.2317660628616,99.9353327693029,2,-47.9135174391529,-4.82281030167402,21.026772062913,14,1,57.2520231622845
28.5000000000001,11,187.02141406196,36.8965198676869,7,-76.1109275954765,-6.40000000000109,-16.6804704882719,0,2,121.306357282657
28.5000000000001,12,131.558366186139,111.100414786423,8,-45.4127606234542,-6.42098044668818,13.8304571072047,10,2,49.046116946328
28.5000000000001,13,83.936612100915,6.56070575945269,5,-55.1774757403144,-7.40272429059875,8.76819111748514,8,1,59.9242515598219
28.5000000000001,14,176.623803829737,81.141347982455,7,-80.8996953232572,-6.40000000000096,-21.1695428927953,0,2,77.4763892294787
28.5000000000001,15,189.485780323043,174.393601234743,1,-72.5628099263192,-5.60003119378324,-4.57673677790147,2,2,52.0233085156961
28.5000000000001,16,86.4444993396344,151.149552998383,2,-56.4023795165732,-4.81066500318179,15.0243925463399,11,2,67.7707395288396
28.5000000000001,17,138.24065598719,88.057729585584,8,-47.377484389697,-6.41982057170575,13.8304571072047,10,2,67.2857862828714
28.5000000000001,18,90.8431709065842,7.16497801426203,5,-52.1180822301842,-7.40674981675022,8.94566685779954,8,1,63.6808740378388
28.5000000000001,19,103.725194329296,47.486011116421,6,-62.4323769491577,-5.61602082367436,5.55369619926006,6,1,58.6938382270862
28.5000000000001,20,44.4655591785642,183.180185558087,4,-59.3723888934268,-5.6051365147395,8.61368425499098,8,2,113.09594560886
28.5000000000001,21,76.6477706093883,51.149901627858,6,-57.6866839664468,-5.60687191519902,10.299389181971,8,1,35.5482200989632
28.5000000000001,22,142.628318229265,28.308801773089,6,-51.4786612460597,-5.60802485238068,16.507411902358,12,1,97.9936907076224
28.5000000000001,23,121.655304327414,193.702100069244,8,-67.7613705363953,-6.40010282860181,-3.53091342919066,2,2,57.1449501113943
28.5000000000001,24,195.684397779338,27.9313310602429,7,-76.4390624261989,-6.40000000000087,-17.0086053189942,0,2,132.438944941376
28.5000000000001,25,106.090359314455,95.4785257798244,8,-48.7053731697062,-6.4102658398605,13.8304571072047,10,2,73.8437383687672
28.5000000000001,26,164.424596224077,88.2880179836379,7,-74.4116280856272,-6.40000000000054,-14.9811709784225,0,2,67.5920683262132
28.5000000000001,27,66.8462719046453,159.514559484551,2,-56.0460148648759,-4.80761772959914,15.3807571980371,11,2,86.932843841331
28.5000000000001,28,150.762880783325,105.300336819026,8,-53.2624710482785,-6.43587376955044,10.9679860589262,9,2,50.5063548039461
28.5000000000001,29,157.964939499266,186.344183059006,1,-65.5707298033618,-5.60005282757334,2.41534334505595,5,2,44.0067029377741
28.5000000000001,30,52.083230272491,6.81675840990051,5,-70.3245492632527,-7.40008240800195,-6.37888240545318,1,1,49.2075421312335
28.5000000000001,31,170.256237044254,129.487642333982,1,-61.5368557332936,-5.60062841356518,6.44921741512411,7,2,37.1930363940838
28.5000000000001,32,30.5640331677024,90.2637050813908,2,-56.6628134636192,-4.83110412293287,14.7639585992939,11,1,50.5091353478496
28.5000000000001,33,176.471962912394,0.96497334851021,6,-64.472941475215,-5.60669404054977,3.51313167320277,5,1,137.665686507664
28.5000000000001,34,131.284746500383,54.1626604221621,6,-65.3295804482172,-5.60774332028956,2.65649270020059,5,1,84.7159238598138
28.5000000000001,35,128.107381399658,39.447308385938,6,-59.103575002131,-5.60779903379911,8.88249814628672,8,1,82.2458043271092
28.5000000000001,36,5.25396425748376,15.8781217194972,5,-64.8196425188649,-7.40001597430084,-0.873975661065354,3,1,60.9816389748586
28.5000000000001,37,65.0101102549684,92.7938406075724,2,-51.521715499909,-4.82599118201014,19.905056563004,14,1,51.0770614249941
28.5000000000001,38,58.2447084505805,157.258476624083,3,-59.2986162662389,-4.80712851432592,12.1281557966741,9,2,94.9945735830281
28.5000000000001,39,63.7393905767729,113.960949006206,2,-54.0039663709254,-4.81419099769031,17.4228056919876,12,1,69.512760347979
28.5000000000001,40,85.0901729954982,168.833034225943,2,-54.1328584789694,-4.81530580833053,17.2939135839437,12,2,71.5557043142607
28.5000000000001,41,182.015666464493,165.234522255745,1,-67.2357790144625,-5.60001406153026,0.750294133955297,4,2,42.5363793419991
28.5000000000001,42,132.010606477315,64.4702295796798,6,-56.2340663330862,-5.60567540871811,11.7520068153316,9,1,86.5296314499582
28.5000000000001,43,84.5971838417758,50.9496288136378,6,-48.937362712788,-5.6056364158894,17.5860731484177,12,1,41.8343988204124
28.5000000000001,44,37.2536675645673,114.833790548585,2,-53.1172217845722,-4.82330378862033,18.3095502783408,13,1,70.1294473630893
28.5000000000001,45,37.9718777821038,197.614609044606,4,-60.3666998906983,-5.60615102024749,7.61937325771949,7,2,123.974598858551
28.5000000000001,46,80.5623243142816,102.145665061394,2,-52.4887083498165,-4.81384537714401,18.9380637130965,13,1,64.8496418817128
28.5000000000001,47,174.139081942054,66.1480876010559,7,-82.0599520532449,-6.40000000000064,-21.1695428927953,0,2,90.3664123995492
28.5000000000001,48,112.432657826401,78.3246102788682,8,-54.9011119716478,-6.41017426794309,9.32934513555689,8,2,84.266937108598
28.5000000000001,49,100.067129549628,161.766146761166,8,-59.8822586891906,-6.41779808076219,4.34819841801405,6,2,56.4268000246238
28.5000000000001,50,141.064090146562,26.8300719559124,6,-51.9065368303023,-5.60836570143647,16.0795363181155,12,1,96.8595069148574
28.5000000000001,51,178.341451696745,43.3124423883727,7,-76.4441724740988,-6.40000000000067,-17.0137153668942,0,2,112.861520605622
28.5000000000001,52,190.093241264857,165.689087743564,1,-64.8160502205158,-5.60000117479693,3.17002292790194,5,2,49.0496225199267
28.5000000000001,53,115.196304653387,145.44088160544,8,-55.9472041117437,-6.41745334661595,8.28325299546094,8,2,42.2413632629853
28.5000000000001,54,75.1802090080236,5.96212288209083,5,-56.9081454378165,-7.40000735993669,7.03752141998305,7,1,55.9073121044092
28.5000000000001,55,171.735283456899,39.8291003113509,7,-77.4469175263487,-6.40000000000144,-18.016460419144,0,2,114.727066053125
28.5000000000001,56,35.5147097111556,9.77648141118836,5,-70.1090708261125,-7.40011834139837,-6.16340396831291,1,1,48.7852957602654
28.5000000000001,57,166.435557210018,151.353896250087,1,-65.1987943026772,-5.60045460059542,2.7872788457405,5,2,28.709067833348
28.5000000000001,58,19.6695446466703,64.2045722655702,2,-66.8472477474464,-4.80021464580694,4.57952431546663,6,1,40.9140122108323
28.5000000000001,59,86.8707030844003,25.7273900015477,6,-67.5268360547772,-5.61763854222652,0.459237093640555,4,1,50.008582684125
28.5000000000001,60,30.6146940918338,161.424293524386,3,-61.5800880018733,-4.81288170090298,9.84668406103972,8,1,115.513693008932
28.5000000000001,61,63.1993953888459,180.117741444946,4,-60.8976322193741,-5.60758846716754,7.08844092904369,7,2,94.8349793620819
28.5000000000001,62,162.241316657449,132.532245519296,1,-57.0650469068472,-5.62732546526268,10.9210262415705,9,2,31.7367654323199
28.5000000000001,63,116.013969026975,107.00170660207,8,-44.6875982380313,-6.41479362235445,13.8304571072047,10,2,59.6334934112858
28.5000000000001,64,127.777369961036,169.429534616903,8,-57.2950340019724,-6.40430664476391,6.9354231052323,7,2,37.7306520123639
28.5000000000001,65,177.94528498582,154.499382509293,1,-64.9582926963312,-5.60008828571427,3.02778045208655,5,2,36.7890390728493
28.5000000000001,66,72.1013226839932,67.5032924752667,2,-43.2857026587992,-4.82662871955719,21.026772062913,14,1,36.7026390312293
28.5000000000001,67,184.155681152958,97.8998838799945,7,-92.7576226678451,-6.4000000000012,-21.1695428927953,0,2,66.582900618256
28.5000000000001,68,61.3607877094518,141.548858680462,2,-53.1620485461039,-4.80570721167848,18.2647235168092,13,2,92.0900740856021
28.5000000000001,69,97.7015029755241,44.2174871493541,6,-63.2667024766452,-5.61614175563695,4.71937067177254,6,1,53.4894460710879
28.5000000000001,70,23.1662787982172,62.3502060332676,2,-64.2463564479418,-4.8002197637318,7.18041561497128,7,1,37.7468698384272
28.5000000000001,71,154.045661822374,60.5598028858031,7,-86.5539449375832,-6.40000000000157,-21.1695428927953,0,2,92.5643896939175
28.5000000000001,72,160.94650094201,137.103792911616,1,-57.7494101630337,-5.60163338420036,10.236662985384,8,2,28.954931188658
28.5000000000001,73,84.3315841443291,147.014103691901,2,-54.7137388113312,-4.81126488528751,16.7130332515819,12,2,69.8105036348832
28.5000000000001,74,106.201895165624,82.036640838553,8,-51.4750955468836,-6.40817945611066,12.755361560321,10,2,84.1994190929538
28.5000000000001,75,100.434769507285,198.806015529395,4,-62.3242138369139,-5.60531021227785,5.66185931150383,6,2,73.4233561317614
28.5000000000001,76,187.617679343393,175.966163266247,1,-70.3703222629216,-5.60003045681228,-2.38424911450383,2,2,51.3963173189653
28.5000000000001,77,194.831965938098,89.686733329296,7,-96.0405889685613,-6.40000000000176,-21.1695428927953,0,2,78.7390964284341
28.5000000000001,78,22.6911819381834,128.120015306249,3,-55.5117701483381,-4.82022386248417,15.915001914575,12,1,86.027660292385
28.5000000000001,79,67.8711909649295,63.5398036247147,6,-52.0594244290395,-5.62431929315624,15.9266487193783,12,1,32.4800823382702
28.5000000000001,80,106.056942788436,26.8151410320625,6,-68.6345329085108,-5.60659595102329,-0.64845976009303,3,1,65.055119092575
28.5000000000001,81,115.762770376683,82.0909119058892,8,-49.445971724218,-6.41137310097161,13.8304571072047,10,2,79.5995109159184
28.5000000000001,82,188.164502986717,116.757048168045,1,-63.3199801838378,-5.6030189601493,4.66609296457999,6,2,55.8020889817289
28.5000000000001,83,109.694442184837,110.527445304876,8,-43.2548515771057,-6.41224612866612,13.8304571072047,10,2,61.1135874004382
28.5000000000001,84,37.843926883526,101.282391542703,2,-60.1849390101022,-4.82820288847048,11.2418330528108,9,1,57.705318610611
28.5000000000001,85,1.42717120351571,189.749381060457,4,-69.0519257753939,-5.60947099888735,-1.06585262697611,3,1,149.804736921345
28.5000000000001,86,157.546850578153,87.0653127528602,7,-66.6363598426586,-6.40000000000128,-7.20590273545392,0,2,67.6016258128772
28.5000000000001,87,140.999207265859,119.254681336968,8,-45.9233245288829,-6.44093961084361,13.8304571072047,10,2,39.7308304662051
28.5000000000001,88,112.487936641003,70.7794033315805,6,-47.831680735819,-5.61061246245901,17.5860731484177,12,1,69.9197813817125
28.5000000000001,89,12.4371900754118,100.454415558264,3,-63.4626631440262,-4.80497210206966,7.96410891888684,7,1,67.1480657856706
28.5000000000001,90,122.401846358494,59.1709938244495,6,-54.5935161270723,-5.60969776727965,13.3925570213454,10,1,76.67062334328
28.5000000000001,91,99.8180847638348,137.848632786613,8,-53.8907186624521,-6.41100603207679,10.3397384447526,9,2,56.7285672472367
28.5000000000001,92,88.0714380105867,13.350334926034,5,-50.1638742319628,-7.40676568411488,8.94566685779954,8,1,57.8349577870325
28.5000000000001,93,79.7124417686912,188.13324846765,4,-61.8847514839754,-5.60214147853908,6.10132166444234,7,2,83.3470784179933
28.5000000000001,94,75.2584428414288,91.357899178017,2,-46.8265233718441,-4.81872751363746,21.026772062913,14,1,53.8582840349815
28.5000000000001,95,194.386542299308,168.378321120984,1,-78.1041917034419,-5.60002838320795,-10.1181185550241,0,2,53.4806303675849
28.5000000000001,96,52.6307340846935,174.129188317353,4,-59.2804593221393,-5.60577053338664,8.70561382627847,8,2,103.03029493183
28.5000000000001,97,90.981755863732,118.85649940019,2,-50.5092811642121,-4.8103463150129,20.9174908987009,14,2,70.7482916439578
28.5000000000001,98,195.955094796467,12.9732593153157,7,-70.9263978381747,-6.40000000000037,-11.49594073097,0,2,146.42557290453
28.5000000000001,99,114.867194168695,160.063942266452,8,-54.9142570855569,-6.42906445292735,9.3162000216478,8,2,43.4493610945272
28.5000000000001,100,70.2692170231529,30.2636350444377,6,-60.8227412392087,-5.6001054335771,7.16333190920904,7,1,36.777918108436
29.0000000000001,1,6.17927518917047,179.743920720607,4,-66.7054177691567,-5.61266789873332,1.28065537926107,4,1,138.945999895289
29.0000000000001,2,192.129702397704,40.1205842509111,7,-86.6869362256638,-6.40000000000048,-21.1695428927953,0,2,120.002699259143
29.0000000000001,3,148.421658244272,6.20860134261526,6,-61.4780191076099,-5.60259258578829,6.50805404080785,7,1,110.257695458967
29.0000000000001,4,70.7788138109457,0.564058924766754,5,-68.1898330055318,-7.40010433729532,-4.24416614773224,2,1,58.5484532108568
29.0000000000001,5,56.2234859156451,84.9689664758341,2,-53.7161184423352,-4.83990429926183,17.7106536205779,13,1,42.5888529233912
29.0000000000001,6,131.369732034135,25.7457731005846,6,-54.6671848034707,-5.6066957236815,13.3188883449471,10,1,88.0996640958138
29.0000000000001,7,49.6324206175107,86.6422378615152,2,-54.800418184762,-4.8401314208366,16.626353878151,12,1,43.5320423378261
29.0000000000001,8,135.380948039452,108.904707190176,8,-44.9072523300345,-6.42242939864726,13.8304571072047,10,2,49.5458350555356
29.0000000000001,9,187.623930112153,162.313895340383,1,-65.8688831886792,-5.60003622443197,2.11718995973857,4,2,46.0373993133635
29.0000000000001,10,64.6771735162202,100.158421631601,2,-50.5757028693446,-4.82055730259846,20.8510691935685,14,1,57.3021525162772
29.0000000000001,11,187.93254141407,36.8946497927607,7,-85.2860878320903,-6.40000000000092,-21.1695428927953,0,2,121.589259162281
29.0000000000001,12,131.461313910534,110.885966444835,8,-43.6829842914904,-6.41870319689662,13.8304571072047,10,2,49.2528222833808
29.0000000000001,13,83.8749194772358,7.65415671936147,5,-67.095386630922,-7.42814358660926,-3.14971977312246,2,1,59.1010204035227
29.0000000000001,14,176.486424810112,80.0392187638482,7,-72.2492402045256,-6.40000000000212,-12.8187830973209,0,2,78.4110426559574
29.0000000000001,15,189.397710558358,174.314171469869,1,-73.0057593359068,-5.60003213903605,-5.01968618748902,1,2,51.919250105393
29.0000000000001,16,86.368459029025,151.566726314794,2,-55.0646238725562,-4.81008661388431,16.3621481903569,12,2,67.8504063192428
29.0000000000001,17,137.692476737063,88.178942615616,8,-50.6739069921029,-6.41557539038316,13.5565501151018,10,2,67.272343983178
29.0000000000001,18,91.5075134060648,6.13073579120957,5,-63.6867244811217,-7.43063991869408,0.258942376677842,4,1,64.8045986900259
29.0000000000001,19,103.600574639329,47.0899116630605,6,-51.8503500141934,-5.61712698564494,16.1357231342244,12,1,58.5981246781421
29.0000000000001,20,44.610174833722,182.976982021147,4,-58.7978747081973,-5.60424001031687,9.18819844022046,8,2,112.901490653586
29.0000000000001,21,76.614878346342,51.1164239234258,6,-57.9952342678735,-5.63852878005344,9.99083888054429,8,1,35.5225020482423
29.0000000000001,22,143.227002733174,27.8650522288939,6,-53.0198760969809,-5.60596957603295,14.9661970514369,11,1,98.6584003085434
29.0000000000001,23,121.652045845553,193.702962330315,8,-65.2658616299372,-6.400043691601,-1.03540452273254,3,2,57.1472258398214
29.0000000000001,24,195.476858091278,27.3624585424655,7,-81.0170013006617,-6.40000000000125,-21.1695428927953,0,2,132.89229171251
29.0000000000001,25,106.138705691517,95.4684189797634,8,-52.8095312120648,-6.41035710682034,11.4209258951398,9,2,73.8224658690156
29.0000000000001,26,164.633268295659,87.7975235157192,7,-62.3537818811848,-6.40000000000153,-2.9233247739801,2,2,68.0847311942276
29.0000000000001,27,66.2770780759103,159.967540731278,2,-56.297350577469,-4.80855601714513,15.1294214854441,11,2,87.5278785515615
29.0000000000001,28,150.337089382356,105.570477208185,8,-54.7926923020191,-6.43350328690036,9.43776480518557,8,2,50.2627707628632
29.0000000000001,29,157.713536150993,186.718190403705,1,-63.6461933624055,-5.60001289122668,4.33987978601229,6,2,44.2715952555968
29.0000000000001,30,52.5243377374774,6.99141393493793,5,-68.8189059043377,-7.40018468814971,-4.87323904653814,1,1,49.075052280448
29.0000000000001,31,170.322107324033,128.622875896577,1,-61.4837784504023,-5.60258783591966,6.50229469801548,7,2,37.7123253197503
29.0000000000001,32,30.4231067415131,90.28160242082,2,-56.968973053371,-4.83470899357967,14.4577990095421,11,1,50.5777840879096
29.0000000000001,33,176.156062413066,2.17119003414797,7,-73.3519255988536,-6.40000000000015,-13.9214684916489,0,1,136.949615356594
29.0000000000001,34,131.397074790098,55.5708465214492,6,-57.9124513719187,-5.60664988646088,10.073621776499,8,1,84.904464637323
29.0000000000001,35,126.707767565991,39.1383873687615,6,-54.9654353998627,-5.60187252233095,13.0206377485551,10,1,80.9586699119324
29.0000000000001,36,5.19154298321023,15.8275889656227,5,-64.9624873361318,-7.40001850490418,-1.01682047833226,3,1,61.0557245156253
29.0000000000001,37,64.8365554928411,92.88014947696,2,-49.4542677458937,-4.82546130446851,21.026772062913,14,1,51.0987338205027
29.0000000000001,38,58.6796276979928,157.333369545493,3,-52.438709096883,-4.80677599229952,18.98806296603,13,2,94.5803293833763
29.0000000000001,39,62.6094024419238,113.660850130745,2,-57.1226598621811,-4.81874026238284,14.3041122007319,11,1,69.0213797986654
29.0000000000001,40,85.1244847980345,168.774894266749,2,-58.1061298240184,-4.81399042083546,13.3206422388946,10,2,71.5092939934948
29.0000000000001,41,181.855545104544,164.750127281463,1,-62.4305375267653,-5.60001998933878,5.55553562165247,6,2,42.2444316890053
29.0000000000001,42,131.936915460967,64.5519217960145,6,-59.0629381912185,-5.60717514960843,8.9231349571992,8,1,86.4735019715001
29.0000000000001,43,84.713434835901,51.2249116098364,6,-53.0957760356778,-5.62984060048423,14.89029711274,11,1,41.9377272459805
29.0000000000001,44,36.8807017594337,114.691323749709,2,-51.3563937509165,-4.82457047778009,20.0703783119965,14,1,70.0666351041253
29.0000000000001,45,38.1951343514396,197.557520952027,4,-61.0710383177919,-5.60741454934476,6.91503483062582,7,2,123.750942549118
29.0000000000001,46,80.6787630337475,102.403068546308,2,-42.4552810643244,-4.81408863478868,21.026772062913,14,1,65.1115818756534
29.0000000000001,47,174.004369011756,65.499002128057,7,-85.9792144510642,-6.40000000000045,-21.1695428927953,0,2,90.9333732631022
29.0000000000001,48,112.544963526984,78.1205312951688,8,-53.0675378388016,-6.4087285596959,11.1629192684031,9,2,84.3906853774974
29.0000000000001,49,101.422518073098,162.257848372912,8,-56.3738941600871,-6.41882081139822,7.85656294711759,7,2,55.3378405532039
29.0000000000001,50,142.010470135918,25.9873943403253,6,-55.031961229367,-5.60795448770173,12.9541119190507,10,1,97.9529573070655
29.0000000000001,51,178.681784424743,44.2180943353018,7,-88.4291405398888,-6.40000000000073,-21.1695428927953,0,2,112.092400830041
29.0000000000001,52,190.047618212854,165.150263382887,1,-64.8437252106037,-5.60001112912431,3.14234793781405,5,2,48.8425245569208
29.0000000000001,53,115.03249178237,145.713591838273,8,-49.9849670832993,-6.42522994179804,13.8304571072047,10,2,42.3479624761207
29.0000000000001,54,75.2860865289857,6.29410707682306,5,-68.3853894965469,-7.40010016126795,-4.4397226387474,2,1,55.6941760704255
29.0000000000001,55,170.485762753221,40.2248068020705,7,-86.6839541423302,-6.40000000000128,-21.1695428927953,0,2,114.116210580373
29.0000000000001,56,35.9744632316035,9.92489689793739,5,-64.5133666137462,-7.40013079692237,-0.567699755946643,3,1,48.5281317411106
29.0000000000001,57,166.592359516713,151.88640230008,1,-63.3606147423932,-5.60034961896113,4.62545840602454,6,2,28.829063598556
29.0000000000001,58,18.6384330349674,64.919120204383,2,-75.7699718880021,-4.80027457202546,-4.3431998250891,2,1,41.9330183766332
29.0000000000001,59,87.0937097771538,24.8639250442935,6,-62.5650282606649,-5.6113623986531,5.42104488775283,6,1,50.5965964192317
29.0000000000001,60,30.6881630442715,160.510218695646,3,-62.5858358383944,-4.81456022216411,8.84093622451861,8,1,114.619830233534
29.0000000000001,61,63.899606133628,179.545548687113,4,-63.7695959281667,-5.60840229613691,4.21647722025105,5,2,94.0131228667943
29.0000000000001,62,161.806492262097,131.767717659038,1,-62.6131085126583,-5.60511373251985,5.37296463575948,6,2,32.0009277817926
29.0000000000001,63,116.382683418766,106.434070568151,8,-51.8913714631469,-6.41480109530412,12.3390856440577,10,2,59.8361444394922
29.0000000000001,64,128.203275839225,168.574740314056,8,-62.4519671816473,-6.4173244437002,1.77848992555738,4,2,37.0454877397436
29.0000000000001,65,178.604462068866,153.158286884908,1,-65.7894320369428,-5.60011345148325,2.19664111147492,4,2,37.1542733248353
29.0000000000001,66,70.9885625972781,67.1527868226582,2,-44.0269025602551,-4.83184800511929,21.026772062913,14,1,35.8746129691097
29.0000000000001,67,183.436577962699,97.5361730450941,7,-76.5674332141591,-6.40000000000031,-17.1369761069545,0,2,66.5034426523166
29.0000000000001,68,61.3601127456878,141.942978417126,2,-55.1721944025158,-4.80584608075439,16.2545776603972,12,2,92.055392070449
29.0000000000001,69,97.150358315751,44.3986297279549,6,-48.8581971870004,-5.62220724398847,17.5860731484177,12,1,52.9790679252501
29.0000000000001,70,23.154525229264,62.3337981925933,2,-70.4882288063524,-4.80035182489133,0.938543256560649,4,1,37.7498621656006
29.0000000000001,71,154.833978067364,61.0095253473639,7,-88.9494116668169,-6.40000000000154,-21.1695428927953,0,2,92.1679007185105
29.0000000000001,72,161.502388104389,137.127781381093,1,-66.1195432591404,-5.6006210789545,1.86652988927739,4,2,29.1590285208013
29.0000000000001,73,84.3337027158884,146.973809607167,2,-53.8653694239654,-4.8087135069635,17.5614026389476,12,2,69.8102458619005
29.0000000000001,74,106.39738385366,81.4297599856974,8,-52.4452236834259,-6.40907260008592,11.7852334237788,9,2,84.5891006597428
29.0000000000001,75,101.380493796025,199.309980044354,4,-65.2437930201328,-5.61723004066118,2.74228012828496,5,2,73.1271530656906
29.0000000000001,76,188.227871933219,175.860422851436,1,-66.3149301820072,-5.60000601549467,1.67114296641055,4,2,51.7917142272549
29.0000000000001,77,195.267736279591,89.4476089918024,7,-87.7525931064409,-6.40000000000098,-21.1695428927953,0,2,79.1707648358169
29.0000000000001,78,22.9190798248208,128.9252776075,3,-56.0246801747589,-4.81963716696387,15.4020918881541,11,1,86.6880942399549
29.0000000000001,79,69.005603993368,63.6711354857333,6,-49.3664314496546,-5.6358884284981,17.5860731484177,12,1,33.1717188071707
29.0000000000001,80,106.021388363614,26.163100031205,6,-57.6572098583956,-5.62132811785129,10.3288632900222,9,1,65.2598173021443
29.0000000000001,81,115.777740212815,81.8506639277936,8,-51.1920942051479,-6.4087589444293,13.0383629020568,10,2,79.7981520589552
29.0000000000001,82,187.800932079161,116.616662419369,1,-62.594207164891,-5.60375359250748,5.39186598352672,6,2,55.638185574978
29.0000000000001,83,109.451492514299,109.284889920886,8,-47.9756408291382,-6.41307497927232,13.8304571072047,10,2,62.081814149333
29.0000000000001,84,37.8406909421945,100.265216242257,2,-56.3872455757746,-4.81889850745998,15.0395264871384,11,1,56.8039678248276
29.0000000000001,85,0.185040257105186,189.561897874013,4,-71.3799849886502,-5.6118700986492,-3.3939118402324,2,1,150.037673776897
29.0000000000001,86,157.467400609168,87.990764796559,7,-64.3624541083832,-6.40000000000235,-4.93199700117856,1,2,66.7319812561674
29.0000000000001,87,139.566347494771,118.846256128359,8,-45.3294842969815,-6.43058989341062,13.8304571072047,10,2,40.3938963436271
29.0000000000001,88,112.666558917456,70.7880884729032,6,-50.2238511644376,-5.61051873262402,17.5860731484177,12,1,70.0820392747827
29.0000000000001,89,12.1471695710627,100.255670363953,3,-61.5231785477899,-4.80306421643178,9.90359351512312,8,1,67.1618878175127
29.0000000000001,90,121.561290806308,59.107728429811,6,-52.3439012367609,-5.60847792649216,15.6421719116568,11,1,75.8697506191777
29.0000000000001,91,99.7530297871631,137.296697440774,8,-42,-6.41453939247046,13.8304571072047,10,2,56.9067826491795
29.0000000000001,92,88.1064086203598,13.3814435731009,5,-63.4253249363534,-7.43691608472443,0.520341921446137,4,1,57.8382836253967
29.0000000000001,93,80.5535413997146,188.340946484582,4,-67.8824371692734,-5.605147393651,0.10363597914436,3,2,82.7350517583371
29.0000000000001,94,74.581953004539,92.3288658428362,2,-44.6225419649583,-4.81825433393584,21.026772062913,14,1,54.2978387880972
29.0000000000001,95,194.142244139787,168.542538226699,1,-65.8330701711254,-5.60000575211578,2.15300297729239,4,2,53.334917657995
29.0000000000001,96,52.0242200059756,173.498445353761,4,-56.6852721426279,-5.6060137445286,11.3008010057899,9,2,103.458592680749
29.0000000000001,97,90.8833349093924,119.219459971044,2,-44.5959611475153,-4.80952249776318,21.026772062913,14,2,70.6715765772154
29.0000000000001,98,196.175621456678,11.7594580997107,7,-77.0833818945489,-6.40000000000048,-17.6529247873442,0,2,147.63090950677
29.0000000000001,99,113.965618134709,160.793508162832,8,-57.5342323215446,-6.43082548775819,6.69622478566012,7,2,44.3534270927821
29.0000000000001,100,70.3001425137778,29.0852203471292,6,-68.1876344248372,-5.60016018623626,-0.201561276419423,3,1,37.4402696839623
29.5000000000001,1,7.08799212875436,180.640024363206,4,-65.1830837210864,-5.61121888808713,2.80298942733136,5,1,139.500918940202
29.5000000000001,2,192.475336554273,40.1158463247979,7,-79.9322121127776,-6.40000000000035,-20.5017550055729,0,2,120.128811882555
29.5000000000001,3,148.447080594186,7.07090708464516,6,-55.2391509980099,-5.60858383596633,12.7469221504078,10,1,109.940823610038
29.5000000000001,4,71.5397842557901,0.484441429582528,5,-70.324565628941,-7.40010680515163,-6.37889877114142,1,1,58.8897516239152
29.5000000000001,5,56.0939259587139,84.6898733082909,2,-47.2615427067721,-4.83691294728562,21.026772062913,14,1,42.3411530751769
29.5000000000001,6,131.325741731613,25.8527719925621,6,-60.531515332612,-5.60796623619942,7.45455781580575,7,1,88.0296250624762
29.5000000000001,7,49.8915844192524,85.8361921358417,2,-48.884397816323,-4.84453917014041,21.026772062913,14,1,42.8543395788001
29.5000000000001,8,135.573771890925,107.709837178071,8,-47.8166372497985,-6.42157990438606,13.8304571072047,10,2,50.4858785103353
29.5000000000001,9,187.048260083891,161.670910696724,1,-67.0221745116285,-5.60000325105669,0.963898636789228,4,2,45.3986093590382
29.5000000000001,10,64.1225809695787,100.381510493899,2,-51.7175614878451,-4.82136174222336,19.709210575068,14,1,57.3584683624762
29.5000000000001,11,188.84366876618,36.8927797178344,7,-82.4765642202458,-6.40000000000042,-21.1695428927953,0,2,121.878315885867
29.5000000000001,12,131.364261634929,110.671518103248,8,-47.8278099536462,-6.42450337330399,13.8304571072047,10,2,49.4597839938119
29.5000000000001,13,83.8132268535567,8.74760767927025,5,-69.8848330324565,-7.43961750409555,-5.93916617465693,1,1,58.2867410517477
29.5000000000001,14,176.349045790486,78.9370895452415,7,-88.3563285686428,-6.40000000000183,-21.1695428927953,0,2,79.3502328690354
29.5000000000001,15,189.309640793673,174.234741704994,1,-62.1375585313464,-5.60000487540485,5.84851461707138,6,2,51.8152541712902
29.5000000000001,16,86.2924187184155,151.983899631204,2,-51.6518073048893,-4.81235177990144,19.7749647580237,14,2,67.9326267009924
29.5000000000001,17,137.144297486937,88.300155645648,8,-47.9557508828608,-6.4198405486799,13.8304571072047,10,2,67.2635850996335
29.5000000000001,18,92.1718559055455,5.09649356815712,5,-66.6993958046017,-7.43359689974595,-2.75372894680211,2,1,65.9320887003639
29.5000000000001,19,103.475954949363,46.6938122097,6,-57.4416660049035,-5.6129810716982,10.5444071435142,9,1,58.5052017811321
29.5000000000001,20,44.7547904888798,182.773778484207,4,-61.2340737270838,-5.60386238771792,6.75199942133392,7,2,112.707252123239
29.5000000000001,21,76.5819860832957,51.0829462189936,6,-50.3607447785099,-5.63966540936168,17.5860731484177,12,1,35.4968274166264
29.5000000000001,22,143.825687237082,27.4213026846988,6,-58.1440870705611,-5.60813924228364,9.84198607785664,8,1,99.3242526172073
29.5000000000001,23,121.648787363693,193.703824591386,8,-64.6513222685639,-6.40000302985603,-0.420865161359234,3,2,57.1495016764254
29.5000000000001,24,195.269318403218,26.7935860246881,7,-98.454234647868,-6.40000000000068,-21.1695428927953,0,2,133.346847106888
29.5000000000001,25,106.18705206858,95.4583121797023,8,-44.267193377158,-6.41029436655255,13.8304571072047,10,2,73.8012202929475
29.5000000000001,26,164.84194036724,87.3070290478005,7,-86.7178817544501,-6.40000000000251,-21.1695428927953,0,2,68.5779979343086
29.5000000000001,27,65.7078842471754,160.420521978004,2,-55.6065993748165,-4.80354611179061,15.8201726880965,12,2,88.1249003198395
29.5000000000001,28,149.911297981387,105.840617597343,8,-52.3051864921947,-6.42557343492169,11.92527061501,9,2,50.0230838936602
29.5000000000001,29,157.462132802719,187.092197748403,1,-65.5207228493787,-5.60019876748342,2.46535029903903,5,2,44.5394719296501
29.5000000000001,30,52.9654452024639,7.16606945997536,5,-61.1837735349139,-7.40009837990478,2.76189332288568,5,1,48.9468024569172
29.5000000000001,31,170.387977603812,127.758109459171,1,-59.2489662371146,-5.60176865000494,8.73710691130319,8,2,38.2442325796159
29.5000000000001,32,30.2821803153238,90.2994997602492,2,-63.4329274218678,-4.83292047120751,7.99384464104528,7,1,50.6467382369658
29.5000000000001,33,175.840161913738,3.37740671978574,7,-73.9050960109072,-6.40000000000013,-14.4746389037025,0,1,136.24119257643
29.5000000000001,34,131.509403079814,56.9790326207364,6,-57.290990317129,-5.60504506390589,10.6950828312887,9,1,85.1160366015058
29.5000000000001,35,125.308153732325,38.8294663515851,6,-56.5657287030224,-5.6052760959474,11.4203444453953,9,1,79.6765262832273
29.5000000000001,36,5.12912170893671,15.7770562117483,5,-62.5179884466126,-7.4000146530946,1.42767841118695,4,1,61.129825782062
29.5000000000001,37,64.6630007307138,92.9664583463475,2,-43.6136594870046,-4.82339869842631,21.026772062913,14,1,51.1211319637714
29.5000000000001,38,59.1145469454051,157.408262466902,3,-55.2032380644111,-4.80742238292873,16.223533998502,12,2,94.1663311896427
29.5000000000001,39,61.4794143070747,113.360751255285,2,-48.6196661539839,-4.81583657428614,21.026772062913,14,1,68.5464204205265
29.5000000000001,40,85.1587966005709,168.716754307555,2,-53.8328883453894,-4.8141124811489,17.5938837175236,12,2,71.4629173074787
29.5000000000001,41,181.695423744596,164.265732307181,1,-64.1187709263338,-5.60000688005542,3.86730222208397,5,2,41.956656261071
29.5000000000001,42,131.86322444462,64.6336140123491,6,-57.6148251409426,-5.60564893953239,10.3712480074752,9,1,86.4174761002233
29.5000000000001,43,84.8296858300262,51.500194406035,6,-47.757496240175,-5.62459013005232,17.5860731484177,12,1,42.0429256626395
29.5000000000001,44,36.5077359543002,114.548856950834,2,-57.351598925931,-4.82463733319873,14.0751731369821,10,1,70.0060434729613
29.5000000000001,45,38.4183909207753,197.500432859449,4,-60.9004232384788,-5.60658676508918,7.08564990993895,7,2,123.527311176694
29.5000000000001,46,80.7952017532134,102.660472031223,2,-52.7809991779689,-4.81187835018343,18.6457728849441,13,1,65.3736932226742
29.5000000000001,47,173.869656081458,64.8499166550582,7,-79.2121513126493,-6.40000000000116,-19.7816942054447,0,2,91.5016238932274
29.5000000000001,48,112.657269227567,77.9164523114695,8,-52.4195433556616,-6.40880695870272,11.8109137515431,9,2,84.514894479654
29.5000000000001,49,102.777906596567,162.749549984658,8,-66.4263282669053,-6.41998224210075,-2.19587115970063,3,2,54.2653400451324
29.5000000000001,50,142.956850125275,25.1447167247381,6,-56.7360365155178,-5.60863458503354,11.2500366328999,9,1,99.0505481656028
29.5000000000001,51,179.022117152741,45.1237462822309,7,-71.7844437535256,-6.40000000000067,-12.3539866463209,0,2,111.32637548174
29.5000000000001,52,190.001995160852,164.611439022211,1,-63.9709415809187,-5.6000024386396,4.01513156749906,5,2,48.6405568137186
29.5000000000001,53,114.868678911354,145.986302071107,8,-45.7473806379628,-6.42629750895107,13.8304571072047,10,2,42.45667783162
29.5000000000001,54,75.3919640499478,6.6260912715553,5,-70.7616402625635,-7.40010686708218,-6.81597340476395,0,1,55.4824097953333
29.5000000000001,55,169.236242049543,40.6205132927902,7,-75.2071674973083,-6.40000000000074,-15.7767103901036,0,2,113.517201870559
29.5000000000001,56,36.4342167520514,10.0733123846864,5,-58.8457123830555,-7.40011994937751,5.09995447474403,6,1,48.2744327678861
29.5000000000001,57,166.749161823407,152.418908350072,1,-61.3468763531735,-5.60032127970759,6.63919679524423,7,2,28.9592047437895
29.5000000000001,58,17.6073214232644,65.6336681431957,2,-66.9214820256499,-4.80027075354798,4.50529003726318,6,1,42.9644877193628
29.5000000000001,59,87.3167164699072,24.0004600870393,6,-67.7884727326646,-5.60996591534764,0.197600415753104,3,1,51.1933921886515
29.5000000000001,60,30.7616319967091,159.596143866906,3,-61.8859278653387,-4.80877358545842,9.54084419757437,8,1,113.726336237152
29.5000000000001,61,64.5998168784102,178.973355929281,4,-62.5253025058459,-5.60766673373647,5.46077064257185,6,2,93.1927928061278
29.5000000000001,62,161.371667866745,131.00318979878,8,-59.3767459612494,-6.41694652671733,4.85371114595523,6,2,32.2868956063094
29.5000000000001,63,116.751397810558,105.866434534231,8,-46.9397537138998,-6.41400494893178,13.8304571072047,10,2,60.0457421327535
29.5000000000001,64,128.629181717415,167.719946011208,8,-63.3654136424039,-6.42085571723701,0.865043464800746,4,2,36.3724945626142
29.5000000000001,65,179.263639151912,151.817191260523,1,-71.2297146155937,-5.60007760233718,-3.24364146717597,2,2,37.5754276155391
29.5000000000001,66,69.875802510563,66.8022811700497,2,-46.312772956,-4.83262118911521,21.026772062913,14,1,35.0658548727435
29.5000000000001,67,182.717474772441,97.1724622101938,7,-67.9006608154845,-6.40000000000045,-8.47020370827986,0,2,66.4336654447027
29.5000000000001,68,61.3594377819239,142.337098153789,2,-59.2112924695579,-4.80290265488268,12.2154795933552,9,2,92.0223849671442
29.5000000000001,69,96.599213655978,44.5797723065556,6,-59.6635701007083,-5.61435306053123,8.32250304770945,8,1,52.4701399045616
29.5000000000001,70,23.1427716603108,62.317390351919,2,-66.9094617026538,-4.80019149419348,4.51731036025927,6,1,37.7528650458711
29.5000000000001,71,155.622294312353,61.4592478089248,7,-77.1990039078882,-6.4000000000012,-17.7685468006835,0,2,91.7786739493229
29.5000000000001,72,162.058275266767,137.151769850571,1,-71.018673913909,-5.60027852257536,-3.03260076549121,2,2,29.3722491542922
29.5000000000001,73,84.3358212874476,146.933515522433,2,-50.7192739795374,-4.81147924200911,20.7074980833757,14,2,69.8100114098628
29.5000000000001,74,106.592872541697,80.8228791328419,8,-57.1439916401041,-6.40731715665053,7.08646546710057,7,2,84.9817790214511
29.5000000000001,75,102.326218084765,199.813944559313,4,-63.5696439385328,-5.60626363204592,4.41642920988497,6,2,72.8455115615213
29.5000000000001,76,188.838064523044,175.754682436624,1,-61.9457147468593,-5.60000378737037,6.04035840155845,7,2,52.1914640847286
29.5000000000001,77,195.703506621083,89.2084846543088,7,-72.6271849450822,-6.40000000000009,-13.1967278378776,0,2,79.6031962642757
29.5000000000001,78,23.1469777114582,129.73053990875,3,-62.2501079238999,-4.81849826842482,9.17666413901317,8,1,87.3515529350778
29.5000000000001,79,70.1400170218065,63.802467346752,6,-43.9057680097561,-5.63447795785209,17.5860731484177,12,1,33.8877321533444
29.5000000000001,80,105.985833938793,25.5110590303475,6,-58.3723819340093,-5.61579146377011,9.61369121440847,8,1,65.4703889681224
29.5000000000001,81,115.792710048946,81.610415949698,8,-49.7919913065302,-6.41009109360731,13.8304571072047,10,2,79.9970242719615
29.5000000000001,82,187.437361171604,116.476276670693,1,-63.4534557423657,-5.62132746605719,4.53261740605203,6,2,55.476535917026
29.5000000000001,83,109.208542843761,108.042334536896,8,-45.1891323927543,-6.41207360642185,13.8304571072047,10,2,63.0605952084424
29.5000000000001,84,37.8374550008631,99.2480409418105,2,-57.4102718011329,-4.83263114201124,14.0165002617802,10,1,55.9065920751951
29.5000000000001,85,0.993704757128421,189.374414687569,4,-67.9478704011266,-5.60630372237092,0.0382027472911555,3,1,149.596438603778
29.5000000000001,86,157.387950640183,88.9162168402577,7,-67.6422582017702,-6.40000000000224,-8.21180109456558,0,2,65.8639535692187
29.5000000000001,87,138.133487723684,118.437830919749,8,-47.6991697741614,-6.43180241586783,13.8304571072047,10,2,41.1002996419043
29.5000000000001,88,112.845181193909,70.796773614226,6,-51.7578006840247,-5.60966949146747,16.2282724643931,12,1,70.2443776544184
29.5000000000001,89,11.8571490667135,100.056925169641,3,-58.4974924325685,-4.81188955988309,12.9292796303446,10,1,67.1775471028676
29.5000000000001,90,120.720735254122,59.0444630351724,6,-49.5593489520548,-5.60982897924448,17.5860731484177,12,1,75.0697988972812
29.5000000000001,91,99.6879748104915,136.744762094935,8,-43.6285058373315,-6.4146115963832,13.8304571072047,10,2,57.0898520806423
29.5000000000001,92,88.1413792301329,13.4125522201677,5,-65.6842770090727,-7.43810103628561,-1.73861015127319,3,1,57.8416471464875
29.5000000000001,93,81.394641030738,188.548644501514,4,-63.6872661586823,-5.60587233068502,4.29880698973543,5,2,82.127603594683
29.5000000000001,94,73.9054631676492,93.2998325076554,2,-54.0446118193921,-4.81224572622156,17.3821602435209,12,1,54.7594436097633
29.5000000000001,95,193.897945980266,168.706755332413,1,-62.1401508684211,-5.60000910696795,5.84592227999664,6,2,53.1904348201166
29.5000000000001,96,51.4177059272577,172.867702390169,4,-62.0353964121148,-5.60591699482126,5.95067673630294,7,2,103.892494999639
29.5000000000001,97,90.7849139550529,119.582420541898,2,-50.3591187877855,-4.81026621650454,21.026772062913,14,2,70.5967814804643
29.5000000000001,98,196.396148116889,10.5456568841056,7,-78.3327479076746,-6.40000000000102,-18.9022908004699,0,2,148.836710437882
29.5000000000001,99,113.064042100722,161.523074059212,8,-58.1504030932541,-6.41823785015399,6.08005401395058,7,2,45.2691530924901
29.5000000000001,100,70.3310680044027,27.9068056498208,6,-62.3217523692208,-5.60013290578841,5.66432077919697,6,1,38.1275695893986
